  0
SECTION
  2
HEADER
  9
$ACADVER
  1
AC1014
  9
$ACADMAINTVER
 70
     9
  9
$DWGCODEPAGE
  3
ANSI_1252
  9
$INSBASE
 10
0.0
 20
0.0
 30
0.0
  9
$EXTMIN
 10
2442.264381488256
 20
847.7384904325654
 30
0.0
  9
$EXTMAX
 10
2484.58458129641
 20
875.7549860807824
 30
0.0
  9
$LIMMIN
 10
0.0
 20
0.0
  9
$LIMMAX
 10
420.0
 20
297.0
  9
$ORTHOMODE
 70
     0
  9
$REGENMODE
 70
     1
  9
$FILLMODE
 70
     1
  9
$QTEXTMODE
 70
     0
  9
$MIRRTEXT
 70
     0
  9
$DRAGMODE
 70
     2
  9
$LTSCALE
 40
1.0
  9
$OSMODE
 70
    37
  9
$ATTMODE
 70
     1
  9
$TEXTSIZE
 40
2.5
  9
$TRACEWID
 40
1.0
  9
$TEXTSTYLE
  7
STANDARD
  9
$CLAYER
  8
0
  9
$CELTYPE
  6
BYLAYER
  9
$CECOLOR
 62
   256
  9
$CELTSCALE
 40
1.0
  9
$DELOBJ
 70
     1
  9
$DISPSILH
 70
     0
  9
$DIMSCALE
 40
1.0
  9
$DIMASZ
 40
2.5
  9
$DIMEXO
 40
0.625
  9
$DIMDLI
 40
3.75
  9
$DIMRND
 40
0.0
  9
$DIMDLE
 40
0.0
  9
$DIMEXE
 40
1.25
  9
$DIMTP
 40
0.0
  9
$DIMTM
 40
0.0
  9
$DIMTXT
 40
2.5
  9
$DIMCEN
 40
2.5
  9
$DIMTSZ
 40
0.0
  9
$DIMTOL
 70
     0
  9
$DIMLIM
 70
     0
  9
$DIMTIH
 70
     0
  9
$DIMTOH
 70
     0
  9
$DIMSE1
 70
     0
  9
$DIMSE2
 70
     0
  9
$DIMTAD
 70
     1
  9
$DIMZIN
 70
     8
  9
$DIMBLK
  1

  9
$DIMASO
 70
     1
  9
$DIMSHO
 70
     1
  9
$DIMPOST
  1

  9
$DIMAPOST
  1

  9
$DIMALT
 70
     0
  9
$DIMALTD
 70
     3
  9
$DIMALTF
 40
0.03937007874016
  9
$DIMLFAC
 40
1.0
  9
$DIMTOFL
 70
     1
  9
$DIMTVP
 40
0.0
  9
$DIMTIX
 70
     0
  9
$DIMSOXD
 70
     0
  9
$DIMSAH
 70
     0
  9
$DIMBLK1
  1

  9
$DIMBLK2
  1

  9
$DIMSTYLE
  2
ISO-25
  9
$DIMCLRD
 70
     0
  9
$DIMCLRE
 70
     0
  9
$DIMCLRT
 70
     0
  9
$DIMTFAC
 40
1.0
  9
$DIMGAP
 40
0.625
  9
$DIMJUST
 70
     0
  9
$DIMSD1
 70
     0
  9
$DIMSD2
 70
     0
  9
$DIMTOLJ
 70
     0
  9
$DIMTZIN
 70
     8
  9
$DIMALTZ
 70
     0
  9
$DIMALTTZ
 70
     0
  9
$DIMFIT
 70
     3
  9
$DIMUPT
 70
     0
  9
$DIMUNIT
 70
     2
  9
$DIMDEC
 70
     2
  9
$DIMTDEC
 70
     2
  9
$DIMALTU
 70
     2
  9
$DIMALTTD
 70
     3
  9
$DIMTXSTY
  7
STANDARD
  9
$DIMAUNIT
 70
     0
  9
$LUNITS
 70
     2
  9
$LUPREC
 70
     4
  9
$SKETCHINC
 40
1.0
  9
$FILLETRAD
 40
0.0
  9
$AUNITS
 70
     0
  9
$AUPREC
 70
     0
  9
$MENU
  1
.
  9
$ELEVATION
 40
0.0
  9
$PELEVATION
 40
0.0
  9
$THICKNESS
 40
0.0
  9
$LIMCHECK
 70
     0
  9
$CHAMFERA
 40
0.0
  9
$CHAMFERB
 40
0.0
  9
$CHAMFERC
 40
0.0
  9
$CHAMFERD
 40
0.0
  9
$SKPOLY
 70
     0
  9
$TDCREATE
 40
2460877.281122685
  9
$TDUPDATE
 40
2460943.605727789
  9
$TDINDWG
 40
0.0002777778
  9
$TDUSRTIMER
 40
0.0002777778
  9
$USRTIMER
 70
     1
  9
$ANGBASE
 50
0.0
  9
$ANGDIR
 70
     0
  9
$PDMODE
 70
     0
  9
$PDSIZE
 40
0.0
  9
$PLINEWID
 40
0.0
  9
$COORDS
 70
     1
  9
$SPLFRAME
 70
     0
  9
$SPLINETYPE
 70
     6
  9
$SPLINESEGS
 70
     8
  9
$ATTDIA
 70
     0
  9
$ATTREQ
 70
     1
  9
$HANDLING
 70
     1
  9
$HANDSEED
  5
9CA
  9
$SURFTAB1
 70
     6
  9
$SURFTAB2
 70
     6
  9
$SURFTYPE
 70
     6
  9
$SURFU
 70
     6
  9
$SURFV
 70
     6
  9
$UCSNAME
  2

  9
$UCSORG
 10
0.0
 20
0.0
 30
0.0
  9
$UCSXDIR
 10
1.0
 20
0.0
 30
0.0
  9
$UCSYDIR
 10
0.0
 20
1.0
 30
0.0
  9
$PUCSNAME
  2

  9
$PUCSORG
 10
0.0
 20
0.0
 30
0.0
  9
$PUCSXDIR
 10
1.0
 20
0.0
 30
0.0
  9
$PUCSYDIR
 10
0.0
 20
1.0
 30
0.0
  9
$USERI1
 70
     0
  9
$USERI2
 70
     0
  9
$USERI3
 70
     0
  9
$USERI4
 70
     0
  9
$USERI5
 70
     0
  9
$USERR1
 40
0.0
  9
$USERR2
 40
0.0
  9
$USERR3
 40
0.0
  9
$USERR4
 40
0.0
  9
$USERR5
 40
0.0
  9
$WORLDVIEW
 70
     1
  9
$SHADEDGE
 70
     3
  9
$SHADEDIF
 70
    70
  9
$TILEMODE
 70
     1
  9
$MAXACTVP
 70
    64
  9
$PINSBASE
 10
0.0
 20
0.0
 30
0.0
  9
$PLIMCHECK
 70
     0
  9
$PEXTMIN
 10
0.0
 20
0.0
 30
0.0
  9
$PEXTMAX
 10
0.0
 20
0.0
 30
0.0
  9
$PLIMMIN
 10
0.0
 20
0.0
  9
$PLIMMAX
 10
12.0
 20
9.0
  9
$UNITMODE
 70
     0
  9
$VISRETAIN
 70
     1
  9
$PLINEGEN
 70
     0
  9
$PSLTSCALE
 70
     1
  9
$TREEDEPTH
 70
  3020
  9
$PICKSTYLE
 70
     1
  9
$CMLSTYLE
  2
STANDARD
  9
$CMLJUST
 70
     0
  9
$CMLSCALE
 40
20.0
  9
$PROXYGRAPHICS
 70
     1
  9
$MEASUREMENT
 70
     1
  0
ENDSEC
  0
SECTION
  2
CLASSES
  0
CLASS
  1
ACDBDICTIONARYWDFLT
  2
AcDbDictionaryWithDefault
  3
ObjectDBX Classes
 90
        0
280
     0
281
     0
  0
CLASS
  1
ACDBPLACEHOLDER
  2
AcDbPlaceHolder
  3
ObjectDBX Classes
 90
        0
280
     0
281
     0
  0
CLASS
  1
LAYOUT
  2
AcDbLayout
  3
ObjectDBX Classes
 90
        0
280
     0
281
     0
  0
CLASS
  1
DICTIONARYVAR
  2
AcDbDictionaryVar
  3
ObjectDBX Classes
 90
        0
280
     0
281
     0
  0
CLASS
  1
TABLESTYLE
  2
AcDbTableStyle
  3
ObjectDBX Classes
 90
     4095
280
     0
281
     0
  0
CLASS
  1
MATERIAL
  2
AcDbMaterial
  3
ObjectDBX Classes
 90
     1153
280
     0
281
     0
  0
CLASS
  1
VISUALSTYLE
  2
AcDbVisualStyle
  3
ObjectDBX Classes
 90
     4095
280
     0
281
     0
  0
CLASS
  1
SCALE
  2
AcDbScale
  3
ObjectDBX Classes
 90
     1153
280
     0
281
     0
  0
CLASS
  1
MLEADERSTYLE
  2
AcDbMLeaderStyle
  3
ACDB_MLEADERSTYLE_CLASS
 90
     4095
280
     0
281
     0
  0
CLASS
  1
CELLSTYLEMAP
  2
AcDbCellStyleMap
  3
ObjectDBX Classes
 90
     1152
280
     0
281
     0
  0
CLASS
  1
EXACXREFPANELOBJECT
  2
ExAcXREFPanelObject
  3
EXAC_ESW
 90
     1025
280
     1
281
     0
  0
CLASS
  1
NPOCOLLECTION
  2
AcDbImpNonPersistentObjectsCollection
  3
ObjectDBX Classes
 90
     1153
280
     1
281
     0
  0
CLASS
  1
LAYER_INDEX
  2
AcDbLayerIndex
  3
ObjectDBX Classes
 90
        0
280
     0
281
     0
  0
CLASS
  1
SPATIAL_INDEX
  2
AcDbSpatialIndex
  3
AutoCAD 2000
 90
        0
280
     0
281
     0
  0
CLASS
  1
IDBUFFER
  2
AcDbIdBuffer
  3
ObjectDBX Classes
 90
        0
280
     0
281
     0
  0
CLASS
  1
ACDBSECTIONVIEWSTYLE
  2
AcDbSectionViewStyle
  3
ObjectDBX Classes
 90
     1025
280
     0
281
     0
  0
CLASS
  1
ACDBDETAILVIEWSTYLE
  2
AcDbDetailViewStyle
  3
ObjectDBX Classes
 90
     1025
280
     0
281
     0
  0
CLASS
  1
SORTENTSTABLE
  2
AcDbSortentsTable
  3
ObjectDBX Classes
 90
        0
280
     0
281
     0
  0
CLASS
  1
XRECORD
  2
AcDbXrecord
  3
ObjectDBX Classes
 90
        0
280
     0
281
     0
  0
CLASS
  1
LWPOLYLINE
  2
AcDbPolyline
  3
ObjectDBX Classes
 90
        0
280
     0
281
     1
  0
CLASS
  1
HATCH
  2
AcDbHatch
  3
ObjectDBX Classes
 90
        0
280
     0
281
     1
  0
ENDSEC
  0
SECTION
  2
TABLES
  0
TABLE
  2
VPORT
  5
8
102
{ACAD_XDICTIONARY
360
9C4
102
}
330
0
100
AcDbSymbolTable
 70
     1
  0
VPORT
  5
EA
330
8
100
AcDbSymbolTableRecord
100
AcDbViewportTableRecord
  2
*ACTIVE
 70
     0
 10
0.0
 20
0.0
 11
1.0
 21
1.0
 12
2461.836426484878
 22
860.6638414296767
 13
0.0
 23
0.0
 14
10.0
 24
10.0
 15
10.0
 25
10.0
 16
0.0
 26
0.0
 36
1.0
 17
0.0
 27
0.0
 37
0.0
 40
39.31055431471032
 41
2.360148514851485
 42
50.0
 43
0.0
 44
0.0
 50
0.0
 51
0.0
 71
     0
 72
  1000
 73
     1
 74
     3
 75
     0
 76
     1
 77
     0
 78
     0
1001
ACAD_NAV_VCDISPLAY
1070
     3
  0
ENDTAB
  0
TABLE
  2
LTYPE
  5
5
330
0
100
AcDbSymbolTable
 70
     2
  0
LTYPE
  5
14
330
5
100
AcDbSymbolTableRecord
100
AcDbLinetypeTableRecord
  2
BYBLOCK
 70
     0
  3

 72
    65
 73
     0
 40
0.0
  0
LTYPE
  5
15
330
5
100
AcDbSymbolTableRecord
100
AcDbLinetypeTableRecord
  2
BYLAYER
 70
     0
  3

 72
    65
 73
     0
 40
0.0
  0
LTYPE
  5
16
330
5
100
AcDbSymbolTableRecord
100
AcDbLinetypeTableRecord
  2
CONTINUOUS
 70
     0
  3
Solid line
 72
    65
 73
     0
 40
0.0
  0
LTYPE
  5
2D6
330
5
100
AcDbSymbolTableRecord
100
AcDbLinetypeTableRecord
  2
HIDDEN
 70
     0
  3
Hidden __ __ __ __ __ __ __ __ __ __ __ __ __ _
 72
    65
 73
     2
 40
0.375
 49
0.25
 74
     0
 49
-0.125
 74
     0
  0
ENDTAB
  0
TABLE
  2
LAYER
  5
2
102
{ACAD_XDICTIONARY
360
1FF
102
}
330
0
100
AcDbSymbolTable
 70
    23
  0
LAYER
  5
10
330
2
100
AcDbSymbolTableRecord
100
AcDbLayerTableRecord
  2
0
 70
     0
 62
     7
  6
CONTINUOUS
  0
LAYER
  5
2D7
330
2
100
AcDbSymbolTableRecord
100
AcDbLayerTableRecord
  2
BEAM__BM_
 70
     0
 62
   130
  6
CONTINUOUS
  0
LAYER
  5
2D8
330
2
100
AcDbSymbolTableRecord
100
AcDbLayerTableRecord
  2
COLUMN_TEXT__BM_
 70
     0
 62
     7
  6
CONTINUOUS
1001
ACAECLAYERSTANDARD
1000

1000

  0
LAYER
  5
2D9
330
2
100
AcDbSymbolTableRecord
100
AcDbLayerTableRecord
  2
COLUMN__BM_
 70
     0
 62
    50
  6
CONTINUOUS
  0
LAYER
  5
2DA
330
2
100
AcDbSymbolTableRecord
100
AcDbLayerTableRecord
  2
TITLE_TEXT__BM_
 70
     0
 62
     7
  6
CONTINUOUS
1001
ACAECLAYERSTANDARD
1000

1000

1001
ACCMTRANSPARENCY
1071
        0
  0
LAYER
  5
2DB
330
2
100
AcDbSymbolTableRecord
100
AcDbLayerTableRecord
  2
ARCH__BM_
 70
     0
 62
   253
  6
HIDDEN
1001
ZCCMTRANSPARENCY
1071
 33554687
1001
ACAECLAYERSTANDARD
1000

1000

  0
LAYER
  5
2DC
330
2
100
AcDbSymbolTableRecord
100
AcDbLayerTableRecord
  2
TABLE__BM_
 70
     0
 62
   251
  6
CONTINUOUS
1001
ACAECLAYERSTANDARD
1000

1000

  0
LAYER
  5
2DD
330
2
100
AcDbSymbolTableRecord
100
AcDbLayerTableRecord
  2
BORDER__BM_
 70
     0
 62
    40
  6
CONTINUOUS
1001
ZCCMTRANSPARENCY
1071
 33554687
1001
ACAECLAYERSTANDARD
1000

1000

  0
LAYER
  5
2DE
102
{ACAD_XDICTIONARY
360
2DF
102
}
330
2
100
AcDbSymbolTableRecord
100
AcDbLayerTableRecord
  2
SUB_TITLE__BM_
 70
     0
 62
     3
  6
CONTINUOUS
  0
LAYER
  5
2E1
330
2
100
AcDbSymbolTableRecord
100
AcDbLayerTableRecord
  2
SECTION_BORDER__BM_
 70
     0
 62
     8
  6
CONTINUOUS
1001
ZCCMTRANSPARENCY
1071
 33554687
1001
ACAECLAYERSTANDARD
1000

1000

  0
LAYER
  5
2E2
330
2
100
AcDbSymbolTableRecord
100
AcDbLayerTableRecord
  2
BAHUBALI_TITLE__BM_
 70
     0
 62
     4
  6
CONTINUOUS
  0
LAYER
  5
2E3
330
2
100
AcDbSymbolTableRecord
100
AcDbLayerTableRecord
  2
SLAB_TEXT__BM_
 70
     0
 62
     7
  6
CONTINUOUS
1001
ACAECLAYERSTANDARD
1000

1000

  0
LAYER
  5
2E4
330
2
100
AcDbSymbolTableRecord
100
AcDbLayerTableRecord
  2
SCHEDULE_TEXT__BM_
 70
     0
 62
     7
  6
CONTINUOUS
1001
ACAECLAYERSTANDARD
1000

1000

  0
LAYER
  5
2E5
330
2
100
AcDbSymbolTableRecord
100
AcDbLayerTableRecord
  2
BEAM_TEXT__BM_
 70
     0
 62
    20
  6
CONTINUOUS
  0
LAYER
  5
2E6
102
{ACAD_XDICTIONARY
360
2E7
102
}
330
2
100
AcDbSymbolTableRecord
100
AcDbLayerTableRecord
  2
TITLE__BM_
 70
     0
 62
     6
  6
CONTINUOUS
  0
LAYER
  5
2E9
330
2
100
AcDbSymbolTableRecord
100
AcDbLayerTableRecord
  2
SLAB_MARK__BM_
 70
     0
 62
   251
  6
CONTINUOUS
1001
ACAECLAYERSTANDARD
1000

1000

  0
LAYER
  5
2EA
330
2
100
AcDbSymbolTableRecord
100
AcDbLayerTableRecord
  2
SUNK_BY_200MM__BM_
 70
     0
 62
   201
  6
CONTINUOUS
1001
ACAECLAYERSTANDARD
1000

1000

1001
ACCMTRANSPARENCY
1071
        0
  0
LAYER
  5
2EB
330
2
100
AcDbSymbolTableRecord
100
AcDbLayerTableRecord
  2
DUCT__BM_
 70
     0
 62
     8
  6
HIDDEN
  0
LAYER
  5
2EC
330
2
100
AcDbSymbolTableRecord
100
AcDbLayerTableRecord
  2
SLEEVE__BM_
 70
     0
 62
    80
  6
CONTINUOUS
1001
ACAECLAYERSTANDARD
1000

1000

1001
ACCMTRANSPARENCY
1071
        0
  0
LAYER
  5
2ED
102
{ACAD_XDICTIONARY
360
2EE
102
}
330
2
100
AcDbSymbolTableRecord
100
AcDbLayerTableRecord
  2
TEXT_LEGEND___BM_
 70
     0
 62
     7
  6
CONTINUOUS
  0
LAYER
  5
2F0
330
2
100
AcDbSymbolTableRecord
100
AcDbLayerTableRecord
  2
HIDDEN_BEAMS__BM_
 70
     0
 62
   110
  6
HIDDEN
  0
LAYER
  5
2F1
330
2
100
AcDbSymbolTableRecord
100
AcDbLayerTableRecord
  2
SUNK_BY_150MM__BM_
 70
     0
 62
    44
  6
CONTINUOUS
1001
ACAECLAYERSTANDARD
1000

1000

1001
ACCMTRANSPARENCY
1071
        0
  0
LAYER
  5
2F2
330
2
100
AcDbSymbolTableRecord
100
AcDbLayerTableRecord
  2
CS_CS1__BM_
 70
     0
 62
     6
  6
CONTINUOUS
1001
ACAECLAYERSTANDARD
1000

1000

1001
ACCMTRANSPARENCY
1071
        0
  0
ENDTAB
  0
TABLE
  2
STYLE
  5
3
330
0
100
AcDbSymbolTable
 70
     8
  0
STYLE
  5
11
330
3
100
AcDbSymbolTableRecord
100
AcDbTextStyleTableRecord
  2
STANDARD
 70
     0
 40
0.0
 41
1.0
 50
0.0
 71
     0
 42
2.5
  3
arial.ttf
  4

1001
ACAD
1000
Arial
1071
       34
  0
STYLE
  5
132
330
3
100
AcDbSymbolTableRecord
100
AcDbTextStyleTableRecord
  2
ANNOTATIVE
 70
     0
 40
0.0
 41
1.0
 50
0.0
 71
     0
 42
2.5
  3
arial.ttf
  4

1001
ACADANNOTATIVE
1000
AnnotativeData
1002
{
1070
     1
1070
     1
1002
}
1001
ACAD
1000
Arial
1071
       34
  0
STYLE
  5
2F3
330
3
100
AcDbSymbolTableRecord
100
AcDbTextStyleTableRecord
  2
DELTACOM_BOLD
 70
     0
 40
0.0
 41
1.0
 50
0.0
 71
     0
 42
0.2
  3
arial.ttf
  4

1001
ACAD
1000
Arial
1071
       34
  0
STYLE
  5
2F4
330
3
100
AcDbSymbolTableRecord
100
AcDbTextStyleTableRecord
  2
RRR
 70
     0
 40
0.18
 41
1.0
 50
0.0
 71
     0
 42
0.15
  3
romans.shx
  4

  0
STYLE
  5
2F5
330
3
100
AcDbSymbolTableRecord
100
AcDbTextStyleTableRecord
  2
NAME
 70
     0
 40
0.0
 41
1.0
 50
0.0
 71
     0
 42
0.2
  3
times.ttf
  4

1001
ACAD
1000
Times New Roman
1071
    41490
  0
STYLE
  5
2F6
330
3
100
AcDbSymbolTableRecord
100
AcDbTextStyleTableRecord
  2
CALIBRI
 70
     0
 40
0.0
 41
1.0
 50
0.0
 71
     0
 42
4.0
  3
calibri.ttf
  4

1001
ACAD
1000
Calibri
1071
       34
  0
STYLE
  5
2F7
330
3
100
AcDbSymbolTableRecord
100
AcDbTextStyleTableRecord
  2
AR
 70
     0
 40
0.0
 41
1.0
 50
0.0
 71
     0
 42
2.5
  3
arial.ttf
  4

1001
ACAD
1000
Arial TUR
1071
    41506
  0
STYLE
  5
2F8
330
3
100
AcDbSymbolTableRecord
100
AcDbTextStyleTableRecord
  2
ROMANS
 70
     0
 40
0.0
 41
1.0
 50
0.0
 71
     0
 42
0.2
  3
romans
  4

  0
ENDTAB
  0
TABLE
  2
VIEW
  5
6
330
0
100
AcDbSymbolTable
 70
     0
  0
ENDTAB
  0
TABLE
  2
UCS
  5
7
330
0
100
AcDbSymbolTable
 70
     0
  0
ENDTAB
  0
TABLE
  2
APPID
  5
9
330
0
100
AcDbSymbolTable
 70
    13
  0
APPID
  5
12
330
9
100
AcDbSymbolTableRecord
100
AcDbRegAppTableRecord
  2
ACAD
 70
     0
  0
APPID
  5
9E
330
9
100
AcDbSymbolTableRecord
100
AcDbRegAppTableRecord
  2
ACAD_PSEXT
 70
     0
  0
APPID
  5
133
330
9
100
AcDbSymbolTableRecord
100
AcDbRegAppTableRecord
  2
ACADANNOPO
 70
     0
  0
APPID
  5
134
330
9
100
AcDbSymbolTableRecord
100
AcDbRegAppTableRecord
  2
ACADANNOTATIVE
 70
     0
  0
APPID
  5
135
330
9
100
AcDbSymbolTableRecord
100
AcDbRegAppTableRecord
  2
ACAD_DSTYLE_DIMJAG
 70
     0
  0
APPID
  5
136
330
9
100
AcDbSymbolTableRecord
100
AcDbRegAppTableRecord
  2
ACAD_DSTYLE_DIMTALN
 70
     0
  0
APPID
  5
165
330
9
100
AcDbSymbolTableRecord
100
AcDbRegAppTableRecord
  2
ACAD_MLEADERVER
 70
     0
  0
APPID
  5
217
330
9
100
AcDbSymbolTableRecord
100
AcDbRegAppTableRecord
  2
ACAD_NAV_VCDISPLAY
 70
     0
  0
APPID
  5
2FA
330
9
100
AcDbSymbolTableRecord
100
AcDbRegAppTableRecord
  2
ACAECLAYERSTANDARD
 70
     0
  0
APPID
  5
2FB
330
9
100
AcDbSymbolTableRecord
100
AcDbRegAppTableRecord
  2
ACCMTRANSPARENCY
 70
     0
  0
APPID
  5
2FC
330
9
100
AcDbSymbolTableRecord
100
AcDbRegAppTableRecord
  2
ZCCMTRANSPARENCY
 70
     0
  0
APPID
  5
2FD
330
9
100
AcDbSymbolTableRecord
100
AcDbRegAppTableRecord
  2
ACDBBLOCKREPETAG
 70
     0
  0
APPID
  5
2FE
330
9
100
AcDbSymbolTableRecord
100
AcDbRegAppTableRecord
  2
ACDBDYNAMICBLOCKGUID
 70
     0
  0
ENDTAB
  0
TABLE
  2
DIMSTYLE
  5
A
330
0
100
AcDbSymbolTable
 70
     4
  0
DIMSTYLE
105
1B0
330
A
100
AcDbSymbolTableRecord
100
AcDbDimStyleTableRecord
  2
STANDARD
 70
     0
  3

  4

  5

  6

  7

 40
1.0
 41
0.18
 42
0.0625
 43
0.38
 44
0.18
 45
0.0
 46
0.0
 47
0.0
 48
0.0
140
0.18
141
0.09
142
0.0
143
25.4
144
1.0
145
0.0
146
1.0
147
0.09
 71
     0
 72
     0
 73
     1
 74
     1
 75
     0
 76
     0
 77
     0
 78
     0
170
     0
171
     2
172
     0
173
     0
174
     0
175
     0
176
     0
177
     0
178
     0
270
     2
271
     4
272
     4
273
     2
274
     2
340
11
275
     0
280
     0
281
     0
282
     0
283
     1
284
     0
285
     0
286
     0
287
     3
288
     0
  0
DIMSTYLE
105
137
330
A
100
AcDbSymbolTableRecord
100
AcDbDimStyleTableRecord
  2
ANNOTATIVE
 70
     0
  3

  4

  5

  6

  7

 40
0.0
 41
2.5
 42
0.625
 43
3.75
 44
1.25
 45
0.0
 46
0.0
 47
0.0
 48
0.0
140
2.5
141
2.5
142
0.0
143
0.03937007874016
144
1.0
145
0.0
146
1.0
147
0.625
 71
     0
 72
     0
 73
     0
 74
     0
 75
     0
 76
     0
 77
     1
 78
     8
170
     0
171
     3
172
     1
173
     0
174
     0
175
     0
176
     0
177
     0
178
     0
270
     2
271
     2
272
     2
273
     2
274
     3
340
11
275
     0
280
     0
281
     0
282
     0
283
     0
284
     8
285
     0
286
     0
287
     3
288
     0
1001
ACADANNOTATIVE
1000
AnnotativeData
1002
{
1070
     1
1070
     1
1002
}
1001
ACAD_DSTYLE_DIMJAG
1070
   388
1040
1.5
1001
ACAD_DSTYLE_DIMTALN
1070
   392
1070
     0
  0
DIMSTYLE
105
27
330
A
100
AcDbSymbolTableRecord
100
AcDbDimStyleTableRecord
  2
ISO-25
 70
     0
  3

  4

  5

  6

  7

 40
1.0
 41
2.5
 42
0.625
 43
3.75
 44
1.25
 45
0.0
 46
0.0
 47
0.0
 48
0.0
140
2.5
141
2.5
142
0.0
143
0.03937007874016
144
1.0
145
0.0
146
1.0
147
0.625
 71
     0
 72
     0
 73
     0
 74
     0
 75
     0
 76
     0
 77
     1
 78
     8
170
     0
171
     3
172
     1
173
     0
174
     0
175
     0
176
     0
177
     0
178
     0
270
     2
271
     2
272
     2
273
     2
274
     3
340
11
275
     0
280
     0
281
     0
282
     0
283
     0
284
     8
285
     0
286
     0
287
     3
288
     0
  0
DIMSTYLE
105
2F9
330
A
100
AcDbSymbolTableRecord
100
AcDbDimStyleTableRecord
  2
_BM__FOR_MM
 70
     0
  3

  4

  5

  6

  7

 40
1.0
 41
0.18
 42
0.3
 43
0.1
 44
0.08
 45
0.0
 46
0.0
 47
0.0
 48
0.0
140
0.18
141
0.09
142
0.0
143
1.0
144
1000.0
145
0.0
146
1.0
147
0.1
 71
     0
 72
     0
 73
     0
 74
     0
 75
     0
 76
     0
 77
     1
 78
     0
170
     0
171
     2
172
     1
173
     0
174
     0
175
     0
176
   256
177
   256
178
     4
270
     2
271
     0
272
     0
273
     6
274
     2
340
2F7
275
     0
280
     0
281
     0
282
     0
283
     1
284
     0
285
     0
286
     0
287
     5
288
     0
1001
ACAD_DSTYLE_DIMJAG
1070
   388
1040
1.5
1001
ACAD_DSTYLE_DIMTALN
1070
   392
1070
     0
  0
ENDTAB
  0
TABLE
  2
BLOCK_RECORD
  5
1
330
0
100
AcDbSymbolTable
 70
     4
  0
BLOCK_RECORD
  5
1F
330
1
100
AcDbSymbolTableRecord
100
AcDbBlockTableRecord
  2
*MODEL_SPACE
  0
BLOCK_RECORD
  5
D2
330
1
100
AcDbSymbolTableRecord
100
AcDbBlockTableRecord
  2
*PAPER_SPACE
  0
BLOCK_RECORD
  5
2B7
102
{ACAD_XDICTIONARY
360
2B8
102
}
330
1
100
AcDbSymbolTableRecord
100
AcDbBlockTableRecord
  2
_OPEN30
  0
BLOCK_RECORD
  5
2BF
102
{ACAD_XDICTIONARY
360
2C0
102
}
330
1
100
AcDbSymbolTableRecord
100
AcDbBlockTableRecord
  2
SLAB_MARK_2W
1001
ACAD
1000
DesignCenter Data
1002
{
1070
     1
1070
     1
1002
}
  0
BLOCK_RECORD
  5
2C6
102
{ACAD_XDICTIONARY
360
2C7
102
}
330
1
100
AcDbSymbolTableRecord
100
AcDbBlockTableRecord
  2
PIPE
1001
ACDBDYNAMICBLOCKGUID
1000
{0920F7AE-A555-423B-95A5-09231D8B7E2F}
1001
ACDBBLOCKREPETAG
1070
     1
1071
        6
  0
BLOCK_RECORD
  5
2D1
330
1
100
AcDbSymbolTableRecord
100
AcDbBlockTableRecord
  2
FHGJG
1001
ACAD
1000
DesignCenter Data
1002
{
1070
     1
1070
     1
1002
}
  0
ENDTAB
  0
ENDSEC
  0
SECTION
  2
BLOCKS
  0
BLOCK
  5
20
330
1F
100
AcDbEntity
  8
0
100
AcDbBlockBegin
  2
*MODEL_SPACE
 70
     0
 10
0.0
 20
0.0
 30
0.0
  3
*MODEL_SPACE
  1

  0
ENDBLK
  5
21
330
1F
100
AcDbEntity
  8
0
100
AcDbBlockEnd
  0
BLOCK
  5
D4
330
D2
100
AcDbEntity
 67
     1
  8
0
100
AcDbBlockBegin
  2
*PAPER_SPACE
 70
     0
 10
0.0
 20
0.0
 30
0.0
  3
*PAPER_SPACE
  1

  0
ENDBLK
  5
D5
330
D2
100
AcDbEntity
 67
     1
  8
0
100
AcDbBlockEnd
  0
BLOCK
  5
2BA
330
2B7
100
AcDbEntity
  8
0
100
AcDbBlockBegin
  2
_OPEN30
 70
     0
 10
0.0
 20
0.0
 30
0.0
  3
_OPEN30
  1

  0
LINE
  5
2BB
330
2B7
100
AcDbEntity
  8
0
  6
BYBLOCK
 62
     0
100
AcDbLine
 10
-1.0
 20
0.26794919
 30
0.0
 11
0.0
 21
0.0
 31
0.0
  0
LINE
  5
2BC
330
2B7
100
AcDbEntity
  8
0
  6
BYBLOCK
 62
     0
100
AcDbLine
 10
0.0
 20
0.0
 30
0.0
 11
-1.0
 21
-0.26794919
 31
0.0
  0
LINE
  5
2BD
330
2B7
100
AcDbEntity
  8
0
  6
BYBLOCK
 62
     0
100
AcDbLine
 10
0.0
 20
0.0
 30
0.0
 11
-1.0
 21
0.0
 31
0.0
  0
ENDBLK
  5
2BE
330
2B7
100
AcDbEntity
  8
0
100
AcDbBlockEnd
  0
BLOCK
  5
2C2
330
2BF
100
AcDbEntity
  8
0
100
AcDbBlockBegin
  2
SLAB_MARK_2W
 70
     0
 10
0.0
 20
0.0
 30
0.0
  3
SLAB_MARK_2W
  1

  0
LWPOLYLINE
  5
2C3
330
2BF
100
AcDbEntity
  8
SLAB_MARK__BM_
100
AcDbPolyline
 90
        4
 70
     0
 43
0.0
 10
823.179010712555
 20
262.4541130198955
 10
822.9833051273838
 20
262.3562602273329
 10
823.8794089689052
 20
262.3562602273329
 10
823.6837033837335
 20
262.2584074347703
  0
LWPOLYLINE
  5
2C4
330
2BF
100
AcDbEntity
  8
SLAB_MARK__BM_
100
AcDbPolyline
 90
        4
 70
     0
 43
0.0
 10
823.3335042555816
 20
262.1039138917435
 10
823.4313570481443
 20
261.9082083065722
 10
823.4313570481443
 20
262.8043121480935
 10
823.5292098407069
 20
262.6086065629223
  0
ENDBLK
  5
2C5
330
2BF
100
AcDbEntity
  8
0
100
AcDbBlockEnd
  0
BLOCK
  5
2C9
330
2C6
100
AcDbEntity
  8
0
100
AcDbBlockBegin
  2
PIPE
 70
     0
 10
0.0
 20
0.0
 30
0.0
  3
PIPE
  1

  0
LINE
  5
2CA
330
2C6
100
AcDbEntity
  8
SLEEVE__BM_
100
AcDbLine
 10
0.0008805675554981
 20
0.516991368096285
 30
0.0
 11
0.0008805675554981
 21
0.0158135447981067
 31
0.0
  0
LINE
  5
2CB
330
2C6
100
AcDbEntity
  8
SLEEVE__BM_
100
AcDbLine
 10
0.1514085429673457
 20
0.517567342908933
 30
0.0
 11
0.1514085429673457
 21
0.0152375699853451
 31
0.0
  0
LWPOLYLINE
  5
2CC
330
2C6
100
AcDbEntity
  8
SLEEVE__BM_
100
AcDbPolyline
 90
        2
 70
     0
 43
0.0
 10
0.1514085429672605
 20
0.0152375699853451
 42
0.4227645062359689
 10
0.0759067203325685
 20
0.0149606613656488
  0
ARC
  5
2CD
330
2C6
100
AcDbEntity
  8
SLEEVE__BM_
100
AcDbCircle
 10
0.0388133679049645
 20
0.0530715899046754
 30
0.0
 40
0.0531700974939615
100
AcDbArc
 50
224.4858471180384
 51
315.3902058315125
  0
LWPOLYLINE
  5
2CE
330
2C6
100
AcDbEntity
  8
SLEEVE__BM_
100
AcDbPolyline
 90
        2
 70
     0
 43
0.0
 10
0.1514085429672605
 20
0.517567342908933
 42
-0.4220342123001933
 10
0.0760072086050059
 20
0.517746265889855
  0
ARC
  5
2CF
330
2C6
100
AcDbEntity
  8
SLEEVE__BM_
100
AcDbCircle
 10
0.0388222752614524
 20
0.4797121194137051
 30
0.0
 40
0.053191311000759
100
AcDbArc
 50
44.63291670546145
 51
135.5045817909398
  0
ENDBLK
  5
2D0
330
2C6
100
AcDbEntity
  8
0
100
AcDbBlockEnd
  0
BLOCK
  5
2D2
330
2D1
100
AcDbEntity
  8
0
100
AcDbBlockBegin
  2
FHGJG
 70
     0
 10
0.0
 20
0.0
 30
0.0
  3
FHGJG
  1

  0
LWPOLYLINE
  5
2D3
330
2D1
100
AcDbEntity
  8
SLAB_MARK__BM_
100
AcDbPolyline
 90
        4
 70
     0
 43
0.0
 10
652.1350897689452
 20
341.0980798777958
 10
651.9713278639983
 20
341.0161989253417
 10
652.721166822296
 20
341.0161989253417
 10
652.5574049173489
 20
340.9343179728874
  0
LWPOLYLINE
  5
2D4
330
2D1
100
AcDbEntity
  8
SLAB_MARK__BM_
100
AcDbPolyline
 90
        4
 70
     0
 43
0.0
 10
652.2643663906928
 20
340.8050413511398
 10
652.3462473431471
 20
340.6412794461927
 10
652.3462473431471
 20
341.3911184044906
 10
652.4281282956014
 20
341.2273564995434
  0
ENDBLK
  5
2D5
330
2D1
100
AcDbEntity
  8
0
100
AcDbBlockEnd
  0
ENDSEC
  0
SECTION
  2
ENTITIES
  0
TEXT
  5
654
330
1F
100
AcDbEntity
  8
SUB_TITLE__BM_
100
AcDbText
 10
2469.779948144559
 20
870.0167369686399
 30
0.0
 40
0.2811111111111111
  1
L O N G I T U D I N A L   R E I N F O R C E M E N T
 41
0.55
  7
ROMANS
100
AcDbText
  0
TEXT
  5
655
330
1F
100
AcDbEntity
  8
TITLE__BM_
100
AcDbText
 10
2464.810268585571
 20
870.7720410066144
 30
0.0
 40
0.4143107330527271
  1
%%uSCHEDULE OF BEAMS
 41
0.8
  7
ROMANS
100
AcDbText
  0
TEXT
  5
656
330
1F
100
AcDbEntity
  8
SUB_TITLE__BM_
100
AcDbText
 10
2470.405882457755
 20
869.4691432481912
 30
0.0
 40
0.2811111111111111
  1
BOTTOM
 41
0.8
  7
ROMANS
100
AcDbText
  0
TEXT
  5
657
330
1F
100
AcDbEntity
  8
SUB_TITLE__BM_
100
AcDbText
 10
2464.918875601812
 20
869.9492018571352
 30
0.0
 40
0.2811111111111111
  1
BEAM
 41
0.8
  7
ROMANS
100
AcDbText
  0
TEXT
  5
658
330
1F
100
AcDbEntity
  8
SUB_TITLE__BM_
100
AcDbText
 10
2464.958058151067
 20
869.447706778833
 30
0.0
 40
0.2811111111111111
  1
MKD.
 41
0.8
  7
ROMANS
100
AcDbText
  0
TEXT
  5
659
330
1F
100
AcDbEntity
  8
SUB_TITLE__BM_
100
AcDbText
 10
2468.075848951486
 20
869.9050498960014
 30
0.0
 40
0.2811111111111111
  1
SIZE
 41
0.8
  7
ROMANS
100
AcDbText
  0
TEXT
  5
65A
330
1F
100
AcDbEntity
  8
SUB_TITLE__BM_
100
AcDbText
 10
2468.082289533885
 20
869.4427036760237
 30
0.0
 40
0.2811111111111111
  1
BxD
 41
0.8
  7
ROMANS
100
AcDbText
  0
TEXT
  5
65B
330
1F
100
AcDbEntity
  8
SUB_TITLE__BM_
100
AcDbText
 10
2482.473532310654
 20
869.3553680655466
 30
0.0
 40
0.2811111111111111
  1
REMARKS
 41
0.8
  7
ROMANS
100
AcDbText
  0
TEXT
  5
65C
330
1F
100
AcDbEntity
  8
SUB_TITLE__BM_
100
AcDbText
 10
2478.473499563941
 20
870.0470856749583
 30
0.0
 40
0.2811111111111111
  1
S T I R R U P S
 41
0.8
  7
ROMANS
100
AcDbText
  0
TEXT
  5
65D
330
1F
100
AcDbEntity
  8
SUB_TITLE__BM_
100
AcDbText
 10
2477.127192446064
 20
868.3893020346011
 30
0.0
 40
0.2811111111111111
  1
FROM SUPPORT
 41
0.7
  7
ROMANS
100
AcDbText
  0
TEXT
  5
65E
330
1F
100
AcDbEntity
  8
SUB_TITLE__BM_
100
AcDbText
 10
2477.21052005199
 20
869.3566585404719
 30
0.0
 40
0.2811111111111111
  1
FOR DISTANCE 
 41
0.7
  7
ROMANS
100
AcDbText
  0
TEXT
  5
65F
330
1F
100
AcDbEntity
  8
SUB_TITLE__BM_
100
AcDbText
 10
2480.255372387609
 20
869.3363672547048
 30
0.0
 40
0.2811111111111111
  1
FOR
 41
0.8
  7
ROMANS
100
AcDbText
  0
TEXT
  5
660
330
1F
100
AcDbEntity
  8
SUB_TITLE__BM_
100
AcDbText
 10
2479.858073865666
 20
868.393699785491
 30
0.0
 40
0.2811111111111111
  1
PORTION
 41
0.8
  7
ROMANS
100
AcDbText
  0
TEXT
  5
661
330
1F
100
AcDbEntity
  8
SUB_TITLE__BM_
100
AcDbText
 10
2470.007319501409
 20
868.8790470424294
 30
0.0
 40
0.2811111111111111
  1
FULL
 41
0.8
  7
ROMANS
100
AcDbText
  0
TEXT
  5
662
330
1F
100
AcDbEntity
  8
SUB_TITLE__BM_
100
AcDbText
 10
2471.158240995282
 20
868.8464911197027
 30
0.0
 40
0.2811111111111111
  1
CURTAIL
 41
0.8
  7
ROMANS
100
AcDbText
  0
LWPOLYLINE
  5
663
330
1F
100
AcDbEntity
  8
BORDER__BM_
100
AcDbPolyline
 90
        4
 70
     1
 43
0.0
 10
2464.345134064763
 20
871.3050948889149
 10
2484.58458129641
 20
871.3050948889149
 10
2484.58458129641
 20
847.7384904325656
 10
2464.345134064763
 20
847.7384904325656
  0
LINE
  5
664
330
1F
100
AcDbEntity
  8
TABLE__BM_
100
AcDbLine
 10
2467.514426980474
 20
870.4816458033173
 30
0.0
 11
2467.514426980474
 21
868.1651578854571
 31
0.0
  0
LINE
  5
665
330
1F
100
AcDbEntity
  8
TABLE__BM_
100
AcDbLine
 10
2467.514426980474
 20
868.1651578854571
 30
0.0
 11
2467.514426980474
 21
863.054046774346
 31
0.0
  0
LINE
  5
666
330
1F
100
AcDbEntity
  8
TABLE__BM_
100
AcDbLine
 10
2467.514426980474
 20
863.054046774346
 30
0.0
 11
2467.514426980474
 21
858.586268800012
 31
0.0
  0
LINE
  5
667
330
1F
100
AcDbEntity
  8
TABLE__BM_
100
AcDbLine
 10
2467.514426980473
 20
858.586268800012
 30
0.0
 11
2467.514426980473
 21
858.5840466760678
 31
0.0
  0
LINE
  5
668
330
1F
100
AcDbEntity
  8
TABLE__BM_
100
AcDbLine
 10
2467.514426980473
 20
859.2207134410125
 30
0.0
 11
2467.514426980478
 21
847.7384904325656
 31
0.0
  0
LINE
  5
669
330
1F
100
AcDbEntity
  8
TABLE__BM_
100
AcDbLine
 10
2469.524443953253
 20
870.4816458033173
 30
0.0
 11
2469.524443953253
 21
868.1651578854571
 31
0.0
  0
LINE
  5
66A
330
1F
100
AcDbEntity
  8
TABLE__BM_
100
AcDbLine
 10
2469.524443953253
 20
870.4816458033173
 30
0.0
 11
2469.524443953253
 21
868.1651578854571
 31
0.0
  0
LINE
  5
66B
330
1F
100
AcDbEntity
  8
TABLE__BM_
100
AcDbLine
 10
2469.524443953253
 20
868.1651578854571
 30
0.0
 11
2469.524443953253
 21
863.054046774346
 31
0.0
  0
LINE
  5
66C
330
1F
100
AcDbEntity
  8
TABLE__BM_
100
AcDbLine
 10
2469.524443953253
 20
862.4151578854571
 30
0.0
 11
2469.524443953253
 21
858.586268800012
 31
0.0
  0
LINE
  5
66D
330
1F
100
AcDbEntity
  8
TABLE__BM_
100
AcDbLine
 10
2469.524443953253
 20
858.586268800012
 30
0.0
 11
2469.524443953253
 21
858.5840466760678
 31
0.0
  0
LINE
  5
66E
330
1F
100
AcDbEntity
  8
TABLE__BM_
100
AcDbLine
 10
2469.524443953253
 20
859.2207134410125
 30
0.0
 11
2469.524443953253
 21
848.3751571975105
 31
0.0
  0
LINE
  5
66F
330
1F
100
AcDbEntity
  8
TABLE__BM_
100
AcDbLine
 10
2469.524443953253
 20
870.4816458033173
 30
0.0
 11
2469.524443953258
 21
847.7384904325656
 31
0.0
  0
LINE
  5
670
330
1F
100
AcDbEntity
  8
TABLE__BM_
100
AcDbLine
 10
2471.051478742044
 20
869.2997950212566
 30
0.0
 11
2471.051478742044
 21
868.1651578854571
 31
0.0
  0
LINE
  5
671
330
1F
100
AcDbEntity
  8
TABLE__BM_
100
AcDbLine
 10
2471.051478742044
 20
869.2997950212566
 30
0.0
 11
2471.051478742044
 21
868.1651578854571
 31
0.0
  0
LINE
  5
672
330
1F
100
AcDbEntity
  8
TABLE__BM_
100
AcDbLine
 10
2471.051478742044
 20
868.1651578854571
 30
0.0
 11
2471.051478742044
 21
863.054046774346
 31
0.0
  0
LINE
  5
673
330
1F
100
AcDbEntity
  8
TABLE__BM_
100
AcDbLine
 10
2471.051478742044
 20
862.4151578854571
 30
0.0
 11
2471.051478742044
 21
858.586268800012
 31
0.0
  0
LINE
  5
674
330
1F
100
AcDbEntity
  8
TABLE__BM_
100
AcDbLine
 10
2471.051478742044
 20
858.586268800012
 30
0.0
 11
2471.051478742044
 21
858.5840466760678
 31
0.0
  0
LINE
  5
675
330
1F
100
AcDbEntity
  8
TABLE__BM_
100
AcDbLine
 10
2471.051478742044
 20
859.2207134410125
 30
0.0
 11
2471.051478742044
 21
848.3751571975105
 31
0.0
  0
LINE
  5
676
330
1F
100
AcDbEntity
  8
TABLE__BM_
100
AcDbLine
 10
2471.051478742046
 20
869.2997950212568
 30
0.0
 11
2471.051478742046
 21
847.7384904325654
 31
0.0
  0
LINE
  5
677
330
1F
100
AcDbEntity
  8
TABLE__BM_
100
AcDbLine
 10
2472.569186308499
 20
869.91008107527
 30
0.0
 11
2472.569186308499
 21
868.1651578854571
 31
0.0
  0
LINE
  5
678
330
1F
100
AcDbEntity
  8
TABLE__BM_
100
AcDbLine
 10
2472.569186308499
 20
869.91008107527
 30
0.0
 11
2472.569186308499
 21
868.1651578854571
 31
0.0
  0
LINE
  5
679
330
1F
100
AcDbEntity
  8
TABLE__BM_
100
AcDbLine
 10
2472.569186308499
 20
868.1651578854571
 30
0.0
 11
2472.569186308499
 21
863.054046774346
 31
0.0
  0
LINE
  5
67A
330
1F
100
AcDbEntity
  8
TABLE__BM_
100
AcDbLine
 10
2472.569186308499
 20
862.4151578854571
 30
0.0
 11
2472.569186308499
 21
858.586268800012
 31
0.0
  0
LINE
  5
67B
330
1F
100
AcDbEntity
  8
TABLE__BM_
100
AcDbLine
 10
2472.569186308499
 20
858.586268800012
 30
0.0
 11
2472.569186308499
 21
858.5840466760678
 31
0.0
  0
LINE
  5
67C
330
1F
100
AcDbEntity
  8
TABLE__BM_
100
AcDbLine
 10
2472.569186308499
 20
859.2207134410125
 30
0.0
 11
2472.569186308499
 21
857.8862057027687
 31
0.0
  0
LINE
  5
67D
330
1F
100
AcDbEntity
  8
TABLE__BM_
100
AcDbLine
 10
2472.569186308499
 20
869.91008107527
 30
0.0
 11
2472.569186308499
 21
847.7384904325656
 31
0.0
  0
LINE
  5
67E
330
1F
100
AcDbEntity
  8
BORDER__BM_
100
AcDbLine
 10
2484.58458129641
 20
868.1651578854571
 30
0.0
 11
2464.345134064763
 21
868.1651578854571
 31
0.0
  0
LINE
  5
67F
330
1F
100
AcDbEntity
  8
TABLE__BM_
100
AcDbLine
 10
2477.003217980223
 20
869.91008107527
 30
0.0
 11
2477.003217980223
 21
868.1651578854571
 31
0.0
  0
LINE
  5
680
330
1F
100
AcDbEntity
  8
TABLE__BM_
100
AcDbLine
 10
2477.003217980223
 20
868.1651578854571
 30
0.0
 11
2477.003217980223
 21
863.054046774346
 31
0.0
  0
LINE
  5
681
330
1F
100
AcDbEntity
  8
TABLE__BM_
100
AcDbLine
 10
2477.003217980223
 20
862.4151578854571
 30
0.0
 11
2477.003217980223
 21
858.586268800012
 31
0.0
  0
LINE
  5
682
330
1F
100
AcDbEntity
  8
TABLE__BM_
100
AcDbLine
 10
2477.003217980223
 20
858.586268800012
 30
0.0
 11
2477.003217980223
 21
858.5818245521236
 31
0.0
  0
LINE
  5
683
330
1F
100
AcDbEntity
  8
TABLE__BM_
100
AcDbLine
 10
2479.522624750122
 20
869.91008107527
 30
0.0
 11
2479.522624750122
 21
868.1651578854571
 31
0.0
  0
LINE
  5
684
330
1F
100
AcDbEntity
  8
TABLE__BM_
100
AcDbLine
 10
2479.522624750122
 20
868.1651578854571
 30
0.0
 11
2479.522624750122
 21
863.054046774346
 31
0.0
  0
LINE
  5
685
330
1F
100
AcDbEntity
  8
TABLE__BM_
100
AcDbLine
 10
2479.522624750122
 20
862.4151578854571
 30
0.0
 11
2479.522624750122
 21
858.586268800012
 31
0.0
  0
LINE
  5
686
330
1F
100
AcDbEntity
  8
TABLE__BM_
100
AcDbLine
 10
2479.522624750122
 20
858.586268800012
 30
0.0
 11
2479.522624750122
 21
858.5840466760678
 31
0.0
  0
LINE
  5
687
330
1F
100
AcDbEntity
  8
TABLE__BM_
100
AcDbLine
 10
2479.522624750121
 20
859.2207134410125
 30
0.0
 11
2479.522624750127
 21
847.7384904325656
 31
0.0
  0
LINE
  5
688
330
1F
100
AcDbEntity
  8
TABLE__BM_
100
AcDbLine
 10
2479.522624750123
 20
869.91008107527
 30
0.0
 11
2479.522624750123
 21
847.7384904325656
 31
0.0
  0
LINE
  5
689
330
1F
100
AcDbEntity
  8
TABLE__BM_
100
AcDbLine
 10
2481.873719161757
 20
870.4816458033171
 30
0.0
 11
2481.873719161757
 21
868.1651578854571
 31
0.0
  0
LINE
  5
68A
330
1F
100
AcDbEntity
  8
TABLE__BM_
100
AcDbLine
 10
2481.873719161757
 20
868.1651578854571
 30
0.0
 11
2481.873719161757
 21
863.054046774346
 31
0.0
  0
LINE
  5
68B
330
1F
100
AcDbEntity
  8
TABLE__BM_
100
AcDbLine
 10
2481.873719161757
 20
862.4151578854571
 30
0.0
 11
2481.873719161757
 21
858.586268800012
 31
0.0
  0
LINE
  5
68C
330
1F
100
AcDbEntity
  8
TABLE__BM_
100
AcDbLine
 10
2481.873719161757
 20
858.586268800012
 30
0.0
 11
2481.873719161757
 21
858.5840466760678
 31
0.0
  0
LINE
  5
68D
330
1F
100
AcDbEntity
  8
TABLE__BM_
100
AcDbLine
 10
2481.873719161758
 20
859.2207134410125
 30
0.0
 11
2481.873719161744
 21
847.7384904325656
 31
0.0
  0
LINE
  5
68E
330
1F
100
AcDbEntity
  8
TABLE__BM_
100
AcDbLine
 10
2481.873719161757
 20
870.4816458033173
 30
0.0
 11
2481.873719161761
 21
847.7384904325656
 31
0.0
  0
LINE
  5
68F
330
1F
100
AcDbEntity
  8
TABLE__BM_
100
AcDbLine
 10
2481.873719161757
 20
869.91008107527
 30
0.0
 11
2469.524443953253
 21
869.91008107527
 31
0.0
  0
LINE
  5
690
330
1F
100
AcDbEntity
  8
TABLE__BM_
100
AcDbLine
 10
2469.524443953253
 20
869.2997950212566
 30
0.0
 11
2472.569186308499
 21
869.2997950212566
 31
0.0
  0
TEXT
  5
691
330
1F
100
AcDbEntity
  8
SUB_TITLE__BM_
100
AcDbText
 10
2474.636737689072
 20
869.4691432481912
 30
0.0
 40
0.2811111111111111
  1
TOP
 41
0.8
  7
ROMANS
100
AcDbText
  0
TEXT
  5
692
330
1F
100
AcDbEntity
  8
SUB_TITLE__BM_
100
AcDbText
 10
2472.944851592338
 20
868.8790470424294
 30
0.0
 40
0.2811111111111111
  1
FULL
 41
0.8
  7
ROMANS
100
AcDbText
  0
TEXT
  5
693
330
1F
100
AcDbEntity
  8
SUB_TITLE__BM_
100
AcDbText
 10
2474.074565100552
 20
868.8464911197027
 30
0.0
 40
0.2811111111111111
  1
EXTRA@ SUPPORT
 41
0.75
  7
ROMANS
100
AcDbText
  0
LINE
  5
694
330
1F
100
AcDbEntity
  8
TABLE__BM_
100
AcDbLine
 10
2472.569186308499
 20
869.2997950212566
 30
0.0
 11
2477.003217980223
 21
869.2997950212566
 31
0.0
  0
LINE
  5
695
330
1F
100
AcDbEntity
  8
TABLE__BM_
100
AcDbLine
 10
2473.967802847314
 20
869.2997950212566
 30
0.0
 11
2473.967802847314
 21
868.1651578854571
 31
0.0
  0
LINE
  5
696
330
1F
100
AcDbEntity
  8
TABLE__BM_
100
AcDbLine
 10
2473.967802847314
 20
869.91008107527
 30
0.0
 11
2473.967802847314
 21
868.1651578854571
 31
0.0
  0
LINE
  5
697
330
1F
100
AcDbEntity
  8
TABLE__BM_
100
AcDbLine
 10
2473.967802847314
 20
868.1651578854571
 30
0.0
 11
2473.967802847314
 21
863.054046774346
 31
0.0
  0
LINE
  5
698
330
1F
100
AcDbEntity
  8
TABLE__BM_
100
AcDbLine
 10
2473.967802847314
 20
862.4151578854571
 30
0.0
 11
2473.967802847314
 21
858.586268800012
 31
0.0
  0
LINE
  5
699
330
1F
100
AcDbEntity
  8
TABLE__BM_
100
AcDbLine
 10
2473.967802847314
 20
858.586268800012
 30
0.0
 11
2473.967802847314
 21
858.5840466760678
 31
0.0
  0
LINE
  5
69A
330
1F
100
AcDbEntity
  8
TABLE__BM_
100
AcDbLine
 10
2473.967802847314
 20
859.2207134410125
 30
0.0
 11
2473.967802847314
 21
857.8862057027687
 31
0.0
  0
LINE
  5
69B
330
1F
100
AcDbEntity
  8
TABLE__BM_
100
AcDbLine
 10
2473.967802847314
 20
869.91008107527
 30
0.0
 11
2473.967802847314
 21
847.7384904325656
 31
0.0
  0
LINE
  5
69C
330
1F
100
AcDbEntity
  8
TABLE__BM_
100
AcDbLine
 10
2475.485510413768
 20
868.7324764533569
 30
0.0
 11
2475.485510413768
 21
868.1651578854571
 31
0.0
  0
LINE
  5
69D
330
1F
100
AcDbEntity
  8
TABLE__BM_
100
AcDbLine
 10
2475.485510413768
 20
869.2997950212566
 30
0.0
 11
2475.485510413768
 21
868.1651578854571
 31
0.0
  0
LINE
  5
69E
330
1F
100
AcDbEntity
  8
TABLE__BM_
100
AcDbLine
 10
2475.485510413768
 20
868.1651578854571
 30
0.0
 11
2475.485510413768
 21
863.054046774346
 31
0.0
  0
LINE
  5
69F
330
1F
100
AcDbEntity
  8
TABLE__BM_
100
AcDbLine
 10
2475.485510413768
 20
862.4151578854571
 30
0.0
 11
2475.485510413768
 21
858.586268800012
 31
0.0
  0
LINE
  5
6A0
330
1F
100
AcDbEntity
  8
TABLE__BM_
100
AcDbLine
 10
2475.485510413768
 20
858.586268800012
 30
0.0
 11
2475.485510413768
 21
858.5840466760678
 31
0.0
  0
LINE
  5
6A1
330
1F
100
AcDbEntity
  8
TABLE__BM_
100
AcDbLine
 10
2475.485510413768
 20
859.2207134410125
 30
0.0
 11
2475.485510413768
 21
847.7384904325656
 31
0.0
  0
LINE
  5
6A2
330
1F
100
AcDbEntity
  8
TABLE__BM_
100
AcDbLine
 10
2475.485510413769
 20
869.2997950212564
 30
0.0
 11
2475.485510413771
 21
847.7384904325654
 31
0.0
  0
LINE
  5
6A3
330
1F
100
AcDbEntity
  8
TABLE__BM_
100
AcDbLine
 10
2477.003217980223
 20
869.91008107527
 30
0.0
 11
2477.003217980223
 21
868.1651578854571
 31
0.0
  0
LINE
  5
6A4
330
1F
100
AcDbEntity
  8
TABLE__BM_
100
AcDbLine
 10
2477.003217980223
 20
868.1651578854571
 30
0.0
 11
2477.003217980223
 21
863.054046774346
 31
0.0
  0
LINE
  5
6A5
330
1F
100
AcDbEntity
  8
TABLE__BM_
100
AcDbLine
 10
2477.003217980223
 20
862.4151578854571
 30
0.0
 11
2477.003217980223
 21
858.586268800012
 31
0.0
  0
LINE
  5
6A6
330
1F
100
AcDbEntity
  8
TABLE__BM_
100
AcDbLine
 10
2477.003217980223
 20
858.586268800012
 30
0.0
 11
2477.003217980223
 21
858.5818245521236
 31
0.0
  0
LINE
  5
6A7
330
1F
100
AcDbEntity
  8
TABLE__BM_
100
AcDbLine
 10
2473.967802847314
 20
868.7324764533569
 30
0.0
 11
2477.003217980223
 21
868.7324764533569
 31
0.0
  0
TEXT
  5
6A8
330
1F
100
AcDbEntity
  8
SUB_TITLE__BM_
100
AcDbText
 10
2474.439062218737
 20
868.302334785903
 30
0.0
 40
0.2811111111111111
  1
LEFT
 41
0.8
  7
ROMANS
100
AcDbText
  0
TEXT
  5
6A9
330
1F
100
AcDbEntity
  8
SUB_TITLE__BM_
100
AcDbText
 10
2475.856750385766
 20
868.302334785903
 30
0.0
 40
0.2811111111111111
  1
RIGHT
 41
0.8
  7
ROMANS
100
AcDbText
  0
TEXT
  5
6AA
330
1F
100
AcDbEntity
  8
SUB_TITLE__BM_
100
AcDbText
 10
2477.616386957783
 20
868.8624163187283
 30
0.0
 40
0.2811111111111111
  1
 `2D'
 41
0.8
  7
ROMANS
100
AcDbText
  0
TEXT
  5
6AB
330
1F
100
AcDbEntity
  8
SUB_TITLE__BM_
100
AcDbText
 10
2479.699941252094
 20
868.8797983834554
 30
0.0
 40
0.2811111111111111
  1
REMAINING 
 41
0.8
  7
ROMANS
100
AcDbText
  0
LINE
  5
6AC
330
1F
100
AcDbEntity
  8
BORDER__BM_
100
AcDbLine
 10
2464.345134064763
 20
870.4816458033173
 30
0.0
 11
2484.58458129641
 21
870.4816458033173
 31
0.0
  0
LINE
  5
6AD
330
1F
100
AcDbEntity
  8
TABLE__BM_
100
AcDbLine
 10
2477.003217980223
 20
869.2997950212566
 30
0.0
 11
2477.003217980223
 21
868.1651578854571
 31
0.0
  0
LINE
  5
6AE
330
1F
100
AcDbEntity
  8
TABLE__BM_
100
AcDbLine
 10
2477.003217980223
 20
868.1651578854571
 30
0.0
 11
2477.003217980223
 21
863.054046774346
 31
0.0
  0
LINE
  5
6AF
330
1F
100
AcDbEntity
  8
TABLE__BM_
100
AcDbLine
 10
2477.003217980223
 20
862.4151578854571
 30
0.0
 11
2477.003217980223
 21
858.586268800012
 31
0.0
  0
LINE
  5
6B0
330
1F
100
AcDbEntity
  8
TABLE__BM_
100
AcDbLine
 10
2477.003217980223
 20
858.586268800012
 30
0.0
 11
2477.003217980223
 21
858.5840466760678
 31
0.0
  0
LINE
  5
6B1
330
1F
100
AcDbEntity
  8
TABLE__BM_
100
AcDbLine
 10
2477.003217980223
 20
859.2207134410125
 30
0.0
 11
2477.003217980216
 21
847.7384904325656
 31
0.0
  0
LINE
  5
6B2
330
1F
100
AcDbEntity
  8
TABLE__BM_
100
AcDbLine
 10
2477.003217980223
 20
869.91008107527
 30
0.0
 11
2477.003217980223
 21
847.7384904325656
 31
0.0
  0
TEXT
  5
6B3
330
1F
100
AcDbEntity
  8
SCHEDULE_TEXT__BM_
  6
CONTINUOUS
100
AcDbText
 10
2464.530895300416
 20
867.7247796259462
 30
0.0
 40
0.2299967350828956
  1
B1
 41
0.9
  7
ROMANS
100
AcDbText
  0
TEXT
  5
6B4
330
1F
100
AcDbEntity
  8
SCHEDULE_TEXT__BM_
  6
CONTINUOUS
100
AcDbText
 10
2467.82333501404
 20
867.7479315702208
 30
0.0
 40
0.2299967350828956
  1
230X600
 41
0.9
  7
ROMANS
 72
     1
 11
2468.513325219289
 21
867.7479315702208
 31
0.0
100
AcDbText
  0
TEXT
  5
6B5
330
1F
100
AcDbEntity
  8
SCHEDULE_TEXT__BM_
  6
CONTINUOUS
100
AcDbText
 10
2471.293191674109
 20
867.7466784315986
 30
0.0
 40
0.2299967350828956
  1
2-T16
 41
0.9
  7
ROMANS
 72
     1
 11
2471.795898823647
 21
867.7466784315986
 31
0.0
100
AcDbText
  0
TEXT
  5
6B6
330
1F
100
AcDbEntity
  8
SCHEDULE_TEXT__BM_
  6
CONTINUOUS
100
AcDbText
 10
2469.801012811061
 20
867.7466784315986
 30
0.0
 40
0.2299967350828956
  1
3-T16
 41
0.9
  7
ROMANS
 72
     1
 11
2470.3037199606
 21
867.7466784315986
 31
0.0
100
AcDbText
  0
TEXT
  5
6B7
330
1F
100
AcDbEntity
  8
SCHEDULE_TEXT__BM_
  6
CONTINUOUS
100
AcDbText
 10
2477.195811870165
 20
867.7448213395401
 30
0.0
 40
0.2299967350828956
  1
T 8@100C/C
 41
0.9
  7
ROMANS
 72
     1
 11
2478.211083172174
 21
867.7448213395401
 31
0.0
100
AcDbText
  0
TEXT
  5
6B8
330
1F
100
AcDbEntity
  8
SCHEDULE_TEXT__BM_
  6
CONTINUOUS
100
AcDbText
 10
2479.653960482931
 20
867.7476717197214
 30
0.0
 40
0.2299967350828956
  1
T 8@100C/C
 41
0.9
  7
ROMANS
 72
     1
 11
2480.66923178494
 21
867.7476717197214
 31
0.0
100
AcDbText
  0
LINE
  5
6B9
330
1F
100
AcDbEntity
  8
TABLE__BM_
100
AcDbLine
 10
2484.58458129641
 20
867.5262689965683
 30
0.0
 11
2464.345134064763
 21
867.5262689965683
 31
0.0
  0
TEXT
  5
6BA
330
1F
100
AcDbEntity
  8
SCHEDULE_TEXT__BM_
  6
CONTINUOUS
100
AcDbText
 10
2474.116550903823
 20
867.7466784315986
 30
0.0
 40
0.2299967350828956
  1
3-T16
 41
0.9
  7
ROMANS
 72
     1
 11
2474.619258053362
 21
867.7466784315986
 31
0.0
100
AcDbText
  0
TEXT
  5
6BB
330
1F
100
AcDbEntity
  8
SCHEDULE_TEXT__BM_
  6
CONTINUOUS
100
AcDbText
 10
2475.769066984823
 20
867.7466784315986
 30
0.0
 40
0.2299967350828956
  1
2-T16
 41
0.9
  7
ROMANS
 72
     1
 11
2476.271774134361
 21
867.7466784315986
 31
0.0
100
AcDbText
  0
TEXT
  5
6BC
330
1F
100
AcDbEntity
  8
SCHEDULE_TEXT__BM_
  6
CONTINUOUS
100
AcDbText
 10
2482.946695307794
 20
867.7476717197214
 30
0.0
 40
0.2299967350828956
  1
---
 41
0.9
  7
ROMANS
 72
     1
 11
2483.331118422147
 21
867.7476717197214
 31
0.0
100
AcDbText
  0
TEXT
  5
6BD
330
1F
100
AcDbEntity
  8
SCHEDULE_TEXT__BM_
  6
CONTINUOUS
100
AcDbText
 10
2464.50001566536
 20
867.078215723624
 30
0.0
 40
0.2299967350828956
  1
B2
 41
0.9000000000000001
  7
ROMANS
100
AcDbText
  0
TEXT
  5
6BE
330
1F
100
AcDbEntity
  8
SCHEDULE_TEXT__BM_
  6
CONTINUOUS
100
AcDbText
 10
2467.808549509642
 20
867.1090426813319
 30
0.0
 40
0.2299967350828956
  1
150X600
 41
0.9
  7
ROMANS
 72
     1
 11
2468.513325219289
 21
867.1090426813319
 31
0.0
100
AcDbText
  0
TEXT
  5
6BF
330
1F
100
AcDbEntity
  8
SCHEDULE_TEXT__BM_
  6
CONTINUOUS
100
AcDbText
 10
2471.27840616971
 20
867.1077895427097
 30
0.0
 40
0.2299967350828956
  1
1-T12
 41
0.9
  7
ROMANS
 72
     1
 11
2471.795898823647
 21
867.1077895427097
 31
0.0
100
AcDbText
  0
TEXT
  5
6C0
330
1F
100
AcDbEntity
  8
SCHEDULE_TEXT__BM_
  6
CONTINUOUS
100
AcDbText
 10
2469.801012811061
 20
867.1077895427097
 30
0.0
 40
0.2299967350828956
  1
2-T12
 41
0.9
  7
ROMANS
 72
     1
 11
2470.3037199606
 21
867.1077895427097
 31
0.0
100
AcDbText
  0
LINE
  5
6C1
330
1F
100
AcDbEntity
  8
TABLE__BM_
100
AcDbLine
 10
2484.58458129641
 20
866.8873801076796
 30
0.0
 11
2464.345134064763
 21
866.8873801076796
 31
0.0
  0
TEXT
  5
6C2
330
1F
100
AcDbEntity
  8
SCHEDULE_TEXT__BM_
  6
CONTINUOUS
100
AcDbText
 10
2482.946695307794
 20
867.1087828308328
 30
0.0
 40
0.2299967350828956
  1
---
 41
0.9
  7
ROMANS
 72
     1
 11
2483.331118422147
 21
867.1087828308328
 31
0.0
100
AcDbText
  0
TEXT
  5
6C3
330
1F
100
AcDbEntity
  8
SCHEDULE_TEXT__BM_
  6
CONTINUOUS
100
AcDbText
 10
2464.530895300416
 20
866.4470018481684
 30
0.0
 40
0.2299967350828956
  1
B3
 41
0.9
  7
ROMANS
100
AcDbText
  0
TEXT
  5
6C4
330
1F
100
AcDbEntity
  8
SCHEDULE_TEXT__BM_
  6
CONTINUOUS
100
AcDbText
 10
2467.808549509642
 20
866.4701537924428
 30
0.0
 40
0.2299967350828956
  1
150X450
 41
0.9
  7
ROMANS
 72
     1
 11
2468.513325219289
 21
866.4701537924428
 31
0.0
100
AcDbText
  0
TEXT
  5
6C5
330
1F
100
AcDbEntity
  8
SCHEDULE_TEXT__BM_
  6
CONTINUOUS
100
AcDbText
 10
2471.411475709294
 20
866.4689006538212
 30
0.0
 40
0.2299967350828956
  1
---
 41
0.9
  7
ROMANS
 72
     1
 11
2471.795898823647
 21
866.4689006538212
 31
0.0
100
AcDbText
  0
TEXT
  5
6C6
330
1F
100
AcDbEntity
  8
SCHEDULE_TEXT__BM_
  6
CONTINUOUS
100
AcDbText
 10
2469.801012811061
 20
866.4689006538212
 30
0.0
 40
0.2299967350828956
  1
3-T12
 41
0.9
  7
ROMANS
 72
     1
 11
2470.3037199606
 21
866.4689006538212
 31
0.0
100
AcDbText
  0
TEXT
  5
6C7
330
1F
100
AcDbEntity
  8
SCHEDULE_TEXT__BM_
  6
CONTINUOUS
100
AcDbText
 10
2477.195811870165
 20
866.4670435617624
 30
0.0
 40
0.2299967350828956
  1
T 8@150C/C
 41
0.9
  7
ROMANS
 72
     1
 11
2478.211083172174
 21
866.4670435617624
 31
0.0
100
AcDbText
  0
TEXT
  5
6C8
330
1F
100
AcDbEntity
  8
SCHEDULE_TEXT__BM_
  6
CONTINUOUS
100
AcDbText
 10
2479.653960482931
 20
866.469893941944
 30
0.0
 40
0.2299967350828956
  1
T 8@150C/C
 41
0.9
  7
ROMANS
 72
     1
 11
2480.66923178494
 21
866.469893941944
 31
0.0
100
AcDbText
  0
LINE
  5
6C9
330
1F
100
AcDbEntity
  8
TABLE__BM_
100
AcDbLine
 10
2484.58458129641
 20
866.2484912187906
 30
0.0
 11
2464.345134064763
 21
866.2484912187906
 31
0.0
  0
TEXT
  5
6CA
330
1F
100
AcDbEntity
  8
SCHEDULE_TEXT__BM_
  6
CONTINUOUS
100
AcDbText
 10
2474.101765399425
 20
866.4689006538212
 30
0.0
 40
0.2299967350828956
  1
1-T12
 41
0.9
  7
ROMANS
 72
     1
 11
2474.619258053362
 21
866.4689006538212
 31
0.0
100
AcDbText
  0
TEXT
  5
6CB
330
1F
100
AcDbEntity
  8
SCHEDULE_TEXT__BM_
  6
CONTINUOUS
100
AcDbText
 10
2475.754281480425
 20
866.4689006538212
 30
0.0
 40
0.2299967350828956
  1
1-T12
 41
0.9
  7
ROMANS
 72
     1
 11
2476.271774134361
 21
866.4689006538212
 31
0.0
100
AcDbText
  0
TEXT
  5
6CC
330
1F
100
AcDbEntity
  8
SCHEDULE_TEXT__BM_
  6
CONTINUOUS
100
AcDbText
 10
2482.946695307794
 20
866.469893941944
 30
0.0
 40
0.2299967350828956
  1
---
 41
0.9
  7
ROMANS
 72
     1
 11
2483.331118422147
 21
866.469893941944
 31
0.0
100
AcDbText
  0
TEXT
  5
6CD
330
1F
100
AcDbEntity
  8
SCHEDULE_TEXT__BM_
  6
CONTINUOUS
100
AcDbText
 10
2464.522098560308
 20
865.8197228115596
 30
0.0
 40
0.2299967350828956
  1
B4
 41
0.9000000000000001
  7
ROMANS
100
AcDbText
  0
TEXT
  5
6CE
330
1F
100
AcDbEntity
  8
SCHEDULE_TEXT__BM_
  6
CONTINUOUS
100
AcDbText
 10
2467.82333501404
 20
865.831264903554
 30
0.0
 40
0.2299967350828956
  1
230X600
 41
0.9
  7
ROMANS
 72
     1
 11
2468.513325219289
 21
865.831264903554
 31
0.0
100
AcDbText
  0
TEXT
  5
6CF
330
1F
100
AcDbEntity
  8
SCHEDULE_TEXT__BM_
  6
CONTINUOUS
100
AcDbText
 10
2471.411475709294
 20
865.8300117649321
 30
0.0
 40
0.2299967350828956
  1
---
 41
0.9
  7
ROMANS
 72
     1
 11
2471.795898823647
 21
865.8300117649321
 31
0.0
100
AcDbText
  0
TEXT
  5
6D0
330
1F
100
AcDbEntity
  8
SCHEDULE_TEXT__BM_
  6
CONTINUOUS
100
AcDbText
 10
2469.801012811061
 20
865.8300117649321
 30
0.0
 40
0.2299967350828956
  1
3-T16
 41
0.9
  7
ROMANS
 72
     1
 11
2470.3037199606
 21
865.8300117649321
 31
0.0
100
AcDbText
  0
TEXT
  5
6D1
330
1F
100
AcDbEntity
  8
SCHEDULE_TEXT__BM_
  6
CONTINUOUS
100
AcDbText
 10
2477.195811870165
 20
865.8281546728736
 30
0.0
 40
0.2299967350828956
  1
T 8@125C/C
 41
0.9
  7
ROMANS
 72
     1
 11
2478.211083172174
 21
865.8281546728736
 31
0.0
100
AcDbText
  0
TEXT
  5
6D2
330
1F
100
AcDbEntity
  8
SCHEDULE_TEXT__BM_
  6
CONTINUOUS
100
AcDbText
 10
2479.653960482931
 20
865.8310050530549
 30
0.0
 40
0.2299967350828956
  1
T 8@150C/C
 41
0.9
  7
ROMANS
 72
     1
 11
2480.66923178494
 21
865.8310050530549
 31
0.0
100
AcDbText
  0
LINE
  5
6D3
330
1F
100
AcDbEntity
  8
TABLE__BM_
100
AcDbLine
 10
2484.58458129641
 20
865.6096023299016
 30
0.0
 11
2464.345134064763
 21
865.6096023299016
 31
0.0
  0
TEXT
  5
6D4
330
1F
100
AcDbEntity
  8
SCHEDULE_TEXT__BM_
  6
CONTINUOUS
100
AcDbText
 10
2474.234834939009
 20
865.8300117649321
 30
0.0
 40
0.2299967350828956
  1
---
 41
0.9
  7
ROMANS
 72
     1
 11
2474.619258053362
 21
865.8300117649321
 31
0.0
100
AcDbText
  0
TEXT
  5
6D5
330
1F
100
AcDbEntity
  8
SCHEDULE_TEXT__BM_
  6
CONTINUOUS
100
AcDbText
 10
2475.769066984823
 20
865.8300117649321
 30
0.0
 40
0.2299967350828956
  1
2-T16
 41
0.9
  7
ROMANS
 72
     1
 11
2476.271774134361
 21
865.8300117649321
 31
0.0
100
AcDbText
  0
TEXT
  5
6D6
330
1F
100
AcDbEntity
  8
SCHEDULE_TEXT__BM_
  6
CONTINUOUS
100
AcDbText
 10
2482.946695307794
 20
865.8310050530549
 30
0.0
 40
0.2299967350828956
  1
---
 41
0.9
  7
ROMANS
 72
     1
 11
2483.331118422147
 21
865.8310050530549
 31
0.0
100
AcDbText
  0
TEXT
  5
6D7
330
1F
100
AcDbEntity
  8
SCHEDULE_TEXT__BM_
  6
CONTINUOUS
100
AcDbText
 10
2464.530895300416
 20
865.1692240703907
 30
0.0
 40
0.2299967350828956
  1
B5
 41
0.9
  7
ROMANS
100
AcDbText
  0
TEXT
  5
6D8
330
1F
100
AcDbEntity
  8
SCHEDULE_TEXT__BM_
  6
CONTINUOUS
100
AcDbText
 10
2467.82333501404
 20
865.1923760146653
 30
0.0
 40
0.2299967350828956
  1
230X450
 41
0.9
  7
ROMANS
 72
     1
 11
2468.513325219289
 21
865.1923760146653
 31
0.0
100
AcDbText
  0
TEXT
  5
6D9
330
1F
100
AcDbEntity
  8
SCHEDULE_TEXT__BM_
  6
CONTINUOUS
100
AcDbText
 10
2471.411475709294
 20
865.1911228760432
 30
0.0
 40
0.2299967350828956
  1
---
 41
0.9
  7
ROMANS
 72
     1
 11
2471.795898823647
 21
865.1911228760432
 31
0.0
100
AcDbText
  0
TEXT
  5
6DA
330
1F
100
AcDbEntity
  8
SCHEDULE_TEXT__BM_
  6
CONTINUOUS
100
AcDbText
 10
2469.801012811061
 20
865.1911228760432
 30
0.0
 40
0.2299967350828956
  1
3-T16
 41
0.9
  7
ROMANS
 72
     1
 11
2470.3037199606
 21
865.1911228760432
 31
0.0
100
AcDbText
  0
TEXT
  5
6DB
330
1F
100
AcDbEntity
  8
SCHEDULE_TEXT__BM_
  6
CONTINUOUS
100
AcDbText
 10
2477.195811870165
 20
865.1892657839846
 30
0.0
 40
0.2299967350828956
  1
T 8@125C/C
 41
0.9
  7
ROMANS
 72
     1
 11
2478.211083172174
 21
865.1892657839846
 31
0.0
100
AcDbText
  0
TEXT
  5
6DC
330
1F
100
AcDbEntity
  8
SCHEDULE_TEXT__BM_
  6
CONTINUOUS
100
AcDbText
 10
2479.653960482931
 20
865.192116164166
 30
0.0
 40
0.2299967350828956
  1
T 8@125C/C
 41
0.9
  7
ROMANS
 72
     1
 11
2480.66923178494
 21
865.192116164166
 31
0.0
100
AcDbText
  0
LINE
  5
6DD
330
1F
100
AcDbEntity
  8
TABLE__BM_
100
AcDbLine
 10
2484.58458129641
 20
864.9707134410125
 30
0.0
 11
2464.345134064763
 21
864.9707134410125
 31
0.0
  0
TEXT
  5
6DE
330
1F
100
AcDbEntity
  8
SCHEDULE_TEXT__BM_
  6
CONTINUOUS
100
AcDbText
 10
2474.101765399425
 20
865.1911228760432
 30
0.0
 40
0.2299967350828956
  1
1-T16
 41
0.9
  7
ROMANS
 72
     1
 11
2474.619258053362
 21
865.1911228760432
 31
0.0
100
AcDbText
  0
TEXT
  5
6DF
330
1F
100
AcDbEntity
  8
SCHEDULE_TEXT__BM_
  6
CONTINUOUS
100
AcDbText
 10
2475.887351020008
 20
865.1911228760432
 30
0.0
 40
0.2299967350828956
  1
---
 41
0.9
  7
ROMANS
 72
     1
 11
2476.271774134361
 21
865.1911228760432
 31
0.0
100
AcDbText
  0
TEXT
  5
6E0
330
1F
100
AcDbEntity
  8
SCHEDULE_TEXT__BM_
  6
CONTINUOUS
100
AcDbText
 10
2482.946695307794
 20
865.192116164166
 30
0.0
 40
0.2299967350828956
  1
---
 41
0.9
  7
ROMANS
 72
     1
 11
2483.331118422147
 21
865.192116164166
 31
0.0
100
AcDbText
  0
TEXT
  5
6E1
330
1F
100
AcDbEntity
  8
SCHEDULE_TEXT__BM_
  6
CONTINUOUS
100
AcDbText
 10
2464.530895300416
 20
864.5303351815016
 30
0.0
 40
0.2299967350828956
  1
B6,19,29
 41
0.9
  7
ROMANS
100
AcDbText
  0
TEXT
  5
6E2
330
1F
100
AcDbEntity
  8
SCHEDULE_TEXT__BM_
  6
CONTINUOUS
100
AcDbText
 10
2467.82333501404
 20
864.5534871257763
 30
0.0
 40
0.2299967350828956
  1
230X450
 41
0.9
  7
ROMANS
 72
     1
 11
2468.513325219289
 21
864.5534871257763
 31
0.0
100
AcDbText
  0
TEXT
  5
6E3
330
1F
100
AcDbEntity
  8
SCHEDULE_TEXT__BM_
  6
CONTINUOUS
100
AcDbText
 10
2471.411475709294
 20
864.5522339871542
 30
0.0
 40
0.2299967350828956
  1
---
 41
0.9
  7
ROMANS
 72
     1
 11
2471.795898823647
 21
864.5522339871542
 31
0.0
100
AcDbText
  0
TEXT
  5
6E4
330
1F
100
AcDbEntity
  8
SCHEDULE_TEXT__BM_
  6
CONTINUOUS
100
AcDbText
 10
2469.801012811061
 20
864.5522339871542
 30
0.0
 40
0.2299967350828956
  1
2-T12
 41
0.9
  7
ROMANS
 72
     1
 11
2470.3037199606
 21
864.5522339871542
 31
0.0
100
AcDbText
  0
TEXT
  5
6E5
330
1F
100
AcDbEntity
  8
SCHEDULE_TEXT__BM_
  6
CONTINUOUS
100
AcDbText
 10
2477.195811870165
 20
864.5503768950956
 30
0.0
 40
0.2299967350828956
  1
T 8@200C/C
 41
0.9
  7
ROMANS
 72
     1
 11
2478.211083172174
 21
864.5503768950956
 31
0.0
100
AcDbText
  0
TEXT
  5
6E6
330
1F
100
AcDbEntity
  8
SCHEDULE_TEXT__BM_
  6
CONTINUOUS
100
AcDbText
 10
2479.653960482931
 20
864.5532272752769
 30
0.0
 40
0.2299967350828956
  1
T 8@200C/C
 41
0.9
  7
ROMANS
 72
     1
 11
2480.66923178494
 21
864.5532272752769
 31
0.0
100
AcDbText
  0
LINE
  5
6E7
330
1F
100
AcDbEntity
  8
TABLE__BM_
100
AcDbLine
 10
2484.58458129641
 20
864.3318245521239
 30
0.0
 11
2464.345134064763
 21
864.3318245521239
 31
0.0
  0
TEXT
  5
6E8
330
1F
100
AcDbEntity
  8
SCHEDULE_TEXT__BM_
  6
CONTINUOUS
100
AcDbText
 10
2474.234834939009
 20
864.5522339871542
 30
0.0
 40
0.2299967350828956
  1
---
 41
0.9
  7
ROMANS
 72
     1
 11
2474.619258053362
 21
864.5522339871542
 31
0.0
100
AcDbText
  0
TEXT
  5
6E9
330
1F
100
AcDbEntity
  8
SCHEDULE_TEXT__BM_
  6
CONTINUOUS
100
AcDbText
 10
2475.887351020008
 20
864.5522339871542
 30
0.0
 40
0.2299967350828956
  1
---
 41
0.9
  7
ROMANS
 72
     1
 11
2476.271774134361
 21
864.5522339871542
 31
0.0
100
AcDbText
  0
TEXT
  5
6EA
330
1F
100
AcDbEntity
  8
SCHEDULE_TEXT__BM_
  6
CONTINUOUS
100
AcDbText
 10
2482.946695307794
 20
864.5532272752769
 30
0.0
 40
0.2299967350828956
  1
---
 41
0.9
  7
ROMANS
 72
     1
 11
2483.331118422147
 21
864.5532272752769
 31
0.0
100
AcDbText
  0
TEXT
  5
6EB
330
1F
100
AcDbEntity
  8
SCHEDULE_TEXT__BM_
  6
CONTINUOUS
100
AcDbText
 10
2464.530895300416
 20
863.8914462926126
 30
0.0
 40
0.2299967350828956
  1
B7,9
 41
0.9
  7
ROMANS
100
AcDbText
  0
TEXT
  5
6EC
330
1F
100
AcDbEntity
  8
SCHEDULE_TEXT__BM_
  6
CONTINUOUS
100
AcDbText
 10
2467.82333501404
 20
863.9145982368873
 30
0.0
 40
0.2299967350828956
  1
230X600
 41
0.9
  7
ROMANS
 72
     1
 11
2468.513325219289
 21
863.9145982368873
 31
0.0
100
AcDbText
  0
TEXT
  5
6ED
330
1F
100
AcDbEntity
  8
SCHEDULE_TEXT__BM_
  6
CONTINUOUS
100
AcDbText
 10
2471.293191674109
 20
863.9133450982652
 30
0.0
 40
0.2299967350828956
  1
2-T12
 41
0.9
  7
ROMANS
 72
     1
 11
2471.795898823647
 21
863.9133450982652
 31
0.0
100
AcDbText
  0
TEXT
  5
6EE
330
1F
100
AcDbEntity
  8
SCHEDULE_TEXT__BM_
  6
CONTINUOUS
100
AcDbText
 10
2469.801012811061
 20
863.9133450982652
 30
0.0
 40
0.2299967350828956
  1
2-T16
 41
0.9
  7
ROMANS
 72
     1
 11
2470.3037199606
 21
863.9133450982652
 31
0.0
100
AcDbText
  0
TEXT
  5
6EF
330
1F
100
AcDbEntity
  8
SCHEDULE_TEXT__BM_
  6
CONTINUOUS
100
AcDbText
 10
2477.195811870165
 20
863.9114880062066
 30
0.0
 40
0.2299967350828956
  1
T 8@150C/C
 41
0.9
  7
ROMANS
 72
     1
 11
2478.211083172174
 21
863.9114880062066
 31
0.0
100
AcDbText
  0
TEXT
  5
6F0
330
1F
100
AcDbEntity
  8
SCHEDULE_TEXT__BM_
  6
CONTINUOUS
100
AcDbText
 10
2479.653960482931
 20
863.9143383863882
 30
0.0
 40
0.2299967350828956
  1
T 8@150C/C
 41
0.9
  7
ROMANS
 72
     1
 11
2480.66923178494
 21
863.9143383863882
 31
0.0
100
AcDbText
  0
LINE
  5
6F1
330
1F
100
AcDbEntity
  8
TABLE__BM_
100
AcDbLine
 10
2484.58458129641
 20
863.6929356632352
 30
0.0
 11
2464.345134064763
 21
863.6929356632352
 31
0.0
  0
TEXT
  5
6F2
330
1F
100
AcDbEntity
  8
SCHEDULE_TEXT__BM_
  6
CONTINUOUS
100
AcDbText
 10
2474.234834939009
 20
863.9133450982652
 30
0.0
 40
0.2299967350828956
  1
---
 41
0.9
  7
ROMANS
 72
     1
 11
2474.619258053362
 21
863.9133450982652
 31
0.0
100
AcDbText
  0
TEXT
  5
6F3
330
1F
100
AcDbEntity
  8
SCHEDULE_TEXT__BM_
  6
CONTINUOUS
100
AcDbText
 10
2475.887351020008
 20
863.9133450982652
 30
0.0
 40
0.2299967350828956
  1
---
 41
0.9
  7
ROMANS
 72
     1
 11
2476.271774134361
 21
863.9133450982652
 31
0.0
100
AcDbText
  0
TEXT
  5
6F4
330
1F
100
AcDbEntity
  8
SCHEDULE_TEXT__BM_
  6
CONTINUOUS
100
AcDbText
 10
2482.946695307794
 20
863.9143383863882
 30
0.0
 40
0.2299967350828956
  1
---
 41
0.9
  7
ROMANS
 72
     1
 11
2483.331118422147
 21
863.9143383863882
 31
0.0
100
AcDbText
  0
LINE
  5
6F5
330
1F
100
AcDbEntity
  8
TABLE__BM_
100
AcDbLine
 10
2484.58458129641
 20
863.054046774346
 30
0.0
 11
2464.345134064763
 21
863.054046774346
 31
0.0
  0
LINE
  5
6F6
330
1F
100
AcDbEntity
  8
TABLE__BM_
100
AcDbLine
 10
2484.58458129641
 20
862.4151578854571
 30
0.0
 11
2464.345134064763
 21
862.4151578854571
 31
0.0
  0
TEXT
  5
6F7
330
1F
100
AcDbEntity
  8
SCHEDULE_TEXT__BM_
  6
CONTINUOUS
100
AcDbText
 10
2464.530895300416
 20
861.9747796259462
 30
0.0
 40
0.2299967350828956
  1
B12
 41
0.9
  7
ROMANS
100
AcDbText
  0
TEXT
  5
6F8
330
1F
100
AcDbEntity
  8
SCHEDULE_TEXT__BM_
  6
CONTINUOUS
100
AcDbText
 10
2467.808549509642
 20
861.9979315702208
 30
0.0
 40
0.2299967350828956
  1
150X600
 41
0.9
  7
ROMANS
 72
     1
 11
2468.513325219289
 21
861.9979315702208
 31
0.0
100
AcDbText
  0
TEXT
  5
6F9
330
1F
100
AcDbEntity
  8
SCHEDULE_TEXT__BM_
  6
CONTINUOUS
100
AcDbText
 10
2471.293191674109
 20
861.9966784315986
 30
0.0
 40
0.2299967350828956
  1
2-T12
 41
0.9
  7
ROMANS
 72
     1
 11
2471.795898823647
 21
861.9966784315986
 31
0.0
100
AcDbText
  0
TEXT
  5
6FA
330
1F
100
AcDbEntity
  8
SCHEDULE_TEXT__BM_
  6
CONTINUOUS
100
AcDbText
 10
2469.801012811061
 20
861.9966784315986
 30
0.0
 40
0.2299967350828956
  1
2-T16
 41
0.9
  7
ROMANS
 72
     1
 11
2470.3037199606
 21
861.9966784315986
 31
0.0
100
AcDbText
  0
TEXT
  5
6FB
330
1F
100
AcDbEntity
  8
SCHEDULE_TEXT__BM_
  6
CONTINUOUS
100
AcDbText
 10
2477.195811870165
 20
861.9948213395401
 30
0.0
 40
0.2299967350828956
  1
T 8@150C/C
 41
0.9
  7
ROMANS
 72
     1
 11
2478.211083172174
 21
861.9948213395401
 31
0.0
100
AcDbText
  0
TEXT
  5
6FC
330
1F
100
AcDbEntity
  8
SCHEDULE_TEXT__BM_
  6
CONTINUOUS
100
AcDbText
 10
2479.653960482931
 20
861.9976717197214
 30
0.0
 40
0.2299967350828956
  1
T 8@150C/C
 41
0.9
  7
ROMANS
 72
     1
 11
2480.66923178494
 21
861.9976717197214
 31
0.0
100
AcDbText
  0
LINE
  5
6FD
330
1F
100
AcDbEntity
  8
TABLE__BM_
100
AcDbLine
 10
2484.58458129641
 20
861.7762689965681
 30
0.0
 11
2464.345134064763
 21
861.7762689965681
 31
0.0
  0
TEXT
  5
6FE
330
1F
100
AcDbEntity
  8
SCHEDULE_TEXT__BM_
  6
CONTINUOUS
100
AcDbText
 10
2474.101765399425
 20
861.9966784315986
 30
0.0
 40
0.2299967350828956
  1
1-T16
 41
0.9
  7
ROMANS
 72
     1
 11
2474.619258053362
 21
861.9966784315986
 31
0.0
100
AcDbText
  0
TEXT
  5
6FF
330
1F
100
AcDbEntity
  8
SCHEDULE_TEXT__BM_
  6
CONTINUOUS
100
AcDbText
 10
2475.769066984823
 20
861.9966784315986
 30
0.0
 40
0.2299967350828956
  1
2-T16
 41
0.9
  7
ROMANS
 72
     1
 11
2476.271774134361
 21
861.9966784315986
 31
0.0
100
AcDbText
  0
TEXT
  5
700
330
1F
100
AcDbEntity
  8
SCHEDULE_TEXT__BM_
  6
CONTINUOUS
100
AcDbText
 10
2482.946695307794
 20
861.9976717197214
 30
0.0
 40
0.2299967350828956
  1
---
 41
0.9
  7
ROMANS
 72
     1
 11
2483.331118422147
 21
861.9976717197214
 31
0.0
100
AcDbText
  0
TEXT
  5
701
330
1F
100
AcDbEntity
  8
SCHEDULE_TEXT__BM_
  6
CONTINUOUS
100
AcDbText
 10
2464.508952760671
 20
861.3240409364487
 30
0.0
 40
0.2299967350828956
  1
B13
 41
0.9000000000000001
  7
ROMANS
100
AcDbText
  0
TEXT
  5
702
330
1F
100
AcDbEntity
  8
SCHEDULE_TEXT__BM_
  6
CONTINUOUS
100
AcDbText
 10
2467.808549509642
 20
861.3590426813319
 30
0.0
 40
0.2299967350828956
  1
150X600
 41
0.9
  7
ROMANS
 72
     1
 11
2468.513325219289
 21
861.3590426813319
 31
0.0
100
AcDbText
  0
TEXT
  5
703
330
1F
100
AcDbEntity
  8
SCHEDULE_TEXT__BM_
  6
CONTINUOUS
100
AcDbText
 10
2471.27840616971
 20
861.3577895427097
 30
0.0
 40
0.2299967350828956
  1
1-T12
 41
0.9
  7
ROMANS
 72
     1
 11
2471.795898823647
 21
861.3577895427097
 31
0.0
100
AcDbText
  0
TEXT
  5
704
330
1F
100
AcDbEntity
  8
SCHEDULE_TEXT__BM_
  6
CONTINUOUS
100
AcDbText
 10
2469.801012811061
 20
861.3577895427097
 30
0.0
 40
0.2299967350828956
  1
2-T16
 41
0.9
  7
ROMANS
 72
     1
 11
2470.3037199606
 21
861.3577895427097
 31
0.0
100
AcDbText
  0
TEXT
  5
705
330
1F
100
AcDbEntity
  8
SCHEDULE_TEXT__BM_
  6
CONTINUOUS
100
AcDbText
 10
2477.195811870165
 20
861.3559324506512
 30
0.0
 40
0.2299967350828956
  1
T 8@150C/C
 41
0.9
  7
ROMANS
 72
     1
 11
2478.211083172174
 21
861.3559324506512
 31
0.0
100
AcDbText
  0
TEXT
  5
706
330
1F
100
AcDbEntity
  8
SCHEDULE_TEXT__BM_
  6
CONTINUOUS
100
AcDbText
 10
2479.653960482931
 20
861.3587828308324
 30
0.0
 40
0.2299967350828956
  1
T 8@150C/C
 41
0.9
  7
ROMANS
 72
     1
 11
2480.66923178494
 21
861.3587828308324
 31
0.0
100
AcDbText
  0
LINE
  5
707
330
1F
100
AcDbEntity
  8
TABLE__BM_
100
AcDbLine
 10
2484.58458129641
 20
861.1373801076793
 30
0.0
 11
2464.345134064763
 21
861.1373801076793
 31
0.0
  0
TEXT
  5
708
330
1F
100
AcDbEntity
  8
SCHEDULE_TEXT__BM_
  6
CONTINUOUS
100
AcDbText
 10
2474.234834939009
 20
861.3577895427097
 30
0.0
 40
0.2299967350828956
  1
---
 41
0.9
  7
ROMANS
 72
     1
 11
2474.619258053362
 21
861.3577895427097
 31
0.0
100
AcDbText
  0
TEXT
  5
709
330
1F
100
AcDbEntity
  8
SCHEDULE_TEXT__BM_
  6
CONTINUOUS
100
AcDbText
 10
2475.754281480425
 20
861.3577895427097
 30
0.0
 40
0.2299967350828956
  1
1-T16
 41
0.9
  7
ROMANS
 72
     1
 11
2476.271774134361
 21
861.3577895427097
 31
0.0
100
AcDbText
  0
TEXT
  5
70A
330
1F
100
AcDbEntity
  8
SCHEDULE_TEXT__BM_
  6
CONTINUOUS
100
AcDbText
 10
2482.946695307794
 20
861.3587828308324
 30
0.0
 40
0.2299967350828956
  1
---
 41
0.9
  7
ROMANS
 72
     1
 11
2483.331118422147
 21
861.3587828308324
 31
0.0
100
AcDbText
  0
TEXT
  5
70B
330
1F
100
AcDbEntity
  8
SCHEDULE_TEXT__BM_
  6
CONTINUOUS
100
AcDbText
 10
2464.530895300416
 20
860.6970018481682
 30
0.0
 40
0.2299967350828956
  1
B14
 41
0.9
  7
ROMANS
100
AcDbText
  0
TEXT
  5
70C
330
1F
100
AcDbEntity
  8
SCHEDULE_TEXT__BM_
  6
CONTINUOUS
100
AcDbText
 10
2467.808549509642
 20
860.7201537924428
 30
0.0
 40
0.2299967350828956
  1
150X600
 41
0.9
  7
ROMANS
 72
     1
 11
2468.513325219289
 21
860.7201537924428
 31
0.0
100
AcDbText
  0
TEXT
  5
70D
330
1F
100
AcDbEntity
  8
SCHEDULE_TEXT__BM_
  6
CONTINUOUS
100
AcDbText
 10
2471.411475709294
 20
860.7189006538206
 30
0.0
 40
0.2299967350828956
  1
---
 41
0.9
  7
ROMANS
 72
     1
 11
2471.795898823647
 21
860.7189006538206
 31
0.0
100
AcDbText
  0
TEXT
  5
70E
330
1F
100
AcDbEntity
  8
SCHEDULE_TEXT__BM_
  6
CONTINUOUS
100
AcDbText
 10
2469.801012811061
 20
860.7189006538206
 30
0.0
 40
0.2299967350828956
  1
2-T16
 41
0.9
  7
ROMANS
 72
     1
 11
2470.3037199606
 21
860.7189006538206
 31
0.0
100
AcDbText
  0
TEXT
  5
70F
330
1F
100
AcDbEntity
  8
SCHEDULE_TEXT__BM_
  6
CONTINUOUS
100
AcDbText
 10
2477.195811870165
 20
860.7170435617621
 30
0.0
 40
0.2299967350828956
  1
T 8@150C/C
 41
0.9
  7
ROMANS
 72
     1
 11
2478.211083172174
 21
860.7170435617621
 31
0.0
100
AcDbText
  0
TEXT
  5
710
330
1F
100
AcDbEntity
  8
SCHEDULE_TEXT__BM_
  6
CONTINUOUS
100
AcDbText
 10
2479.653960482931
 20
860.7198939419437
 30
0.0
 40
0.2299967350828956
  1
T 8@150C/C
 41
0.9
  7
ROMANS
 72
     1
 11
2480.66923178494
 21
860.7198939419437
 31
0.0
100
AcDbText
  0
LINE
  5
711
330
1F
100
AcDbEntity
  8
TABLE__BM_
100
AcDbLine
 10
2484.58458129641
 20
860.4984912187906
 30
0.0
 11
2464.345134064763
 21
860.4984912187906
 31
0.0
  0
TEXT
  5
712
330
1F
100
AcDbEntity
  8
SCHEDULE_TEXT__BM_
  6
CONTINUOUS
100
AcDbText
 10
2474.234834939009
 20
860.7189006538206
 30
0.0
 40
0.2299967350828956
  1
---
 41
0.9
  7
ROMANS
 72
     1
 11
2474.619258053362
 21
860.7189006538206
 31
0.0
100
AcDbText
  0
TEXT
  5
713
330
1F
100
AcDbEntity
  8
SCHEDULE_TEXT__BM_
  6
CONTINUOUS
100
AcDbText
 10
2475.887351020008
 20
860.7189006538206
 30
0.0
 40
0.2299967350828956
  1
---
 41
0.9
  7
ROMANS
 72
     1
 11
2476.271774134361
 21
860.7189006538206
 31
0.0
100
AcDbText
  0
TEXT
  5
714
330
1F
100
AcDbEntity
  8
SCHEDULE_TEXT__BM_
  6
CONTINUOUS
100
AcDbText
 10
2482.946695307794
 20
860.7198939419437
 30
0.0
 40
0.2299967350828956
  1
---
 41
0.9
  7
ROMANS
 72
     1
 11
2483.331118422147
 21
860.7198939419437
 31
0.0
100
AcDbText
  0
TEXT
  5
715
330
1F
100
AcDbEntity
  8
SCHEDULE_TEXT__BM_
  6
CONTINUOUS
100
AcDbText
 10
2464.514753247364
 20
860.0221339938213
 30
0.0
 40
0.2299967350828956
  1
B15,16,32,33
 41
0.9
  7
ROMANS
100
AcDbText
  0
TEXT
  5
716
330
1F
100
AcDbEntity
  8
SCHEDULE_TEXT__BM_
  6
CONTINUOUS
100
AcDbText
 10
2467.808549509642
 20
860.0812649035538
 30
0.0
 40
0.2299967350828956
  1
150X600
 41
0.9
  7
ROMANS
 72
     1
 11
2468.513325219289
 21
860.0812649035538
 31
0.0
100
AcDbText
  0
TEXT
  5
717
330
1F
100
AcDbEntity
  8
SCHEDULE_TEXT__BM_
  6
CONTINUOUS
100
AcDbText
 10
2469.801012811061
 20
860.0800117649319
 30
0.0
 40
0.2299967350828956
  1
2-T12
 41
0.9
  7
ROMANS
 72
     1
 11
2470.3037199606
 21
860.0800117649319
 31
0.0
100
AcDbText
  0
TEXT
  5
718
330
1F
100
AcDbEntity
  8
SCHEDULE_TEXT__BM_
  6
CONTINUOUS
100
AcDbText
 10
2477.195811870165
 20
860.0781546728733
 30
0.0
 40
0.2299967350828956
  1
T 8@175C/C
 41
0.9
  7
ROMANS
 72
     1
 11
2478.211083172174
 21
860.0781546728733
 31
0.0
100
AcDbText
  0
TEXT
  5
719
330
1F
100
AcDbEntity
  8
SCHEDULE_TEXT__BM_
  6
CONTINUOUS
100
AcDbText
 10
2479.653960482931
 20
860.0810050530549
 30
0.0
 40
0.2299967350828956
  1
T 8@175C/C
 41
0.9
  7
ROMANS
 72
     1
 11
2480.66923178494
 21
860.0810050530549
 31
0.0
100
AcDbText
  0
LINE
  5
71A
330
1F
100
AcDbEntity
  8
TABLE__BM_
100
AcDbLine
 10
2484.58458129641
 20
859.8596023299016
 30
0.0
 11
2464.345134064763
 21
859.8596023299016
 31
0.0
  0
TEXT
  5
71B
330
1F
100
AcDbEntity
  8
SCHEDULE_TEXT__BM_
  6
CONTINUOUS
100
AcDbText
 10
2472.76860203264
 20
860.0800117649319
 30
0.0
 40
0.2299967350828956
  1
2-T10
 41
0.9
  7
ROMANS
 72
     1
 11
2473.271309182178
 21
860.0800117649319
 31
0.0
100
AcDbText
  0
TEXT
  5
71C
330
1F
100
AcDbEntity
  8
SCHEDULE_TEXT__BM_
  6
CONTINUOUS
100
AcDbText
 10
2475.754281480425
 20
860.0800117649319
 30
0.0
 40
0.2299967350828956
  1
1-T12
 41
0.9
  7
ROMANS
 72
     1
 11
2476.271774134361
 21
860.0800117649319
 31
0.0
100
AcDbText
  0
TEXT
  5
71D
330
1F
100
AcDbEntity
  8
SCHEDULE_TEXT__BM_
  6
CONTINUOUS
100
AcDbText
 10
2482.946695307794
 20
860.0810050530549
 30
0.0
 40
0.2299967350828956
  1
---
 41
0.9
  7
ROMANS
 72
     1
 11
2483.331118422147
 21
860.0810050530549
 31
0.0
100
AcDbText
  0
TEXT
  5
71E
330
1F
100
AcDbEntity
  8
SCHEDULE_TEXT__BM_
  6
CONTINUOUS
100
AcDbText
 10
2464.530895300416
 20
859.4192240703907
 30
0.0
 40
0.2299967350828956
  1
B17
 41
0.9
  7
ROMANS
100
AcDbText
  0
TEXT
  5
71F
330
1F
100
AcDbEntity
  8
SCHEDULE_TEXT__BM_
  6
CONTINUOUS
100
AcDbText
 10
2467.82333501404
 20
859.4423760146651
 30
0.0
 40
0.2299967350828956
  1
230X600
 41
0.9
  7
ROMANS
 72
     1
 11
2468.513325219289
 21
859.4423760146651
 31
0.0
100
AcDbText
  0
TEXT
  5
720
330
1F
100
AcDbEntity
  8
SCHEDULE_TEXT__BM_
  6
CONTINUOUS
100
AcDbText
 10
2471.27840616971
 20
859.4411228760432
 30
0.0
 40
0.2299967350828956
  1
1-T16
 41
0.9
  7
ROMANS
 72
     1
 11
2471.795898823647
 21
859.4411228760432
 31
0.0
100
AcDbText
  0
TEXT
  5
721
330
1F
100
AcDbEntity
  8
SCHEDULE_TEXT__BM_
  6
CONTINUOUS
100
AcDbText
 10
2469.801012811061
 20
859.4411228760432
 30
0.0
 40
0.2299967350828956
  1
3-T16
 41
0.9
  7
ROMANS
 72
     1
 11
2470.3037199606
 21
859.4411228760432
 31
0.0
100
AcDbText
  0
TEXT
  5
722
330
1F
100
AcDbEntity
  8
SCHEDULE_TEXT__BM_
  6
CONTINUOUS
100
AcDbText
 10
2477.195811870165
 20
859.4392657839846
 30
0.0
 40
0.2299967350828956
  1
T 8@100C/C
 41
0.9
  7
ROMANS
 72
     1
 11
2478.211083172174
 21
859.4392657839846
 31
0.0
100
AcDbText
  0
TEXT
  5
723
330
1F
100
AcDbEntity
  8
SCHEDULE_TEXT__BM_
  6
CONTINUOUS
100
AcDbText
 10
2479.653960482931
 20
859.442116164166
 30
0.0
 40
0.2299967350828956
  1
T 8@100C/C
 41
0.9
  7
ROMANS
 72
     1
 11
2480.66923178494
 21
859.442116164166
 31
0.0
100
AcDbText
  0
LINE
  5
724
330
1F
100
AcDbEntity
  8
TABLE__BM_
100
AcDbLine
 10
2484.58458129641
 20
859.2207134410125
 30
0.0
 11
2464.345134064763
 21
859.2207134410125
 31
0.0
  0
TEXT
  5
725
330
1F
100
AcDbEntity
  8
SCHEDULE_TEXT__BM_
  6
CONTINUOUS
100
AcDbText
 10
2474.116550903823
 20
859.4411228760432
 30
0.0
 40
0.2299967350828956
  1
2-T16
 41
0.9
  7
ROMANS
 72
     1
 11
2474.619258053362
 21
859.4411228760432
 31
0.0
100
AcDbText
  0
TEXT
  5
726
330
1F
100
AcDbEntity
  8
SCHEDULE_TEXT__BM_
  6
CONTINUOUS
100
AcDbText
 10
2472.76860203264
 20
859.4411228760432
 30
0.0
 40
0.2299967350828956
  1
2-T16
 41
0.9
  7
ROMANS
 72
     1
 11
2473.271309182178
 21
859.4411228760432
 31
0.0
100
AcDbText
  0
TEXT
  5
727
330
1F
100
AcDbEntity
  8
SCHEDULE_TEXT__BM_
  6
CONTINUOUS
100
AcDbText
 10
2475.769066984823
 20
859.4411228760432
 30
0.0
 40
0.2299967350828956
  1
2-T16
 41
0.9
  7
ROMANS
 72
     1
 11
2476.271774134361
 21
859.4411228760432
 31
0.0
100
AcDbText
  0
TEXT
  5
728
330
1F
100
AcDbEntity
  8
SCHEDULE_TEXT__BM_
  6
CONTINUOUS
100
AcDbText
 10
2482.946695307794
 20
859.442116164166
 30
0.0
 40
0.2299967350828956
  1
---
 41
0.9
  7
ROMANS
 72
     1
 11
2483.331118422147
 21
859.442116164166
 31
0.0
100
AcDbText
  0
LINE
  5
729
330
1F
100
AcDbEntity
  8
TABLE__BM_
100
AcDbLine
 10
2484.58458129641
 20
858.5840466760678
 30
0.0
 11
2464.345134064763
 21
858.5840466760678
 31
0.0
  0
LINE
  5
72A
330
1F
100
AcDbEntity
  8
TABLE__BM_
100
AcDbLine
 10
2484.58458129641
 20
857.9473799111231
 30
0.0
 11
2464.345134064763
 21
857.9473799111231
 31
0.0
  0
TEXT
  5
72B
330
1F
100
AcDbEntity
  8
SCHEDULE_TEXT__BM_
  6
CONTINUOUS
100
AcDbText
 10
2464.530895300416
 20
858.1458905405011
 30
0.0
 40
0.2299967350828956
  1
B20,25
 41
0.9000000000000001
  7
ROMANS
100
AcDbText
  0
TEXT
  5
72C
330
1F
100
AcDbEntity
  8
SCHEDULE_TEXT__BM_
  6
CONTINUOUS
100
AcDbText
 10
2467.82333501404
 20
858.1690424847756
 30
0.0
 40
0.2299967350828956
  1
230X600
 41
0.9000000000000001
  7
ROMANS
 72
     1
 11
2468.513325219289
 21
858.1690424847756
 31
0.0
100
AcDbText
  0
TEXT
  5
72D
330
1F
100
AcDbEntity
  8
SCHEDULE_TEXT__BM_
  6
CONTINUOUS
100
AcDbText
 10
2469.801012811061
 20
858.1677893461537
 30
0.0
 40
0.2299967350828956
  1
2-T16
 41
0.9000000000000001
  7
ROMANS
 72
     1
 11
2470.3037199606
 21
858.1677893461537
 31
0.0
100
AcDbText
  0
TEXT
  5
72E
330
1F
100
AcDbEntity
  8
SCHEDULE_TEXT__BM_
  6
CONTINUOUS
100
AcDbText
 10
2477.195811870165
 20
858.1659322540951
 30
0.0
 40
0.2299967350828956
  1
T 8@150C/C
 41
0.9000000000000001
  7
ROMANS
 72
     1
 11
2478.211083172174
 21
858.1659322540951
 31
0.0
100
AcDbText
  0
TEXT
  5
72F
330
1F
100
AcDbEntity
  8
SCHEDULE_TEXT__BM_
  6
CONTINUOUS
100
AcDbText
 10
2479.653960482931
 20
858.1687826342763
 30
0.0
 40
0.2299967350828956
  1
T 8@150C/C
 41
0.9000000000000001
  7
ROMANS
 72
     1
 11
2480.66923178494
 21
858.1687826342763
 31
0.0
100
AcDbText
  0
TEXT
  5
730
330
1F
100
AcDbEntity
  8
SCHEDULE_TEXT__BM_
  6
CONTINUOUS
100
AcDbText
 10
2475.887351020008
 20
858.1677893461537
 30
0.0
 40
0.2299967350828956
  1
---
 41
0.9000000000000001
  7
ROMANS
 72
     1
 11
2476.271774134361
 21
858.1677893461537
 31
0.0
100
AcDbText
  0
TEXT
  5
731
330
1F
100
AcDbEntity
  8
SCHEDULE_TEXT__BM_
  6
CONTINUOUS
100
AcDbText
 10
2482.946695307794
 20
858.1687826342763
 30
0.0
 40
0.2299967350828956
  1
---
 41
0.9000000000000001
  7
ROMANS
 72
     1
 11
2483.331118422147
 21
858.1687826342763
 31
0.0
100
AcDbText
  0
TEXT
  5
732
330
1F
100
AcDbEntity
  8
SCHEDULE_TEXT__BM_
  6
CONTINUOUS
100
AcDbText
 10
2477.195811870165
 20
867.1059324506514
 30
0.0
 40
0.2299967350828956
  1
T 8@175C/C
 41
0.9000000000000001
  7
ROMANS
 72
     1
 11
2478.211083172174
 21
867.1059324506514
 31
0.0
100
AcDbText
  0
TEXT
  5
733
330
1F
100
AcDbEntity
  8
SCHEDULE_TEXT__BM_
  6
CONTINUOUS
100
AcDbText
 10
2479.653960482931
 20
867.1087828308328
 30
0.0
 40
0.2299967350828956
  1
T 8@175C/C
 41
0.9000000000000001
  7
ROMANS
 72
     1
 11
2480.66923178494
 21
867.1087828308328
 31
0.0
100
AcDbText
  0
TEXT
  5
734
330
1F
100
AcDbEntity
  8
SCHEDULE_TEXT__BM_
  6
CONTINUOUS
100
AcDbText
 10
2474.234834939009
 20
867.10778954271
 30
0.0
 40
0.2299967350828956
  1
---
 41
0.9000000000000001
  7
ROMANS
 72
     1
 11
2474.619258053362
 21
867.10778954271
 31
0.0
100
AcDbText
  0
TEXT
  5
735
330
1F
100
AcDbEntity
  8
SCHEDULE_TEXT__BM_
  6
CONTINUOUS
100
AcDbText
 10
2475.887351020008
 20
867.10778954271
 30
0.0
 40
0.2299967350828956
  1
---
 41
0.9000000000000001
  7
ROMANS
 72
     1
 11
2476.271774134361
 21
867.10778954271
 31
0.0
100
AcDbText
  0
TEXT
  5
736
330
1F
100
AcDbEntity
  8
SCHEDULE_TEXT__BM_
  6
CONTINUOUS
100
AcDbText
 10
2469.801012811061
 20
858.8066782350423
 30
0.0
 40
0.2299967350828956
  1
3-T12
 41
0.9000000000000001
  7
ROMANS
 72
     1
 11
2470.3037199606
 21
858.8066782350423
 31
0.0
100
AcDbText
  0
TEXT
  5
737
330
1F
100
AcDbEntity
  8
SCHEDULE_TEXT__BM_
  6
CONTINUOUS
100
AcDbText
 10
2477.195811870165
 20
858.8048211429839
 30
0.0
 40
0.2299967350828956
  1
T 8@150C/C
 41
0.9000000000000001
  7
ROMANS
 72
     1
 11
2478.211083172174
 21
858.8048211429839
 31
0.0
100
AcDbText
  0
TEXT
  5
738
330
1F
100
AcDbEntity
  8
SCHEDULE_TEXT__BM_
  6
CONTINUOUS
100
AcDbText
 10
2479.653960482931
 20
858.8076715231655
 30
0.0
 40
0.2299967350828956
  1
T 8@175C/C
 41
0.9000000000000001
  7
ROMANS
 72
     1
 11
2480.66923178494
 21
858.8076715231655
 31
0.0
100
AcDbText
  0
TEXT
  5
739
330
1F
100
AcDbEntity
  8
SCHEDULE_TEXT__BM_
  6
CONTINUOUS
100
AcDbText
 10
2472.76860203264
 20
858.8066782350423
 30
0.0
 40
0.2299967350828956
  1
2-T12
 41
0.9000000000000001
  7
ROMANS
 72
     1
 11
2473.271309182178
 21
858.8066782350423
 31
0.0
100
AcDbText
  0
TEXT
  5
73A
330
1F
100
AcDbEntity
  8
SCHEDULE_TEXT__BM_
  6
CONTINUOUS
100
AcDbText
 10
2475.769066984823
 20
858.8066782350423
 30
0.0
 40
0.2299967350828956
  1
2-T12
 41
0.9000000000000001
  7
ROMANS
 72
     1
 11
2476.271774134361
 21
858.8066782350423
 31
0.0
100
AcDbText
  0
TEXT
  5
73B
330
1F
100
AcDbEntity
  8
SCHEDULE_TEXT__BM_
  6
CONTINUOUS
100
AcDbText
 10
2482.946695307794
 20
858.8076715231655
 30
0.0
 40
0.2299967350828956
  1
---
 41
0.9000000000000001
  7
ROMANS
 72
     1
 11
2483.331118422147
 21
858.8076715231655
 31
0.0
100
AcDbText
  0
TEXT
  5
73C
330
1F
100
AcDbEntity
  8
SCHEDULE_TEXT__BM_
  6
CONTINUOUS
100
AcDbText
 10
2467.82333501404
 20
858.80570924972
 30
0.0
 40
0.2299967350828956
  1
230X450
 41
0.9000000000000001
  7
ROMANS
 72
     1
 11
2468.513325219289
 21
858.80570924972
 31
0.0
100
AcDbText
  0
TEXT
  5
73D
330
1F
100
AcDbEntity
  8
SCHEDULE_TEXT__BM_
  6
CONTINUOUS
100
AcDbText
 10
2464.530895300416
 20
863.2525574037239
 30
0.0
 40
0.2299967350828956
  1
B8
 41
0.9000000000000001
  7
ROMANS
100
AcDbText
  0
TEXT
  5
73E
330
1F
100
AcDbEntity
  8
SCHEDULE_TEXT__BM_
  6
CONTINUOUS
100
AcDbText
 10
2467.808549509642
 20
863.2757093479986
 30
0.0
 40
0.2299967350828956
  1
150X450
 41
0.9000000000000001
  7
ROMANS
 72
     1
 11
2468.513325219289
 21
863.2757093479986
 31
0.0
100
AcDbText
  0
TEXT
  5
73F
330
1F
100
AcDbEntity
  8
SCHEDULE_TEXT__BM_
  6
CONTINUOUS
100
AcDbText
 10
2471.411475709294
 20
863.2744562093765
 30
0.0
 40
0.2299967350828956
  1
---
 41
0.9000000000000001
  7
ROMANS
 72
     1
 11
2471.795898823647
 21
863.2744562093765
 31
0.0
100
AcDbText
  0
TEXT
  5
740
330
1F
100
AcDbEntity
  8
SCHEDULE_TEXT__BM_
  6
CONTINUOUS
100
AcDbText
 10
2469.801012811061
 20
863.2744562093765
 30
0.0
 40
0.2299967350828956
  1
3-T12
 41
0.9000000000000001
  7
ROMANS
 72
     1
 11
2470.3037199606
 21
863.2744562093765
 31
0.0
100
AcDbText
  0
TEXT
  5
741
330
1F
100
AcDbEntity
  8
SCHEDULE_TEXT__BM_
  6
CONTINUOUS
100
AcDbText
 10
2477.195811870165
 20
863.2725991173179
 30
0.0
 40
0.2299967350828956
  1
T 8@175C/C
 41
0.9000000000000001
  7
ROMANS
 72
     1
 11
2478.211083172174
 21
863.2725991173179
 31
0.0
100
AcDbText
  0
TEXT
  5
742
330
1F
100
AcDbEntity
  8
SCHEDULE_TEXT__BM_
  6
CONTINUOUS
100
AcDbText
 10
2479.653960482931
 20
863.2754494974995
 30
0.0
 40
0.2299967350828956
  1
T 8@175C/C
 41
0.9000000000000001
  7
ROMANS
 72
     1
 11
2480.66923178494
 21
863.2754494974995
 31
0.0
100
AcDbText
  0
TEXT
  5
743
330
1F
100
AcDbEntity
  8
SCHEDULE_TEXT__BM_
  6
CONTINUOUS
100
AcDbText
 10
2474.234834939009
 20
863.2744562093765
 30
0.0
 40
0.2299967350828956
  1
---
 41
0.9000000000000001
  7
ROMANS
 72
     1
 11
2474.619258053362
 21
863.2744562093765
 31
0.0
100
AcDbText
  0
TEXT
  5
744
330
1F
100
AcDbEntity
  8
SCHEDULE_TEXT__BM_
  6
CONTINUOUS
100
AcDbText
 10
2475.887351020008
 20
863.2744562093765
 30
0.0
 40
0.2299967350828956
  1
---
 41
0.9000000000000001
  7
ROMANS
 72
     1
 11
2476.271774134361
 21
863.2744562093765
 31
0.0
100
AcDbText
  0
TEXT
  5
745
330
1F
100
AcDbEntity
  8
SCHEDULE_TEXT__BM_
  6
CONTINUOUS
100
AcDbText
 10
2482.946695307794
 20
863.2754494974995
 30
0.0
 40
0.2299967350828956
  1
---
 41
0.9000000000000001
  7
ROMANS
 72
     1
 11
2483.331118422147
 21
863.2754494974995
 31
0.0
100
AcDbText
  0
TEXT
  5
746
330
1F
100
AcDbEntity
  8
SCHEDULE_TEXT__BM_
  6
CONTINUOUS
100
AcDbText
 10
2472.76860203264
 20
866.4539564443121
 30
0.0
 40
0.2299967350828956
  1
2-T12
 41
0.9000000000000001
  7
ROMANS
 72
     1
 11
2473.271309182178
 21
866.4539564443121
 31
0.0
100
AcDbText
  0
TEXT
  5
747
330
1F
100
AcDbEntity
  8
SCHEDULE_TEXT__BM_
  6
CONTINUOUS
100
AcDbText
 10
2464.530895300416
 20
862.6136685148351
 30
0.0
 40
0.2299967350828956
  1
B10,11
 41
0.9000000000000001
  7
ROMANS
100
AcDbText
  0
TEXT
  5
748
330
1F
100
AcDbEntity
  8
SCHEDULE_TEXT__BM_
  6
CONTINUOUS
100
AcDbText
 10
2467.82333501404
 20
862.6368204591099
 30
0.0
 40
0.2299967350828956
  1
230X450
 41
0.9000000000000001
  7
ROMANS
 72
     1
 11
2468.513325219289
 21
862.6368204591099
 31
0.0
100
AcDbText
  0
TEXT
  5
749
330
1F
100
AcDbEntity
  8
SCHEDULE_TEXT__BM_
  6
CONTINUOUS
100
AcDbText
 10
2471.27840616971
 20
862.6355673204877
 30
0.0
 40
0.2299967350828956
  1
1-T12
 41
0.9000000000000001
  7
ROMANS
 72
     1
 11
2471.795898823647
 21
862.6355673204877
 31
0.0
100
AcDbText
  0
TEXT
  5
74A
330
1F
100
AcDbEntity
  8
SCHEDULE_TEXT__BM_
  6
CONTINUOUS
100
AcDbText
 10
2469.801012811061
 20
862.6355673204877
 30
0.0
 40
0.2299967350828956
  1
3-T12
 41
0.9000000000000001
  7
ROMANS
 72
     1
 11
2470.3037199606
 21
862.6355673204877
 31
0.0
100
AcDbText
  0
TEXT
  5
74B
330
1F
100
AcDbEntity
  8
SCHEDULE_TEXT__BM_
  6
CONTINUOUS
100
AcDbText
 10
2477.195811870165
 20
862.6337102284291
 30
0.0
 40
0.2299967350828956
  1
T 8@150C/C
 41
0.9000000000000001
  7
ROMANS
 72
     1
 11
2478.211083172174
 21
862.6337102284291
 31
0.0
100
AcDbText
  0
TEXT
  5
74C
330
1F
100
AcDbEntity
  8
SCHEDULE_TEXT__BM_
  6
CONTINUOUS
100
AcDbText
 10
2479.653960482931
 20
862.6365606086105
 30
0.0
 40
0.2299967350828956
  1
T 8@175C/C
 41
0.9000000000000001
  7
ROMANS
 72
     1
 11
2480.66923178494
 21
862.6365606086105
 31
0.0
100
AcDbText
  0
TEXT
  5
74D
330
1F
100
AcDbEntity
  8
SCHEDULE_TEXT__BM_
  6
CONTINUOUS
100
AcDbText
 10
2474.234834939009
 20
862.6355673204877
 30
0.0
 40
0.2299967350828956
  1
---
 41
0.9000000000000001
  7
ROMANS
 72
     1
 11
2474.619258053362
 21
862.6355673204877
 31
0.0
100
AcDbText
  0
TEXT
  5
74E
330
1F
100
AcDbEntity
  8
SCHEDULE_TEXT__BM_
  6
CONTINUOUS
100
AcDbText
 10
2475.887351020008
 20
862.6355673204877
 30
0.0
 40
0.2299967350828956
  1
---
 41
0.9000000000000001
  7
ROMANS
 72
     1
 11
2476.271774134361
 21
862.6355673204877
 31
0.0
100
AcDbText
  0
TEXT
  5
74F
330
1F
100
AcDbEntity
  8
SCHEDULE_TEXT__BM_
  6
CONTINUOUS
100
AcDbText
 10
2482.946695307794
 20
862.6365606086105
 30
0.0
 40
0.2299967350828956
  1
---
 41
0.9000000000000001
  7
ROMANS
 72
     1
 11
2483.331118422147
 21
862.6365606086105
 31
0.0
100
AcDbText
  0
TEXT
  5
750
330
1F
100
AcDbEntity
  8
SCHEDULE_TEXT__BM_
  6
CONTINUOUS
100
AcDbText
 10
2444.138818897168
 20
853.2933053018412
 30
0.0
 40
0.2299967350828956
  1
125
 41
0.9
  7
ROMANS
 72
     1
 11
2444.44931448953
 21
853.2166397234803
 31
0.0
100
AcDbText
 73
     1
  0
TEXT
  5
751
330
1F
100
AcDbEntity
  8
SUB_TITLE__BM_
100
AcDbText
 10
2442.600775649145
 20
853.9153238121269
 30
0.0
 40
0.3539308510663411
  1
MKD.
 41
0.8
  7
ROMANS
100
AcDbText
  0
LINE
  5
752
330
1F
100
AcDbEntity
  8
TABLE__BM_
100
AcDbLine
 10
2442.264381488256
 20
853.7302324895477
 30
0.0
 11
2461.14580821091
 21
853.7302324895477
 31
0.0
  0
LINE
  5
753
330
1F
100
AcDbEntity
  8
TABLE__BM_
100
AcDbLine
 10
2442.264381488256
 20
853.0913436006588
 30
0.0
 11
2461.14580821091
 21
853.0913436006588
 31
0.0
  0
LINE
  5
754
330
1F
100
AcDbEntity
  8
TABLE__BM_
100
AcDbLine
 10
2442.264381488256
 20
852.4524547117699
 30
0.0
 11
2461.14580821091
 21
852.4524547117699
 31
0.0
  0
TEXT
  5
755
330
1F
100
AcDbEntity
  8
TITLE__BM_
  6
CONTINUOUS
100
AcDbText
 10
2442.423416202909
 20
855.4685451908088
 30
0.0
 40
0.4554000000033827
  1
%%uSCHEDULE OF SLABS
 41
0.8
  7
ROMANS
100
AcDbText
  0
TEXT
  5
756
330
1F
100
AcDbEntity
  8
SUB_TITLE__BM_
100
AcDbText
 10
2442.600775649145
 20
854.537943920586
 30
0.0
 40
0.3539308510663411
  1
SLAB
 41
0.8
  7
ROMANS
100
AcDbText
  0
TEXT
  5
757
330
1F
100
AcDbEntity
  8
SUB_TITLE__BM_
100
AcDbText
 10
2458.337523857336
 20
854.4784445851892
 30
0.0
 40
0.3539308510663411
  1
REMARKS
 41
0.8
  7
ROMANS
100
AcDbText
  0
LWPOLYLINE
  5
758
330
1F
100
AcDbEntity
  8
BORDER__BM_
100
AcDbPolyline
 90
        4
 70
     1
 43
0.0
 10
2461.145808210911
 20
849.2580102673253
 10
2442.264381488256
 20
849.2580102673253
 10
2442.264381488256
 20
856.069660150715
 10
2461.14580821091
 20
856.069660150715
  0
TEXT
  5
759
330
1F
100
AcDbEntity
  8
SCHEDULE_TEXT__BM_
  6
CONTINUOUS
100
AcDbText
 10
2442.688872994446
 20
853.2931144582246
 30
0.0
 40
0.2299967350828956
  1
S1
 41
0.9
  7
ROMANS
 72
     1
 11
2442.856442044292
 21
853.2164488798637
 31
0.0
100
AcDbText
 73
     1
  0
LINE
  5
75A
330
1F
100
AcDbEntity
  8
TABLE__BM_
100
AcDbLine
 10
2443.873884831838
 20
849.2580102673253
 30
0.0
 11
2443.873884831838
 21
855.2189945905072
 31
0.0
  0
LINE
  5
75B
330
1F
100
AcDbEntity
  8
TABLE__BM_
100
AcDbLine
 10
2443.873884831839
 20
856.0605471800197
 30
0.0
 11
2443.873884831839
 21
856.069660150715
 31
0.0
  0
LINE
  5
75C
330
1F
100
AcDbEntity
  8
TABLE__BM_
100
AcDbLine
 10
2445.16306904244
 20
849.2580102673253
 30
0.0
 11
2445.16306904244
 21
855.2189945905072
 31
0.0
  0
TEXT
  5
75D
330
1F
100
AcDbEntity
  8
SUB_TITLE__BM_
100
AcDbText
 10
2444.089662480224
 20
854.537943920586
 30
0.0
 40
0.3539308510663411
  1
THK.
 41
0.8
  7
ROMANS
100
AcDbText
  0
LINE
  5
75E
330
1F
100
AcDbEntity
  8
TABLE__BM_
100
AcDbLine
 10
2445.16306904244
 20
849.2580102673253
 30
0.0
 11
2445.16306904244
 21
855.2189945905072
 31
0.0
  0
LINE
  5
75F
330
1F
100
AcDbEntity
  8
TABLE__BM_
100
AcDbLine
 10
2445.16306904244
 20
849.2580102673253
 30
0.0
 11
2445.16306904244
 21
855.2189945905072
 31
0.0
  0
LINE
  5
760
330
1F
100
AcDbEntity
  8
TABLE__BM_
100
AcDbLine
 10
2445.16306904244
 20
849.2580102673253
 30
0.0
 11
2445.16306904244
 21
855.2189945905072
 31
0.0
  0
LINE
  5
761
330
1F
100
AcDbEntity
  8
TABLE__BM_
100
AcDbLine
 10
2445.163069042439
 20
849.2580102673253
 30
0.0
 11
2445.163069042439
 21
855.2189945905072
 31
0.0
  0
LINE
  5
762
330
1F
100
AcDbEntity
  8
TABLE__BM_
100
AcDbLine
 10
2445.16306904244
 20
856.0605471800197
 30
0.0
 11
2445.16306904244
 21
856.069660150715
 31
0.0
  0
TEXT
  5
763
330
1F
100
AcDbEntity
  8
SUB_TITLE__BM_
100
AcDbText
 10
2445.395626106822
 20
854.1292784264429
 30
0.0
 40
0.299610740948601
  1
SHORT BARS
 41
0.8
  7
ROMANS
100
AcDbText
  0
LINE
  5
764
330
1F
100
AcDbEntity
  8
TABLE__BM_
100
AcDbLine
 10
2445.16306904244
 20
854.5753891097752
 30
0.0
 11
2457.276682914257
 21
854.5753891097752
 31
0.0
  0
TEXT
  5
765
330
1F
100
AcDbEntity
  8
SUB_TITLE__BM_
100
AcDbText
 10
2448.455654859566
 20
854.728561924353
 30
0.0
 40
0.2996107408646249
  1
R E I N F O R C E M E N T
 41
0.75
  7
ROMANS
100
AcDbText
  0
TEXT
  5
766
330
1F
100
AcDbEntity
  8
SUB_TITLE__BM_
100
AcDbText
 10
2451.444184832275
 20
854.1460373045634
 30
0.0
 40
0.2996107408646249
  1
LONG BARS
 41
0.8
  7
ROMANS
100
AcDbText
  0
LINE
  5
767
330
1F
100
AcDbEntity
  8
TABLE__BM_
100
AcDbLine
 10
2451.12138739369
 20
849.2580102673253
 30
0.0
 11
2451.12138739369
 21
854.5753891097754
 31
0.0
  0
LINE
  5
768
330
1F
100
AcDbEntity
  8
TABLE__BM_
100
AcDbLine
 10
2457.258853402405
 20
849.2580102673253
 30
0.0
 11
2457.258853402405
 21
855.2189945905072
 31
0.0
  0
LINE
  5
769
330
1F
100
AcDbEntity
  8
TABLE__BM_
100
AcDbLine
 10
2457.258853402405
 20
849.2580102673253
 30
0.0
 11
2457.258853402405
 21
855.2189945905072
 31
0.0
  0
LINE
  5
76A
330
1F
100
AcDbEntity
  8
TABLE__BM_
100
AcDbLine
 10
2457.258853402405
 20
849.2580102673253
 30
0.0
 11
2457.258853402405
 21
855.2189945905072
 31
0.0
  0
LINE
  5
76B
330
1F
100
AcDbEntity
  8
TABLE__BM_
100
AcDbLine
 10
2457.258853402405
 20
849.2580102673253
 30
0.0
 11
2457.258853402405
 21
855.2189945905072
 31
0.0
  0
LINE
  5
76C
330
1F
100
AcDbEntity
  8
TABLE__BM_
100
AcDbLine
 10
2457.258853402404
 20
849.2580102673253
 30
0.0
 11
2457.258853402404
 21
855.2189945905072
 31
0.0
  0
TEXT
  5
76D
330
1F
100
AcDbEntity
  8
SCHEDULE_TEXT__BM_
  6
CONTINUOUS
100
AcDbText
 10
2445.303946795271
 20
853.2931144582294
 30
0.0
 40
0.2299967350828956
  1
T 8@150C/C
 41
0.9
  7
ROMANS
 72
     1
 11
2446.31921809728
 21
853.2164488798685
 31
0.0
100
AcDbText
 73
     1
  0
TEXT
  5
76E
330
1F
100
AcDbEntity
  8
SCHEDULE_TEXT__BM_
  6
CONTINUOUS
100
AcDbText
 10
2451.234004241734
 20
853.2931144582292
 30
0.0
 40
0.2299967350828956
  1
T 8@150C/C
 41
0.9
  7
ROMANS
 72
     1
 11
2452.249275543742
 21
853.2164488798683
 31
0.0
100
AcDbText
 73
     1
  0
LINE
  5
76F
330
1F
100
AcDbEntity
  8
TABLE__BM_
100
AcDbLine
 10
2447.478366571509
 20
849.2580102673253
 30
0.0
 11
2447.478366571509
 21
853.7302324895477
 31
0.0
  0
LINE
  5
770
330
1F
100
AcDbEntity
  8
TABLE__BM_
100
AcDbLine
 10
2447.478366571509
 20
856.0605471800197
 30
0.0
 11
2447.478366571509
 21
856.069660150715
 31
0.0
  0
TEXT
  5
771
330
1F
100
AcDbEntity
  8
SUB_TITLE__BM_
100
AcDbText
 10
2449.034505414314
 20
854.1292784264429
 30
0.0
 40
0.299610740948601
  1
REMARK
 41
0.8
  7
ROMANS
100
AcDbText
  0
LINE
  5
772
330
1F
100
AcDbEntity
  8
TABLE__BM_
100
AcDbLine
 10
2453.42547357885
 20
849.2580102673253
 30
0.0
 11
2453.42547357885
 21
853.7302324895477
 31
0.0
  0
TEXT
  5
773
330
1F
100
AcDbEntity
  8
SUB_TITLE__BM_
100
AcDbText
 10
2454.992823765564
 20
854.1292784264429
 30
0.0
 40
0.299610740948601
  1
REMARK
 41
0.8
  7
ROMANS
100
AcDbText
  0
TEXT
  5
774
330
1F
100
AcDbEntity
  8
SCHEDULE_TEXT__BM_
  6
CONTINUOUS
100
AcDbText
 10
2447.71973842033
 20
853.2931144582249
 30
0.0
 40
0.2299967350828956
  1
ALTERNATE BENTUP
 41
0.9
  7
ROMANS
 72
     1
 11
2449.227859868945
 21
853.216448879864
 31
0.0
100
AcDbText
 73
     1
  0
TEXT
  5
775
330
1F
100
AcDbEntity
  8
SCHEDULE_TEXT__BM_
  6
CONTINUOUS
100
AcDbText
 10
2453.704839652815
 20
853.2931144582249
 30
0.0
 40
0.2299967350828956
  1
ALTERNATE BENTUP
 41
0.9
  7
ROMANS
 72
     1
 11
2455.21296110143
 21
853.216448879864
 31
0.0
100
AcDbText
 73
     1
  0
LINE
  5
776
330
1F
100
AcDbEntity
  8
BORDER__BM_
100
AcDbLine
 10
2442.264381488256
 20
855.2189945905072
 30
0.0
 11
2461.14580821091
 21
855.2189945905072
 31
0.0
  0
TEXT
  5
777
330
1F
100
AcDbEntity
  8
SCHEDULE_TEXT__BM_
  6
CONTINUOUS
100
AcDbText
 10
2444.138818897168
 20
852.6544164129523
 30
0.0
 40
0.2299967350828956
  1
125
 41
0.9
  7
ROMANS
 72
     1
 11
2444.44931448953
 21
852.5777508345914
 31
0.0
100
AcDbText
 73
     1
  0
TEXT
  5
778
330
1F
100
AcDbEntity
  8
SCHEDULE_TEXT__BM_
  6
CONTINUOUS
100
AcDbText
 10
2442.659301985649
 20
852.6542255693357
 30
0.0
 40
0.2299967350828956
  1
S2
 41
0.9
  7
ROMANS
 72
     1
 11
2442.856442044292
 21
852.5775599909748
 31
0.0
100
AcDbText
 73
     1
  0
TEXT
  5
779
330
1F
100
AcDbEntity
  8
SCHEDULE_TEXT__BM_
  6
CONTINUOUS
100
AcDbText
 10
2445.20537676595
 20
852.6542255693407
 30
0.0
 40
0.2299967350828956
  1
T 10@150C/C
 41
0.9
  7
ROMANS
 72
     1
 11
2446.31921809728
 21
852.5775599909798
 31
0.0
100
AcDbText
 73
     1
  0
TEXT
  5
77A
330
1F
100
AcDbEntity
  8
SCHEDULE_TEXT__BM_
  6
CONTINUOUS
100
AcDbText
 10
2451.234004241734
 20
852.6542255693403
 30
0.0
 40
0.2299967350828956
  1
T 8@150C/C
 41
0.9
  7
ROMANS
 72
     1
 11
2452.249275543742
 21
852.5775599909794
 31
0.0
100
AcDbText
 73
     1
  0
TEXT
  5
77B
330
1F
100
AcDbEntity
  8
SCHEDULE_TEXT__BM_
  6
CONTINUOUS
100
AcDbText
 10
2447.71973842033
 20
852.654225569336
 30
0.0
 40
0.2299967350828956
  1
ALTERNATE BENTUP
 41
0.9
  7
ROMANS
 72
     1
 11
2449.227859868945
 21
852.577559990975
 31
0.0
100
AcDbText
 73
     1
  0
TEXT
  5
77C
330
1F
100
AcDbEntity
  8
SCHEDULE_TEXT__BM_
  6
CONTINUOUS
100
AcDbText
 10
2453.704839652815
 20
852.654225569336
 30
0.0
 40
0.2299967350828956
  1
ALTERNATE BENTUP
 41
0.9
  7
ROMANS
 72
     1
 11
2455.21296110143
 21
852.577559990975
 31
0.0
100
AcDbText
 73
     1
  0
TEXT
  5
77D
330
1F
100
AcDbEntity
  8
SCHEDULE_TEXT__BM_
  6
CONTINUOUS
100
AcDbText
 10
2444.138818897168
 20
852.0155275240634
 30
0.0
 40
0.2299967350828956
  1
125
 41
0.9
  7
ROMANS
 72
     1
 11
2444.44931448953
 21
851.9388619457025
 31
0.0
100
AcDbText
 73
     1
  0
TEXT
  5
77E
330
1F
100
AcDbEntity
  8
SCHEDULE_TEXT__BM_
  6
CONTINUOUS
100
AcDbText
 10
2442.659301985649
 20
852.0153366804468
 30
0.0
 40
0.2299967350828956
  1
S3
 41
0.9
  7
ROMANS
 72
     1
 11
2442.856442044292
 21
851.9386711020859
 31
0.0
100
AcDbText
 73
     1
  0
TEXT
  5
77F
330
1F
100
AcDbEntity
  8
SCHEDULE_TEXT__BM_
  6
CONTINUOUS
100
AcDbText
 10
2445.303946795271
 20
852.0153366804518
 30
0.0
 40
0.2299967350828956
  1
T 8@125C/C
 41
0.9
  7
ROMANS
 72
     1
 11
2446.31921809728
 21
851.9386711020909
 31
0.0
100
AcDbText
 73
     1
  0
TEXT
  5
780
330
1F
100
AcDbEntity
  8
SCHEDULE_TEXT__BM_
  6
CONTINUOUS
100
AcDbText
 10
2451.234004241734
 20
852.0153366804514
 30
0.0
 40
0.2299967350828956
  1
T 8@175C/C
 41
0.9
  7
ROMANS
 72
     1
 11
2452.249275543742
 21
851.9386711020904
 31
0.0
100
AcDbText
 73
     1
  0
TEXT
  5
781
330
1F
100
AcDbEntity
  8
SCHEDULE_TEXT__BM_
  6
CONTINUOUS
100
AcDbText
 10
2447.71973842033
 20
852.015336680447
 30
0.0
 40
0.2299967350828956
  1
ALTERNATE BENTUP
 41
0.9
  7
ROMANS
 72
     1
 11
2449.227859868945
 21
851.9386711020861
 31
0.0
100
AcDbText
 73
     1
  0
TEXT
  5
782
330
1F
100
AcDbEntity
  8
SCHEDULE_TEXT__BM_
  6
CONTINUOUS
100
AcDbText
 10
2454.049834755439
 20
852.015336680447
 30
0.0
 40
0.2299967350828956
  1
ALL  STRAIGHT
 41
0.9
  7
ROMANS
 72
     1
 11
2455.21296110143
 21
851.9386711020861
 31
0.0
100
AcDbText
 73
     1
  0
TEXT
  5
783
330
1F
100
AcDbEntity
  8
SCHEDULE_TEXT__BM_
  6
CONTINUOUS
100
AcDbText
 10
2444.138818897168
 20
851.3766386351745
 30
0.0
 40
0.2299967350828956
  1
125
 41
0.9
  7
ROMANS
 72
     1
 11
2444.44931448953
 21
851.2999730568135
 31
0.0
100
AcDbText
 73
     1
  0
TEXT
  5
784
330
1F
100
AcDbEntity
  8
SCHEDULE_TEXT__BM_
  6
CONTINUOUS
100
AcDbText
 10
2442.654373484183
 20
851.3764477915579
 30
0.0
 40
0.2299967350828956
  1
S4
 41
0.9
  7
ROMANS
 72
     1
 11
2442.856442044292
 21
851.299782213197
 31
0.0
100
AcDbText
 73
     1
  0
TEXT
  5
785
330
1F
100
AcDbEntity
  8
SCHEDULE_TEXT__BM_
  6
CONTINUOUS
100
AcDbText
 10
2445.303946795271
 20
851.3764477915629
 30
0.0
 40
0.2299967350828956
  1
T 8@150C/C
 41
0.9
  7
ROMANS
 72
     1
 11
2446.31921809728
 21
851.299782213202
 31
0.0
100
AcDbText
 73
     1
  0
TEXT
  5
786
330
1F
100
AcDbEntity
  8
SCHEDULE_TEXT__BM_
  6
CONTINUOUS
100
AcDbText
 10
2451.234004241734
 20
851.3764477915624
 30
0.0
 40
0.2299967350828956
  1
T 8@200C/C
 41
0.9
  7
ROMANS
 72
     1
 11
2452.249275543742
 21
851.2997822132015
 31
0.0
100
AcDbText
 73
     1
  0
TEXT
  5
787
330
1F
100
AcDbEntity
  8
SCHEDULE_TEXT__BM_
  6
CONTINUOUS
100
AcDbText
 10
2447.71973842033
 20
851.3764477915581
 30
0.0
 40
0.2299967350828956
  1
ALTERNATE BENTUP
 41
0.9
  7
ROMANS
 72
     1
 11
2449.227859868945
 21
851.2997822131972
 31
0.0
100
AcDbText
 73
     1
  0
TEXT
  5
788
330
1F
100
AcDbEntity
  8
SCHEDULE_TEXT__BM_
  6
CONTINUOUS
100
AcDbText
 10
2454.049834755439
 20
851.3764477915581
 30
0.0
 40
0.2299967350828956
  1
ALL  STRAIGHT
 41
0.9
  7
ROMANS
 72
     1
 11
2455.21296110143
 21
851.2997822131972
 31
0.0
100
AcDbText
 73
     1
  0
LINE
  5
789
330
1F
100
AcDbEntity
  8
TABLE__BM_
100
AcDbLine
 10
2442.264381488256
 20
851.813565822881
 30
0.0
 11
2461.14580821091
 21
851.813565822881
 31
0.0
  0
LINE
  5
78A
330
1F
100
AcDbEntity
  8
TABLE__BM_
100
AcDbLine
 10
2442.264381488256
 20
851.813565822881
 30
0.0
 11
2461.14580821091
 21
851.813565822881
 31
0.0
  0
TEXT
  5
78B
330
1F
100
AcDbEntity
  8
SCHEDULE_TEXT__BM_
  6
CONTINUOUS
100
AcDbText
 10
2472.601023467892
 20
865.0195864439246
 30
0.0
 40
0.207
  1
FROM BR4
 41
0.8
  7
ROMANS
 72
     1
 11
2473.271309182178
 21
865.0195864439246
 31
0.0
100
AcDbText
  0
TEXT
  5
78C
330
1F
100
AcDbEntity
  8
SCHEDULE_TEXT__BM_
  6
CONTINUOUS
100
AcDbText
 10
2472.76860203264
 20
865.3345097398146
 30
0.0
 40
0.2299967350828956
  1
2-T16
 41
0.9000000000000001
  7
ROMANS
 72
     1
 11
2473.271309182178
 21
865.3345097398146
 31
0.0
100
AcDbText
  0
TEXT
  5
78D
330
1F
100
AcDbEntity
  8
SCHEDULE_TEXT__BM_
  6
CONTINUOUS
100
AcDbText
 10
2459.139858234578
 20
852.054113096015
 30
0.0
 40
0.2299967350828956
  1
ONEWAY
 41
0.9
  7
ROMANS
 72
     1
 11
2459.755920917836
 21
851.9774475176541
 31
0.0
100
AcDbText
 73
     1
  0
LWPOLYLINE
  5
78E
330
1F
100
AcDbEntity
  8
SLAB_MARK__BM_
100
AcDbPolyline
 90
        4
 70
     0
 43
0.0
 10
2457.828360663214
 20
852.1943981180968
 10
2457.719014383646
 20
852.1397249783261
 10
2458.21969310005
 20
852.1397249783261
 10
2458.110346820482
 20
852.085051838555
  0
LWPOLYLINE
  5
78F
330
1F
100
AcDbEntity
  8
SLAB_MARK__BM_
100
AcDbPolyline
 90
        4
 70
     0
 43
0.0
 10
2457.828360663214
 20
851.5555092292079
 10
2457.719014383646
 20
851.5008360894371
 10
2458.21969310005
 20
851.5008360894371
 10
2458.110346820482
 20
851.4461629496661
  0
TEXT
  5
790
330
1F
100
AcDbEntity
  8
SCHEDULE_TEXT__BM_
  6
CONTINUOUS
100
AcDbText
 10
2472.604966325036
 20
863.1029197772581
 30
0.0
 40
0.207
  1
FROM BR7
 41
0.8
  7
ROMANS
 72
     1
 11
2473.271309182178
 21
863.1029197772581
 31
0.0
100
AcDbText
  0
TEXT
  5
791
330
1F
100
AcDbEntity
  8
SCHEDULE_TEXT__BM_
  6
CONTINUOUS
100
AcDbText
 10
2472.76860203264
 20
863.4178430731481
 30
0.0
 40
0.2299967350828956
  1
2-T12
 41
0.9000000000000001
  7
ROMANS
 72
     1
 11
2473.271309182178
 21
863.4178430731481
 31
0.0
100
AcDbText
  0
TEXT
  5
792
330
1F
100
AcDbEntity
  8
SCHEDULE_TEXT__BM_
  6
CONTINUOUS
100
AcDbText
 10
2472.604966325036
 20
861.8251419994801
 30
0.0
 40
0.207
  1
FROM BR2
 41
0.8
  7
ROMANS
 72
     1
 11
2473.271309182178
 21
861.8251419994801
 31
0.0
100
AcDbText
  0
TEXT
  5
793
330
1F
100
AcDbEntity
  8
SCHEDULE_TEXT__BM_
  6
CONTINUOUS
100
AcDbText
 10
2472.76860203264
 20
862.1400652953702
 30
0.0
 40
0.2299967350828956
  1
2-T12
 41
0.9000000000000001
  7
ROMANS
 72
     1
 11
2473.271309182178
 21
862.1400652953702
 31
0.0
100
AcDbText
  0
TEXT
  5
794
330
1F
100
AcDbEntity
  8
SCHEDULE_TEXT__BM_
  6
CONTINUOUS
100
AcDbText
 10
2459.149278475382
 20
853.2931144582294
 30
0.0
 40
0.2299967350828956
  1
TWOWAY
 41
0.9
  7
ROMANS
 72
     1
 11
2459.750555654242
 21
853.2164488798685
 31
0.0
100
AcDbText
 73
     1
  0
INSERT
  5
795
330
1F
100
AcDbEntity
  8
BAHUBALI_TITLE__BM_
100
AcDbBlockReference
  2
SLAB_MARK_2W
 10
1997.899209644231
 20
706.8168309801961
 30
0.0
 41
0.5587284566856363
 42
0.5587284566856363
 43
0.5587284566856363
  0
TEXT
  5
796
330
1F
100
AcDbEntity
  8
SCHEDULE_TEXT__BM_
  6
CONTINUOUS
100
AcDbText
 10
2472.628623467893
 20
867.5751419994804
 30
0.0
 40
0.207
  1
FROM BR1
 41
0.8
  7
ROMANS
 72
     1
 11
2473.271309182178
 21
867.5751419994804
 31
0.0
100
AcDbText
  0
TEXT
  5
797
330
1F
100
AcDbEntity
  8
SCHEDULE_TEXT__BM_
  6
CONTINUOUS
100
AcDbText
 10
2472.76860203264
 20
867.8900652953704
 30
0.0
 40
0.2299967350828956
  1
2-T16
 41
0.9000000000000001
  7
ROMANS
 72
     1
 11
2473.271309182178
 21
867.8900652953704
 31
0.0
100
AcDbText
  0
TEXT
  5
798
330
1F
100
AcDbEntity
  8
SCHEDULE_TEXT__BM_
  6
CONTINUOUS
100
AcDbText
 10
2472.604966325036
 20
866.9362531105917
 30
0.0
 40
0.207
  1
FROM BR2
 41
0.8
  7
ROMANS
 72
     1
 11
2473.271309182178
 21
866.9362531105917
 31
0.0
100
AcDbText
  0
TEXT
  5
799
330
1F
100
AcDbEntity
  8
SCHEDULE_TEXT__BM_
  6
CONTINUOUS
100
AcDbText
 10
2472.76860203264
 20
867.2511764064816
 30
0.0
 40
0.2299967350828956
  1
2-T12
 41
0.9000000000000001
  7
ROMANS
 72
     1
 11
2473.271309182178
 21
867.2511764064816
 31
0.0
100
AcDbText
  0
TEXT
  5
79A
330
1F
100
AcDbEntity
  8
SCHEDULE_TEXT__BM_
  6
CONTINUOUS
100
AcDbText
 10
2472.604966325036
 20
865.6584753328136
 30
0.0
 40
0.207
  1
FROM BR3
 41
0.8
  7
ROMANS
 72
     1
 11
2473.271309182178
 21
865.6584753328136
 31
0.0
100
AcDbText
  0
TEXT
  5
79B
330
1F
100
AcDbEntity
  8
SCHEDULE_TEXT__BM_
  6
CONTINUOUS
100
AcDbText
 10
2472.76860203264
 20
865.9733986287036
 30
0.0
 40
0.2299967350828956
  1
2-T16
 41
0.9000000000000001
  7
ROMANS
 72
     1
 11
2473.271309182178
 21
865.9733986287036
 31
0.0
100
AcDbText
  0
TEXT
  5
79C
330
1F
100
AcDbEntity
  8
SCHEDULE_TEXT__BM_
  6
CONTINUOUS
100
AcDbText
 10
2472.507324688615
 20
864.3806975550358
 30
0.0
 40
0.207
  1
FROM BR5,10
 41
0.8
  7
ROMANS
 72
     1
 11
2473.3708104029
 21
864.3806975550358
 31
0.0
100
AcDbText
  0
TEXT
  5
79D
330
1F
100
AcDbEntity
  8
SCHEDULE_TEXT__BM_
  6
CONTINUOUS
100
AcDbText
 10
2472.76860203264
 20
864.6956208509259
 30
0.0
 40
0.2299967350828956
  1
2-T16
 41
0.9000000000000001
  7
ROMANS
 72
     1
 11
2473.271309182178
 21
864.6956208509259
 31
0.0
100
AcDbText
  0
TEXT
  5
79E
330
1F
100
AcDbEntity
  8
SCHEDULE_TEXT__BM_
  6
CONTINUOUS
100
AcDbText
 10
2472.604966325034
 20
863.7418086661471
 30
0.0
 40
0.207
  1
FROM BR6
 41
0.8
  7
ROMANS
 72
     1
 11
2473.271309182177
 21
863.7418086661471
 31
0.0
100
AcDbText
  0
TEXT
  5
79F
330
1F
100
AcDbEntity
  8
SCHEDULE_TEXT__BM_
  6
CONTINUOUS
100
AcDbText
 10
2472.768602032639
 20
864.0567319620371
 30
0.0
 40
0.2299967350828956
  1
2-T16
 41
0.9000000000000001
  7
ROMANS
 72
     1
 11
2473.271309182177
 21
864.0567319620371
 31
0.0
100
AcDbText
  0
TEXT
  5
7A0
330
1F
100
AcDbEntity
  8
SCHEDULE_TEXT__BM_
  6
CONTINUOUS
100
AcDbText
 10
2472.590124688614
 20
862.464030888369
 30
0.0
 40
0.207
  1
FROM BR8,9
 41
0.8
  7
ROMANS
 72
     1
 11
2473.3708104029
 21
862.464030888369
 31
0.0
100
AcDbText
  0
TEXT
  5
7A1
330
1F
100
AcDbEntity
  8
SCHEDULE_TEXT__BM_
  6
CONTINUOUS
100
AcDbText
 10
2472.76860203264
 20
862.7789541842592
 30
0.0
 40
0.2299967350828956
  1
2-T16
 41
0.9000000000000001
  7
ROMANS
 72
     1
 11
2473.271309182178
 21
862.7789541842592
 31
0.0
100
AcDbText
  0
TEXT
  5
7A2
330
1F
100
AcDbEntity
  8
SCHEDULE_TEXT__BM_
  6
CONTINUOUS
100
AcDbText
 10
2472.522166325035
 20
861.1862531105913
 30
0.0
 40
0.207
  1
FROM BR14
 41
0.8
  7
ROMANS
 72
     1
 11
2473.271309182178
 21
861.1862531105913
 31
0.0
100
AcDbText
  0
TEXT
  5
7A3
330
1F
100
AcDbEntity
  8
SCHEDULE_TEXT__BM_
  6
CONTINUOUS
100
AcDbText
 10
2472.76860203264
 20
861.5011764064814
 30
0.0
 40
0.2299967350828956
  1
2-T16
 41
0.9000000000000001
  7
ROMANS
 72
     1
 11
2473.271309182178
 21
861.5011764064814
 31
0.0
100
AcDbText
  0
TEXT
  5
7A4
330
1F
100
AcDbEntity
  8
SCHEDULE_TEXT__BM_
  6
CONTINUOUS
100
AcDbText
 10
2472.522166325036
 20
860.5473642217025
 30
0.0
 40
0.207
  1
FROM BR14
 41
0.8
  7
ROMANS
 72
     1
 11
2473.271309182179
 21
860.5473642217025
 31
0.0
100
AcDbText
  0
TEXT
  5
7A5
330
1F
100
AcDbEntity
  8
SCHEDULE_TEXT__BM_
  6
CONTINUOUS
100
AcDbText
 10
2472.768602032641
 20
860.8622875175927
 30
0.0
 40
0.2299967350828956
  1
2-T16
 41
0.9000000000000001
  7
ROMANS
 72
     1
 11
2473.271309182179
 21
860.8622875175927
 31
0.0
100
AcDbText
  0
TEXT
  5
7A6
330
1F
100
AcDbEntity
  8
SCHEDULE_TEXT__BM_
  6
CONTINUOUS
100
AcDbText
 10
2471.278406169712
 20
860.0800117649317
 30
0.0
 40
0.2299967350828956
  1
1-T10
 41
0.9
  7
ROMANS
 72
     1
 11
2471.795898823648
 21
860.0800117649317
 31
0.0
100
AcDbText
  0
TEXT
  5
7A7
330
1F
100
AcDbEntity
  8
SCHEDULE_TEXT__BM_
  6
CONTINUOUS
100
AcDbText
 10
2474.101765399426
 20
860.0800117649317
 30
0.0
 40
0.2299967350828956
  1
1-T12
 41
0.9
  7
ROMANS
 72
     1
 11
2474.619258053363
 21
860.0800117649317
 31
0.0
100
AcDbText
  0
TEXT
  5
7A8
330
1F
100
AcDbEntity
  8
SCHEDULE_TEXT__BM_
  6
CONTINUOUS
100
AcDbText
 10
2471.27840616971
 20
858.8044561110984
 30
0.0
 40
0.2299967350828956
  1
1-T12
 41
0.9
  7
ROMANS
 72
     1
 11
2471.795898823647
 21
858.8044561110984
 31
0.0
100
AcDbText
  0
TEXT
  5
7A9
330
1F
100
AcDbEntity
  8
SCHEDULE_TEXT__BM_
  6
CONTINUOUS
100
AcDbText
 10
2474.116550903823
 20
858.8044561110984
 30
0.0
 40
0.2299967350828956
  1
2-T12
 41
0.9
  7
ROMANS
 72
     1
 11
2474.619258053362
 21
858.8044561110984
 31
0.0
100
AcDbText
  0
TEXT
  5
7AA
330
1F
100
AcDbEntity
  8
SCHEDULE_TEXT__BM_
  6
CONTINUOUS
100
AcDbText
 10
2471.411475709293
 20
858.1655672222093
 30
0.0
 40
0.2299967350828956
  1
---
 41
0.9
  7
ROMANS
 72
     1
 11
2471.795898823646
 21
858.1655672222093
 31
0.0
100
AcDbText
  0
TEXT
  5
7AB
330
1F
100
AcDbEntity
  8
SCHEDULE_TEXT__BM_
  6
CONTINUOUS
100
AcDbText
 10
2474.234834939008
 20
858.1655672222093
 30
0.0
 40
0.2299967350828956
  1
---
 41
0.9
  7
ROMANS
 72
     1
 11
2474.619258053361
 21
858.1655672222093
 31
0.0
100
AcDbText
  0
TEXT
  5
7AC
330
1F
100
AcDbEntity
  8
SCHEDULE_TEXT__BM_
  6
CONTINUOUS
100
AcDbText
 10
2464.515529783755
 20
858.7929916168684
 30
0.0
 40
0.2299967350828956
  1
B18,24,30,31
 41
0.9
  7
ROMANS
100
AcDbText
  0
TEXT
  5
7AD
330
1F
100
AcDbEntity
  8
SCHEDULE_TEXT__BM_
  6
CONTINUOUS
100
AcDbText
 10
2472.571708750142
 20
857.9984750379792
 30
0.0
 40
0.207
  1
FROM BR10,11
 41
0.8
  7
ROMANS
 72
     1
 11
2473.490394464428
 21
857.9984750379792
 31
0.0
100
AcDbText
  0
TEXT
  5
7AE
330
1F
100
AcDbEntity
  8
SCHEDULE_TEXT__BM_
  6
CONTINUOUS
100
AcDbText
 10
2472.76860203264
 20
858.3133983338694
 30
0.0
 40
0.2299967350828956
  1
2-T16
 41
0.9000000000000001
  7
ROMANS
 72
     1
 11
2473.271309182178
 21
858.3133983338694
 31
0.0
100
AcDbText
  0
LINE
  5
7AF
330
1F
100
AcDbEntity
  8
TABLE__BM_
100
AcDbLine
 10
2484.58458129641
 20
856.6696021333453
 30
0.0
 11
2464.345134064763
 21
856.6696021333453
 31
0.0
  0
LINE
  5
7B0
330
1F
100
AcDbEntity
  8
TABLE__BM_
100
AcDbLine
 10
2484.58458129641
 20
856.0307132444566
 30
0.0
 11
2464.345134064763
 21
856.0307132444566
 31
0.0
  0
LINE
  5
7B1
330
1F
100
AcDbEntity
  8
TABLE__BM_
100
AcDbLine
 10
2484.58458129641
 20
855.3918243555678
 30
0.0
 11
2464.345134064763
 21
855.3918243555678
 31
0.0
  0
LINE
  5
7B2
330
1F
100
AcDbEntity
  8
TABLE__BM_
100
AcDbLine
 10
2484.58458129641
 20
854.7529354666788
 30
0.0
 11
2464.345134064763
 21
854.7529354666788
 31
0.0
  0
LINE
  5
7B3
330
1F
100
AcDbEntity
  8
TABLE__BM_
100
AcDbLine
 10
2484.58458129641
 20
854.1140465777898
 30
0.0
 11
2464.345134064763
 21
854.1140465777898
 31
0.0
  0
LINE
  5
7B4
330
1F
100
AcDbEntity
  8
TABLE__BM_
100
AcDbLine
 10
2484.58458129641
 20
853.4751576889008
 30
0.0
 11
2464.345134064763
 21
853.4751576889008
 31
0.0
  0
LINE
  5
7B5
330
1F
100
AcDbEntity
  8
TABLE__BM_
100
AcDbLine
 10
2484.58458129641
 20
852.836268800012
 30
0.0
 11
2464.345134064763
 21
852.836268800012
 31
0.0
  0
LINE
  5
7B6
330
1F
100
AcDbEntity
  8
TABLE__BM_
100
AcDbLine
 10
2484.58458129641
 20
852.1973799111233
 30
0.0
 11
2464.345134064763
 21
852.1973799111233
 31
0.0
  0
LINE
  5
7B7
330
1F
100
AcDbEntity
  8
TABLE__BM_
100
AcDbLine
 10
2484.58458129641
 20
851.5584910222343
 30
0.0
 11
2464.345134064763
 21
851.5584910222343
 31
0.0
  0
LINE
  5
7B8
330
1F
100
AcDbEntity
  8
TABLE__BM_
100
AcDbLine
 10
2484.58458129641
 20
850.9196021333453
 30
0.0
 11
2464.345134064763
 21
850.9196021333453
 31
0.0
  0
LINE
  5
7B9
330
1F
100
AcDbEntity
  8
TABLE__BM_
100
AcDbLine
 10
2484.58458129641
 20
850.2851574923448
 30
0.0
 11
2464.345134064763
 21
850.2851574923448
 31
0.0
  0
LINE
  5
7BA
330
1F
100
AcDbEntity
  8
TABLE__BM_
100
AcDbLine
 10
2484.58458129641
 20
848.3751571975105
 30
0.0
 11
2464.345134064763
 21
848.3751571975105
 31
0.0
  0
TEXT
  5
7BB
330
1F
100
AcDbEntity
  8
SCHEDULE_TEXT__BM_
  6
CONTINUOUS
100
AcDbText
 10
2464.530895300416
 20
857.5047795276679
 30
0.0
 40
0.2299967350828956
  1
B21
 41
0.9000000000000001
  7
ROMANS
100
AcDbText
  0
TEXT
  5
7BC
330
1F
100
AcDbEntity
  8
SCHEDULE_TEXT__BM_
  6
CONTINUOUS
100
AcDbText
 10
2467.808549509642
 20
857.5279314719423
 30
0.0
 40
0.2299967350828956
  1
150X375
 41
0.9000000000000001
  7
ROMANS
 72
     1
 11
2468.513325219289
 21
857.5279314719423
 31
0.0
100
AcDbText
  0
TEXT
  5
7BD
330
1F
100
AcDbEntity
  8
SCHEDULE_TEXT__BM_
  6
CONTINUOUS
100
AcDbText
 10
2469.801012811061
 20
857.5266783333204
 30
0.0
 40
0.2299967350828956
  1
2-T12
 41
0.9000000000000001
  7
ROMANS
 72
     1
 11
2470.3037199606
 21
857.5266783333204
 31
0.0
100
AcDbText
  0
TEXT
  5
7BE
330
1F
100
AcDbEntity
  8
SCHEDULE_TEXT__BM_
  6
CONTINUOUS
100
AcDbText
 10
2477.195811870165
 20
857.5248212412619
 30
0.0
 40
0.2299967350828956
  1
T 8@175C/C
 41
0.9000000000000001
  7
ROMANS
 72
     1
 11
2478.211083172174
 21
857.5248212412619
 31
0.0
100
AcDbText
  0
TEXT
  5
7BF
330
1F
100
AcDbEntity
  8
SCHEDULE_TEXT__BM_
  6
CONTINUOUS
100
AcDbText
 10
2479.653960482931
 20
857.5276716214432
 30
0.0
 40
0.2299967350828956
  1
T 8@175C/C
 41
0.9000000000000001
  7
ROMANS
 72
     1
 11
2480.66923178494
 21
857.5276716214432
 31
0.0
100
AcDbText
  0
TEXT
  5
7C0
330
1F
100
AcDbEntity
  8
SCHEDULE_TEXT__BM_
  6
CONTINUOUS
100
AcDbText
 10
2475.887351020008
 20
857.5266783333204
 30
0.0
 40
0.2299967350828956
  1
---
 41
0.9000000000000001
  7
ROMANS
 72
     1
 11
2476.271774134361
 21
857.5266783333204
 31
0.0
100
AcDbText
  0
TEXT
  5
7C1
330
1F
100
AcDbEntity
  8
SCHEDULE_TEXT__BM_
  6
CONTINUOUS
100
AcDbText
 10
2482.946695307794
 20
857.5276716214432
 30
0.0
 40
0.2299967350828956
  1
---
 41
0.9000000000000001
  7
ROMANS
 72
     1
 11
2483.331118422147
 21
857.5276716214432
 31
0.0
100
AcDbText
  0
TEXT
  5
7C2
330
1F
100
AcDbEntity
  8
SCHEDULE_TEXT__BM_
  6
CONTINUOUS
100
AcDbText
 10
2471.411475709293
 20
857.5244562093761
 30
0.0
 40
0.2299967350828956
  1
---
 41
0.9
  7
ROMANS
 72
     1
 11
2471.795898823646
 21
857.5244562093761
 31
0.0
100
AcDbText
  0
TEXT
  5
7C3
330
1F
100
AcDbEntity
  8
SCHEDULE_TEXT__BM_
  6
CONTINUOUS
100
AcDbText
 10
2474.234834939008
 20
857.5244562093761
 30
0.0
 40
0.2299967350828956
  1
---
 41
0.9
  7
ROMANS
 72
     1
 11
2474.619258053361
 21
857.5244562093761
 31
0.0
100
AcDbText
  0
TEXT
  5
7C4
330
1F
100
AcDbEntity
  8
SCHEDULE_TEXT__BM_
  6
CONTINUOUS
100
AcDbText
 10
2464.530895300416
 20
856.2270017498904
 30
0.0
 40
0.2299967350828956
  1
B23
 41
0.9000000000000001
  7
ROMANS
100
AcDbText
  0
TEXT
  5
7C5
330
1F
100
AcDbEntity
  8
SCHEDULE_TEXT__BM_
  6
CONTINUOUS
100
AcDbText
 10
2467.82333501404
 20
856.2501536941649
 30
0.0
 40
0.2299967350828956
  1
230X600
 41
0.9000000000000001
  7
ROMANS
 72
     1
 11
2468.513325219289
 21
856.2501536941649
 31
0.0
100
AcDbText
  0
TEXT
  5
7C6
330
1F
100
AcDbEntity
  8
SCHEDULE_TEXT__BM_
  6
CONTINUOUS
100
AcDbText
 10
2469.801012811061
 20
856.2489005555428
 30
0.0
 40
0.2299967350828956
  1
2-T16
 41
0.9000000000000001
  7
ROMANS
 72
     1
 11
2470.3037199606
 21
856.2489005555428
 31
0.0
100
AcDbText
  0
TEXT
  5
7C7
330
1F
100
AcDbEntity
  8
SCHEDULE_TEXT__BM_
  6
CONTINUOUS
100
AcDbText
 10
2477.195811870165
 20
856.2470434634844
 30
0.0
 40
0.2299967350828956
  1
T 8@150C/C
 41
0.9000000000000001
  7
ROMANS
 72
     1
 11
2478.211083172174
 21
856.2470434634844
 31
0.0
100
AcDbText
  0
TEXT
  5
7C8
330
1F
100
AcDbEntity
  8
SCHEDULE_TEXT__BM_
  6
CONTINUOUS
100
AcDbText
 10
2479.653960482931
 20
856.2498938436656
 30
0.0
 40
0.2299967350828956
  1
T 8@150C/C
 41
0.9000000000000001
  7
ROMANS
 72
     1
 11
2480.66923178494
 21
856.2498938436656
 31
0.0
100
AcDbText
  0
TEXT
  5
7C9
330
1F
100
AcDbEntity
  8
SCHEDULE_TEXT__BM_
  6
CONTINUOUS
100
AcDbText
 10
2475.887351020008
 20
856.2489005555428
 30
0.0
 40
0.2299967350828956
  1
---
 41
0.9000000000000001
  7
ROMANS
 72
     1
 11
2476.271774134361
 21
856.2489005555428
 31
0.0
100
AcDbText
  0
TEXT
  5
7CA
330
1F
100
AcDbEntity
  8
SCHEDULE_TEXT__BM_
  6
CONTINUOUS
100
AcDbText
 10
2482.946695307794
 20
856.2498938436656
 30
0.0
 40
0.2299967350828956
  1
---
 41
0.9000000000000001
  7
ROMANS
 72
     1
 11
2483.331118422147
 21
856.2498938436656
 31
0.0
100
AcDbText
  0
TEXT
  5
7CB
330
1F
100
AcDbEntity
  8
SCHEDULE_TEXT__BM_
  6
CONTINUOUS
100
AcDbText
 10
2471.411475709293
 20
856.2466784315986
 30
0.0
 40
0.2299967350828956
  1
---
 41
0.9
  7
ROMANS
 72
     1
 11
2471.795898823646
 21
856.2466784315986
 31
0.0
100
AcDbText
  0
TEXT
  5
7CC
330
1F
100
AcDbEntity
  8
SCHEDULE_TEXT__BM_
  6
CONTINUOUS
100
AcDbText
 10
2474.234834939008
 20
856.2466784315986
 30
0.0
 40
0.2299967350828956
  1
---
 41
0.9
  7
ROMANS
 72
     1
 11
2474.619258053361
 21
856.2466784315986
 31
0.0
100
AcDbText
  0
TEXT
  5
7CD
330
1F
100
AcDbEntity
  8
SCHEDULE_TEXT__BM_
  6
CONTINUOUS
100
AcDbText
 10
2464.530895300416
 20
855.5881128610016
 30
0.0
 40
0.2299967350828956
  1
B26
 41
0.9000000000000001
  7
ROMANS
100
AcDbText
  0
TEXT
  5
7CE
330
1F
100
AcDbEntity
  8
SCHEDULE_TEXT__BM_
  6
CONTINUOUS
100
AcDbText
 10
2467.808549509642
 20
855.611264805276
 30
0.0
 40
0.2299967350828956
  1
150X450
 41
0.9000000000000001
  7
ROMANS
 72
     1
 11
2468.513325219289
 21
855.611264805276
 31
0.0
100
AcDbText
  0
TEXT
  5
7CF
330
1F
100
AcDbEntity
  8
SCHEDULE_TEXT__BM_
  6
CONTINUOUS
100
AcDbText
 10
2469.801012811061
 20
855.6100116666541
 30
0.0
 40
0.2299967350828956
  1
3-T12
 41
0.9000000000000001
  7
ROMANS
 72
     1
 11
2470.3037199606
 21
855.6100116666541
 31
0.0
100
AcDbText
  0
TEXT
  5
7D0
330
1F
100
AcDbEntity
  8
SCHEDULE_TEXT__BM_
  6
CONTINUOUS
100
AcDbText
 10
2477.195811870165
 20
855.6081545745956
 30
0.0
 40
0.2299967350828956
  1
T 8@150C/C
 41
0.9000000000000001
  7
ROMANS
 72
     1
 11
2478.211083172174
 21
855.6081545745956
 31
0.0
100
AcDbText
  0
TEXT
  5
7D1
330
1F
100
AcDbEntity
  8
SCHEDULE_TEXT__BM_
  6
CONTINUOUS
100
AcDbText
 10
2479.653960482931
 20
855.611004954777
 30
0.0
 40
0.2299967350828956
  1
T 8@150C/C
 41
0.9000000000000001
  7
ROMANS
 72
     1
 11
2480.66923178494
 21
855.611004954777
 31
0.0
100
AcDbText
  0
TEXT
  5
7D2
330
1F
100
AcDbEntity
  8
SCHEDULE_TEXT__BM_
  6
CONTINUOUS
100
AcDbText
 10
2475.887351020008
 20
855.6100116666541
 30
0.0
 40
0.2299967350828956
  1
---
 41
0.9000000000000001
  7
ROMANS
 72
     1
 11
2476.271774134361
 21
855.6100116666541
 31
0.0
100
AcDbText
  0
TEXT
  5
7D3
330
1F
100
AcDbEntity
  8
SCHEDULE_TEXT__BM_
  6
CONTINUOUS
100
AcDbText
 10
2482.946695307794
 20
855.611004954777
 30
0.0
 40
0.2299967350828956
  1
---
 41
0.9000000000000001
  7
ROMANS
 72
     1
 11
2483.331118422147
 21
855.611004954777
 31
0.0
100
AcDbText
  0
TEXT
  5
7D4
330
1F
100
AcDbEntity
  8
SCHEDULE_TEXT__BM_
  6
CONTINUOUS
100
AcDbText
 10
2471.411475709293
 20
855.60778954271
 30
0.0
 40
0.2299967350828956
  1
---
 41
0.9
  7
ROMANS
 72
     1
 11
2471.795898823646
 21
855.60778954271
 31
0.0
100
AcDbText
  0
TEXT
  5
7D5
330
1F
100
AcDbEntity
  8
SCHEDULE_TEXT__BM_
  6
CONTINUOUS
100
AcDbText
 10
2474.234834939008
 20
855.60778954271
 30
0.0
 40
0.2299967350828956
  1
---
 41
0.9
  7
ROMANS
 72
     1
 11
2474.619258053361
 21
855.60778954271
 31
0.0
100
AcDbText
  0
TEXT
  5
7D6
330
1F
100
AcDbEntity
  8
SCHEDULE_TEXT__BM_
  6
CONTINUOUS
100
AcDbText
 10
2464.530895300416
 20
854.9492239721126
 30
0.0
 40
0.2299967350828956
  1
B27
 41
0.9000000000000001
  7
ROMANS
100
AcDbText
  0
TEXT
  5
7D7
330
1F
100
AcDbEntity
  8
SCHEDULE_TEXT__BM_
  6
CONTINUOUS
100
AcDbText
 10
2467.808549509642
 20
854.9723759163871
 30
0.0
 40
0.2299967350828956
  1
150X600
 41
0.9000000000000001
  7
ROMANS
 72
     1
 11
2468.513325219289
 21
854.9723759163871
 31
0.0
100
AcDbText
  0
TEXT
  5
7D8
330
1F
100
AcDbEntity
  8
SCHEDULE_TEXT__BM_
  6
CONTINUOUS
100
AcDbText
 10
2469.801012811061
 20
854.9711227777651
 30
0.0
 40
0.2299967350828956
  1
2-T16
 41
0.9000000000000001
  7
ROMANS
 72
     1
 11
2470.3037199606
 21
854.9711227777651
 31
0.0
100
AcDbText
  0
TEXT
  5
7D9
330
1F
100
AcDbEntity
  8
SCHEDULE_TEXT__BM_
  6
CONTINUOUS
100
AcDbText
 10
2477.195811870165
 20
854.9692656857067
 30
0.0
 40
0.2299967350828956
  1
T 8@125C/C
 41
0.9000000000000001
  7
ROMANS
 72
     1
 11
2478.211083172174
 21
854.9692656857067
 31
0.0
100
AcDbText
  0
TEXT
  5
7DA
330
1F
100
AcDbEntity
  8
SCHEDULE_TEXT__BM_
  6
CONTINUOUS
100
AcDbText
 10
2479.653960482931
 20
854.9721160658879
 30
0.0
 40
0.2299967350828956
  1
T 8@150C/C
 41
0.9000000000000001
  7
ROMANS
 72
     1
 11
2480.66923178494
 21
854.9721160658879
 31
0.0
100
AcDbText
  0
TEXT
  5
7DB
330
1F
100
AcDbEntity
  8
SCHEDULE_TEXT__BM_
  6
CONTINUOUS
100
AcDbText
 10
2475.769066984823
 20
854.9711227777651
 30
0.0
 40
0.2299967350828956
  1
2-T16
 41
0.9000000000000001
  7
ROMANS
 72
     1
 11
2476.271774134361
 21
854.9711227777651
 31
0.0
100
AcDbText
  0
TEXT
  5
7DC
330
1F
100
AcDbEntity
  8
SCHEDULE_TEXT__BM_
  6
CONTINUOUS
100
AcDbText
 10
2482.946695307794
 20
854.9721160658879
 30
0.0
 40
0.2299967350828956
  1
---
 41
0.9000000000000001
  7
ROMANS
 72
     1
 11
2483.331118422147
 21
854.9721160658879
 31
0.0
100
AcDbText
  0
TEXT
  5
7DD
330
1F
100
AcDbEntity
  8
SCHEDULE_TEXT__BM_
  6
CONTINUOUS
100
AcDbText
 10
2471.293191674108
 20
854.9689006538209
 30
0.0
 40
0.2299967350828956
  1
2-T12
 41
0.9
  7
ROMANS
 72
     1
 11
2471.795898823646
 21
854.9689006538209
 31
0.0
100
AcDbText
  0
TEXT
  5
7DE
330
1F
100
AcDbEntity
  8
SCHEDULE_TEXT__BM_
  6
CONTINUOUS
100
AcDbText
 10
2474.116550903822
 20
854.9689006538209
 30
0.0
 40
0.2299967350828956
  1
2-T16
 41
0.9
  7
ROMANS
 72
     1
 11
2474.619258053361
 21
854.9689006538209
 31
0.0
100
AcDbText
  0
TEXT
  5
7DF
330
1F
100
AcDbEntity
  8
SCHEDULE_TEXT__BM_
  6
CONTINUOUS
100
AcDbText
 10
2464.530895300416
 20
854.3103350832237
 30
0.0
 40
0.2299967350828956
  1
B28
 41
0.9000000000000001
  7
ROMANS
100
AcDbText
  0
TEXT
  5
7E0
330
1F
100
AcDbEntity
  8
SCHEDULE_TEXT__BM_
  6
CONTINUOUS
100
AcDbText
 10
2467.82333501404
 20
854.333487027498
 30
0.0
 40
0.2299967350828956
  1
230X380
 41
0.9000000000000001
  7
ROMANS
 72
     1
 11
2468.513325219289
 21
854.333487027498
 31
0.0
100
AcDbText
  0
TEXT
  5
7E1
330
1F
100
AcDbEntity
  8
SCHEDULE_TEXT__BM_
  6
CONTINUOUS
100
AcDbText
 10
2469.801012811061
 20
854.3322338888761
 30
0.0
 40
0.2299967350828956
  1
4-T12
 41
0.9000000000000001
  7
ROMANS
 72
     1
 11
2470.3037199606
 21
854.3322338888761
 31
0.0
100
AcDbText
  0
TEXT
  5
7E2
330
1F
100
AcDbEntity
  8
SCHEDULE_TEXT__BM_
  6
CONTINUOUS
100
AcDbText
 10
2477.195811870165
 20
854.3303767968176
 30
0.0
 40
0.2299967350828956
  1
T 8@150C/C
 41
0.9000000000000001
  7
ROMANS
 72
     1
 11
2478.211083172174
 21
854.3303767968176
 31
0.0
100
AcDbText
  0
TEXT
  5
7E3
330
1F
100
AcDbEntity
  8
SCHEDULE_TEXT__BM_
  6
CONTINUOUS
100
AcDbText
 10
2479.653960482931
 20
854.3332271769989
 30
0.0
 40
0.2299967350828956
  1
T 8@150C/C
 41
0.9000000000000001
  7
ROMANS
 72
     1
 11
2480.66923178494
 21
854.3332271769989
 31
0.0
100
AcDbText
  0
TEXT
  5
7E4
330
1F
100
AcDbEntity
  8
SCHEDULE_TEXT__BM_
  6
CONTINUOUS
100
AcDbText
 10
2475.769066984823
 20
854.3322338888761
 30
0.0
 40
0.2299967350828956
  1
2-T12
 41
0.9000000000000001
  7
ROMANS
 72
     1
 11
2476.271774134361
 21
854.3322338888761
 31
0.0
100
AcDbText
  0
TEXT
  5
7E5
330
1F
100
AcDbEntity
  8
SCHEDULE_TEXT__BM_
  6
CONTINUOUS
100
AcDbText
 10
2482.946695307794
 20
854.3332271769989
 30
0.0
 40
0.2299967350828956
  1
---
 41
0.9000000000000001
  7
ROMANS
 72
     1
 11
2483.331118422147
 21
854.3332271769989
 31
0.0
100
AcDbText
  0
TEXT
  5
7E6
330
1F
100
AcDbEntity
  8
SCHEDULE_TEXT__BM_
  6
CONTINUOUS
100
AcDbText
 10
2471.411475709293
 20
854.3300117649319
 30
0.0
 40
0.2299967350828956
  1
---
 41
0.9
  7
ROMANS
 72
     1
 11
2471.795898823646
 21
854.3300117649319
 31
0.0
100
AcDbText
  0
TEXT
  5
7E7
330
1F
100
AcDbEntity
  8
SCHEDULE_TEXT__BM_
  6
CONTINUOUS
100
AcDbText
 10
2474.116550903822
 20
854.3300117649319
 30
0.0
 40
0.2299967350828956
  1
2-T12
 41
0.9
  7
ROMANS
 72
     1
 11
2474.619258053361
 21
854.3300117649319
 31
0.0
100
AcDbText
  0
TEXT
  5
7E8
330
1F
100
AcDbEntity
  8
SCHEDULE_TEXT__BM_
  6
CONTINUOUS
100
AcDbText
 10
2467.808549509642
 20
853.6945981386091
 30
0.0
 40
0.2299967350828956
  1
150X600
 41
0.9000000000000001
  7
ROMANS
 72
     1
 11
2468.513325219289
 21
853.6945981386091
 31
0.0
100
AcDbText
  0
TEXT
  5
7E9
330
1F
100
AcDbEntity
  8
SCHEDULE_TEXT__BM_
  6
CONTINUOUS
100
AcDbText
 10
2469.801012811061
 20
853.6933449999872
 30
0.0
 40
0.2299967350828956
  1
2-T16
 41
0.9000000000000001
  7
ROMANS
 72
     1
 11
2470.3037199606
 21
853.6933449999872
 31
0.0
100
AcDbText
  0
TEXT
  5
7EA
330
1F
100
AcDbEntity
  8
SCHEDULE_TEXT__BM_
  6
CONTINUOUS
100
AcDbText
 10
2477.195811870165
 20
853.6914879079286
 30
0.0
 40
0.2299967350828956
  1
T 8@175C/C
 41
0.9000000000000001
  7
ROMANS
 72
     1
 11
2478.211083172174
 21
853.6914879079286
 31
0.0
100
AcDbText
  0
TEXT
  5
7EB
330
1F
100
AcDbEntity
  8
SCHEDULE_TEXT__BM_
  6
CONTINUOUS
100
AcDbText
 10
2479.653960482931
 20
853.69433828811
 30
0.0
 40
0.2299967350828956
  1
T 8@175C/C
 41
0.9000000000000001
  7
ROMANS
 72
     1
 11
2480.66923178494
 21
853.69433828811
 31
0.0
100
AcDbText
  0
TEXT
  5
7EC
330
1F
100
AcDbEntity
  8
SCHEDULE_TEXT__BM_
  6
CONTINUOUS
100
AcDbText
 10
2475.769066984823
 20
853.6933449999872
 30
0.0
 40
0.2299967350828956
  1
2-T16
 41
0.9000000000000001
  7
ROMANS
 72
     1
 11
2476.271774134361
 21
853.6933449999872
 31
0.0
100
AcDbText
  0
TEXT
  5
7ED
330
1F
100
AcDbEntity
  8
SCHEDULE_TEXT__BM_
  6
CONTINUOUS
100
AcDbText
 10
2482.946695307794
 20
853.69433828811
 30
0.0
 40
0.2299967350828956
  1
---
 41
0.9000000000000001
  7
ROMANS
 72
     1
 11
2483.331118422147
 21
853.69433828811
 31
0.0
100
AcDbText
  0
TEXT
  5
7EE
330
1F
100
AcDbEntity
  8
SCHEDULE_TEXT__BM_
  6
CONTINUOUS
100
AcDbText
 10
2471.411475709293
 20
853.6911228760429
 30
0.0
 40
0.2299967350828956
  1
---
 41
0.9
  7
ROMANS
 72
     1
 11
2471.795898823646
 21
853.6911228760429
 31
0.0
100
AcDbText
  0
TEXT
  5
7EF
330
1F
100
AcDbEntity
  8
SCHEDULE_TEXT__BM_
  6
CONTINUOUS
100
AcDbText
 10
2474.116550903822
 20
853.6911228760429
 30
0.0
 40
0.2299967350828956
  1
2-T16
 41
0.9
  7
ROMANS
 72
     1
 11
2474.619258053361
 21
853.6911228760429
 31
0.0
100
AcDbText
  0
TEXT
  5
7F0
330
1F
100
AcDbEntity
  8
SCHEDULE_TEXT__BM_
  6
CONTINUOUS
100
AcDbText
 10
2464.530895300416
 20
853.0325573054458
 30
0.0
 40
0.2299967350828956
  1
BR1
 41
0.9000000000000001
  7
ROMANS
100
AcDbText
  0
TEXT
  5
7F1
330
1F
100
AcDbEntity
  8
SCHEDULE_TEXT__BM_
  6
CONTINUOUS
100
AcDbText
 10
2467.82333501404
 20
853.0557092497203
 30
0.0
 40
0.2299967350828956
  1
230X600
 41
0.9000000000000001
  7
ROMANS
 72
     1
 11
2468.513325219289
 21
853.0557092497203
 31
0.0
100
AcDbText
  0
TEXT
  5
7F2
330
1F
100
AcDbEntity
  8
SCHEDULE_TEXT__BM_
  6
CONTINUOUS
100
AcDbText
 10
2469.801012811061
 20
853.0544561110984
 30
0.0
 40
0.2299967350828956
  1
2-T12
 41
0.9000000000000001
  7
ROMANS
 72
     1
 11
2470.3037199606
 21
853.0544561110984
 31
0.0
100
AcDbText
  0
TEXT
  5
7F3
330
1F
100
AcDbEntity
  8
SCHEDULE_TEXT__BM_
  6
CONTINUOUS
100
AcDbText
 10
2477.195811870165
 20
853.0525990190399
 30
0.0
 40
0.2299967350828956
  1
T 8@125C/C
 41
0.9000000000000001
  7
ROMANS
 72
     1
 11
2478.211083172174
 21
853.0525990190399
 31
0.0
100
AcDbText
  0
TEXT
  5
7F4
330
1F
100
AcDbEntity
  8
SCHEDULE_TEXT__BM_
  6
CONTINUOUS
100
AcDbText
 10
2479.653960482931
 20
853.0554493992212
 30
0.0
 40
0.2299967350828956
  1
T 8@125C/C
 41
0.9000000000000001
  7
ROMANS
 72
     1
 11
2480.66923178494
 21
853.0554493992212
 31
0.0
100
AcDbText
  0
TEXT
  5
7F5
330
1F
100
AcDbEntity
  8
SCHEDULE_TEXT__BM_
  6
CONTINUOUS
100
AcDbText
 10
2475.887351020008
 20
853.0544561110984
 30
0.0
 40
0.2299967350828956
  1
---
 41
0.9000000000000001
  7
ROMANS
 72
     1
 11
2476.271774134361
 21
853.0544561110984
 31
0.0
100
AcDbText
  0
TEXT
  5
7F6
330
1F
100
AcDbEntity
  8
SCHEDULE_TEXT__BM_
  6
CONTINUOUS
100
AcDbText
 10
2482.448916659721
 20
853.0554493992212
 30
0.0
 40
0.2299967350828956
  1
CANTILEVER
 41
0.9000000000000001
  7
ROMANS
 72
     1
 11
2483.331118422147
 21
853.0554493992212
 31
0.0
100
AcDbText
  0
TEXT
  5
7F7
330
1F
100
AcDbEntity
  8
SCHEDULE_TEXT__BM_
  6
CONTINUOUS
100
AcDbText
 10
2471.411475709293
 20
853.0522339871542
 30
0.0
 40
0.2299967350828956
  1
---
 41
0.9
  7
ROMANS
 72
     1
 11
2471.795898823646
 21
853.0522339871542
 31
0.0
100
AcDbText
  0
TEXT
  5
7F8
330
1F
100
AcDbEntity
  8
SCHEDULE_TEXT__BM_
  6
CONTINUOUS
100
AcDbText
 10
2474.234834939008
 20
853.0522339871542
 30
0.0
 40
0.2299967350828956
  1
---
 41
0.9
  7
ROMANS
 72
     1
 11
2474.619258053361
 21
853.0522339871542
 31
0.0
100
AcDbText
  0
TEXT
  5
7F9
330
1F
100
AcDbEntity
  8
SCHEDULE_TEXT__BM_
  6
CONTINUOUS
100
AcDbText
 10
2464.530895300416
 20
852.3936684165571
 30
0.0
 40
0.2299967350828956
  1
BR2
 41
0.9000000000000001
  7
ROMANS
100
AcDbText
  0
TEXT
  5
7FA
330
1F
100
AcDbEntity
  8
SCHEDULE_TEXT__BM_
  6
CONTINUOUS
100
AcDbText
 10
2467.808549509642
 20
852.4168203608316
 30
0.0
 40
0.2299967350828956
  1
150X600
 41
0.9000000000000001
  7
ROMANS
 72
     1
 11
2468.513325219289
 21
852.4168203608316
 31
0.0
100
AcDbText
  0
TEXT
  5
7FB
330
1F
100
AcDbEntity
  8
SCHEDULE_TEXT__BM_
  6
CONTINUOUS
100
AcDbText
 10
2469.801012811061
 20
852.4155672222097
 30
0.0
 40
0.2299967350828956
  1
2-T12
 41
0.9000000000000001
  7
ROMANS
 72
     1
 11
2470.3037199606
 21
852.4155672222097
 31
0.0
100
AcDbText
  0
TEXT
  5
7FC
330
1F
100
AcDbEntity
  8
SCHEDULE_TEXT__BM_
  6
CONTINUOUS
100
AcDbText
 10
2477.195811870165
 20
852.4137101301511
 30
0.0
 40
0.2299967350828956
  1
T 8@125C/C
 41
0.9000000000000001
  7
ROMANS
 72
     1
 11
2478.211083172174
 21
852.4137101301511
 31
0.0
100
AcDbText
  0
TEXT
  5
7FD
330
1F
100
AcDbEntity
  8
SCHEDULE_TEXT__BM_
  6
CONTINUOUS
100
AcDbText
 10
2479.653960482931
 20
852.4165605103324
 30
0.0
 40
0.2299967350828956
  1
T 8@125C/C
 41
0.9000000000000001
  7
ROMANS
 72
     1
 11
2480.66923178494
 21
852.4165605103324
 31
0.0
100
AcDbText
  0
TEXT
  5
7FE
330
1F
100
AcDbEntity
  8
SCHEDULE_TEXT__BM_
  6
CONTINUOUS
100
AcDbText
 10
2475.887351020008
 20
852.4155672222097
 30
0.0
 40
0.2299967350828956
  1
---
 41
0.9000000000000001
  7
ROMANS
 72
     1
 11
2476.271774134361
 21
852.4155672222097
 31
0.0
100
AcDbText
  0
TEXT
  5
7FF
330
1F
100
AcDbEntity
  8
SCHEDULE_TEXT__BM_
  6
CONTINUOUS
100
AcDbText
 10
2482.448916659721
 20
852.4165605103324
 30
0.0
 40
0.2299967350828956
  1
CANTILEVER
 41
0.9000000000000001
  7
ROMANS
 72
     1
 11
2483.331118422147
 21
852.4165605103324
 31
0.0
100
AcDbText
  0
TEXT
  5
800
330
1F
100
AcDbEntity
  8
SCHEDULE_TEXT__BM_
  6
CONTINUOUS
100
AcDbText
 10
2471.411475709293
 20
852.4133450982654
 30
0.0
 40
0.2299967350828956
  1
---
 41
0.9
  7
ROMANS
 72
     1
 11
2471.795898823646
 21
852.4133450982654
 31
0.0
100
AcDbText
  0
TEXT
  5
801
330
1F
100
AcDbEntity
  8
SCHEDULE_TEXT__BM_
  6
CONTINUOUS
100
AcDbText
 10
2474.234834939008
 20
852.4133450982654
 30
0.0
 40
0.2299967350828956
  1
---
 41
0.9
  7
ROMANS
 72
     1
 11
2474.619258053361
 21
852.4133450982654
 31
0.0
100
AcDbText
  0
TEXT
  5
802
330
1F
100
AcDbEntity
  8
SCHEDULE_TEXT__BM_
  6
CONTINUOUS
100
AcDbText
 10
2464.530895300416
 20
851.7547795276681
 30
0.0
 40
0.2299967350828956
  1
BR3,4,8,9
 41
0.9000000000000001
  7
ROMANS
100
AcDbText
  0
TEXT
  5
803
330
1F
100
AcDbEntity
  8
SCHEDULE_TEXT__BM_
  6
CONTINUOUS
100
AcDbText
 10
2467.82333501404
 20
851.7779314719426
 30
0.0
 40
0.2299967350828956
  1
230X600
 41
0.9000000000000001
  7
ROMANS
 72
     1
 11
2468.513325219289
 21
851.7779314719426
 31
0.0
100
AcDbText
  0
TEXT
  5
804
330
1F
100
AcDbEntity
  8
SCHEDULE_TEXT__BM_
  6
CONTINUOUS
100
AcDbText
 10
2469.801012811061
 20
851.7766783333207
 30
0.0
 40
0.2299967350828956
  1
3-T12
 41
0.9000000000000001
  7
ROMANS
 72
     1
 11
2470.3037199606
 21
851.7766783333207
 31
0.0
100
AcDbText
  0
TEXT
  5
805
330
1F
100
AcDbEntity
  8
SCHEDULE_TEXT__BM_
  6
CONTINUOUS
100
AcDbText
 10
2477.195811870165
 20
851.7748212412621
 30
0.0
 40
0.2299967350828956
  1
T 8@100C/C
 41
0.9000000000000001
  7
ROMANS
 72
     1
 11
2478.211083172174
 21
851.7748212412621
 31
0.0
100
AcDbText
  0
TEXT
  5
806
330
1F
100
AcDbEntity
  8
SCHEDULE_TEXT__BM_
  6
CONTINUOUS
100
AcDbText
 10
2479.653960482931
 20
851.7776716214435
 30
0.0
 40
0.2299967350828956
  1
T 8@100C/C
 41
0.9000000000000001
  7
ROMANS
 72
     1
 11
2480.66923178494
 21
851.7776716214435
 31
0.0
100
AcDbText
  0
TEXT
  5
807
330
1F
100
AcDbEntity
  8
SCHEDULE_TEXT__BM_
  6
CONTINUOUS
100
AcDbText
 10
2475.887351020008
 20
851.7766783333207
 30
0.0
 40
0.2299967350828956
  1
---
 41
0.9000000000000001
  7
ROMANS
 72
     1
 11
2476.271774134361
 21
851.7766783333207
 31
0.0
100
AcDbText
  0
TEXT
  5
808
330
1F
100
AcDbEntity
  8
SCHEDULE_TEXT__BM_
  6
CONTINUOUS
100
AcDbText
 10
2482.448916659721
 20
851.7776716214435
 30
0.0
 40
0.2299967350828956
  1
CANTILEVER
 41
0.9000000000000001
  7
ROMANS
 72
     1
 11
2483.331118422147
 21
851.7776716214435
 31
0.0
100
AcDbText
  0
TEXT
  5
809
330
1F
100
AcDbEntity
  8
SCHEDULE_TEXT__BM_
  6
CONTINUOUS
100
AcDbText
 10
2471.411475709293
 20
851.7744562093765
 30
0.0
 40
0.2299967350828956
  1
---
 41
0.9
  7
ROMANS
 72
     1
 11
2471.795898823646
 21
851.7744562093765
 31
0.0
100
AcDbText
  0
TEXT
  5
80A
330
1F
100
AcDbEntity
  8
SCHEDULE_TEXT__BM_
  6
CONTINUOUS
100
AcDbText
 10
2474.234834939008
 20
851.7744562093765
 30
0.0
 40
0.2299967350828956
  1
---
 41
0.9
  7
ROMANS
 72
     1
 11
2474.619258053361
 21
851.7744562093765
 31
0.0
100
AcDbText
  0
TEXT
  5
80B
330
1F
100
AcDbEntity
  8
SCHEDULE_TEXT__BM_
  6
CONTINUOUS
100
AcDbText
 10
2464.530895300416
 20
851.1181127627234
 30
0.0
 40
0.2299967350828956
  1
BR5,12
 41
0.9000000000000001
  7
ROMANS
100
AcDbText
  0
TEXT
  5
80C
330
1F
100
AcDbEntity
  8
SCHEDULE_TEXT__BM_
  6
CONTINUOUS
100
AcDbText
 10
2467.419197893823
 20
851.1412647069978
 30
0.0
 40
0.2299967350828956
  1
230X600/680
 41
0.9000000000000001
  7
ROMANS
 72
     1
 11
2468.513325219289
 21
851.1412647069978
 31
0.0
100
AcDbText
  0
TEXT
  5
80D
330
1F
100
AcDbEntity
  8
SCHEDULE_TEXT__BM_
  6
CONTINUOUS
100
AcDbText
 10
2469.801012811061
 20
851.1400115683759
 30
0.0
 40
0.2299967350828956
  1
2-T16
 41
0.9000000000000001
  7
ROMANS
 72
     1
 11
2470.3037199606
 21
851.1400115683759
 31
0.0
100
AcDbText
  0
TEXT
  5
80E
330
1F
100
AcDbEntity
  8
SCHEDULE_TEXT__BM_
  6
CONTINUOUS
100
AcDbText
 10
2477.097241840844
 20
851.1381544763174
 30
0.0
 40
0.2299967350828956
  1
T 10@125C/C
 41
0.9000000000000001
  7
ROMANS
 72
     1
 11
2478.211083172174
 21
851.1381544763174
 31
0.0
100
AcDbText
  0
TEXT
  5
80F
330
1F
100
AcDbEntity
  8
SCHEDULE_TEXT__BM_
  6
CONTINUOUS
100
AcDbText
 10
2479.55539045361
 20
851.1410048564986
 30
0.0
 40
0.2299967350828956
  1
T 10@125C/C
 41
0.9000000000000001
  7
ROMANS
 72
     1
 11
2480.66923178494
 21
851.1410048564986
 31
0.0
100
AcDbText
  0
TEXT
  5
810
330
1F
100
AcDbEntity
  8
SCHEDULE_TEXT__BM_
  6
CONTINUOUS
100
AcDbText
 10
2475.887351020008
 20
851.1400115683759
 30
0.0
 40
0.2299967350828956
  1
---
 41
0.9000000000000001
  7
ROMANS
 72
     1
 11
2476.271774134361
 21
851.1400115683759
 31
0.0
100
AcDbText
  0
TEXT
  5
811
330
1F
100
AcDbEntity
  8
SCHEDULE_TEXT__BM_
  6
CONTINUOUS
100
AcDbText
 10
2482.448916659721
 20
851.1410048564986
 30
0.0
 40
0.2299967350828956
  1
CANTILEVER
 41
0.9000000000000001
  7
ROMANS
 72
     1
 11
2483.331118422147
 21
851.1410048564986
 31
0.0
100
AcDbText
  0
TEXT
  5
812
330
1F
100
AcDbEntity
  8
SCHEDULE_TEXT__BM_
  6
CONTINUOUS
100
AcDbText
 10
2471.411475709293
 20
851.1377894444316
 30
0.0
 40
0.2299967350828956
  1
---
 41
0.9
  7
ROMANS
 72
     1
 11
2471.795898823646
 21
851.1377894444316
 31
0.0
100
AcDbText
  0
TEXT
  5
813
330
1F
100
AcDbEntity
  8
SCHEDULE_TEXT__BM_
  6
CONTINUOUS
100
AcDbText
 10
2474.234834939008
 20
851.1377894444316
 30
0.0
 40
0.2299967350828956
  1
---
 41
0.9
  7
ROMANS
 72
     1
 11
2474.619258053361
 21
851.1377894444316
 31
0.0
100
AcDbText
  0
TEXT
  5
814
330
1F
100
AcDbEntity
  8
SCHEDULE_TEXT__BM_
  6
CONTINUOUS
100
AcDbText
 10
2464.530895300416
 20
850.4814459977786
 30
0.0
 40
0.2299967350828956
  1
BR6
 41
0.9000000000000001
  7
ROMANS
100
AcDbText
  0
TEXT
  5
815
330
1F
100
AcDbEntity
  8
SCHEDULE_TEXT__BM_
  6
CONTINUOUS
100
AcDbText
 10
2467.82333501404
 20
850.504597942053
 30
0.0
 40
0.2299967350828956
  1
230X600
 41
0.9000000000000001
  7
ROMANS
 72
     1
 11
2468.513325219289
 21
850.504597942053
 31
0.0
100
AcDbText
  0
TEXT
  5
816
330
1F
100
AcDbEntity
  8
SCHEDULE_TEXT__BM_
  6
CONTINUOUS
100
AcDbText
 10
2469.801012811061
 20
850.5033448034311
 30
0.0
 40
0.2299967350828956
  1
2-T12
 41
0.9000000000000001
  7
ROMANS
 72
     1
 11
2470.3037199606
 21
850.5033448034311
 31
0.0
100
AcDbText
  0
TEXT
  5
817
330
1F
100
AcDbEntity
  8
SCHEDULE_TEXT__BM_
  6
CONTINUOUS
100
AcDbText
 10
2477.195811870165
 20
850.5014877113725
 30
0.0
 40
0.2299967350828956
  1
T 8@100C/C
 41
0.9000000000000001
  7
ROMANS
 72
     1
 11
2478.211083172174
 21
850.5014877113725
 31
0.0
100
AcDbText
  0
TEXT
  5
818
330
1F
100
AcDbEntity
  8
SCHEDULE_TEXT__BM_
  6
CONTINUOUS
100
AcDbText
 10
2479.653960482931
 20
850.5043380915539
 30
0.0
 40
0.2299967350828956
  1
T 8@100C/C
 41
0.9000000000000001
  7
ROMANS
 72
     1
 11
2480.66923178494
 21
850.5043380915539
 31
0.0
100
AcDbText
  0
TEXT
  5
819
330
1F
100
AcDbEntity
  8
SCHEDULE_TEXT__BM_
  6
CONTINUOUS
100
AcDbText
 10
2475.887351020008
 20
850.5033448034311
 30
0.0
 40
0.2299967350828956
  1
---
 41
0.9000000000000001
  7
ROMANS
 72
     1
 11
2476.271774134361
 21
850.5033448034311
 31
0.0
100
AcDbText
  0
TEXT
  5
81A
330
1F
100
AcDbEntity
  8
SCHEDULE_TEXT__BM_
  6
CONTINUOUS
100
AcDbText
 10
2482.448916659721
 20
850.5043380915539
 30
0.0
 40
0.2299967350828956
  1
CANTILEVER
 41
0.9000000000000001
  7
ROMANS
 72
     1
 11
2483.331118422147
 21
850.5043380915539
 31
0.0
100
AcDbText
  0
TEXT
  5
81B
330
1F
100
AcDbEntity
  8
SCHEDULE_TEXT__BM_
  6
CONTINUOUS
100
AcDbText
 10
2471.411475709293
 20
850.5011226794869
 30
0.0
 40
0.2299967350828956
  1
---
 41
0.9
  7
ROMANS
 72
     1
 11
2471.795898823646
 21
850.5011226794869
 31
0.0
100
AcDbText
  0
TEXT
  5
81C
330
1F
100
AcDbEntity
  8
SCHEDULE_TEXT__BM_
  6
CONTINUOUS
100
AcDbText
 10
2474.234834939008
 20
850.5011226794869
 30
0.0
 40
0.2299967350828956
  1
---
 41
0.9
  7
ROMANS
 72
     1
 11
2474.619258053361
 21
850.5011226794869
 31
0.0
100
AcDbText
  0
TEXT
  5
81D
330
1F
100
AcDbEntity
  8
SCHEDULE_TEXT__BM_
  6
CONTINUOUS
100
AcDbText
 10
2464.530895300416
 20
849.2081124678891
 30
0.0
 40
0.2299967350828956
  1
BR10,11,13
 41
0.9000000000000001
  7
ROMANS
100
AcDbText
  0
TEXT
  5
81E
330
1F
100
AcDbEntity
  8
SCHEDULE_TEXT__BM_
  6
CONTINUOUS
100
AcDbText
 10
2467.82333501404
 20
849.2312644121636
 30
0.0
 40
0.2299967350828956
  1
230X600
 41
0.9000000000000001
  7
ROMANS
 72
     1
 11
2468.513325219289
 21
849.2312644121636
 31
0.0
100
AcDbText
  0
TEXT
  5
81F
330
1F
100
AcDbEntity
  8
SCHEDULE_TEXT__BM_
  6
CONTINUOUS
100
AcDbText
 10
2469.801012811061
 20
849.2300112735417
 30
0.0
 40
0.2299967350828956
  1
2-T12
 41
0.9000000000000001
  7
ROMANS
 72
     1
 11
2470.3037199606
 21
849.2300112735417
 31
0.0
100
AcDbText
  0
TEXT
  5
820
330
1F
100
AcDbEntity
  8
SCHEDULE_TEXT__BM_
  6
CONTINUOUS
100
AcDbText
 10
2477.195811870165
 20
849.2281541814831
 30
0.0
 40
0.2299967350828956
  1
T 8@150C/C
 41
0.9000000000000001
  7
ROMANS
 72
     1
 11
2478.211083172174
 21
849.2281541814831
 31
0.0
100
AcDbText
  0
TEXT
  5
821
330
1F
100
AcDbEntity
  8
SCHEDULE_TEXT__BM_
  6
CONTINUOUS
100
AcDbText
 10
2479.653960482931
 20
849.2310045616643
 30
0.0
 40
0.2299967350828956
  1
T 8@150C/C
 41
0.9000000000000001
  7
ROMANS
 72
     1
 11
2480.66923178494
 21
849.2310045616643
 31
0.0
100
AcDbText
  0
TEXT
  5
822
330
1F
100
AcDbEntity
  8
SCHEDULE_TEXT__BM_
  6
CONTINUOUS
100
AcDbText
 10
2475.887351020008
 20
849.2300112735417
 30
0.0
 40
0.2299967350828956
  1
---
 41
0.9000000000000001
  7
ROMANS
 72
     1
 11
2476.271774134361
 21
849.2300112735417
 31
0.0
100
AcDbText
  0
TEXT
  5
823
330
1F
100
AcDbEntity
  8
SCHEDULE_TEXT__BM_
  6
CONTINUOUS
100
AcDbText
 10
2482.448916659721
 20
849.2310045616643
 30
0.0
 40
0.2299967350828956
  1
CANTILEVER
 41
0.9000000000000001
  7
ROMANS
 72
     1
 11
2483.331118422147
 21
849.2310045616643
 31
0.0
100
AcDbText
  0
TEXT
  5
824
330
1F
100
AcDbEntity
  8
SCHEDULE_TEXT__BM_
  6
CONTINUOUS
100
AcDbText
 10
2471.411475709293
 20
849.2277891495974
 30
0.0
 40
0.2299967350828956
  1
---
 41
0.9
  7
ROMANS
 72
     1
 11
2471.795898823646
 21
849.2277891495974
 31
0.0
100
AcDbText
  0
TEXT
  5
825
330
1F
100
AcDbEntity
  8
SCHEDULE_TEXT__BM_
  6
CONTINUOUS
100
AcDbText
 10
2474.234834939008
 20
849.2277891495974
 30
0.0
 40
0.2299967350828956
  1
---
 41
0.9
  7
ROMANS
 72
     1
 11
2474.619258053361
 21
849.2277891495974
 31
0.0
100
AcDbText
  0
TEXT
  5
826
330
1F
100
AcDbEntity
  8
SCHEDULE_TEXT__BM_
  6
CONTINUOUS
100
AcDbText
 10
2472.76860203264
 20
857.5266783333204
 30
0.0
 40
0.2299967350828956
  1
2-T10
 41
0.9
  7
ROMANS
 72
     1
 11
2473.271309182178
 21
857.5266783333204
 31
0.0
100
AcDbText
  0
TEXT
  5
827
330
1F
100
AcDbEntity
  8
SCHEDULE_TEXT__BM_
  6
CONTINUOUS
100
AcDbText
 10
2472.76860203264
 20
856.2489005555428
 30
0.0
 40
0.2299967350828956
  1
2-T16
 41
0.9
  7
ROMANS
 72
     1
 11
2473.271309182178
 21
856.2489005555428
 31
0.0
100
AcDbText
  0
TEXT
  5
828
330
1F
100
AcDbEntity
  8
SCHEDULE_TEXT__BM_
  6
CONTINUOUS
100
AcDbText
 10
2472.76860203264
 20
855.6100116666541
 30
0.0
 40
0.2299967350828956
  1
2-T12
 41
0.9
  7
ROMANS
 72
     1
 11
2473.271309182178
 21
855.6100116666541
 31
0.0
100
AcDbText
  0
TEXT
  5
829
330
1F
100
AcDbEntity
  8
SCHEDULE_TEXT__BM_
  6
CONTINUOUS
100
AcDbText
 10
2472.76860203264
 20
854.9711227777651
 30
0.0
 40
0.2299967350828956
  1
2-T12
 41
0.9
  7
ROMANS
 72
     1
 11
2473.271309182178
 21
854.9711227777651
 31
0.0
100
AcDbText
  0
TEXT
  5
82A
330
1F
100
AcDbEntity
  8
SCHEDULE_TEXT__BM_
  6
CONTINUOUS
100
AcDbText
 10
2472.76860203264
 20
854.3322338888761
 30
0.0
 40
0.2299967350828956
  1
2-T12
 41
0.9
  7
ROMANS
 72
     1
 11
2473.271309182178
 21
854.3322338888761
 31
0.0
100
AcDbText
  0
TEXT
  5
82B
330
1F
100
AcDbEntity
  8
SCHEDULE_TEXT__BM_
  6
CONTINUOUS
100
AcDbText
 10
2472.76860203264
 20
853.6933449999872
 30
0.0
 40
0.2299967350828956
  1
2-T10
 41
0.9
  7
ROMANS
 72
     1
 11
2473.271309182178
 21
853.6933449999872
 31
0.0
100
AcDbText
  0
TEXT
  5
82C
330
1F
100
AcDbEntity
  8
SCHEDULE_TEXT__BM_
  6
CONTINUOUS
100
AcDbText
 10
2472.76860203264
 20
853.0544561110984
 30
0.0
 40
0.2299967350828956
  1
2-T16
 41
0.9
  7
ROMANS
 72
     1
 11
2473.271309182178
 21
853.0544561110984
 31
0.0
100
AcDbText
  0
TEXT
  5
82D
330
1F
100
AcDbEntity
  8
SCHEDULE_TEXT__BM_
  6
CONTINUOUS
100
AcDbText
 10
2472.76860203264
 20
852.4155672222097
 30
0.0
 40
0.2299967350828956
  1
3-T12
 41
0.9
  7
ROMANS
 72
     1
 11
2473.271309182178
 21
852.4155672222097
 31
0.0
100
AcDbText
  0
TEXT
  5
82E
330
1F
100
AcDbEntity
  8
SCHEDULE_TEXT__BM_
  6
CONTINUOUS
100
AcDbText
 10
2472.76860203264
 20
851.7766783333207
 30
0.0
 40
0.2299967350828956
  1
5-T16
 41
0.9
  7
ROMANS
 72
     1
 11
2473.271309182178
 21
851.7766783333207
 31
0.0
100
AcDbText
  0
TEXT
  5
82F
330
1F
100
AcDbEntity
  8
SCHEDULE_TEXT__BM_
  6
CONTINUOUS
100
AcDbText
 10
2472.763673531174
 20
851.1400115683759
 30
0.0
 40
0.2299967350828956
  1
6-T16
 41
0.9
  7
ROMANS
 72
     1
 11
2473.271309182178
 21
851.1400115683759
 31
0.0
100
AcDbText
  0
TEXT
  5
830
330
1F
100
AcDbEntity
  8
SCHEDULE_TEXT__BM_
  6
CONTINUOUS
100
AcDbText
 10
2472.76860203264
 20
850.5033448034311
 30
0.0
 40
0.2299967350828956
  1
3-T16
 41
0.9
  7
ROMANS
 72
     1
 11
2473.271309182178
 21
850.5033448034311
 31
0.0
100
AcDbText
  0
TEXT
  5
831
330
1F
100
AcDbEntity
  8
SCHEDULE_TEXT__BM_
  6
CONTINUOUS
100
AcDbText
 10
2472.76860203264
 20
849.2300112735417
 30
0.0
 40
0.2299967350828956
  1
4-T16
 41
0.9
  7
ROMANS
 72
     1
 11
2473.271309182178
 21
849.2300112735417
 31
0.0
100
AcDbText
  0
LINE
  5
832
330
1F
100
AcDbEntity
  8
TABLE__BM_
100
AcDbLine
 10
2484.58458129641
 20
848.3751571975105
 30
0.0
 11
2464.345134064763
 21
848.3751571975105
 31
0.0
  0
TEXT
  5
833
330
1F
100
AcDbEntity
  8
SCHEDULE_TEXT__BM_
  6
CONTINUOUS
100
AcDbText
 10
2464.530895300416
 20
847.9347789379995
 30
0.0
 40
0.2299967350828956
  1
LB1
 41
0.9000000000000001
  7
ROMANS
100
AcDbText
  0
TEXT
  5
834
330
1F
100
AcDbEntity
  8
SCHEDULE_TEXT__BM_
  6
CONTINUOUS
100
AcDbText
 10
2467.808549509642
 20
847.957930882274
 30
0.0
 40
0.2299967350828956
  1
150X450
 41
0.9000000000000001
  7
ROMANS
 72
     1
 11
2468.513325219289
 21
847.957930882274
 31
0.0
100
AcDbText
  0
TEXT
  5
835
330
1F
100
AcDbEntity
  8
SCHEDULE_TEXT__BM_
  6
CONTINUOUS
100
AcDbText
 10
2469.801012811061
 20
847.956677743652
 30
0.0
 40
0.2299967350828956
  1
2-T12
 41
0.9000000000000001
  7
ROMANS
 72
     1
 11
2470.3037199606
 21
847.956677743652
 31
0.0
100
AcDbText
  0
TEXT
  5
836
330
1F
100
AcDbEntity
  8
SCHEDULE_TEXT__BM_
  6
CONTINUOUS
100
AcDbText
 10
2477.195811870165
 20
847.9548206515935
 30
0.0
 40
0.2299967350828956
  1
T 8@150C/C
 41
0.9000000000000001
  7
ROMANS
 72
     1
 11
2478.211083172174
 21
847.9548206515935
 31
0.0
100
AcDbText
  0
TEXT
  5
837
330
1F
100
AcDbEntity
  8
SCHEDULE_TEXT__BM_
  6
CONTINUOUS
100
AcDbText
 10
2479.653960482931
 20
847.9576710317748
 30
0.0
 40
0.2299967350828956
  1
T 8@150C/C
 41
0.9000000000000001
  7
ROMANS
 72
     1
 11
2480.66923178494
 21
847.9576710317748
 31
0.0
100
AcDbText
  0
TEXT
  5
838
330
1F
100
AcDbEntity
  8
SCHEDULE_TEXT__BM_
  6
CONTINUOUS
100
AcDbText
 10
2475.887351020008
 20
847.956677743652
 30
0.0
 40
0.2299967350828956
  1
---
 41
0.9000000000000001
  7
ROMANS
 72
     1
 11
2476.271774134361
 21
847.956677743652
 31
0.0
100
AcDbText
  0
TEXT
  5
839
330
1F
100
AcDbEntity
  8
SCHEDULE_TEXT__BM_
  6
CONTINUOUS
100
AcDbText
 10
2482.946695307794
 20
847.9576710317748
 30
0.0
 40
0.2299967350828956
  1
---
 41
0.9000000000000001
  7
ROMANS
 72
     1
 11
2483.331118422147
 21
847.9576710317748
 31
0.0
100
AcDbText
  0
TEXT
  5
83A
330
1F
100
AcDbEntity
  8
SCHEDULE_TEXT__BM_
  6
CONTINUOUS
100
AcDbText
 10
2471.411475709293
 20
847.9544556197078
 30
0.0
 40
0.2299967350828956
  1
---
 41
0.9
  7
ROMANS
 72
     1
 11
2471.795898823646
 21
847.9544556197078
 31
0.0
100
AcDbText
  0
TEXT
  5
83B
330
1F
100
AcDbEntity
  8
SCHEDULE_TEXT__BM_
  6
CONTINUOUS
100
AcDbText
 10
2474.234834939008
 20
847.9544556197078
 30
0.0
 40
0.2299967350828956
  1
---
 41
0.9
  7
ROMANS
 72
     1
 11
2474.619258053361
 21
847.9544556197078
 31
0.0
100
AcDbText
  0
TEXT
  5
83C
330
1F
100
AcDbEntity
  8
SCHEDULE_TEXT__BM_
  6
CONTINUOUS
100
AcDbText
 10
2472.76860203264
 20
847.956677743652
 30
0.0
 40
0.2299967350828956
  1
2-T12
 41
0.9
  7
ROMANS
 72
     1
 11
2473.271309182178
 21
847.956677743652
 31
0.0
100
AcDbText
  0
TEXT
  5
83D
330
1F
100
AcDbEntity
  8
SCHEDULE_TEXT__BM_
  6
CONTINUOUS
100
AcDbText
 10
2459.149278475382
 20
852.6542255693405
 30
0.0
 40
0.2299967350828956
  1
TWOWAY
 41
0.9
  7
ROMANS
 72
     1
 11
2459.750555654242
 21
852.5775599909796
 31
0.0
100
AcDbText
 73
     1
  0
INSERT
  5
83E
330
1F
100
AcDbEntity
  8
BAHUBALI_TITLE__BM_
100
AcDbBlockReference
  2
SLAB_MARK_2W
 10
1997.899209644231
 20
706.1779420913072
 30
0.0
 41
0.5587284566856363
 42
0.5587284566856363
 43
0.5587284566856363
  0
LINE
  5
83F
330
1F
100
AcDbEntity
  8
TABLE__BM_
100
AcDbLine
 10
2442.264381488256
 20
851.813565822881
 30
0.0
 11
2461.14580821091
 21
851.813565822881
 31
0.0
  0
LINE
  5
840
330
1F
100
AcDbEntity
  8
TABLE__BM_
100
AcDbLine
 10
2442.264381488256
 20
851.174676933992
 30
0.0
 11
2461.14580821091
 21
851.174676933992
 31
0.0
  0
LINE
  5
841
330
1F
100
AcDbEntity
  8
TABLE__BM_
100
AcDbLine
 10
2442.264381488256
 20
851.174676933992
 30
0.0
 11
2461.14580821091
 21
851.174676933992
 31
0.0
  0
TEXT
  5
842
330
1F
100
AcDbEntity
  8
SCHEDULE_TEXT__BM_
  6
CONTINUOUS
100
AcDbText
 10
2444.138818897168
 20
850.7377497462855
 30
0.0
 40
0.2299967350828956
  1
125
 41
0.9
  7
ROMANS
 72
     1
 11
2444.44931448953
 21
850.6610841679246
 31
0.0
100
AcDbText
 73
     1
  0
TEXT
  5
843
330
1F
100
AcDbEntity
  8
SCHEDULE_TEXT__BM_
  6
CONTINUOUS
100
AcDbText
 10
2442.659301985649
 20
850.737558902669
 30
0.0
 40
0.2299967350828956
  1
S5
 41
0.9
  7
ROMANS
 72
     1
 11
2442.856442044292
 21
850.6608933243081
 31
0.0
100
AcDbText
 73
     1
  0
TEXT
  5
844
330
1F
100
AcDbEntity
  8
SCHEDULE_TEXT__BM_
  6
CONTINUOUS
100
AcDbText
 10
2445.303946795271
 20
850.737558902674
 30
0.0
 40
0.2299967350828956
  1
T 8@150C/C
 41
0.9
  7
ROMANS
 72
     1
 11
2446.31921809728
 21
850.6608933243131
 31
0.0
100
AcDbText
 73
     1
  0
TEXT
  5
845
330
1F
100
AcDbEntity
  8
SCHEDULE_TEXT__BM_
  6
CONTINUOUS
100
AcDbText
 10
2451.234004241734
 20
850.7375589026735
 30
0.0
 40
0.2299967350828956
  1
T 8@175C/C
 41
0.9
  7
ROMANS
 72
     1
 11
2452.249275543742
 21
850.6608933243126
 31
0.0
100
AcDbText
 73
     1
  0
TEXT
  5
846
330
1F
100
AcDbEntity
  8
SCHEDULE_TEXT__BM_
  6
CONTINUOUS
100
AcDbText
 10
2447.71973842033
 20
850.7375589026692
 30
0.0
 40
0.2299967350828956
  1
ALTERNATE BENTUP
 41
0.9
  7
ROMANS
 72
     1
 11
2449.227859868945
 21
850.6608933243083
 31
0.0
100
AcDbText
 73
     1
  0
TEXT
  5
847
330
1F
100
AcDbEntity
  8
SCHEDULE_TEXT__BM_
  6
CONTINUOUS
100
AcDbText
 10
2454.049834755439
 20
850.7375589026692
 30
0.0
 40
0.2299967350828956
  1
ALL  STRAIGHT
 41
0.9
  7
ROMANS
 72
     1
 11
2455.21296110143
 21
850.6608933243083
 31
0.0
100
AcDbText
 73
     1
  0
TEXT
  5
848
330
1F
100
AcDbEntity
  8
SCHEDULE_TEXT__BM_
  6
CONTINUOUS
100
AcDbText
 10
2459.065187721799
 20
850.9237170415768
 30
0.0
 40
0.2299967350828956
  1
ONEWAY
 41
0.9
  7
ROMANS
 72
     1
 11
2459.681250405057
 21
850.8470514632158
 31
0.0
100
AcDbText
 73
     1
  0
LWPOLYLINE
  5
849
330
1F
100
AcDbEntity
  8
SLAB_MARK__BM_
100
AcDbPolyline
 90
        4
 70
     0
 43
0.0
 10
2457.828360663214
 20
850.916620340319
 10
2457.719014383646
 20
850.8619472005482
 10
2458.21969310005
 20
850.8619472005482
 10
2458.110346820482
 20
850.8072740607772
  0
TEXT
  5
84A
330
1F
100
AcDbEntity
  8
SCHEDULE_TEXT__BM_
  6
CONTINUOUS
100
AcDbText
 10
2458.523052560533
 20
850.6081817985489
 30
0.0
 40
0.2299967350828956
  1
250 MM SUNK
 41
0.9
  7
ROMANS
 72
     1
 11
2459.681250405057
 21
850.531516220188
 31
0.0
100
AcDbText
 73
     1
  0
TEXT
  5
84B
330
1F
100
AcDbEntity
  8
SCHEDULE_TEXT__BM_
  6
CONTINUOUS
100
AcDbText
 10
2459.139858234578
 20
851.4152242071261
 30
0.0
 40
0.2299967350828956
  1
ONEWAY
 41
0.9
  7
ROMANS
 72
     1
 11
2459.755920917836
 21
851.3385586287652
 31
0.0
100
AcDbText
 73
     1
  0
LWPOLYLINE
  5
84C
330
1F
100
AcDbEntity
  8
SECTION_BORDER__BM_
100
AcDbPolyline
 90
        4
 70
     1
 43
0.0
 10
2466.043205931523
 20
875.5525293410637
 10
2467.094054407753
 20
875.5525293410637
 10
2467.094054407753
 20
874.9811315498657
 10
2466.043205931523
 20
874.9811315498657
  0
LWPOLYLINE
  5
84D
330
1F
100
AcDbEntity
  8
SECTION_BORDER__BM_
100
AcDbPolyline
 90
        4
 70
     1
 43
0.0
 10
2466.043205931523
 20
874.8693022031905
 10
2467.094054407753
 20
874.8693022031905
 10
2467.094054407753
 20
874.2979044119909
 10
2466.043205931523
 20
874.2979044119909
  0
LINE
  5
84E
330
1F
100
AcDbEntity
  8
DUCT__BM_
100
AcDbLine
 10
2466.043205931523
 20
874.2979044119909
 30
0.0
 11
2467.094054407753
 21
874.8693022031905
 31
0.0
  0
LINE
  5
84F
330
1F
100
AcDbEntity
  8
DUCT__BM_
100
AcDbLine
 10
2467.094054407753
 20
874.2979044119909
 30
0.0
 11
2466.043205931523
 21
874.8693022031905
 31
0.0
  0
LWPOLYLINE
  5
850
330
1F
100
AcDbEntity
  8
SLAB_MARK__BM_
100
AcDbPolyline
 90
        4
 70
     0
 43
0.0
 10
2466.357472595436
 20
875.3487113979188
 10
2466.193710690489
 20
875.2668304454646
 10
2466.943549648787
 20
875.2668304454646
 10
2466.77978774384
 20
875.1849494930104
  0
LWPOLYLINE
  5
851
330
1F
100
AcDbEntity
  8
SECTION_BORDER__BM_
100
AcDbPolyline
 90
        4
 70
     1
 43
0.0
 10
2466.043205931523
 20
874.1701806163198
 10
2467.094054407753
 20
874.1701806163198
 10
2467.094054407753
 20
873.5987828251202
 10
2466.043205931523
 20
873.5987828251202
  0
LWPOLYLINE
  5
852
330
1F
100
AcDbEntity
  8
SECTION_BORDER__BM_
100
AcDbPolyline
 90
        4
 70
     1
 43
0.0
 10
2466.043205931523
 20
873.4869534784468
 10
2467.094054407753
 20
873.4869534784468
 10
2467.094054407753
 20
872.915555687247
 10
2466.043205931523
 20
872.915555687247
  0
LWPOLYLINE
  5
853
330
1F
100
AcDbEntity
  8
SECTION_BORDER__BM_
100
AcDbPolyline
 90
        4
 70
     1
 43
0.0
 10
2466.043205931523
 20
872.8037263405736
 10
2467.094054407753
 20
872.8037263405736
 10
2467.094054407753
 20
872.232328549374
 10
2466.043205931523
 20
872.232328549374
  0
HATCH
  5
854
330
1F
100
AcDbEntity
  8
SUNK_BY_150MM__BM_
100
AcDbHatch
 10
0.0
 20
0.0
 30
0.0
210
0.0
220
0.0
230
1.0
  2
WATER
 70
     0
 71
     0
 91
        1
 92
        1
 93
        4
 72
     1
 10
2466.10531558858
 20
874.0880769466091
 11
2466.10531558858
 21
873.6582251025402
 72
     1
 10
2466.10531558858
 20
873.6582251025402
 11
2467.04051348742
 21
873.6582251025402
 72
     1
 10
2467.04051348742
 20
873.6582251025402
 11
2467.04051348742
 21
874.0880769466092
 72
     1
 10
2467.04051348742
 20
874.0880769466091
 11
2466.10531558858
 21
874.0880769466091
 97
        0
 75
     0
 76
     1
 52
0.0
 41
0.15
 77
     0
 78
     5
 53
0.0
 43
3035.546440431451
 44
1224.963590696737
 45
0.0
 46
0.15
 79
     2
 49
0.03
 49
-0.12
 53
45.0
 43
3035.606440431451
 44
1224.978590696737
 45
0.0
 46
0.1500000000028537
 79
     2
 49
0.042426406875
 49
-0.1697056275
 53
135.0
 43
3035.666440431452
 44
1224.978590696737
 45
-0.1500000000028537
 46
0.0
 79
     2
 49
0.042426406875
 49
-0.1697056275
 53
26.56505119999999
 43
3035.576440431451
 44
1224.963590696737
 45
0.1499999999664731
 46
0.0000000001270917
 79
     2
 49
0.03354
 49
-0.30187019655
 53
333.4349488
 43
3035.666440431452
 44
1224.978590696737
 45
0.1499999999664731
 46
-0.0000000001270918
 79
     2
 49
0.03354
 49
-0.30187019655
 98
        1
 10
2466.681361362254
 20
873.898212806401
1001
ACAD
1010
0.0
1020
0.0
1030
0.0
  0
LWPOLYLINE
  5
855
330
1F
100
AcDbEntity
  8
SUNK_BY_150MM__BM_
100
AcDbPolyline
 90
        4
 70
     1
 43
0.0
 10
2466.10531558858
 20
874.0880769466091
 10
2467.04051348742
 20
874.0880769466091
 10
2467.04051348742
 20
873.6582251025402
 10
2466.10531558858
 20
873.6582251025402
  0
HATCH
  5
856
330
1F
100
AcDbEntity
  8
SUNK_BY_200MM__BM_
100
AcDbHatch
 10
0.0
 20
0.0
 30
0.0
210
0.0
220
0.0
230
1.0
  2
GLB
 70
     0
 71
     0
 91
        1
 92
        1
 93
        4
 72
     1
 10
2466.10531558858
 20
873.4048498087359
 11
2466.10531558858
 21
872.974997964667
 72
     1
 10
2466.10531558858
 20
872.974997964667
 11
2467.04051348742
 21
872.974997964667
 72
     1
 10
2467.04051348742
 20
872.974997964667
 11
2467.04051348742
 21
873.4048498087359
 72
     1
 10
2467.04051348742
 20
873.4048498087359
 11
2466.10531558858
 21
873.4048498087359
 97
        0
 75
     0
 76
     1
 52
0.0
 41
0.15
 77
     0
 78
     3
 53
0.0
 43
3299.305253889866
 44
1482.399758049903
 45
0.0
 46
0.15
 79
     0
 53
315.0
 43
3299.305253889866
 44
1482.399758049903
 45
0.1499999999604273
 46
0.0
 79
     2
 49
0.21213203445
 49
-0.21213203445
 53
45.0
 43
3299.305253889866
 44
1482.399758049903
 45
0.1499999999604273
 46
0.0
 79
     2
 49
0.21213203445
 49
-0.21213203445
 98
        1
 10
2466.681361362254
 20
873.2149856685278
1001
ACAD
1010
0.0
1020
0.0
1030
0.0
  0
LWPOLYLINE
  5
857
330
1F
100
AcDbEntity
  8
SUNK_BY_200MM__BM_
100
AcDbPolyline
 90
        4
 70
     1
 43
0.0
 10
2466.10531558858
 20
873.4048498087359
 10
2467.04051348742
 20
873.4048498087359
 10
2467.04051348742
 20
872.974997964667
 10
2466.10531558858
 20
872.974997964667
  0
INSERT
  5
858
330
1F
100
AcDbEntity
  8
SLEEVE__BM_
100
AcDbBlockReference
  2
PIPE
 10
2466.618656143475
 20
872.6100716658098
 30
0.0
 41
-0.9962016975403694
 42
0.9962016975403694
 43
0.996201697540334
 50
90.0
  0
INSERT
  5
859
330
1F
100
AcDbEntity
  8
SLEEVE__BM_
100
AcDbBlockReference
  2
PIPE
 10
2467.006567856249
 20
872.2501022014833
 30
0.0
 41
-0.9962016975403694
 42
0.9962016975403694
 43
0.996201697540334
  0
TEXT
  5
85A
330
1F
100
AcDbEntity
  8
TEXT_LEGEND___BM_
  6
CONTINUOUS
100
AcDbText
 10
2467.205720026404
 20
873.7647406918086
 30
0.0
 40
0.2
  1
NOTE :HATCH PORTION IS 100MM 
  7
ROMANS
100
AcDbText
  0
TEXT
  5
85B
330
1F
100
AcDbEntity
  8
TEXT_LEGEND___BM_
  6
CONTINUOUS
100
AcDbText
 10
2467.195156293552
 20
875.1833084913985
 30
0.0
 40
0.2
  1
NOTE :INDICATES MAIN STEEL IN SLAB
  7
ROMANS
100
AcDbText
  0
TEXT
  5
85C
330
1F
100
AcDbEntity
  8
TEXT_LEGEND___BM_
  6
CONTINUOUS
100
AcDbText
 10
2467.207666402259
 20
873.0791178123422
 30
0.0
 40
0.2
  1
NOTE :HATCH PORTION IS 250MM 
  7
ROMANS
100
AcDbText
  0
TEXT
  5
85D
330
1F
100
AcDbEntity
  8
TEXT_LEGEND___BM_
  6
CONTINUOUS
100
AcDbText
 10
2467.195156293552
 20
874.5000813535253
 30
0.0
 40
0.2
  1
NOTE :SHOWS DUCT PORTION
  7
ROMANS
100
AcDbText
  0
LWPOLYLINE
  5
85E
330
1F
100
AcDbEntity
  8
SECTION_BORDER__BM_
100
AcDbPolyline
 90
        4
 70
     1
 43
0.0
 10
2465.817898577762
 20
875.7549860807824
 10
2473.731357564688
 20
875.7549860807824
 10
2473.731357564688
 20
872.0590825784
 10
2465.817898577762
 20
872.0590825784
  0
TEXT
  5
85F
330
1F
100
AcDbEntity
  8
TEXT_LEGEND___BM_
  6
CONTINUOUS
100
AcDbText
 10
2467.195156293559
 20
872.5708807059871
 30
0.0
 40
0.2
  1
NOTE :PROVIDE PIPE FOR DRAINAGE PURPOSE
 41
0.9
  7
ROMANS
100
AcDbText
  0
TEXT
  5
860
330
1F
100
AcDbEntity
  8
TEXT_LEGEND___BM_
  6
CONTINUOUS
100
AcDbText
 10
2468.158735834771
 20
872.272303790339
 30
0.0
 40
0.2
  1
250mm AWAY FROM SUPPORT 
 41
0.9
  7
ROMANS
100
AcDbText
  0
LINE
  5
861
330
1F
100
AcDbEntity
  8
TABLE__BM_
100
AcDbLine
 10
2442.264381488256
 20
850.5357880451031
 30
0.0
 11
2461.14580821091
 21
850.5357880451031
 31
0.0
  0
LINE
  5
862
330
1F
100
AcDbEntity
  8
TABLE__BM_
100
AcDbLine
 10
2442.264381488256
 20
850.5357880451031
 30
0.0
 11
2461.14580821091
 21
850.5357880451031
 31
0.0
  0
TEXT
  5
863
330
1F
100
AcDbEntity
  8
SCHEDULE_TEXT__BM_
  6
CONTINUOUS
100
AcDbText
 10
2444.138818897168
 20
850.0988608573966
 30
0.0
 40
0.2299967350828956
  1
125
 41
0.9
  7
ROMANS
 72
     1
 11
2444.44931448953
 21
850.0221952790357
 31
0.0
100
AcDbText
 73
     1
  0
TEXT
  5
864
330
1F
100
AcDbEntity
  8
SCHEDULE_TEXT__BM_
  6
CONTINUOUS
100
AcDbText
 10
2442.659301985649
 20
850.0986700137801
 30
0.0
 40
0.2299967350828956
  1
S6
 41
0.9
  7
ROMANS
 72
     1
 11
2442.856442044292
 21
850.0220044354191
 31
0.0
100
AcDbText
 73
     1
  0
TEXT
  5
865
330
1F
100
AcDbEntity
  8
SCHEDULE_TEXT__BM_
  6
CONTINUOUS
100
AcDbText
 10
2445.303946795271
 20
850.0986700137851
 30
0.0
 40
0.2299967350828956
  1
T 8@150C/C
 41
0.9
  7
ROMANS
 72
     1
 11
2446.31921809728
 21
850.0220044354242
 31
0.0
100
AcDbText
 73
     1
  0
TEXT
  5
866
330
1F
100
AcDbEntity
  8
SCHEDULE_TEXT__BM_
  6
CONTINUOUS
100
AcDbText
 10
2451.234004241734
 20
850.0986700137846
 30
0.0
 40
0.2299967350828956
  1
T 8@175C/C
 41
0.9
  7
ROMANS
 72
     1
 11
2452.249275543742
 21
850.0220044354237
 31
0.0
100
AcDbText
 73
     1
  0
TEXT
  5
867
330
1F
100
AcDbEntity
  8
SCHEDULE_TEXT__BM_
  6
CONTINUOUS
100
AcDbText
 10
2447.71973842033
 20
850.0986700137803
 30
0.0
 40
0.2299967350828956
  1
ALTERNATE BENTUP
 41
0.9
  7
ROMANS
 72
     1
 11
2449.227859868945
 21
850.0220044354194
 31
0.0
100
AcDbText
 73
     1
  0
TEXT
  5
868
330
1F
100
AcDbEntity
  8
SCHEDULE_TEXT__BM_
  6
CONTINUOUS
100
AcDbText
 10
2454.049834755439
 20
850.0986700137803
 30
0.0
 40
0.2299967350828956
  1
ALL  STRAIGHT
 41
0.9
  7
ROMANS
 72
     1
 11
2455.21296110143
 21
850.0220044354194
 31
0.0
100
AcDbText
 73
     1
  0
TEXT
  5
869
330
1F
100
AcDbEntity
  8
SCHEDULE_TEXT__BM_
  6
CONTINUOUS
100
AcDbText
 10
2459.065187721799
 20
850.2848281526879
 30
0.0
 40
0.2299967350828956
  1
ONEWAY
 41
0.9
  7
ROMANS
 72
     1
 11
2459.681250405057
 21
850.2081625743269
 31
0.0
100
AcDbText
 73
     1
  0
LWPOLYLINE
  5
86A
330
1F
100
AcDbEntity
  8
SLAB_MARK__BM_
100
AcDbPolyline
 90
        4
 70
     0
 43
0.0
 10
2457.828360663214
 20
850.2777314514301
 10
2457.719014383646
 20
850.2230583116593
 10
2458.21969310005
 20
850.2230583116593
 10
2458.110346820482
 20
850.1683851718883
  0
TEXT
  5
86B
330
1F
100
AcDbEntity
  8
SCHEDULE_TEXT__BM_
  6
CONTINUOUS
100
AcDbText
 10
2458.508267056135
 20
849.96929290966
 30
0.0
 40
0.2299967350828956
  1
100 MM SUNK
 41
0.9
  7
ROMANS
 72
     1
 11
2459.681250405057
 21
849.8926273312991
 31
0.0
100
AcDbText
 73
     1
  0
TEXT
  5
86C
330
1F
100
AcDbEntity
  8
SCHEDULE_TEXT__BM_
  6
CONTINUOUS
100
AcDbText
 10
2464.530895300416
 20
853.6714461943346
 30
0.0
 40
0.2299967350828956
  1
B34
 41
0.9000000000000001
  7
ROMANS
100
AcDbText
  0
LINE
  5
86D
330
1F
100
AcDbEntity
  8
TABLE__BM_
100
AcDbLine
 10
2484.58458129641
 20
849.6484907273999
 30
0.0
 11
2464.345134064763
 21
849.6484907273999
 31
0.0
  0
TEXT
  5
86E
330
1F
100
AcDbEntity
  8
SCHEDULE_TEXT__BM_
  6
CONTINUOUS
100
AcDbText
 10
2464.530895300416
 20
849.8447792328337
 30
0.0
 40
0.2299967350828956
  1
BR7
 41
0.9000000000000001
  7
ROMANS
100
AcDbText
  0
TEXT
  5
86F
330
1F
100
AcDbEntity
  8
SCHEDULE_TEXT__BM_
  6
CONTINUOUS
100
AcDbText
 10
2467.808549509642
 20
849.8679311771082
 30
0.0
 40
0.2299967350828956
  1
150X600
 41
0.9000000000000001
  7
ROMANS
 72
     1
 11
2468.513325219289
 21
849.8679311771082
 31
0.0
100
AcDbText
  0
TEXT
  5
870
330
1F
100
AcDbEntity
  8
SCHEDULE_TEXT__BM_
  6
CONTINUOUS
100
AcDbText
 10
2469.801012811061
 20
849.8666780384863
 30
0.0
 40
0.2299967350828956
  1
2-T10
 41
0.9000000000000001
  7
ROMANS
 72
     1
 11
2470.3037199606
 21
849.8666780384863
 31
0.0
100
AcDbText
  0
TEXT
  5
871
330
1F
100
AcDbEntity
  8
SCHEDULE_TEXT__BM_
  6
CONTINUOUS
100
AcDbText
 10
2477.195811870165
 20
849.8648209464277
 30
0.0
 40
0.2299967350828956
  1
T 8@125C/C
 41
0.9000000000000001
  7
ROMANS
 72
     1
 11
2478.211083172174
 21
849.8648209464277
 31
0.0
100
AcDbText
  0
TEXT
  5
872
330
1F
100
AcDbEntity
  8
SCHEDULE_TEXT__BM_
  6
CONTINUOUS
100
AcDbText
 10
2479.653960482931
 20
849.8676713266091
 30
0.0
 40
0.2299967350828956
  1
T 8@125C/C
 41
0.9000000000000001
  7
ROMANS
 72
     1
 11
2480.66923178494
 21
849.8676713266091
 31
0.0
100
AcDbText
  0
TEXT
  5
873
330
1F
100
AcDbEntity
  8
SCHEDULE_TEXT__BM_
  6
CONTINUOUS
100
AcDbText
 10
2475.887351020008
 20
849.8666780384863
 30
0.0
 40
0.2299967350828956
  1
---
 41
0.9000000000000001
  7
ROMANS
 72
     1
 11
2476.271774134361
 21
849.8666780384863
 31
0.0
100
AcDbText
  0
TEXT
  5
874
330
1F
100
AcDbEntity
  8
SCHEDULE_TEXT__BM_
  6
CONTINUOUS
100
AcDbText
 10
2482.448916659721
 20
849.8676713266091
 30
0.0
 40
0.2299967350828956
  1
CANTILEVER
 41
0.9000000000000001
  7
ROMANS
 72
     1
 11
2483.331118422147
 21
849.8676713266091
 31
0.0
100
AcDbText
  0
TEXT
  5
875
330
1F
100
AcDbEntity
  8
SCHEDULE_TEXT__BM_
  6
CONTINUOUS
100
AcDbText
 10
2471.411475709293
 20
849.8644559145421
 30
0.0
 40
0.2299967350828956
  1
---
 41
0.9
  7
ROMANS
 72
     1
 11
2471.795898823646
 21
849.8644559145421
 31
0.0
100
AcDbText
  0
TEXT
  5
876
330
1F
100
AcDbEntity
  8
SCHEDULE_TEXT__BM_
  6
CONTINUOUS
100
AcDbText
 10
2474.234834939008
 20
849.8644559145421
 30
0.0
 40
0.2299967350828956
  1
---
 41
0.9
  7
ROMANS
 72
     1
 11
2474.619258053361
 21
849.8644559145421
 31
0.0
100
AcDbText
  0
TEXT
  5
877
330
1F
100
AcDbEntity
  8
SCHEDULE_TEXT__BM_
  6
CONTINUOUS
100
AcDbText
 10
2472.76860203264
 20
849.8666780384863
 30
0.0
 40
0.2299967350828956
  1
3-T12
 41
0.9
  7
ROMANS
 72
     1
 11
2473.271309182178
 21
849.8666780384863
 31
0.0
100
AcDbText
  0
LINE
  5
878
330
1F
100
AcDbEntity
  8
TABLE__BM_
100
AcDbLine
 10
2484.58458129641
 20
849.0118239624551
 30
0.0
 11
2464.345134064763
 21
849.0118239624551
 31
0.0
  0
TEXT
  5
879
330
1F
100
AcDbEntity
  8
SCHEDULE_TEXT__BM_
  6
CONTINUOUS
100
AcDbText
 10
2464.530895300416
 20
848.5714457029443
 30
0.0
 40
0.2299967350828956
  1
BR14
 41
0.9000000000000001
  7
ROMANS
100
AcDbText
  0
TEXT
  5
87A
330
1F
100
AcDbEntity
  8
SCHEDULE_TEXT__BM_
  6
CONTINUOUS
100
AcDbText
 10
2467.808549509642
 20
848.5945976472187
 30
0.0
 40
0.2299967350828956
  1
150X600
 41
0.9000000000000001
  7
ROMANS
 72
     1
 11
2468.513325219289
 21
848.5945976472187
 31
0.0
100
AcDbText
  0
TEXT
  5
87B
330
1F
100
AcDbEntity
  8
SCHEDULE_TEXT__BM_
  6
CONTINUOUS
100
AcDbText
 10
2469.801012811061
 20
848.5933445085968
 30
0.0
 40
0.2299967350828956
  1
2-T12
 41
0.9000000000000001
  7
ROMANS
 72
     1
 11
2470.3037199606
 21
848.5933445085968
 31
0.0
100
AcDbText
  0
TEXT
  5
87C
330
1F
100
AcDbEntity
  8
SCHEDULE_TEXT__BM_
  6
CONTINUOUS
100
AcDbText
 10
2477.195811870165
 20
848.5914874165383
 30
0.0
 40
0.2299967350828956
  1
T 8@100C/C
 41
0.9000000000000001
  7
ROMANS
 72
     1
 11
2478.211083172174
 21
848.5914874165383
 31
0.0
100
AcDbText
  0
TEXT
  5
87D
330
1F
100
AcDbEntity
  8
SCHEDULE_TEXT__BM_
  6
CONTINUOUS
100
AcDbText
 10
2479.653960482931
 20
848.5943377967196
 30
0.0
 40
0.2299967350828956
  1
T 8@100C/C
 41
0.9000000000000001
  7
ROMANS
 72
     1
 11
2480.66923178494
 21
848.5943377967196
 31
0.0
100
AcDbText
  0
TEXT
  5
87E
330
1F
100
AcDbEntity
  8
SCHEDULE_TEXT__BM_
  6
CONTINUOUS
100
AcDbText
 10
2475.887351020008
 20
848.5933445085968
 30
0.0
 40
0.2299967350828956
  1
---
 41
0.9000000000000001
  7
ROMANS
 72
     1
 11
2476.271774134361
 21
848.5933445085968
 31
0.0
100
AcDbText
  0
TEXT
  5
87F
330
1F
100
AcDbEntity
  8
SCHEDULE_TEXT__BM_
  6
CONTINUOUS
100
AcDbText
 10
2482.448916659721
 20
848.5943377967196
 30
0.0
 40
0.2299967350828956
  1
CANTILEVER
 41
0.9000000000000001
  7
ROMANS
 72
     1
 11
2483.331118422147
 21
848.5943377967196
 31
0.0
100
AcDbText
  0
TEXT
  5
880
330
1F
100
AcDbEntity
  8
SCHEDULE_TEXT__BM_
  6
CONTINUOUS
100
AcDbText
 10
2471.411475709293
 20
848.5911223846526
 30
0.0
 40
0.2299967350828956
  1
---
 41
0.9
  7
ROMANS
 72
     1
 11
2471.795898823646
 21
848.5911223846526
 31
0.0
100
AcDbText
  0
TEXT
  5
881
330
1F
100
AcDbEntity
  8
SCHEDULE_TEXT__BM_
  6
CONTINUOUS
100
AcDbText
 10
2474.234834939008
 20
848.5911223846526
 30
0.0
 40
0.2299967350828956
  1
---
 41
0.9
  7
ROMANS
 72
     1
 11
2474.619258053361
 21
848.5911223846526
 31
0.0
100
AcDbText
  0
TEXT
  5
882
330
1F
100
AcDbEntity
  8
SCHEDULE_TEXT__BM_
  6
CONTINUOUS
100
AcDbText
 10
2472.76860203264
 20
848.5933445085968
 30
0.0
 40
0.2299967350828956
  1
2-T16
 41
0.9
  7
ROMANS
 72
     1
 11
2473.271309182178
 21
848.5933445085968
 31
0.0
100
AcDbText
  0
LINE
  5
883
330
1F
100
AcDbEntity
  8
TABLE__BM_
100
AcDbLine
 10
2484.58458129641
 20
856.6696021333455
 30
0.0
 11
2464.345134064763
 21
856.6696021333455
 31
0.0
  0
LINE
  5
884
330
1F
100
AcDbEntity
  8
TABLE__BM_
100
AcDbLine
 10
2484.58458129641
 20
856.6718242572898
 30
0.0
 11
2464.345134064763
 21
856.6718242572898
 31
0.0
  0
TEXT
  5
885
330
1F
100
AcDbEntity
  8
SCHEDULE_TEXT__BM_
  6
CONTINUOUS
100
AcDbText
 10
2464.530895300416
 20
856.8681127627236
 30
0.0
 40
0.2299967350828956
  1
B22
 41
0.9000000000000001
  7
ROMANS
100
AcDbText
  0
TEXT
  5
886
330
1F
100
AcDbEntity
  8
SCHEDULE_TEXT__BM_
  6
CONTINUOUS
100
AcDbText
 10
2467.82333501404
 20
856.8912647069981
 30
0.0
 40
0.2299967350828956
  1
230X600
 41
0.9000000000000001
  7
ROMANS
 72
     1
 11
2468.513325219289
 21
856.8912647069981
 31
0.0
100
AcDbText
  0
TEXT
  5
887
330
1F
100
AcDbEntity
  8
SCHEDULE_TEXT__BM_
  6
CONTINUOUS
100
AcDbText
 10
2469.801012811061
 20
856.8900115683762
 30
0.0
 40
0.2299967350828956
  1
3-T12
 41
0.9000000000000001
  7
ROMANS
 72
     1
 11
2470.3037199606
 21
856.8900115683762
 31
0.0
100
AcDbText
  0
TEXT
  5
888
330
1F
100
AcDbEntity
  8
SCHEDULE_TEXT__BM_
  6
CONTINUOUS
100
AcDbText
 10
2477.195811870165
 20
856.8881544763176
 30
0.0
 40
0.2299967350828956
  1
T 8@150C/C
 41
0.9000000000000001
  7
ROMANS
 72
     1
 11
2478.211083172174
 21
856.8881544763176
 31
0.0
100
AcDbText
  0
TEXT
  5
889
330
1F
100
AcDbEntity
  8
SCHEDULE_TEXT__BM_
  6
CONTINUOUS
100
AcDbText
 10
2479.653960482931
 20
856.891004856499
 30
0.0
 40
0.2299967350828956
  1
T 8@150C/C
 41
0.9000000000000001
  7
ROMANS
 72
     1
 11
2480.66923178494
 21
856.891004856499
 31
0.0
100
AcDbText
  0
TEXT
  5
88A
330
1F
100
AcDbEntity
  8
SCHEDULE_TEXT__BM_
  6
CONTINUOUS
100
AcDbText
 10
2475.887351020008
 20
856.8900115683762
 30
0.0
 40
0.2299967350828956
  1
---
 41
0.9000000000000001
  7
ROMANS
 72
     1
 11
2476.271774134361
 21
856.8900115683762
 31
0.0
100
AcDbText
  0
TEXT
  5
88B
330
1F
100
AcDbEntity
  8
SCHEDULE_TEXT__BM_
  6
CONTINUOUS
100
AcDbText
 10
2482.946695307794
 20
856.891004856499
 30
0.0
 40
0.2299967350828956
  1
---
 41
0.9000000000000001
  7
ROMANS
 72
     1
 11
2483.331118422147
 21
856.891004856499
 31
0.0
100
AcDbText
  0
TEXT
  5
88C
330
1F
100
AcDbEntity
  8
SCHEDULE_TEXT__BM_
  6
CONTINUOUS
100
AcDbText
 10
2471.411475709293
 20
856.887789444432
 30
0.0
 40
0.2299967350828956
  1
---
 41
0.9
  7
ROMANS
 72
     1
 11
2471.795898823646
 21
856.887789444432
 31
0.0
100
AcDbText
  0
TEXT
  5
88D
330
1F
100
AcDbEntity
  8
SCHEDULE_TEXT__BM_
  6
CONTINUOUS
100
AcDbText
 10
2474.234834939008
 20
856.887789444432
 30
0.0
 40
0.2299967350828956
  1
---
 41
0.9
  7
ROMANS
 72
     1
 11
2474.619258053361
 21
856.887789444432
 31
0.0
100
AcDbText
  0
TEXT
  5
88E
330
1F
100
AcDbEntity
  8
SCHEDULE_TEXT__BM_
  6
CONTINUOUS
100
AcDbText
 10
2472.745194464428
 20
856.7206972602019
 30
0.0
 40
0.207
  1
FROM BR12
 41
0.8
  7
ROMANS
 72
     1
 11
2473.490394464428
 21
856.7206972602019
 31
0.0
100
AcDbText
  0
LINE
  5
88F
330
1F
100
AcDbEntity
  8
TABLE__BM_
100
AcDbLine
 10
2484.58458129641
 20
856.6696021333455
 30
0.0
 11
2464.345134064763
 21
856.6696021333455
 31
0.0
  0
TEXT
  5
890
330
1F
100
AcDbEntity
  8
SCHEDULE_TEXT__BM_
  6
CONTINUOUS
100
AcDbText
 10
2472.772283456371
 20
857.0166151525358
 30
0.0
 40
0.2299967350828956
  1
2-T16
 41
0.9000000000000001
  7
ROMANS
 72
     1
 11
2473.274990605909
 21
857.0166151525358
 31
0.0
100
AcDbText
  0
LINE
  5
891
330
1F
100
AcDbEntity
  8
TABLE__BM_
100
AcDbLine
 10
2484.58458129641
 20
857.3107131461784
 30
0.0
 11
2464.345134064763
 21
857.3107131461784
 31
0.0
  0
LINE
  5
892
330
1F
100
AcDbEntity
  8
COLUMN__BM_
100
AcDbLine
 10
2449.704965029833
 20
867.345547784477
 30
0.0
 11
2451.645701337179
 21
867.345547784477
 31
0.0
  0
LINE
  5
893
330
1F
100
AcDbEntity
  8
COLUMN__BM_
100
AcDbLine
 10
2451.504965029833
 20
867.345547784477
 30
0.0
 11
2451.504965029833
 21
865.5455477844778
 31
0.0
  0
LINE
  5
894
330
1F
100
AcDbEntity
  8
COLUMN__BM_
100
AcDbLine
 10
2451.645701337179
 20
865.5455477844778
 30
0.0
 11
2449.704965029833
 21
865.5455477844778
 31
0.0
  0
LINE
  5
895
330
1F
100
AcDbEntity
  8
COLUMN__BM_
100
AcDbLine
 10
2449.704965029833
 20
865.5455477844778
 30
0.0
 11
2449.704965029833
 21
867.345547784477
 31
0.0
  0
LWPOLYLINE
  5
896
330
1F
100
AcDbEntity
  8
COLUMN__BM_
100
AcDbPolyline
 90
        4
 70
     1
 43
0.0
 10
2449.529965029833
 20
867.520547784477
 10
2451.654965029833
 20
867.520547784477
 10
2451.654965029833
 20
865.3705477844778
 10
2449.529965029833
 20
865.3705477844778
  0
HATCH
  5
897
330
1F
100
AcDbEntity
  8
COLUMN__BM_
100
AcDbHatch
 10
0.0
 20
0.0
 30
0.0
210
0.0
220
0.0
230
1.0
  2
SOLID
 70
     1
 71
     0
 91
        1
 92
        2
 72
     0
 73
     1
 93
        4
 10
2451.645701337179
 20
867.345547784478
 10
2451.645701337179
 20
867.6455477844781
 10
2452.175701337179
 20
867.6455477844781
 10
2452.175701337179
 20
867.345547784478
 97
        0
 75
     0
 76
     0
 98
        0
  0
LWPOLYLINE
  5
898
330
1F
100
AcDbEntity
  8
COLUMN__BM_
100
AcDbPolyline
 90
        4
 70
     1
 43
0.0
 10
2451.645701337179
 20
867.345547784478
 10
2451.645701337179
 20
867.6455477844781
 10
2452.175701337179
 20
867.6455477844781
 10
2452.175701337179
 20
867.345547784478
  0
HATCH
  5
899
330
1F
100
AcDbEntity
  8
COLUMN__BM_
100
AcDbHatch
 10
0.0
 20
0.0
 30
0.0
210
0.0
220
0.0
230
1.0
  2
SOLID
 70
     1
 71
     0
 91
        1
 92
        2
 72
     0
 73
     1
 93
        4
 10
2451.645701337179
 20
865.2455477844774
 10
2451.645701337179
 20
865.5455477844778
 10
2452.175701337179
 20
865.5455477844775
 10
2452.175701337179
 20
865.2455477844774
 97
        0
 75
     0
 76
     0
 98
        0
  0
LWPOLYLINE
  5
89A
330
1F
100
AcDbEntity
  8
COLUMN__BM_
100
AcDbPolyline
 90
        4
 70
     1
 43
0.0
 10
2451.645701337179
 20
865.2455477844774
 10
2451.645701337179
 20
865.5455477844778
 10
2452.175701337179
 20
865.5455477844778
 10
2452.175701337179
 20
865.2455477844774
  0
HATCH
  5
89B
330
1F
100
AcDbEntity
  8
COLUMN__BM_
100
AcDbHatch
 10
0.0
 20
0.0
 30
0.0
210
0.0
220
0.0
230
1.0
  2
SOLID
 70
     1
 71
     0
 91
        1
 92
        2
 72
     0
 73
     1
 93
        4
 10
2448.448550555676
 20
867.3455477844795
 10
2448.448550555676
 20
867.6455477844797
 10
2448.978550555677
 20
867.6455477844795
 10
2448.978550555677
 20
867.3455477844793
 97
        0
 75
     0
 76
     0
 98
        0
  0
LWPOLYLINE
  5
89C
330
1F
100
AcDbEntity
  8
COLUMN__BM_
100
AcDbPolyline
 90
        4
 70
     1
 43
0.0
 10
2448.448550555676
 20
867.3455477844795
 10
2448.448550555676
 20
867.6455477844797
 10
2448.978550555677
 20
867.6455477844797
 10
2448.978550555677
 20
867.3455477844793
  0
TEXT
  5
89D
330
1F
100
AcDbEntity
  8
COLUMN_TEXT__BM_
100
AcDbText
 39
0.0463826642588751
 10
2451.721299226685
 20
867.1100261693771
 30
0.0
 40
0.2
  1
C7
 50
359.999999999987
  7
NAME
 11
2451.721299226685
 21
867.3100261693771
 31
0.0
100
AcDbText
 73
     3
  0
HATCH
  5
89E
330
1F
100
AcDbEntity
  8
SUNK_BY_200MM__BM_
100
AcDbHatch
 10
0.0
 20
0.0
 30
0.0
210
0.0
220
0.0
230
1.0
  2
GLB
 70
     0
 71
     0
 91
        4
 92
        7
 72
     0
 73
     1
 93
        6
 10
2449.529965029833
 20
867.3455477844807
 10
2448.978550555677
 20
867.3455477844807
 10
2448.448550555676
 20
867.3455477844795
 10
2447.664525983289
 20
867.3455477844782
 10
2447.664525983289
 20
865.5455477844788
 10
2449.529965029833
 20
865.5455477844788
 97
        0
 92
       24
 93
        4
 72
     1
 10
2448.191128985882
 20
866.4033657520024
 11
2448.598052062805
 21
866.4033657520024
 72
     1
 10
2448.598052062805
 20
866.4033657520024
 11
2448.598052062805
 21
866.7107503673869
 72
     1
 10
2448.598052062805
 20
866.7107503673869
 11
2448.191128985882
 21
866.7107503673869
 72
     1
 10
2448.191128985882
 20
866.7107503673869
 11
2448.191128985882
 21
866.4033657520024
 97
        0
 92
       24
 93
        4
 72
     1
 10
2448.040503241995
 20
865.5774251360294
 11
2448.474041703534
 21
865.5774251360294
 72
     1
 10
2448.474041703534
 20
865.5774251360294
 11
2448.474041703534
 21
865.8848097514141
 72
     1
 10
2448.474041703534
 20
865.8848097514142
 11
2448.040503241995
 21
865.8848097514142
 72
     1
 10
2448.040503241995
 20
865.8848097514142
 11
2448.040503241995
 21
865.5774251360295
 97
        0
 92
       24
 93
        4
 72
     1
 10
2448.292223432457
 20
866.998619049706
 11
2448.739087167136
 21
866.9986190497059
 72
     1
 10
2448.739087167136
 20
866.9986190497059
 11
2448.739087167136
 21
867.3053241686678
 72
     1
 10
2448.739087167136
 20
867.3053241686678
 11
2448.292223432457
 21
867.3053241686678
 72
     1
 10
2448.292223432457
 20
867.3053241686678
 11
2448.292223432457
 21
866.998619049706
 97
        0
 75
     0
 76
     1
 52
0.0
 41
0.15
 77
     0
 78
     3
 53
0.0
 43
2930.514113413045
 44
1163.444921855896
 45
0.0
 46
0.15
 79
     0
 53
315.0
 43
2930.514113413045
 44
1163.444921855896
 45
0.1499999999604273
 46
0.0
 79
     2
 49
0.21213203445
 49
-0.21213203445
 53
45.0
 43
2930.514113413045
 44
1163.444921855896
 45
0.1499999999604273
 46
0.0
 79
     2
 49
0.21213203445
 49
-0.21213203445
 47
0.0170180340755051
 98
        1
 10
2448.814481168491
 20
866.56481572493
1001
ACAD
1010
0.0
1020
0.0
1030
0.0
  0
TEXT
  5
89F
330
1F
100
AcDbEntity
  8
COLUMN_TEXT__BM_
100
AcDbText
 39
0.0463826642588751
 10
2448.343340952284
 20
867.0542066488408
 30
0.0
 40
0.2
  1
C6
 50
359.999999999987
  7
NAME
 11
2448.343340952284
 21
867.2542066488409
 31
0.0
100
AcDbText
 73
     3
  0
TEXT
  5
8A0
330
1F
100
AcDbEntity
  8
COLUMN_TEXT__BM_
100
AcDbText
 39
0.0463826642588751
 10
2451.484032562811
 20
864.9888289329792
 30
0.0
 40
0.2
  1
C9
 50
359.999999999987
  7
NAME
 11
2451.484032562811
 21
865.1888289329793
 31
0.0
100
AcDbText
 73
     3
  0
HATCH
  5
8A1
330
1F
100
AcDbEntity
  8
COLUMN__BM_
100
AcDbHatch
 10
0.0
 20
0.0
 30
0.0
210
0.0
220
0.0
230
1.0
  2
SOLID
 70
     1
 71
     0
 91
        1
 92
        2
 72
     0
 73
     1
 93
        4
 10
2456.146790265452
 20
861.495547784479
 10
2456.146790265452
 20
861.7955477844791
 10
2456.746790265452
 20
861.7955477844791
 10
2456.746790265452
 20
861.4955477844787
 97
        0
 75
     0
 76
     0
 98
        0
  0
LWPOLYLINE
  5
8A2
330
1F
100
AcDbEntity
  8
COLUMN__BM_
100
AcDbPolyline
 90
        4
 70
     1
 43
0.0
 10
2456.146790265452
 20
861.495547784479
 10
2456.146790265452
 20
861.7955477844791
 10
2456.746790265452
 20
861.7955477844791
 10
2456.746790265452
 20
861.4955477844787
  0
HATCH
  5
8A3
330
1F
100
AcDbEntity
  8
COLUMN__BM_
100
AcDbHatch
 10
0.0
 20
0.0
 30
0.0
210
0.0
220
0.0
230
1.0
  2
SOLID
 70
     1
 71
     0
 91
        1
 92
        2
 72
     0
 73
     1
 93
        4
 10
2448.675682711723
 20
859.4955477844801
 10
2448.375682711723
 20
859.4955477844801
 10
2448.375682711723
 20
860.0955477844805
 10
2448.675682711723
 20
860.0955477844805
 97
        0
 75
     0
 76
     0
 98
        0
  0
LWPOLYLINE
  5
8A4
330
1F
100
AcDbEntity
  8
COLUMN__BM_
100
AcDbPolyline
 90
        4
 70
     1
 43
0.0
 10
2448.675682711723
 20
859.4955477844801
 10
2448.375682711723
 20
859.4955477844801
 10
2448.375682711723
 20
860.0955477844805
 10
2448.675682711723
 20
860.0955477844805
  0
HATCH
  5
8A5
330
1F
100
AcDbEntity
  8
COLUMN__BM_
100
AcDbHatch
 10
0.0
 20
0.0
 30
0.0
210
0.0
220
0.0
230
1.0
  2
SOLID
 70
     1
 71
     0
 91
        1
 92
        2
 72
     0
 73
     1
 93
        4
 10
2453.296790265451
 20
859.4955477844792
 10
2452.996790265452
 20
859.4955477844792
 10
2452.996790265452
 20
860.0955477844795
 10
2453.296790265452
 20
860.0955477844795
 97
        0
 75
     0
 76
     0
 98
        0
  0
LWPOLYLINE
  5
8A6
330
1F
100
AcDbEntity
  8
COLUMN__BM_
100
AcDbPolyline
 90
        4
 70
     1
 43
0.0
 10
2453.296790265451
 20
859.4955477844792
 10
2452.996790265452
 20
859.4955477844792
 10
2452.996790265452
 20
860.0955477844795
 10
2453.296790265452
 20
860.0955477844795
  0
HATCH
  5
8A7
330
1F
100
AcDbEntity
  8
COLUMN__BM_
100
AcDbHatch
 10
0.0
 20
0.0
 30
0.0
210
0.0
220
0.0
230
1.0
  2
SOLID
 70
     1
 71
     0
 91
        1
 92
        2
 72
     0
 73
     1
 93
        4
 10
2457.346790265452
 20
859.4955477844792
 10
2457.046790265452
 20
859.4955477844792
 10
2457.046790265452
 20
860.0955477844798
 10
2457.346790265452
 20
860.0955477844795
 97
        0
 75
     0
 76
     0
 98
        0
  0
LWPOLYLINE
  5
8A8
330
1F
100
AcDbEntity
  8
COLUMN__BM_
100
AcDbPolyline
 90
        4
 70
     1
 43
0.0
 10
2457.346790265452
 20
859.4955477844792
 10
2457.046790265452
 20
859.4955477844792
 10
2457.046790265452
 20
860.0955477844798
 10
2457.346790265452
 20
860.0955477844798
  0
HATCH
  5
8A9
330
1F
100
AcDbEntity
  8
COLUMN__BM_
100
AcDbHatch
 10
0.0
 20
0.0
 30
0.0
210
0.0
220
0.0
230
1.0
  2
SOLID
 70
     1
 71
     0
 91
        1
 92
        2
 72
     0
 73
     1
 93
        4
 10
2452.175701337178
 20
862.4955477844785
 10
2451.875701337177
 20
862.4955477844787
 10
2451.875701337178
 20
863.095547784478
 10
2452.175701337178
 20
863.095547784478
 97
        0
 75
     0
 76
     0
 98
        0
  0
LWPOLYLINE
  5
8AA
330
1F
100
AcDbEntity
  8
COLUMN__BM_
100
AcDbPolyline
 90
        4
 70
     1
 43
0.0
 10
2452.175701337178
 20
862.4955477844785
 10
2451.875701337177
 20
862.4955477844785
 10
2451.875701337177
 20
863.095547784478
 10
2452.175701337178
 20
863.095547784478
  0
HATCH
  5
8AB
330
1F
100
AcDbEntity
  8
COLUMN__BM_
100
AcDbHatch
 10
0.0
 20
0.0
 30
0.0
210
0.0
220
0.0
230
1.0
  2
SOLID
 70
     1
 71
     0
 91
        1
 92
        2
 72
     0
 73
     1
 93
        4
 10
2448.145701337179
 20
872.132485235471
 10
2447.845701337179
 20
872.132485235471
 10
2447.845701337179
 20
872.6624852354716
 10
2448.145701337179
 20
872.6624852354716
 97
        0
 75
     0
 76
     0
 98
        0
  0
LWPOLYLINE
  5
8AC
330
1F
100
AcDbEntity
  8
COLUMN__BM_
100
AcDbPolyline
 90
        4
 70
     1
 43
0.0
 10
2448.145701337179
 20
872.132485235471
 10
2447.845701337179
 20
872.132485235471
 10
2447.845701337179
 20
872.6624852354716
 10
2448.145701337179
 20
872.6624852354716
  0
HATCH
  5
8AD
330
1F
100
AcDbEntity
  8
COLUMN__BM_
100
AcDbHatch
 10
0.0
 20
0.0
 30
0.0
210
0.0
220
0.0
230
1.0
  2
SOLID
 70
     1
 71
     0
 91
        1
 92
        2
 72
     0
 73
     1
 93
        4
 10
2455.996790265453
 20
864.6455477844788
 10
2455.996790265453
 20
864.9455477844792
 10
2456.746790265453
 20
864.945547784479
 10
2456.746790265453
 20
864.6455477844788
 97
        0
 75
     0
 76
     0
 98
        0
  0
LWPOLYLINE
  5
8AE
330
1F
100
AcDbEntity
  8
COLUMN__BM_
100
AcDbPolyline
 90
        4
 70
     1
 43
0.0
 10
2455.996790265453
 20
864.6455477844788
 10
2455.996790265453
 20
864.9455477844792
 10
2456.746790265453
 20
864.9455477844792
 10
2456.746790265453
 20
864.6455477844788
  0
HATCH
  5
8AF
330
1F
100
AcDbEntity
  8
COLUMN__BM_
100
AcDbHatch
 10
0.0
 20
0.0
 30
0.0
210
0.0
220
0.0
230
1.0
  2
SOLID
 70
     1
 71
     0
 91
        1
 92
        2
 72
     0
 73
     1
 93
        4
 10
2455.996790265453
 20
867.3455477844793
 10
2455.996790265453
 20
867.6455477844793
 10
2456.746790265453
 20
867.645547784479
 10
2456.746790265453
 20
867.3455477844791
 97
        0
 75
     0
 76
     0
 98
        0
  0
LWPOLYLINE
  5
8B0
330
1F
100
AcDbEntity
  8
COLUMN__BM_
100
AcDbPolyline
 90
        4
 70
     1
 43
0.0
 10
2455.996790265453
 20
867.3455477844793
 10
2455.996790265453
 20
867.6455477844793
 10
2456.746790265453
 20
867.6455477844793
 10
2456.746790265453
 20
867.3455477844791
  0
HATCH
  5
8B1
330
1F
100
AcDbEntity
  8
COLUMN__BM_
100
AcDbHatch
 10
0.0
 20
0.0
 30
0.0
210
0.0
220
0.0
230
1.0
  2
SOLID
 70
     1
 71
     0
 91
        1
 92
        2
 72
     0
 73
     1
 93
        4
 10
2456.146790265454
 20
873.9558378352806
 10
2456.146790265454
 20
874.2558378352808
 10
2456.746790265453
 20
874.2558378352805
 10
2456.746790265453
 20
873.9558378352806
 97
        0
 75
     0
 76
     0
 98
        0
  0
LWPOLYLINE
  5
8B2
330
1F
100
AcDbEntity
  8
COLUMN__BM_
100
AcDbPolyline
 90
        4
 70
     1
 43
0.0
 10
2456.146790265454
 20
873.9558378352806
 10
2456.146790265454
 20
874.2558378352808
 10
2456.746790265453
 20
874.2558378352808
 10
2456.746790265453
 20
873.9558378352806
  0
HATCH
  5
8B3
330
1F
100
AcDbEntity
  8
COLUMN__BM_
100
AcDbHatch
 10
0.0
 20
0.0
 30
0.0
210
0.0
220
0.0
230
1.0
  2
SOLID
 70
     1
 71
     0
 91
        1
 92
        2
 72
     0
 73
     1
 93
        4
 10
2448.475297497297
 20
870.2955477844805
 10
2448.475297497298
 20
870.5955477844798
 10
2449.005297497298
 20
870.5955477844798
 10
2449.005297497297
 20
870.2955477844803
 97
        0
 75
     0
 76
     0
 98
        0
  0
LWPOLYLINE
  5
8B4
330
1F
100
AcDbEntity
  8
COLUMN__BM_
100
AcDbPolyline
 90
        4
 70
     1
 43
0.0
 10
2448.475297497297
 20
870.2955477844805
 10
2448.475297497297
 20
870.5955477844798
 10
2449.005297497298
 20
870.5955477844798
 10
2449.005297497298
 20
870.2955477844803
  0
HATCH
  5
8B5
330
1F
100
AcDbEntity
  8
COLUMN__BM_
100
AcDbHatch
 10
0.0
 20
0.0
 30
0.0
210
0.0
220
0.0
230
1.0
  2
SOLID
 70
     1
 71
     0
 91
        1
 92
        2
 72
     0
 73
     1
 93
        4
 10
2448.375682711724
 20
862.4955477844792
 10
2448.375682711724
 20
862.7955477844794
 10
2448.975682711724
 20
862.7955477844791
 10
2448.975682711724
 20
862.4955477844792
 97
        0
 75
     0
 76
     0
 98
        0
  0
LWPOLYLINE
  5
8B6
330
1F
100
AcDbEntity
  8
COLUMN__BM_
100
AcDbPolyline
 90
        4
 70
     1
 43
0.0
 10
2448.375682711724
 20
862.4955477844792
 10
2448.375682711724
 20
862.7955477844794
 10
2448.975682711724
 20
862.7955477844794
 10
2448.975682711724
 20
862.4955477844792
  0
TEXT
  5
8B7
330
1F
100
AcDbEntity
  8
COLUMN_TEXT__BM_
100
AcDbText
 39
0.0463826642588751
 10
2456.511021235338
 20
861.1691293363137
 30
0.0
 40
0.2
  1
C13
 50
359.999999999987
  7
NAME
 11
2456.511021235338
 21
861.3691293363138
 31
0.0
100
AcDbText
 73
     3
  0
TEXT
  5
8B8
330
1F
100
AcDbEntity
  8
COLUMN_TEXT__BM_
100
AcDbText
 39
0.0463826642588751
 10
2448.757195990349
 20
859.8079433083128
 30
0.0
 40
0.2
  1
C14
 50
359.999999999987
  7
NAME
 11
2448.757195990349
 21
860.0079433083129
 31
0.0
100
AcDbText
 73
     3
  0
TEXT
  5
8B9
330
1F
100
AcDbEntity
  8
COLUMN_TEXT__BM_
100
AcDbText
 39
0.0463826642588751
 10
2453.296790265451
 20
859.2955477844791
 30
0.0
 40
0.2
  1
C15
 50
359.999999999987
  7
NAME
 11
2453.296790265451
 21
859.4955477844792
 31
0.0
100
AcDbText
 73
     3
  0
TEXT
  5
8BA
330
1F
100
AcDbEntity
  8
COLUMN_TEXT__BM_
100
AcDbText
 39
0.0463826642588751
 10
2456.486596340024
 20
859.9394436998284
 30
0.0
 40
0.2
  1
C16
 50
359.999999999987
  7
NAME
 11
2456.486596340024
 21
860.1394436998285
 31
0.0
100
AcDbText
 73
     3
  0
TEXT
  5
8BB
330
1F
100
AcDbEntity
  8
COLUMN_TEXT__BM_
100
AcDbText
 39
0.0463826642588751
 10
2452.183965029831
 20
862.2955477844785
 30
0.0
 40
0.2
  1
C12
 50
359.999999999987
  7
NAME
 11
2452.183965029831
 21
862.4955477844785
 31
0.0
100
AcDbText
 73
     3
  0
TEXT
  5
8BC
330
1F
100
AcDbEntity
  8
COLUMN_TEXT__BM_
100
AcDbText
 39
0.0463826642588751
 10
2450.903925783856
 20
872.1786462923596
 30
0.0
 40
0.2
  1
C3
 50
359.999999999987
  7
NAME
 11
2450.903925783856
 21
872.3786462923597
 31
0.0
100
AcDbText
 73
     3
  0
TEXT
  5
8BD
330
1F
100
AcDbEntity
  8
COLUMN_TEXT__BM_
100
AcDbText
 39
0.0463826642588751
 10
2448.153965029832
 20
872.120741449852
 30
0.0
 40
0.2
  1
C2
 50
359.999999999987
  7
NAME
 11
2448.153965029832
 21
872.320741449852
 31
0.0
100
AcDbText
 73
     3
  0
TEXT
  5
8BE
330
1F
100
AcDbEntity
  8
COLUMN_TEXT__BM_
100
AcDbText
 39
0.0463826642588751
 10
2456.314609661864
 20
864.3895575905278
 30
0.0
 40
0.2
  1
C10
 50
359.999999999987
  7
NAME
 11
2456.314609661864
 21
864.5895575905279
 31
0.0
100
AcDbText
 73
     3
  0
TEXT
  5
8BF
330
1F
100
AcDbEntity
  8
COLUMN_TEXT__BM_
100
AcDbText
 39
0.0463826642588751
 10
2455.953850455401
 20
867.7689473303549
 30
0.0
 40
0.2
  1
C8
 50
359.999999999987
  7
NAME
 11
2455.953850455401
 21
867.9689473303549
 31
0.0
100
AcDbText
 73
     3
  0
TEXT
  5
8C0
330
1F
100
AcDbEntity
  8
COLUMN_TEXT__BM_
100
AcDbText
 39
0.0463826642588751
 10
2456.298098748039
 20
869.9914011784683
 30
0.0
 40
0.2
  1
C5
 50
359.999999999987
  7
NAME
 11
2456.298098748039
 21
870.1914011784684
 31
0.0
100
AcDbText
 73
     3
  0
TEXT
  5
8C1
330
1F
100
AcDbEntity
  8
COLUMN_TEXT__BM_
100
AcDbText
 39
0.0463826642588751
 10
2456.039013896192
 20
873.6375512940938
 30
0.0
 40
0.2
  1
C1
 50
359.999999999987
  7
NAME
 11
2456.039013896192
 21
873.8375512940938
 31
0.0
100
AcDbText
 73
     3
  0
TEXT
  5
8C2
330
1F
100
AcDbEntity
  8
COLUMN_TEXT__BM_
100
AcDbText
 39
0.0463826642588751
 10
2448.383965029831
 20
870.0955477844814
 30
0.0
 40
0.2
  1
C4
 50
359.999999999987
  7
NAME
 11
2448.383965029831
 21
870.2955477844814
 31
0.0
100
AcDbText
 73
     3
  0
TEXT
  5
8C3
330
1F
100
AcDbEntity
  8
COLUMN_TEXT__BM_
100
AcDbText
 39
0.0463826642588751
 10
2448.643786896654
 20
862.9959321717615
 30
0.0
 40
0.2
  1
C11
 50
359.999999999987
  7
NAME
 11
2448.643786896654
 21
863.1959321717616
 31
0.0
100
AcDbText
 73
     3
  0
HATCH
  5
8C4
330
1F
100
AcDbEntity
  8
COLUMN__BM_
100
AcDbHatch
 10
0.0
 20
0.0
 30
0.0
210
0.0
220
0.0
230
1.0
  2
SOLID
 70
     1
 71
     0
 91
        1
 92
        2
 72
     0
 73
     1
 93
        4
 10
2451.596790265453
 20
872.3981971248213
 10
2451.296790265453
 20
872.3981971248213
 10
2451.296790265453
 20
872.9981971248217
 10
2451.596790265453
 20
872.9981971248217
 97
        0
 75
     0
 76
     0
 98
        0
  0
LWPOLYLINE
  5
8C5
330
1F
100
AcDbEntity
  8
COLUMN__BM_
100
AcDbPolyline
 90
        4
 70
     1
 43
0.0
 10
2451.596790265453
 20
872.3981971248213
 10
2451.296790265453
 20
872.3981971248213
 10
2451.296790265453
 20
872.9981971248217
 10
2451.596790265453
 20
872.9981971248217
  0
HATCH
  5
8C6
330
1F
100
AcDbEntity
  8
COLUMN__BM_
100
AcDbHatch
 10
0.0
 20
0.0
 30
0.0
210
0.0
220
0.0
230
1.0
  2
SOLID
 70
     1
 71
     0
 91
        1
 92
        2
 72
     0
 73
     1
 93
        4
 10
2452.605053958106
 20
870.2955477844796
 10
2452.605053958106
 20
870.5955477844795
 10
2453.205053958106
 20
870.5955477844795
 10
2453.205053958106
 20
870.2955477844796
 97
        0
 75
     0
 76
     0
 98
        0
  0
LWPOLYLINE
  5
8C7
330
1F
100
AcDbEntity
  8
COLUMN__BM_
100
AcDbPolyline
 90
        4
 70
     1
 43
0.0
 10
2452.605053958106
 20
870.2955477844796
 10
2452.605053958106
 20
870.5955477844795
 10
2453.205053958106
 20
870.5955477844795
 10
2453.205053958106
 20
870.2955477844796
  0
HATCH
  5
8C8
330
1F
100
AcDbEntity
  8
COLUMN__BM_
100
AcDbHatch
 10
0.0
 20
0.0
 30
0.0
210
0.0
220
0.0
230
1.0
  2
SOLID
 70
     1
 71
     0
 91
        1
 92
        2
 72
     0
 73
     1
 93
        4
 10
2456.146790265453
 20
870.2955477844789
 10
2456.146790265453
 20
870.5955477844786
 10
2456.746790265453
 20
870.5955477844786
 10
2456.746790265453
 20
870.2955477844787
 97
        0
 75
     0
 76
     0
 98
        0
  0
LWPOLYLINE
  5
8C9
330
1F
100
AcDbEntity
  8
COLUMN__BM_
100
AcDbPolyline
 90
        4
 70
     1
 43
0.0
 10
2456.146790265453
 20
870.2955477844789
 10
2456.146790265453
 20
870.5955477844786
 10
2456.746790265453
 20
870.5955477844786
 10
2456.746790265453
 20
870.2955477844787
  0
TEXT
  5
8CA
330
1F
100
AcDbEntity
  8
COLUMN_TEXT__BM_
100
AcDbText
 39
0.0463826642588751
 10
2453.310952094018
 20
870.0955477844811
 30
0.0
 40
0.2
  1
C4A
 50
359.999999999987
  7
NAME
 11
2453.310952094018
 21
870.2955477844812
 31
0.0
100
AcDbText
 73
     3
  0
MLINE
  5
8CB
330
1F
100
AcDbEntity
  8
BEAM__BM_
100
AcDbMline
  2
STANDARD
340
18
 40
0.15
 70
     0
 71
     1
 72
     2
 73
     2
 10
2446.845979259107
 20
873.7955477844798
 30
0.0
210
0.0
220
0.0
230
1.0
 11
2446.845979259107
 21
873.7955477844798
 31
0.0
 12
1.0
 22
-5.143212391093857E-13
 32
0.0
 13
5.148104165186851E-13
 23
1.0
 33
0.0
 74
     2
 41
0.0
 41
0.0
 75
     0
 74
     2
 41
-0.15
 41
0.0
 75
     0
 11
2447.840670379841
 21
873.7955477844794
 31
0.0
 12
1.0
 22
-5.143212391093857E-13
 32
0.0
 13
5.148104165186851E-13
 23
1.0
 33
0.0
 74
     2
 41
0.0
 41
0.0
 75
     0
 74
     2
 41
-0.15
 41
0.0
 75
     0
  0
LINE
  5
8CC
330
1F
100
AcDbEntity
  8
BEAM__BM_
100
AcDbLine
 10
2447.840670379841
 20
873.7955477844796
 30
0.0
 11
2451.296790265454
 21
873.7955477844796
 31
0.0
  0
LINE
  5
8CD
330
1F
100
AcDbEntity
  8
BEAM__BM_
100
AcDbLine
 10
2448.071338668169
 20
873.645547784479
 30
0.0
 11
2451.296790265454
 21
873.645547784479
 31
0.0
  0
LINE
  5
8CE
330
1F
100
AcDbEntity
  8
BEAM__BM_
100
AcDbLine
 10
2456.146790265454
 20
874.0258378352817
 30
0.0
 11
2451.526790265454
 21
874.0258378352817
 31
0.0
  0
LINE
  5
8CF
330
1F
100
AcDbEntity
  8
BEAM__BM_
100
AcDbLine
 10
2456.146790265454
 20
874.2558378352817
 30
0.0
 11
2451.296790265454
 21
874.2558378352817
 31
0.0
  0
MLINE
  5
8D0
330
1F
100
AcDbEntity
  8
BEAM__BM_
100
AcDbMline
  2
STANDARD
340
18
 40
0.23
 70
     0
 71
     1
 72
     2
 73
     2
 10
2451.296790265454
 20
872.9981971248217
 30
0.0
210
0.0
220
0.0
230
1.0
 11
2451.296790265454
 21
872.9981971248217
 31
0.0
 12
0.0
 22
1.0
 32
0.0
 13
-1.0
 23
1.224646799147353E-16
 33
0.0
 74
     3
 41
0.0
 41
0.0
 41
1.257640710460066
 75
     0
 74
     3
 41
-0.23
 41
0.0
 41
1.257640710460066
 75
     0
 11
2451.296790265454
 21
874.2558378352817
 31
0.0
 12
0.0
 22
1.0
 32
0.0
 13
-1.0
 23
6.123233995736766E-17
 33
0.0
 74
     1
 41
0.0
 75
     0
 74
     1
 41
-0.23
 75
     0
  0
MLINE
  5
8D1
330
1F
100
AcDbEntity
  8
BEAM__BM_
100
AcDbMline
  2
STANDARD
340
18
 40
0.15
 70
     0
 71
     1
 72
     2
 73
     2
 10
2451.526790265454
 20
871.6455477844802
 30
0.0
210
0.0
220
0.0
230
1.0
 11
2451.526790265454
 21
871.6455477844802
 31
0.0
 12
1.0
 22
-4.165250519973524E-13
 32
0.0
 13
4.172218126541338E-13
 23
1.0
 33
0.0
 74
     2
 41
0.0
 41
0.0
 75
     0
 74
     2
 41
-0.15
 41
0.0
 75
     0
 11
2453.846790265453
 21
871.6455477844793
 31
0.0
 12
1.0
 22
-4.165250519973524E-13
 32
0.0
 13
4.172218126541338E-13
 23
1.0
 33
0.0
 74
     2
 41
0.0
 41
0.0
 75
     0
 74
     2
 41
-0.15
 41
0.0
 75
     0
  0
MLINE
  5
8D2
330
1F
100
AcDbEntity
  8
BEAM__BM_
100
AcDbMline
  2
STANDARD
340
18
 40
0.15
 70
     0
 71
     1
 72
     2
 73
     2
 10
2452.596790265453
 20
871.64554778448
 30
0.0
210
0.0
220
0.0
230
1.0
 11
2452.596790265453
 21
871.64554778448
 31
0.0
 12
0.0
 22
1.0
 32
0.0
 13
-1.0
 23
1.224646799147353E-16
 33
0.0
 74
     2
 41
0.0
 41
0.0
 75
     0
 74
     2
 41
-0.15
 41
0.0
 75
     0
 11
2452.596790265453
 21
874.0258378352817
 31
0.0
 12
0.0
 22
1.0
 32
0.0
 13
-1.0
 23
1.224646799147353E-16
 33
0.0
 74
     2
 41
0.0
 41
0.0
 75
     0
 74
     2
 41
-0.15
 41
0.0
 75
     0
  0
MLINE
  5
8D3
330
1F
100
AcDbEntity
  8
BEAM__BM_
100
AcDbMline
  2
STANDARD
340
18
 40
0.15
 70
     0
 71
     1
 72
     2
 73
     2
 10
2453.846790265453
 20
871.6455477844793
 30
0.0
210
0.0
220
0.0
230
1.0
 11
2453.846790265453
 21
871.6455477844793
 31
0.0
 12
0.0
 22
1.0
 32
0.0
 13
-1.0
 23
1.224646799147353E-16
 33
0.0
 74
     2
 41
0.0
 41
0.0
 75
     0
 74
     2
 41
-0.15
 41
0.0
 75
     0
 11
2453.846790265453
 21
874.0258378352817
 31
0.0
 12
0.0
 22
1.0
 32
0.0
 13
-1.0
 23
1.224646799147353E-16
 33
0.0
 74
     2
 41
0.0
 41
0.0
 75
     0
 74
     2
 41
-0.15
 41
0.0
 75
     0
  0
MLINE
  5
8D4
330
1F
100
AcDbEntity
  8
BEAM__BM_
100
AcDbMline
  2
STANDARD
340
18
 40
0.23
 70
     0
 71
     1
 72
     2
 73
     2
 10
2451.526790265454
 20
872.3981971248213
 30
0.0
210
0.0
220
0.0
230
1.0
 11
2451.526790265454
 21
872.3981971248213
 31
0.0
 12
0.0
 22
-1.0
 32
0.0
 13
1.0
 23
0.0
 33
0.0
 74
     2
 41
0.0
 41
0.0
 75
     0
 74
     2
 41
-0.23
 41
0.0
 75
     0
 11
2451.526790265454
 21
870.5955477844793
 31
0.0
 12
0.0
 22
-1.0
 32
0.0
 13
1.0
 23
0.0
 33
0.0
 74
     2
 41
0.0
 41
0.0
 75
     0
 74
     2
 41
-0.23
 41
0.0
 75
     0
  0
MLINE
  5
8D5
330
1F
100
AcDbEntity
  8
BEAM__BM_
100
AcDbMline
  2
STANDARD
340
18
 40
0.23
 70
     0
 71
     1
 72
     2
 73
     2
 10
2456.746790265453
 20
874.2558378352817
 30
0.0
210
0.0
220
0.0
230
1.0
 11
2456.746790265453
 21
874.2558378352817
 31
0.0
 12
1.0
 22
0.0
 32
0.0
 13
2.220446049250313E-16
 23
1.0
 33
0.0
 74
     2
 41
0.0
 41
0.0
 75
     0
 74
     2
 41
-0.23
 41
0.0
 75
     0
 11
2457.746790265454
 21
874.2558378352817
 31
0.0
 12
1.0
 22
0.0
 32
0.0
 13
2.220446049250313E-16
 23
1.0
 33
0.0
 74
     2
 41
0.0
 41
0.0
 75
     0
 74
     2
 41
-0.23
 41
0.0
 75
     0
  0
LINE
  5
8D6
330
1F
100
AcDbEntity
  8
BEAM__BM_
100
AcDbLine
 10
2457.746790265454
 20
874.2558378352815
 30
0.0
 11
2457.746790265454
 21
870.5955477844791
 31
0.0
  0
LINE
  5
8D7
330
1F
100
AcDbEntity
  8
BEAM__BM_
100
AcDbLine
 10
2457.596790265454
 20
874.0258378352817
 30
0.0
 11
2457.596790265454
 21
870.5955477844791
 31
0.0
  0
MLINE
  5
8D8
330
1F
100
AcDbEntity
  8
BEAM__BM_
100
AcDbMline
  2
STANDARD
340
18
 40
0.15
 70
     0
 71
     1
 72
     2
 73
     2
 10
2453.846790265453
 20
870.5955477844793
 30
0.0
210
0.0
220
0.0
230
1.0
 11
2453.846790265453
 21
870.5955477844793
 31
0.0
 12
0.0
 22
1.0
 32
0.0
 13
-1.0
 23
1.224646799147353E-16
 33
0.0
 74
     2
 41
0.0
 41
0.0
 75
     0
 74
     2
 41
-0.15
 41
0.0
 75
     0
 11
2453.846790265453
 21
871.6455477844793
 31
0.0
 12
0.0
 22
1.0
 32
0.0
 13
-1.0
 23
1.224646799147353E-16
 33
0.0
 74
     2
 41
0.0
 41
0.0
 75
     0
 74
     2
 41
-0.15
 41
0.0
 75
     0
  0
MLINE
  5
8D9
330
1F
100
AcDbEntity
  8
BEAM__BM_
100
AcDbMline
  2
STANDARD
340
18
 40
0.23
 70
     0
 71
     1
 72
     2
 73
     2
 10
2449.005297497298
 20
870.5955477844798
 30
0.0
210
0.0
220
0.0
230
1.0
 11
2449.005297497298
 21
870.5955477844798
 31
0.0
 12
1.0
 22
-1.740996426369239E-13
 32
0.0
 13
1.744160371686121E-13
 23
1.0
 33
0.0
 74
     2
 41
0.0
 41
0.0
 75
     0
 74
     2
 41
-0.23
 41
0.0
 75
     0
 11
2452.596790265452
 21
870.5955477844791
 31
0.0
 12
1.0
 22
-1.740996426369239E-13
 32
0.0
 13
1.744160371686121E-13
 23
1.0
 33
0.0
 74
     2
 41
0.0
 41
0.0
 75
     0
 74
     2
 41
-0.23
 41
0.0
 75
     0
  0
MLINE
  5
8DA
330
1F
100
AcDbEntity
  8
BEAM__BM_
100
AcDbMline
  2
STANDARD
340
18
 40
0.23
 70
     0
 71
     1
 72
     2
 73
     2
 10
2446.845979259107
 20
870.59554778448
 30
0.0
210
0.0
220
0.0
230
1.0
 11
2446.845979259107
 21
870.59554778448
 31
0.0
 12
1.0
 22
-3.488785525651788E-14
 32
0.0
 13
3.508304757815495E-14
 23
1.0
 33
0.0
 74
     2
 41
0.0
 41
0.0
 75
     0
 74
     2
 41
-0.23
 41
0.0
 75
     0
 11
2448.475297497297
 21
870.5955477844798
 31
0.0
 12
1.0
 22
-3.488785525651788E-14
 32
0.0
 13
3.508304757815495E-14
 23
1.0
 33
0.0
 74
     2
 41
0.0
 41
0.0
 75
     0
 74
     2
 41
-0.23
 41
0.0
 75
     0
  0
LINE
  5
8DB
330
1F
100
AcDbEntity
  8
BEAM__BM_
100
AcDbLine
 10
2446.845979259107
 20
870.59554778448
 30
0.0
 11
2446.845979259107
 21
873.7955477844798
 31
0.0
  0
LINE
  5
8DC
330
1F
100
AcDbEntity
  8
BEAM__BM_
100
AcDbLine
 10
2446.995979259106
 20
870.59554778448
 30
0.0
 11
2446.995979259106
 21
873.6455477844797
 31
0.0
  0
LINE
  5
8DD
330
1F
100
AcDbEntity
  8
BEAM__BM_
100
AcDbLine
 10
2446.845979259107
 20
867.3455477844768
 30
0.0
 11
2446.845979259107
 21
870.59554778448
 31
0.0
  0
LINE
  5
8DE
330
1F
100
AcDbEntity
  8
BEAM__BM_
100
AcDbLine
 10
2446.995979259106
 20
867.5755477844768
 30
0.0
 11
2446.995979259106
 21
870.36554778448
 31
0.0
  0
MLINE
  5
8DF
330
1F
100
AcDbEntity
  8
BEAM__BM_
100
AcDbMline
  2
STANDARD
340
18
 40
0.23
 70
     0
 71
     1
 72
     2
 73
     2
 10
2448.448550555676
 20
867.3455477844768
 30
0.0
210
0.0
220
0.0
230
1.0
 11
2448.448550555676
 21
867.3455477844768
 31
0.0
 12
-1.0
 22
0.0
 32
0.0
 13
-2.220446049250313E-16
 23
-1.0
 33
0.0
 74
     2
 41
0.0
 41
0.0
 75
     0
 74
     2
 41
-0.23
 41
0.0
 75
     0
 11
2446.845979259107
 21
867.3455477844768
 31
0.0
 12
-1.0
 22
0.0
 32
0.0
 13
-2.220446049250313E-16
 23
-1.0
 33
0.0
 74
     2
 41
0.0
 41
0.0
 75
     0
 74
     2
 41
-0.23
 41
0.0
 75
     0
  0
MLINE
  5
8E0
330
1F
100
AcDbEntity
  8
BEAM__BM_
100
AcDbMline
  2
STANDARD
340
18
 40
0.23
 70
     0
 71
     1
 72
     2
 73
     2
 10
2447.845701337179
 20
870.5955477844798
 30
0.0
210
0.0
220
0.0
230
1.0
 11
2447.845701337179
 21
870.5955477844798
 31
0.0
 12
-1.479394462647728E-13
 22
1.0
 32
0.0
 13
-1.0
 23
1.224646799147353E-16
 33
0.0
 74
     2
 41
0.0
 41
0.0
 75
     0
 74
     2
 41
-0.23
 41
0.0
 75
     0
 11
2447.845701337179
 21
872.132485235471
 31
0.0
 12
-1.479394462647728E-13
 22
1.0
 32
0.0
 13
-1.0
 23
1.224646799147353E-16
 33
0.0
 74
     2
 41
0.0
 41
0.0
 75
     0
 74
     2
 41
-0.23
 41
0.0
 75
     0
  0
MLINE
  5
8E1
330
1F
100
AcDbEntity
  8
BEAM__BM_
100
AcDbMline
  2
STANDARD
340
18
 40
0.23
 70
     0
 71
     1
 72
     2
 73
     2
 10
2447.845701337179
 20
872.6624852354716
 30
0.0
210
0.0
220
0.0
230
1.0
 11
2447.845701337179
 21
872.6624852354716
 31
0.0
 12
-0.004440097106899519
 22
0.9999901427202578
 32
0.0
 13
-0.9999901427202578
 23
-0.004440097106898785
 33
0.0
 74
     2
 41
0.0
 41
0.0
 75
     0
 74
     2
 41
-0.23
 41
0.0
 75
     0
 11
2447.840670379841
 21
873.7955477844796
 31
0.0
 12
-0.004440097106899519
 22
0.9999901427202578
 32
0.0
 13
-0.9999901427202578
 23
-0.004440097106898785
 33
0.0
 74
     2
 41
0.0
 41
0.0
 75
     0
 74
     2
 41
-0.23
 41
0.0
 75
     0
  0
MLINE
  5
8E2
330
1F
100
AcDbEntity
  8
BEAM__BM_
100
AcDbMline
  2
STANDARD
340
18
 40
0.23
 70
     0
 71
     1
 72
     2
 73
     2
 10
2447.845701337179
 20
867.5755477844768
 30
0.0
210
0.0
220
0.0
230
1.0
 11
2447.845701337179
 21
867.5755477844768
 31
0.0
 12
-1.222439115284815E-13
 22
1.0
 32
0.0
 13
-1.0
 23
1.224646799147353E-16
 33
0.0
 74
     2
 41
0.0
 41
0.0
 75
     0
 74
     2
 41
-0.23
 41
0.0
 75
     0
 11
2447.845701337179
 21
870.36554778448
 31
0.0
 12
-1.222439115284815E-13
 22
1.0
 32
0.0
 13
-1.0
 23
1.224646799147353E-16
 33
0.0
 74
     2
 41
0.0
 41
0.0
 75
     0
 74
     2
 41
-0.23
 41
0.0
 75
     0
  0
MLINE
  5
8E3
330
1F
100
AcDbEntity
  8
BEAM__BM_
100
AcDbMline
  2
STANDARD
340
18
 40
0.23
 70
     0
 71
     1
 72
     2
 73
     2
 10
2451.945701337179
 20
867.6455477844781
 30
0.0
210
0.0
220
0.0
230
1.0
 11
2451.945701337179
 21
867.6455477844781
 31
0.0
 12
2.089831575764237E-14
 22
1.0
 32
0.0
 13
-1.0
 23
1.224646799147353E-16
 33
0.0
 74
     2
 41
0.0
 41
0.0
 75
     0
 74
     2
 41
-0.23
 41
0.0
 75
     0
 11
2451.945701337179
 21
870.3655477844791
 31
0.0
 12
2.089831575764237E-14
 22
1.0
 32
0.0
 13
-1.0
 23
1.224646799147353E-16
 33
0.0
 74
     2
 41
0.0
 41
0.0
 75
     0
 74
     2
 41
-0.23
 41
0.0
 75
     0
  0
MLINE
  5
8E4
330
1F
100
AcDbEntity
  8
BEAM__BM_
100
AcDbMline
  2
STANDARD
340
18
 40
0.23
 70
     0
 71
     1
 72
     2
 73
     2
 10
2453.205053958106
 20
870.5955477844793
 30
0.0
210
0.0
220
0.0
230
1.0
 11
2453.205053958106
 21
870.5955477844793
 31
0.0
 12
1.0
 22
-2.898462655482907E-13
 32
0.0
 13
2.903233209394784E-13
 23
1.0
 33
0.0
 74
     2
 41
0.0
 41
0.0
 75
     0
 74
     2
 41
-0.23
 41
0.0
 75
     0
 11
2456.146790265453
 21
870.5955477844784
 31
0.0
 12
1.0
 22
-2.898462655482907E-13
 32
0.0
 13
2.903233209394784E-13
 23
1.0
 33
0.0
 74
     2
 41
0.0
 41
0.0
 75
     0
 74
     2
 41
-0.23
 41
0.0
 75
     0
  0
MLINE
  5
8E5
330
1F
100
AcDbEntity
  8
BEAM__BM_
100
AcDbMline
  2
STANDARD
340
18
 40
0.23
 70
     0
 71
     1
 72
     2
 73
     2
 10
2456.746790265453
 20
870.5955477844786
 30
0.0
210
0.0
220
0.0
230
1.0
 11
2456.746790265453
 21
870.5955477844786
 31
0.0
 12
1.0
 22
1.421085471519978E-13
 32
0.0
 13
-1.416644579421700E-13
 23
1.0
 33
0.0
 74
     2
 41
0.0
 41
0.0
 75
     0
 74
     2
 41
-0.23
 41
0.0
 75
     0
 11
2458.346790265453
 21
870.5955477844791
 31
0.0
 12
1.0
 22
1.421085471519978E-13
 32
0.0
 13
-1.416644579421700E-13
 23
1.0
 33
0.0
 74
     2
 41
0.0
 41
0.0
 75
     0
 74
     2
 41
-0.23
 41
0.0
 75
     0
  0
MLINE
  5
8E6
330
1F
100
AcDbEntity
  8
BEAM__BM_
100
AcDbMline
  2
STANDARD
340
18
 40
0.23
 70
     0
 71
     1
 72
     2
 73
     2
 10
2456.916790265453
 20
867.5755477844791
 30
0.0
210
0.0
220
0.0
230
1.0
 11
2456.916790265453
 21
867.5755477844791
 31
0.0
 12
1.222439115286334E-13
 22
1.0
 32
0.0
 13
-1.0
 23
1.224646799147353E-16
 33
0.0
 74
     2
 41
0.0
 41
0.0
 75
     0
 74
     2
 41
-0.23
 41
0.0
 75
     0
 11
2456.916790265454
 21
870.3655477844788
 31
0.0
 12
1.222439115286334E-13
 22
1.0
 32
0.0
 13
-1.0
 23
1.224646799147353E-16
 33
0.0
 74
     2
 41
0.0
 41
0.0
 75
     0
 74
     2
 41
-0.23
 41
0.0
 75
     0
  0
LINE
  5
8E7
330
1F
100
AcDbEntity
  8
BEAM__BM_
100
AcDbLine
 10
2448.978550555677
 20
867.5755477844807
 30
0.0
 11
2451.645701337179
 21
867.5755477844793
 31
0.0
  0
LINE
  5
8E8
330
1F
100
AcDbEntity
  8
BEAM__BM_
100
AcDbLine
 10
2448.978550555677
 20
867.3455477844807
 30
0.0
 11
2449.529965029833
 21
867.3455477844807
 31
0.0
  0
MLINE
  5
8E9
330
1F
100
AcDbEntity
  8
BEAM__BM_
100
AcDbMline
  2
STANDARD
340
18
 40
0.23
 70
     0
 71
     1
 72
     2
 73
     2
 10
2452.175701337179
 20
867.5755477844782
 30
0.0
210
0.0
220
0.0
230
1.0
 11
2452.175701337179
 21
867.5755477844782
 31
0.0
 12
1.0
 22
2.677722394586575E-13
 32
0.0
 13
-2.677857935395878E-13
 23
1.0
 33
0.0
 74
     2
 41
0.0
 41
0.0
 75
     0
 74
     2
 41
-0.23
 41
0.0
 75
     0
 11
2455.996790265453
 21
867.5755477844793
 31
0.0
 12
1.0
 22
2.677722394586575E-13
 32
0.0
 13
-2.677857935395878E-13
 23
1.0
 33
0.0
 74
     2
 41
0.0
 41
0.0
 75
     0
 74
     2
 41
-0.23
 41
0.0
 75
     0
  0
MLINE
  5
8EA
330
1F
100
AcDbEntity
  8
BEAM__BM_
100
AcDbMline
  2
STANDARD
340
18
 40
0.23
 70
     0
 71
     1
 72
     2
 73
     2
 10
2456.746790265453
 20
867.5755477844791
 30
0.0
210
0.0
220
0.0
230
1.0
 11
2456.746790265453
 21
867.5755477844791
 31
0.0
 12
1.0
 22
3.552713678799567E-14
 32
0.0
 13
-3.552713678800500E-14
 23
1.0
 33
0.0
 74
     2
 41
0.0
 41
0.0
 75
     0
 74
     2
 41
-0.23
 41
0.0
 75
     0
 11
2458.346790265453
 21
867.5755477844791
 31
0.0
 12
1.0
 22
3.552713678799567E-14
 32
0.0
 13
-3.552713678800500E-14
 23
1.0
 33
0.0
 74
     2
 41
0.0
 41
0.0
 75
     0
 74
     2
 41
-0.23
 41
0.0
 75
     0
  0
LINE
  5
8EB
330
1F
100
AcDbEntity
  8
BEAM__BM_
100
AcDbLine
 10
2458.196790265453
 20
867.5755477844791
 30
0.0
 11
2458.196790265453
 21
870.3655477844791
 31
0.0
  0
LINE
  5
8EC
330
1F
100
AcDbEntity
  8
BEAM__BM_
100
AcDbLine
 10
2458.346790265453
 20
867.3455477844784
 30
0.0
 11
2458.346790265453
 21
870.5955477844791
 31
0.0
  0
MLINE
  5
8ED
330
1F
100
AcDbEntity
  8
BEAM__BM_
100
AcDbMline
  2
STANDARD
340
18
 40
0.15
 70
     0
 71
     1
 72
     2
 73
     2
 10
2458.096790265452
 20
864.9455477844788
 30
0.0
210
0.0
220
0.0
230
1.0
 11
2458.096790265452
 21
864.9455477844788
 31
0.0
 12
0.0
 22
1.0
 32
0.0
 13
-1.0
 23
1.224646799147353E-16
 33
0.0
 74
     2
 41
0.0
 41
0.0
 75
     0
 74
     2
 41
-0.15
 41
0.0
 75
     0
 11
2458.096790265452
 21
867.3455477844784
 31
0.0
 12
0.0
 22
1.0
 32
0.0
 13
-1.0
 23
1.224646799147353E-16
 33
0.0
 74
     2
 41
0.0
 41
0.0
 75
     0
 74
     2
 41
-0.15
 41
0.0
 75
     0
  0
MLINE
  5
8EE
330
1F
100
AcDbEntity
  8
BEAM__BM_
100
AcDbMline
  2
STANDARD
340
18
 40
0.23
 70
     0
 71
     1
 72
     2
 73
     2
 10
2454.266790265453
 20
864.9455477844792
 30
0.0
210
0.0
220
0.0
230
1.0
 11
2454.266790265453
 21
864.9455477844792
 31
0.0
 12
0.0
 22
1.0
 32
0.0
 13
-1.0
 23
1.224646799147353E-16
 33
0.0
 74
     2
 41
0.0
 41
0.0
 75
     0
 74
     2
 41
-0.23
 41
0.0
 75
     0
 11
2454.266790265453
 21
867.3455477844793
 31
0.0
 12
0.0
 22
1.0
 32
0.0
 13
-1.0
 23
1.224646799147353E-16
 33
0.0
 74
     2
 41
0.0
 41
0.0
 75
     0
 74
     2
 41
-0.23
 41
0.0
 75
     0
  0
MLINE
  5
8EF
330
1F
100
AcDbEntity
  8
BEAM__BM_
100
AcDbMline
  2
STANDARD
340
18
 40
0.15
 70
     0
 71
     1
 72
     2
 73
     2
 10
2451.504965029833
 20
865.5455477844782
 30
0.0
210
0.0
220
0.0
230
1.0
 11
2451.504965029833
 21
865.5455477844782
 31
0.0
 12
1.263187085796524E-13
 22
1.0
 32
0.0
 13
-1.0
 23
1.224646799147353E-16
 33
0.0
 74
     2
 41
0.0
 41
0.0
 75
     0
 74
     2
 41
-0.15
 41
0.0
 75
     0
 11
2451.504965029833
 21
867.345547784477
 31
0.0
 12
1.263187085796524E-13
 22
1.0
 32
0.0
 13
-1.0
 23
1.224646799147353E-16
 33
0.0
 74
     2
 41
0.0
 41
0.0
 75
     0
 74
     2
 41
-0.15
 41
0.0
 75
     0
  0
MLINE
  5
8F0
330
1F
100
AcDbEntity
  8
BEAM__BM_
100
AcDbMline
  2
STANDARD
340
18
 40
0.23
 70
     0
 71
     1
 72
     2
 73
     2
 10
2447.434525983289
 20
862.7255477844792
 30
0.0
210
0.0
220
0.0
230
1.0
 11
2447.434525983289
 21
862.7255477844792
 31
0.0
 12
-4.921508126479483E-14
 22
1.0
 32
0.0
 13
-1.0
 23
1.224646799147353E-16
 33
0.0
 74
     2
 41
0.0
 41
0.0
 75
     0
 74
     2
 41
-0.23
 41
0.0
 75
     0
 11
2447.434525983289
 21
867.3455477844768
 31
0.0
 12
-4.921508126479483E-14
 22
1.0
 32
0.0
 13
-1.0
 23
1.224646799147353E-16
 33
0.0
 74
     2
 41
0.0
 41
0.0
 75
     0
 74
     2
 41
-0.23
 41
0.0
 75
     0
  0
LINE
  5
8F1
330
1F
100
AcDbEntity
  8
BEAM__BM_
100
AcDbLine
 10
2449.529965029833
 20
865.3955477844788
 30
0.0
 11
2447.664525983289
 21
865.3955477844788
 31
0.0
  0
LINE
  5
8F2
330
1F
100
AcDbEntity
  8
BEAM__BM_
100
AcDbLine
 10
2449.529965029833
 20
865.5455477844788
 30
0.0
 11
2447.664525983289
 21
865.5455477844788
 31
0.0
  0
MLINE
  5
8F3
330
1F
100
AcDbEntity
  8
BEAM__BM_
100
AcDbMline
  2
STANDARD
340
18
 40
0.15
 70
     0
 71
     1
 72
     2
 73
     2
 10
2447.434525983289
 20
865.3955477844788
 30
0.0
210
0.0
220
0.0
230
1.0
 11
2447.434525983289
 21
865.3955477844788
 31
0.0
 12
-1.0
 22
0.0
 32
0.0
 13
-2.220446049250313E-16
 23
-1.0
 33
0.0
 74
     2
 41
0.0
 41
0.0
 75
     0
 74
     2
 41
-0.15
 41
0.0
 75
     0
 11
2446.835979259106
 21
865.3955477844788
 31
0.0
 12
-1.0
 22
0.0
 32
0.0
 13
-2.220446049250313E-16
 23
-1.0
 33
0.0
 74
     2
 41
0.0
 41
0.0
 75
     0
 74
     2
 41
-0.15
 41
0.0
 75
     0
  0
MLINE
  5
8F4
330
1F
100
AcDbEntity
  8
BEAM__BM_
100
AcDbMline
  2
STANDARD
340
18
 40
0.23
 70
     0
 71
     1
 72
     2
 73
     2
 10
2448.375682711724
 20
862.4955477844792
 30
0.0
210
0.0
220
0.0
230
1.0
 11
2448.375682711724
 21
862.4955477844792
 31
0.0
 12
-1.0
 22
-7.383684015793247E-14
 32
0.0
 13
7.360778653264788E-14
 23
-1.0
 33
0.0
 74
     2
 41
0.0
 41
0.0
 75
     0
 74
     2
 41
-0.23
 41
0.0
 75
     0
 11
2446.835979259105
 21
862.4955477844792
 31
0.0
 12
-1.0
 22
-7.383684015793247E-14
 32
0.0
 13
7.360778653264788E-14
 23
-1.0
 33
0.0
 74
     2
 41
0.0
 41
0.0
 75
     0
 74
     2
 41
-0.23
 41
0.0
 75
     0
  0
LINE
  5
8F5
330
1F
100
AcDbEntity
  8
BEAM__BM_
100
AcDbLine
 10
2446.835979259106
 20
862.4955477844796
 30
0.0
 11
2446.835979259106
 21
865.5455477844787
 31
0.0
  0
LINE
  5
8F6
330
1F
100
AcDbEntity
  8
BEAM__BM_
100
AcDbLine
 10
2446.985979259106
 20
862.7255477844792
 30
0.0
 11
2446.985979259106
 21
865.3955477844788
 31
0.0
  0
MLINE
  5
8F7
330
1F
100
AcDbEntity
  8
BEAM__BM_
100
AcDbMline
  2
STANDARD
340
18
 40
0.23
 70
     0
 71
     1
 72
     2
 73
     2
 10
2451.875701337177
 20
862.4955477844785
 30
0.0
210
0.0
220
0.0
230
1.0
 11
2451.875701337177
 21
862.4955477844785
 31
0.0
 12
-1.0
 22
0.0
 32
0.0
 13
-2.220446049250313E-16
 23
-1.0
 33
0.0
 74
     2
 41
0.0
 41
0.0
 75
     0
 74
     2
 41
-0.23
 41
0.0
 75
     0
 11
2448.975682711724
 21
862.4955477844785
 31
0.0
 12
-1.0
 22
0.0
 32
0.0
 13
-2.220446049250313E-16
 23
-1.0
 33
0.0
 74
     2
 41
0.0
 41
0.0
 75
     0
 74
     2
 41
-0.23
 41
0.0
 75
     0
  0
MLINE
  5
8F8
330
1F
100
AcDbEntity
  8
BEAM__BM_
100
AcDbMline
  2
STANDARD
340
18
 40
0.23
 70
     0
 71
     1
 72
     2
 73
     2
 10
2452.175701337179
 20
865.2455477844774
 30
0.0
210
0.0
220
0.0
230
1.0
 11
2452.175701337179
 21
865.2455477844774
 31
0.0
 12
-4.758983904627222E-13
 22
-1.0
 32
0.0
 13
1.0
 23
0.0
 33
0.0
 74
     2
 41
0.0
 41
0.0
 75
     0
 74
     2
 41
-0.23
 41
0.0
 75
     0
 11
2452.175701337178
 21
863.095547784478
 31
0.0
 12
-4.758983904627222E-13
 22
-1.0
 32
0.0
 13
1.0
 23
0.0
 33
0.0
 74
     2
 41
0.0
 41
0.0
 75
     0
 74
     2
 41
-0.23
 41
0.0
 75
     0
  0
MLINE
  5
8F9
330
1F
100
AcDbEntity
  8
BEAM__BM_
100
AcDbMline
  2
STANDARD
340
18
 40
0.23
 70
     0
 71
     1
 72
     2
 73
     2
 10
2452.175701337179
 20
864.9455477844795
 30
0.0
210
0.0
220
0.0
230
1.0
 11
2452.175701337179
 21
864.9455477844795
 31
0.0
 12
1.0
 22
-1.636385907802810E-13
 32
0.0
 13
1.632027846198980E-13
 23
1.0
 33
0.0
 74
     2
 41
0.0
 41
0.0
 75
     0
 74
     2
 41
-0.23
 41
0.0
 75
     0
 11
2455.996790265453
 21
864.9455477844788
 31
0.0
 12
1.0
 22
-1.636385907802810E-13
 32
0.0
 13
1.632027846198980E-13
 23
1.0
 33
0.0
 74
     2
 41
0.0
 41
0.0
 75
     0
 74
     2
 41
-0.23
 41
0.0
 75
     0
  0
MLINE
  5
8FA
330
1F
100
AcDbEntity
  8
BEAM__BM_
100
AcDbMline
  2
STANDARD
340
18
 40
0.23
 70
     0
 71
     1
 72
     2
 73
     2
 10
2456.746790265453
 20
864.9455477844788
 30
0.0
210
0.0
220
0.0
230
1.0
 11
2456.746790265453
 21
864.9455477844788
 31
0.0
 12
1.0
 22
-3.197442310920860E-13
 32
0.0
 13
3.195221864871201E-13
 23
1.0
 33
0.0
 74
     2
 41
0.0
 41
0.0
 75
     0
 74
     2
 41
-0.23
 41
0.0
 75
     0
 11
2458.346790265452
 21
864.9455477844783
 31
0.0
 12
1.0
 22
-3.197442310920860E-13
 32
0.0
 13
3.195221864871201E-13
 23
1.0
 33
0.0
 74
     2
 41
0.0
 41
0.0
 75
     0
 74
     2
 41
-0.23
 41
0.0
 75
     0
  0
MLINE
  5
8FB
330
1F
100
AcDbEntity
  8
BEAM__BM_
100
AcDbMline
  2
STANDARD
340
18
 40
0.23
 70
     0
 71
     1
 72
     2
 73
     2
 10
2457.146790265452
 20
864.7155477844788
 30
0.0
210
0.0
220
0.0
230
1.0
 11
2457.146790265452
 21
864.7155477844788
 31
0.0
 12
-1.168015456044289E-13
 22
-1.0
 32
0.0
 13
1.0
 23
0.0
 33
0.0
 74
     2
 41
0.0
 41
0.0
 75
     0
 74
     2
 41
-0.23
 41
0.0
 75
     0
 11
2457.146790265452
 21
861.7955477844794
 31
0.0
 12
-1.168015456044289E-13
 22
-1.0
 32
0.0
 13
1.0
 23
0.0
 33
0.0
 74
     2
 41
0.0
 41
0.0
 75
     0
 74
     2
 41
-0.23
 41
0.0
 75
     0
  0
MLINE
  5
8FC
330
1F
100
AcDbEntity
  8
BEAM__BM_
100
AcDbMline
  2
STANDARD
340
18
 40
0.23
 70
     0
 71
     1
 72
     2
 73
     2
 10
2456.746790265452
 20
861.7955477844789
 30
0.0
210
0.0
220
0.0
230
1.0
 11
2456.746790265452
 21
861.7955477844789
 31
0.0
 12
1.0
 22
3.552713678800072E-14
 32
0.0
 13
-3.552713678800500E-14
 23
1.0
 33
0.0
 74
     2
 41
0.0
 41
0.0
 75
     0
 74
     2
 41
-0.23
 41
0.0
 75
     0
 11
2458.346790265452
 21
861.7955477844791
 31
0.0
 12
1.0
 22
3.552713678800072E-14
 32
0.0
 13
-3.552713678800500E-14
 23
1.0
 33
0.0
 74
     2
 41
0.0
 41
0.0
 75
     0
 74
     2
 41
-0.23
 41
0.0
 75
     0
  0
LINE
  5
8FD
330
1F
100
AcDbEntity
  8
BEAM__BM_
100
AcDbLine
 10
2458.196790265452
 20
861.7955477844791
 30
0.0
 11
2458.196790265452
 21
864.7155477844783
 31
0.0
  0
LINE
  5
8FE
330
1F
100
AcDbEntity
  8
BEAM__BM_
100
AcDbLine
 10
2458.346790265452
 20
861.5655477844791
 30
0.0
 11
2458.346790265452
 21
864.9455477844783
 31
0.0
  0
LINE
  5
8FF
330
1F
100
AcDbEntity
  8
BEAM__BM_
100
AcDbLine
 10
2453.066790265452
 20
860.0955477844795
 30
0.0
 11
2453.066790265452
 21
862.4955477844785
 31
0.0
  0
LINE
  5
900
330
1F
100
AcDbEntity
  8
BEAM__BM_
100
AcDbLine
 10
2453.296790265452
 20
860.0955477844795
 30
0.0
 11
2453.296790265452
 21
862.7255477844785
 31
0.0
  0
LINE
  5
901
330
1F
100
AcDbEntity
  8
BEAM__BM_
100
AcDbLine
 10
2452.175701337178
 20
862.7255477844785
 30
0.0
 11
2453.296790265452
 21
862.7255477844785
 31
0.0
  0
LINE
  5
902
330
1F
100
AcDbEntity
  8
BEAM__BM_
100
AcDbLine
 10
2452.175701337178
 20
862.4955477844785
 30
0.0
 11
2453.296790265452
 21
862.4955477844785
 31
0.0
  0
MLINE
  5
903
330
1F
100
AcDbEntity
  8
BEAM__BM_
100
AcDbMline
  2
STANDARD
340
18
 40
0.23
 70
     0
 71
     1
 72
     2
 73
     2
 10
2453.296790265452
 20
861.7955477844789
 30
0.0
210
0.0
220
0.0
230
1.0
 11
2453.296790265452
 21
861.7955477844789
 31
0.0
 12
1.0
 22
7.978023699761511E-14
 32
0.0
 13
-7.993605777301127E-14
 23
1.0
 33
0.0
 74
     2
 41
0.0
 41
0.0
 75
     0
 74
     2
 41
-0.23
 41
0.0
 75
     0
 11
2456.146790265452
 21
861.7955477844791
 31
0.0
 12
1.0
 22
7.978023699761511E-14
 32
0.0
 13
-7.993605777301127E-14
 23
1.0
 33
0.0
 74
     2
 41
0.0
 41
0.0
 75
     0
 74
     2
 41
-0.23
 41
0.0
 75
     0
  0
MLINE
  5
904
330
1F
100
AcDbEntity
  8
BEAM__BM_
100
AcDbMline
  2
STANDARD
340
18
 40
0.23
 70
     0
 71
     1
 72
     2
 73
     2
 10
2457.346790265452
 20
861.5655477844791
 30
0.0
210
0.0
220
0.0
230
1.0
 11
2457.346790265452
 21
861.5655477844791
 31
0.0
 12
7.733798484467121E-14
 22
-1.0
 32
0.0
 13
1.0
 23
0.0
 33
0.0
 74
     2
 41
0.0
 41
0.0
 75
     0
 74
     2
 41
-0.23
 41
0.0
 75
     0
 11
2457.346790265452
 21
860.0955477844798
 31
0.0
 12
7.733798484467121E-14
 22
-1.0
 32
0.0
 13
1.0
 23
0.0
 33
0.0
 74
     2
 41
0.0
 41
0.0
 75
     0
 74
     2
 41
-0.23
 41
0.0
 75
     0
  0
MLINE
  5
905
330
1F
100
AcDbEntity
  8
BEAM__BM_
100
AcDbMline
  2
STANDARD
340
18
 40
0.23
 70
     0
 71
     1
 72
     2
 73
     2
 10
2457.346790265452
 20
859.4955477844792
 30
0.0
210
0.0
220
0.0
230
1.0
 11
2457.346790265452
 21
859.4955477844792
 31
0.0
 12
0.0
 22
-1.0
 32
0.0
 13
1.0
 23
0.0
 33
0.0
 74
     2
 41
0.0
 41
0.0
 75
     0
 74
     2
 41
-0.23
 41
0.0
 75
     0
 11
2457.346790265452
 21
858.4955477844785
 31
0.0
 12
0.0
 22
-1.0
 32
0.0
 13
1.0
 23
0.0
 33
0.0
 74
     2
 41
0.0
 41
0.0
 75
     0
 74
     2
 41
-0.23
 41
0.0
 75
     0
  0
MLINE
  5
906
330
1F
100
AcDbEntity
  8
BEAM__BM_
100
AcDbMline
  2
STANDARD
340
18
 40
0.23
 70
     0
 71
     1
 72
     2
 73
     2
 10
2453.296790265451
 20
859.4955477844792
 30
0.0
210
0.0
220
0.0
230
1.0
 11
2453.296790265451
 21
859.4955477844792
 31
0.0
 12
0.0
 22
-1.0
 32
0.0
 13
1.0
 23
0.0
 33
0.0
 74
     2
 41
0.0
 41
0.0
 75
     0
 74
     2
 41
-0.23
 41
0.0
 75
     0
 11
2453.296790265451
 21
858.4955477844792
 31
0.0
 12
0.0
 22
-1.0
 32
0.0
 13
1.0
 23
0.0
 33
0.0
 74
     2
 41
0.0
 41
0.0
 75
     0
 74
     2
 41
-0.23
 41
0.0
 75
     0
  0
MLINE
  5
907
330
1F
100
AcDbEntity
  8
BEAM__BM_
100
AcDbMline
  2
STANDARD
340
18
 40
0.23
 70
     0
 71
     1
 72
     2
 73
     2
 10
2448.375682711723
 20
858.495547784481
 30
0.0
210
0.0
220
0.0
230
1.0
 11
2448.375682711723
 21
858.495547784481
 31
0.0
 12
0.0
 22
1.0
 32
0.0
 13
-1.0
 23
1.224646799147353E-16
 33
0.0
 74
     2
 41
0.0
 41
0.0
 75
     0
 74
     2
 41
-0.23
 41
0.0
 75
     0
 11
2448.375682711723
 21
859.4955477844801
 31
0.0
 12
0.0
 22
1.0
 32
0.0
 13
-1.0
 23
1.224646799147353E-16
 33
0.0
 74
     2
 41
0.0
 41
0.0
 75
     0
 74
     2
 41
-0.23
 41
0.0
 75
     0
  0
MLINE
  5
908
330
1F
100
AcDbEntity
  8
BEAM__BM_
100
AcDbMline
  2
STANDARD
340
18
 40
0.23
 70
     0
 71
     1
 72
     2
 73
     2
 10
2448.375682711724
 20
860.0955477844805
 30
0.0
210
0.0
220
0.0
230
1.0
 11
2448.375682711724
 21
860.0955477844805
 31
0.0
 12
0.0
 22
1.0
 32
0.0
 13
-1.0
 23
1.224646799147353E-16
 33
0.0
 74
     2
 41
0.0
 41
0.0
 75
     0
 74
     2
 41
-0.23
 41
0.0
 75
     0
 11
2448.375682711724
 21
862.4955477844787
 31
0.0
 12
0.0
 22
1.0
 32
0.0
 13
-1.0
 23
1.224646799147353E-16
 33
0.0
 74
     2
 41
0.0
 41
0.0
 75
     0
 74
     2
 41
-0.23
 41
0.0
 75
     0
  0
MLINE
  5
909
330
1F
100
AcDbEntity
  8
BEAM__BM_
100
AcDbMline
  2
STANDARD
340
18
 40
0.15
 70
     0
 71
     1
 72
     2
 73
     2
 10
2448.605682711724
 20
861.3455477844793
 30
0.0
210
0.0
220
0.0
230
1.0
 11
2448.605682711724
 21
861.3455477844793
 31
0.0
 12
1.0
 22
0.0
 32
0.0
 13
2.220446049250313E-16
 23
1.0
 33
0.0
 74
     2
 41
0.0
 41
0.0
 75
     0
 74
     2
 41
-0.15
 41
0.0
 75
     0
 11
2453.066790265452
 21
861.3455477844793
 31
0.0
 12
1.0
 22
0.0
 32
0.0
 13
2.220446049250313E-16
 23
1.0
 33
0.0
 74
     2
 41
0.0
 41
0.0
 75
     0
 74
     2
 41
-0.15
 41
0.0
 75
     0
  0
MLINE
  5
90A
330
1F
100
AcDbEntity
  8
BEAM__BM_
100
AcDbMline
  2
STANDARD
340
18
 40
0.15
 70
     0
 71
     1
 72
     2
 73
     2
 10
2450.525682711724
 20
861.3455477844793
 30
0.0
210
0.0
220
0.0
230
1.0
 11
2450.525682711724
 21
861.3455477844793
 31
0.0
 12
0.0
 22
1.0
 32
0.0
 13
-1.0
 23
1.224646799147353E-16
 33
0.0
 74
     2
 41
0.0
 41
0.0
 75
     0
 74
     2
 41
-0.15
 41
0.0
 75
     0
 11
2450.525682711724
 21
862.4955477844785
 31
0.0
 12
0.0
 22
1.0
 32
0.0
 13
-1.0
 23
1.224646799147353E-16
 33
0.0
 74
     2
 41
0.0
 41
0.0
 75
     0
 74
     2
 41
-0.15
 41
0.0
 75
     0
  0
MLINE
  5
90B
330
1F
100
AcDbEntity
  8
BEAM__BM_
100
AcDbMline
  2
STANDARD
340
18
 40
0.15
 70
     0
 71
     1
 72
     2
 73
     2
 10
2457.346790265452
 20
858.6455477844786
 30
0.0
210
0.0
220
0.0
230
1.0
 11
2457.346790265452
 21
858.6455477844786
 31
0.0
 12
1.0
 22
0.0
 32
0.0
 13
2.220446049250313E-16
 23
1.0
 33
0.0
 74
     2
 41
0.0
 41
0.0
 75
     0
 74
     2
 41
-0.15
 41
0.0
 75
     0
 11
2458.346790265452
 21
858.6455477844786
 31
0.0
 12
1.0
 22
0.0
 32
0.0
 13
2.220446049250313E-16
 23
1.0
 33
0.0
 74
     2
 41
0.0
 41
0.0
 75
     0
 74
     2
 41
-0.15
 41
0.0
 75
     0
  0
LINE
  5
90C
330
1F
100
AcDbEntity
  8
BEAM__BM_
100
AcDbLine
 10
2458.196790265452
 20
858.6455477844786
 30
0.0
 11
2458.196790265452
 21
861.5655477844791
 31
0.0
  0
LINE
  5
90D
330
1F
100
AcDbEntity
  8
BEAM__BM_
100
AcDbLine
 10
2458.346790265452
 20
858.495547784479
 30
0.0
 11
2458.346790265452
 21
861.5655477844791
 31
0.0
  0
LINE
  5
90E
330
1F
100
AcDbEntity
  8
BEAM__BM_
100
AcDbLine
 10
2453.296790265452
 20
858.6455477844802
 30
0.0
 11
2457.116790265452
 21
858.6455477844802
 31
0.0
  0
LINE
  5
90F
330
1F
100
AcDbEntity
  8
BEAM__BM_
100
AcDbLine
 10
2453.296790265452
 20
858.4955477844801
 30
0.0
 11
2457.346790265452
 21
858.4955477844801
 31
0.0
  0
LINE
  5
910
330
1F
100
AcDbEntity
  8
BEAM__BM_
100
AcDbLine
 10
2448.605682711723
 20
858.6455477844806
 30
0.0
 11
2453.066790265451
 21
858.6455477844793
 31
0.0
  0
LINE
  5
911
330
1F
100
AcDbEntity
  8
BEAM__BM_
100
AcDbLine
 10
2448.375682711723
 20
858.4955477844807
 30
0.0
 11
2453.296790265451
 21
858.4955477844792
 31
0.0
  0
LINE
  5
912
330
1F
100
AcDbEntity
  8
BEAM__BM_
100
AcDbLine
 10
2447.375682711723
 20
858.4955477844815
 30
0.0
 11
2447.375682711723
 21
861.3455477844798
 31
0.0
  0
LINE
  5
913
330
1F
100
AcDbEntity
  8
BEAM__BM_
100
AcDbLine
 10
2447.525682711723
 20
858.6455477844806
 30
0.0
 11
2447.525682711723
 21
861.1955477844795
 31
0.0
  0
LINE
  5
914
330
1F
100
AcDbEntity
  8
BEAM__BM_
100
AcDbLine
 10
2447.375682711723
 20
861.3455477844798
 30
0.0
 11
2448.366550865398
 21
861.3455477844798
 31
0.0
  0
LINE
  5
915
330
1F
100
AcDbEntity
  8
BEAM__BM_
100
AcDbLine
 10
2447.375682711723
 20
861.1955477844795
 30
0.0
 11
2448.366550865398
 21
861.1955477844795
 31
0.0
  0
LINE
  5
916
330
1F
100
AcDbEntity
  8
BEAM__BM_
100
AcDbLine
 10
2448.375682711723
 20
858.495547784481
 30
0.0
 11
2447.375682711723
 21
858.495547784481
 31
0.0
  0
LINE
  5
917
330
1F
100
AcDbEntity
  8
BEAM__BM_
100
AcDbLine
 10
2448.375682711723
 20
858.6455477844811
 30
0.0
 11
2447.375682711723
 21
858.6455477844811
 31
0.0
  0
TEXT
  5
918
330
1F
100
AcDbEntity
  8
BEAM_TEXT__BM_
100
AcDbText
 10
2447.237198534409
 20
859.560516732392
 30
0.0
 40
0.2
  1
B16
 50
90.0
  7
CALIBRI
 72
     1
 11
2447.321813919024
 21
859.8059013477766
 31
0.0
100
AcDbText
 73
     1
  0
TEXT
  5
919
330
1F
100
AcDbEntity
  8
BEAM_TEXT__BM_
100
AcDbText
 10
2448.863035124285
 20
860.580221600181
 30
0.0
 40
0.2
  1
B20
 50
90.0
  7
CALIBRI
 72
     1
 11
2448.9476505089
 21
860.8256062155656
 31
0.0
100
AcDbText
 73
     1
  0
TEXT
  5
91A
330
1F
100
AcDbEntity
  8
BEAM_TEXT__BM_
100
AcDbText
 10
2452.982174880836
 20
860.6842906673296
 30
0.0
 40
0.2
  1
B25
 50
90.0
  7
CALIBRI
 72
     1
 11
2453.066790265452
 21
860.9296752827142
 31
0.0
100
AcDbText
 73
     1
  0
TEXT
  5
91B
330
1F
100
AcDbEntity
  8
BEAM_TEXT__BM_
100
AcDbText
 10
2452.967386719333
 20
858.7597350851985
 30
0.0
 40
0.2
  1
BR11
 50
90.0
  7
CALIBRI
 72
     1
 11
2453.052002103949
 21
859.0906581621216
 31
0.0
100
AcDbText
 73
     1
  0
TEXT
  5
91C
330
1F
100
AcDbEntity
  8
BEAM_TEXT__BM_
100
AcDbText
 10
2457.027527740194
 20
858.6645046486036
 30
0.0
 40
0.2
  1
BR10
 50
90.0
  7
CALIBRI
 72
     1
 11
2457.11214312481
 21
858.9954277255267
 31
0.0
100
AcDbText
 73
     1
  0
TEXT
  5
91D
330
1F
100
AcDbEntity
  8
BEAM_TEXT__BM_
100
AcDbText
 10
2458.654482609589
 20
859.7501111853976
 30
0.0
 40
0.2
  1
B32
 50
90.0
  7
CALIBRI
 72
     1
 11
2458.739097994205
 21
859.9954958007822
 31
0.0
100
AcDbText
 73
     1
  0
TEXT
  5
91E
330
1F
100
AcDbEntity
  8
BEAM_TEXT__BM_
100
AcDbText
 10
2458.65448260959
 20
863.0669426265124
 30
0.0
 40
0.2
  1
B33
 50
90.0
  7
CALIBRI
 72
     1
 11
2458.739097994205
 21
863.312327241897
 31
0.0
100
AcDbText
 73
     1
  0
TEXT
  5
91F
330
1F
100
AcDbEntity
  8
BEAM_TEXT__BM_
100
AcDbText
 10
2458.012174880837
 20
865.9251631690939
 30
0.0
 40
0.2
  1
MB
 50
90.0
  7
CALIBRI
 72
     1
 11
2458.096790265452
 21
866.1455477844786
 31
0.0
100
AcDbText
 73
     1
  0
TEXT
  5
920
330
1F
100
AcDbEntity
  8
BEAM_TEXT__BM_
100
AcDbText
 10
2458.654482609591
 20
868.5732076987954
 30
0.0
 40
0.2
  1
B33
 50
90.0
  7
CALIBRI
 72
     1
 11
2458.739097994206
 21
868.81859231418
 31
0.0
100
AcDbText
 73
     1
  0
TEXT
  5
921
330
1F
100
AcDbEntity
  8
BEAM_TEXT__BM_
100
AcDbText
 10
2458.054482609591
 20
872.134953957768
 30
0.0
 40
0.2
  1
B34
 50
90.0
  7
CALIBRI
 72
     1
 11
2458.139097994207
 21
872.3803385731526
 31
0.0
100
AcDbText
 73
     1
  0
TEXT
  5
922
330
1F
100
AcDbEntity
  8
BEAM_TEXT__BM_
100
AcDbText
 10
2454.304482609591
 20
872.0376091157377
 30
0.0
 40
0.2
  1
B27
 50
90.0
  7
CALIBRI
 72
     1
 11
2454.389097994206
 21
872.2829937311224
 31
0.0
100
AcDbText
 73
     1
  0
HATCH
  5
923
330
1F
100
AcDbEntity
  8
SUNK_BY_200MM__BM_
100
AcDbHatch
 10
0.0
 20
0.0
 30
0.0
210
0.0
220
0.0
230
1.0
  2
GLB
 70
     0
 71
     0
 91
        5
 92
        7
 72
     0
 73
     1
 93
        8
 10
2452.596790265453
 20
874.0258378352817
 10
2451.526790265454
 20
874.0258378352817
 10
2451.526790265454
 20
872.9981971248217
 10
2451.596790265453
 20
872.9981971248217
 10
2451.596790265453
 20
872.3981971248213
 10
2451.526790265454
 20
872.3981971248213
 10
2451.526790265454
 20
871.6455477844802
 10
2452.596790265454
 20
871.6455477844797
 97
        0
 92
        7
 72
     0
 73
     1
 93
        4
 10
2453.846790265453
 20
874.0258378352817
 10
2452.746790265453
 20
874.0258378352817
 10
2452.746790265453
 20
871.6455477844797
 10
2453.846790265453
 20
871.6455477844793
 97
        0
 92
       24
 93
        4
 72
     1
 10
2451.934471424818
 20
872.7254745997034
 11
2452.341394501741
 21
872.7254745997034
 72
     1
 10
2452.341394501741
 20
872.7254745997034
 11
2452.341394501741
 21
873.032859215088
 72
     1
 10
2452.341394501741
 20
873.0328592150879
 11
2451.934471424818
 21
873.0328592150879
 72
     1
 10
2451.934471424818
 20
873.0328592150879
 11
2451.934471424818
 21
872.7254745997034
 97
        0
 92
       24
 93
        4
 72
     1
 10
2453.187599697755
 20
872.6158544558937
 11
2453.594522774678
 21
872.6158544558937
 72
     1
 10
2453.594522774678
 20
872.6158544558937
 11
2453.594522774678
 21
872.9232390712783
 72
     1
 10
2453.594522774678
 20
872.9232390712782
 11
2453.187599697755
 21
872.9232390712782
 72
     1
 10
2453.187599697755
 20
872.9232390712782
 11
2453.187599697755
 21
872.6158544558937
 97
        0
 92
       24
 93
        4
 72
     1
 10
2453.07666201037
 20
872.6372878443663
 11
2453.07666201037
 21
873.230518613597
 72
     1
 10
2453.07666201037
 20
873.230518613597
 11
2452.769277394986
 21
873.230518613597
 72
     1
 10
2452.769277394986
 20
873.230518613597
 11
2452.769277394986
 21
872.6372878443663
 72
     1
 10
2452.769277394986
 20
872.6372878443663
 11
2453.07666201037
 21
872.6372878443663
 97
        0
 75
     0
 76
     1
 52
0.0
 41
0.15
 77
     0
 78
     3
 53
0.0
 43
2964.905981768663
 44
1252.161396210059
 45
0.0
 46
0.15
 79
     0
 53
315.0
 43
2964.905981768663
 44
1252.161396210059
 45
0.1499999999604273
 46
0.0
 79
     2
 49
0.21213203445
 49
-0.21213203445
 53
45.0
 43
2964.905981768663
 44
1252.161396210059
 45
0.1499999999604273
 46
0.0
 79
     2
 49
0.21213203445
 49
-0.21213203445
 47
0.0116824794419886
 98
        2
 10
2451.993235362175
 20
872.2825365844599
 10
2453.548077135416
 20
872.2358066969557
1001
ACAD
1010
0.0
1020
0.0
1030
0.0
  0
TEXT
  5
924
330
1F
100
AcDbEntity
  8
BEAM_TEXT__BM_
100
AcDbText
 10
2453.022508164216
 20
872.6885186135969
 30
0.0
 40
0.2
  1
B26
 50
90.0
  7
CALIBRI
 72
     1
 11
2453.107123548832
 21
872.9339032289815
 31
0.0
100
AcDbText
 73
     1
  0
TEXT
  5
925
330
1F
100
AcDbEntity
  8
BEAM_TEXT__BM_
100
AcDbText
 10
2451.236077344057
 20
873.012418315608
 30
0.0
 40
0.2
  1
BR12
 50
90.0
  7
CALIBRI
 72
     1
 11
2451.320692728672
 21
873.3433413925311
 31
0.0
100
AcDbText
 73
     1
  0
TEXT
  5
926
330
1F
100
AcDbEntity
  8
BEAM_TEXT__BM_
100
AcDbText
 10
2451.231505750994
 20
871.3427201791517
 30
0.0
 40
0.2
  1
B22
 50
90.0
  7
CALIBRI
 72
     1
 11
2451.316121135609
 21
871.5881047945363
 31
0.0
100
AcDbText
 73
     1
  0
TEXT
  5
927
330
1F
100
AcDbEntity
  8
BEAM_TEXT__BM_
100
AcDbText
 10
2448.383393681316
 20
871.1268915151509
 30
0.0
 40
0.2
  1
B19
 50
90.0
  7
CALIBRI
 72
     1
 11
2448.468009065932
 21
871.3722761305355
 31
0.0
100
AcDbText
 73
     1
  0
TEXT
  5
928
330
1F
100
AcDbEntity
  8
BEAM_TEXT__BM_
100
AcDbText
 10
2448.378365735833
 20
872.8985300368553
 30
0.0
 40
0.2
  1
BR10
 50
90.0
  7
CALIBRI
 72
     1
 11
2448.462981120449
 21
873.2294531137784
 31
0.0
100
AcDbText
 73
     1
  0
TEXT
  5
929
330
1F
100
AcDbEntity
  8
BEAM_TEXT__BM_
100
AcDbText
 10
2446.716476292608
 20
872.019346521073
 30
0.0
 40
0.2
  1
B16
 50
90.0
  7
CALIBRI
 72
     1
 11
2446.801091677224
 21
872.2647311364576
 31
0.0
100
AcDbText
 73
     1
  0
TEXT
  5
92A
330
1F
100
AcDbEntity
  8
BEAM_TEXT__BM_
100
AcDbText
 10
2446.696212104741
 20
868.9750575897226
 30
0.0
 40
0.2
  1
B16
 50
90.0
  7
CALIBRI
 72
     1
 11
2446.780827489356
 21
869.2204422051072
 31
0.0
100
AcDbText
 73
     1
  0
TEXT
  5
92B
330
1F
100
AcDbEntity
  8
BEAM_TEXT__BM_
100
AcDbText
 10
2446.71610395675
 20
863.981480222453
 30
0.0
 40
0.2
  1
B15
 50
90.0
  7
CALIBRI
 72
     1
 11
2446.800719341365
 21
864.2268648378376
 31
0.0
100
AcDbText
 73
     1
  0
TEXT
  5
92C
330
1F
100
AcDbEntity
  8
BEAM_TEXT__BM_
100
AcDbText
 10
2450.911031071403
 20
861.5890328078285
 30
0.0
 40
0.2
  1
B21
 50
90.0
  7
CALIBRI
 72
     1
 11
2450.995646456018
 21
861.8344174232132
 31
0.0
100
AcDbText
 73
     1
  0
TEXT
  5
92D
330
1F
100
AcDbEntity
  8
BEAM_TEXT__BM_
100
AcDbText
 10
2456.832174880837
 20
863.0101631690943
 30
0.0
 40
0.2
  1
B30
 50
90.0
  7
CALIBRI
 72
     1
 11
2456.916790265452
 21
863.255547784479
 31
0.0
100
AcDbText
 73
     1
  0
TEXT
  5
92E
330
1F
100
AcDbEntity
  8
BEAM_TEXT__BM_
100
AcDbText
 10
2452.483393681316
 20
863.7570130781435
 30
0.0
 40
0.2
  1
B23
 50
90.0
  7
CALIBRI
 72
     1
 11
2452.568009065931
 21
864.0023976935281
 31
0.0
100
AcDbText
 73
     1
  0
TEXT
  5
92F
330
1F
100
AcDbEntity
  8
BEAM_TEXT__BM_
100
AcDbText
 10
2451.954393681316
 20
866.091082944642
 30
0.0
 40
0.2
  1
LB1
 50
90.0
  7
CALIBRI
 72
     1
 11
2452.039009065932
 21
866.3228521754113
 31
0.0
100
AcDbText
 73
     1
  0
TEXT
  5
930
330
1F
100
AcDbEntity
  8
BEAM_TEXT__BM_
100
AcDbText
 10
2452.483393681316
 20
868.6310576891713
 30
0.0
 40
0.2
  1
B24
 50
90.0
  7
CALIBRI
 72
     1
 11
2452.568009065932
 21
868.8764423045559
 31
0.0
100
AcDbText
 73
     1
  0
TEXT
  5
931
330
1F
100
AcDbEntity
  8
BEAM_TEXT__BM_
100
AcDbText
 10
2456.781803631271
 20
868.7416932856092
 30
0.0
 40
0.2
  1
B31
 50
90.0
  7
CALIBRI
 72
     1
 11
2456.866419015887
 21
868.9870779009939
 31
0.0
100
AcDbText
 73
     1
  0
TEXT
  5
932
330
1F
100
AcDbEntity
  8
BEAM_TEXT__BM_
100
AcDbText
 10
2447.263958073936
 20
873.8815789821846
 30
0.0
 40
0.2
  1
BR2
  7
CALIBRI
 72
     1
 11
2447.515034997013
 21
873.7969635975692
 31
0.0
100
AcDbText
 73
     1
  0
TEXT
  5
933
330
1F
100
AcDbEntity
  8
BEAM_TEXT__BM_
100
AcDbText
 10
2449.572216844223
 20
873.8815789821841
 30
0.0
 40
0.2
  1
B2
  7
CALIBRI
 72
     1
 11
2449.737755305762
 21
873.7969635975687
 31
0.0
100
AcDbText
 73
     1
  0
TEXT
  5
934
330
1F
100
AcDbEntity
  8
BEAM_TEXT__BM_
100
AcDbText
 10
2453.880958853317
 20
874.3404532198971
 30
0.0
 40
0.2
  1
B1
  7
CALIBRI
 72
     1
 11
2454.046497314855
 21
874.2558378352817
 31
0.0
100
AcDbText
 73
     1
  0
TEXT
  5
935
330
1F
100
AcDbEntity
  8
BEAM_TEXT__BM_
100
AcDbText
 10
2457.073573905064
 20
874.3418690329855
 30
0.0
 40
0.2
  1
BR1
  7
CALIBRI
 72
     1
 11
2457.324650828141
 21
874.2572536483701
 31
0.0
100
AcDbText
 73
     1
  0
TEXT
  5
936
330
1F
100
AcDbEntity
  8
BEAM_TEXT__BM_
100
AcDbText
 10
2452.556248003406
 20
871.2321385221497
 30
0.0
 40
0.2
  1
B3
  7
CALIBRI
 72
     1
 11
2452.721786464944
 21
871.1475231375343
 31
0.0
100
AcDbText
 73
     1
  0
HATCH
  5
937
330
1F
100
AcDbEntity
  8
SUNK_BY_150MM__BM_
100
AcDbHatch
 10
0.0
 20
0.0
 30
0.0
210
0.0
220
0.0
230
1.0
  2
WATER
 70
     0
 71
     0
 91
        5
 92
        7
 72
     0
 73
     1
 93
        6
 10
2447.845701337179
 20
872.132485235471
 10
2447.845701337179
 20
872.6624852354616
 10
2447.841336400973
 20
873.6455477844793
 10
2446.995979259106
 20
873.6455477844796
 10
2446.995979259106
 20
870.59554778448
 10
2447.845701337179
 20
870.5955477844798
 97
        0
 92
        7
 72
     0
 73
     1
 93
        4
 10
2447.845701337179
 20
870.3655477844798
 10
2446.995979259106
 20
870.3655477844799
 10
2446.995979259106
 20
867.5755477844768
 10
2447.845701337179
 20
867.5755477844768
 97
        0
 92
       24
 93
        4
 72
     1
 10
2447.242442753687
 20
872.0130750867606
 11
2447.64936583061
 21
872.0130750867606
 72
     1
 10
2447.64936583061
 20
872.0130750867606
 11
2447.64936583061
 21
872.3204597021453
 72
     1
 10
2447.64936583061
 20
872.3204597021452
 11
2447.242442753687
 21
872.3204597021452
 72
     1
 10
2447.242442753687
 20
872.3204597021452
 11
2447.242442753687
 21
872.0130750867606
 97
        0
 92
       24
 93
        4
 72
     1
 10
2447.060802697078
 20
870.6274251360309
 11
2447.665418081694
 21
870.6274251360309
 72
     1
 10
2447.665418081694
 20
870.6274251360309
 11
2447.665418081694
 21
870.9348097514155
 72
     1
 10
2447.665418081694
 20
870.9348097514155
 11
2447.060802697078
 21
870.9348097514155
 72
     1
 10
2447.060802697078
 20
870.9348097514155
 11
2447.060802697078
 21
870.627425136031
 97
        0
 92
       24
 93
        4
 72
     1
 10
2447.239680005078
 20
868.9237740967942
 11
2447.646603082001
 21
868.9237740967942
 72
     1
 10
2447.646603082001
 20
868.9237740967942
 11
2447.646603082001
 21
869.2311587121789
 72
     1
 10
2447.646603082001
 20
869.2311587121787
 11
2447.239680005078
 21
869.2311587121787
 72
     1
 10
2447.239680005078
 20
869.2311587121787
 11
2447.239680005078
 21
868.9237740967942
 97
        0
 75
     0
 76
     1
 52
0.0
 41
0.15
 77
     0
 78
     5
 53
0.0
 43
2992.430527138861
 44
1212.036149411581
 45
0.0
 46
0.15
 79
     2
 49
0.03
 49
-0.12
 53
45.0
 43
2992.490527138861
 44
1212.051149411581
 45
0.0
 46
0.1500000000028537
 79
     2
 49
0.042426406875
 49
-0.1697056275
 53
135.0
 43
2992.550527138861
 44
1212.051149411581
 45
-0.1500000000028537
 46
0.0
 79
     2
 49
0.042426406875
 49
-0.1697056275
 53
26.56505119999999
 43
2992.460527138861
 44
1212.036149411581
 45
0.1499999999664731
 46
0.0000000001270917
 79
     2
 49
0.03354
 49
-0.30187019655
 53
333.4349488
 43
2992.550527138861
 44
1212.051149411581
 45
0.1499999999664731
 46
-0.0000000001270918
 79
     2
 49
0.03354
 49
-0.30187019655
 47
0.0212313389931608
 98
        2
 10
2447.670617984964
 20
871.4594748336485
 10
2447.40496334716
 20
869.2112580518726
1001
ACAD
1010
0.0
1020
0.0
1030
0.0
  0
TEXT
  5
938
330
1F
100
AcDbEntity
  8
BEAM_TEXT__BM_
100
AcDbText
 10
2447.112033466309
 20
870.6815789821848
 30
0.0
 40
0.2
  1
BR3
  7
CALIBRI
 72
     1
 11
2447.363110389386
 21
870.5969635975694
 31
0.0
100
AcDbText
 73
     1
  0
TEXT
  5
939
330
1F
100
AcDbEntity
  8
BEAM_TEXT__BM_
100
AcDbText
 10
2450.277844567245
 20
870.6815789821843
 30
0.0
 40
0.2
  1
B4
  7
CALIBRI
 72
     1
 11
2450.443383028783
 21
870.5969635975689
 31
0.0
100
AcDbText
 73
     1
  0
TEXT
  5
93A
330
1F
100
AcDbEntity
  8
BEAM_TEXT__BM_
100
AcDbText
 10
2454.42586801459
 20
870.6815789821839
 30
0.0
 40
0.2
  1
B5
  7
CALIBRI
 72
     1
 11
2454.591406476129
 21
870.5969635975684
 31
0.0
100
AcDbText
 73
     1
  0
TEXT
  5
93B
330
1F
100
AcDbEntity
  8
BEAM_TEXT__BM_
100
AcDbText
 10
2458.095713342376
 20
870.6801631690945
 30
0.0
 40
0.2
  1
BR4
  7
CALIBRI
 72
     1
 11
2458.346790265453
 21
870.5955477844791
 31
0.0
100
AcDbText
 73
     1
  0
TEXT
  5
93C
330
1F
100
AcDbEntity
  8
BEAM_TEXT__BM_
100
AcDbText
 10
2456.752728110362
 20
867.0484276567526
 30
0.0
 40
0.2
  1
MBR/BR6
  7
CALIBRI
 72
     1
 11
2457.370574264208
 21
866.9638122721371
 31
0.0
100
AcDbText
 73
     1
  0
TEXT
  5
93D
330
1F
100
AcDbEntity
  8
BEAM_TEXT__BM_
100
AcDbText
 10
2454.06497543662
 20
867.6615789821836
 30
0.0
 40
0.2
  1
B7
  7
CALIBRI
 72
     1
 11
2454.230513898159
 21
867.5769635975682
 31
0.0
100
AcDbText
 73
     1
  0
TEXT
  5
93E
330
1F
100
AcDbEntity
  8
BEAM_TEXT__BM_
100
AcDbText
 10
2450.151802366875
 20
867.6615789821848
 30
0.0
 40
0.2
  1
B6
  7
CALIBRI
 72
     1
 11
2450.317340828414
 21
867.5769635975694
 31
0.0
100
AcDbText
 73
     1
  0
TEXT
  5
93F
330
1F
100
AcDbEntity
  8
BEAM_TEXT__BM_
100
AcDbText
 10
2446.784369765468
 20
867.0984499158006
 30
0.0
 40
0.2
  1
BR5
  7
CALIBRI
 72
     1
 11
2447.035446688546
 21
867.0138345311852
 31
0.0
100
AcDbText
 73
     1
  0
TEXT
  5
940
330
1F
100
AcDbEntity
  8
BEAM_TEXT__BM_
100
AcDbText
 10
2446.846131394494
 20
865.6315789821825
 30
0.0
 40
0.2
  1
BR7
  7
CALIBRI
 72
     1
 11
2447.097208317572
 21
865.5469635975671
 31
0.0
100
AcDbText
 73
     1
  0
TEXT
  5
941
330
1F
100
AcDbEntity
  8
BEAM_TEXT__BM_
100
AcDbText
 10
2448.091734011226
 20
865.6315789821834
 30
0.0
 40
0.2
  1
B8
  7
CALIBRI
 72
     1
 11
2448.257272472764
 21
865.546963597568
 31
0.0
100
AcDbText
 73
     1
  0
TEXT
  5
942
330
1F
100
AcDbEntity
  8
BEAM_TEXT__BM_
100
AcDbText
 10
2453.708762485705
 20
865.031578982184
 30
0.0
 40
0.2
  1
B9
  7
CALIBRI
 72
     1
 11
2453.874300947243
 21
864.9469635975686
 31
0.0
100
AcDbText
 73
     1
  0
TEXT
  5
943
330
1F
100
AcDbEntity
  8
BEAM_TEXT__BM_
100
AcDbText
 10
2456.851653126376
 20
865.031578982184
 30
0.0
 40
0.2
  1
MBR/BR6
  7
CALIBRI
 72
     1
 11
2457.469499280222
 21
864.9469635975686
 31
0.0
100
AcDbText
 73
     1
  0
TEXT
  5
944
330
1F
100
AcDbEntity
  8
BEAM_TEXT__BM_
100
AcDbText
 10
2454.568166303015
 20
861.8815789821839
 30
0.0
 40
0.2
  1
B11
  7
CALIBRI
 72
     1
 11
2454.8135509184
 21
861.7969635975685
 31
0.0
100
AcDbText
 73
     1
  0
TEXT
  5
945
330
1F
100
AcDbEntity
  8
BEAM_TEXT__BM_
100
AcDbText
 10
2452.428943981098
 20
862.8115789821833
 30
0.0
 40
0.2
  1
BR13
  7
CALIBRI
 72
     1
 11
2452.759867058021
 21
862.7269635975679
 31
0.0
100
AcDbText
 73
     1
  0
TEXT
  5
946
330
1F
100
AcDbEntity
  8
BEAM_TEXT__BM_
100
AcDbText
 10
2450.149038108649
 20
862.8115789821833
 30
0.0
 40
0.2
  1
B10
  7
CALIBRI
 72
     1
 11
2450.394422724033
 21
862.7269635975679
 31
0.0
100
AcDbText
 73
     1
  0
TEXT
  5
947
330
1F
100
AcDbEntity
  8
BEAM_TEXT__BM_
100
AcDbText
 10
2446.898318875667
 20
862.2681159992261
 30
0.0
 40
0.2
  1
BR8
  7
CALIBRI
 72
     1
 11
2447.149395798745
 21
862.1835006146107
 31
0.0
100
AcDbText
 73
     1
  0
TEXT
  5
948
330
1F
100
AcDbEntity
  8
BEAM_TEXT__BM_
100
AcDbText
 10
2447.626027510249
 20
861.4315789821843
 30
0.0
 40
0.2
  1
BR2
  7
CALIBRI
 72
     1
 11
2447.877104433326
 21
861.3469635975689
 31
0.0
100
AcDbText
 73
     1
  0
TEXT
  5
949
330
1F
100
AcDbEntity
  8
BEAM_TEXT__BM_
100
AcDbText
 10
2447.565238398751
 20
858.2670646500718
 30
0.0
 40
0.2
  1
BR14
  7
CALIBRI
 72
     1
 11
2447.896161475674
 21
858.1824492654564
 31
0.0
100
AcDbText
 73
     1
  0
TEXT
  5
94A
330
1F
100
AcDbEntity
  8
BEAM_TEXT__BM_
100
AcDbText
 10
2450.725949159988
 20
858.2545849486063
 30
0.0
 40
0.2
  1
B13
  7
CALIBRI
 72
     1
 11
2450.971333775373
 21
858.1699695639909
 31
0.0
100
AcDbText
 73
     1
  0
TEXT
  5
94B
330
1F
100
AcDbEntity
  8
BEAM_TEXT__BM_
100
AcDbText
 10
2454.885437388679
 20
858.2545849486049
 30
0.0
 40
0.2
  1
B14
  7
CALIBRI
 72
     1
 11
2455.130822004063
 21
858.1699695639895
 31
0.0
100
AcDbText
 73
     1
  0
TEXT
  5
94C
330
1F
100
AcDbEntity
  8
BEAM_TEXT__BM_
100
AcDbText
 10
2457.457213779218
 20
858.1903331270463
 30
0.0
 40
0.2
  1
BR14
  7
CALIBRI
 72
     1
 11
2457.788136856141
 21
858.1057177424309
 31
0.0
100
AcDbText
 73
     1
  0
HATCH
  5
94D
330
1F
100
AcDbEntity
  8
SUNK_BY_150MM__BM_
100
AcDbHatch
 10
0.0
 20
0.0
 30
0.0
210
0.0
220
0.0
230
1.0
  2
WATER
 70
     0
 71
     0
 91
        7
 92
        7
 72
     0
 73
     1
 93
        6
 10
2458.196790265452
 20
861.565547784479
 10
2457.346790265452
 20
861.5655477844789
 10
2457.346790265452
 20
860.0955477844798
 10
2457.346790265452
 20
859.4955477844792
 10
2457.346790265452
 20
858.6455477844786
 10
2458.196790265452
 20
858.6455477844786
 97
        0
 92
        7
 72
     0
 73
     1
 93
        4
 10
2458.196790265452
 20
864.7155477844783
 10
2457.146790265452
 20
864.7155477844785
 10
2457.146790265452
 20
861.7955477844789
 10
2458.196790265452
 20
861.795547784479
 97
        0
 92
        7
 72
     0
 73
     1
 93
        4
 10
2458.196790265453
 20
870.365547784479
 10
2457.146790265454
 20
870.3655477844786
 10
2457.146790265453
 20
867.5755477844791
 10
2458.196790265453
 20
867.575547784479
 97
        0
 92
       24
 93
        4
 72
     1
 10
2457.604243177147
 20
860.0615339915043
 11
2458.01116625407
 21
860.0615339915043
 72
     1
 10
2458.01116625407
 20
860.0615339915043
 11
2458.01116625407
 21
860.368918606889
 72
     1
 10
2458.01116625407
 20
860.3689186068889
 11
2457.604243177147
 21
860.3689186068889
 72
     1
 10
2457.604243177147
 20
860.3689186068889
 11
2457.604243177147
 21
860.0615339915043
 97
        0
 92
       24
 93
        4
 72
     1
 10
2457.49812262863
 20
863.4976622017273
 11
2457.905045705553
 21
863.4976622017273
 72
     1
 10
2457.905045705553
 20
863.4976622017273
 11
2457.905045705553
 21
863.8050468171119
 72
     1
 10
2457.905045705553
 20
863.8050468171118
 11
2457.49812262863
 21
863.8050468171118
 72
     1
 10
2457.49812262863
 20
863.8050468171118
 11
2457.49812262863
 21
863.4976622017273
 97
        0
 92
       24
 93
        4
 72
     1
 10
2457.479053173559
 20
861.8274251360305
 11
2458.083668558175
 21
861.8274251360305
 72
     1
 10
2458.083668558175
 20
861.8274251360305
 11
2458.083668558175
 21
862.1348097514151
 72
     1
 10
2458.083668558175
 20
862.1348097514151
 11
2457.479053173559
 21
862.1348097514151
 72
     1
 10
2457.479053173559
 20
862.1348097514151
 11
2457.479053173559
 21
861.8274251360306
 97
        0
 92
       24
 93
        4
 72
     1
 10
2457.543112935883
 20
868.9275605652178
 11
2457.950036012806
 21
868.9275605652178
 72
     1
 10
2457.950036012806
 20
868.9275605652178
 11
2457.950036012806
 21
869.2349451806025
 72
     1
 10
2457.950036012806
 20
869.2349451806024
 11
2457.543112935883
 21
869.2349451806024
 72
     1
 10
2457.543112935883
 20
869.2349451806024
 11
2457.543112935883
 21
868.9275605652178
 97
        0
 75
     0
 76
     1
 52
0.0
 41
0.15
 77
     0
 78
     5
 53
0.0
 43
2992.430527138861
 44
1212.036149411581
 45
0.0
 46
0.15
 79
     2
 49
0.03
 49
-0.12
 53
45.0
 43
2992.490527138861
 44
1212.051149411581
 45
0.0
 46
0.1500000000028537
 79
     2
 49
0.042426406875
 49
-0.1697056275
 53
135.0
 43
2992.550527138861
 44
1212.051149411581
 45
-0.1500000000028537
 46
0.0
 79
     2
 49
0.042426406875
 49
-0.1697056275
 53
26.56505119999999
 43
2992.460527138861
 44
1212.036149411581
 45
0.1499999999664731
 46
0.0000000001270917
 79
     2
 49
0.03354
 49
-0.30187019655
 53
333.4349488
 43
2992.550527138861
 44
1212.051149411581
 45
0.1499999999664731
 46
-0.0000000001270918
 79
     2
 49
0.03354
 49
-0.30187019655
 47
0.0212313389931608
 98
        3
 10
2457.780544632721
 20
861.0597796904581
 10
2457.908020340019
 20
862.885675270055
 10
2457.759297618623
 20
868.257204162297
1001
ACAD
1010
0.0
1020
0.0
1030
0.0
  0
TEXT
  5
94E
330
1F
100
AcDbEntity
  8
BEAM_TEXT__BM_
100
AcDbText
 10
2457.53028394279
 20
861.8815789821844
 30
0.0
 40
0.2
  1
BR9
  7
CALIBRI
 72
     1
 11
2457.781360865867
 21
861.796963597569
 31
0.0
100
AcDbText
 73
     1
  0
TEXT
  5
94F
330
1F
100
AcDbEntity
  8
BEAM_TEXT__BM_
100
AcDbText
 10
2448.383393681316
 20
869.0014468605389
 30
0.0
 40
0.2
  1
B18
 50
90.0
  7
CALIBRI
 72
     1
 11
2448.468009065932
 21
869.2468314759235
 31
0.0
100
AcDbText
 73
     1
  0
TEXT
  5
950
330
1F
100
AcDbEntity
  8
BEAM_TEXT__BM_
100
AcDbText
 10
2454.180671402204
 20
866.0267809651295
 30
0.0
 40
0.2
  1
B28
 50
90.0
  7
CALIBRI
 72
     1
 11
2454.26528678682
 21
866.2721655805142
 31
0.0
100
AcDbText
 73
     1
  0
TEXT
  5
951
330
1F
100
AcDbEntity
  8
BEAM_TEXT__BM_
100
AcDbText
 10
2447.349910598673
 20
866.0395001710135
 30
0.0
 40
0.2
  1
B17
 50
90.0
  7
CALIBRI
 72
     1
 11
2447.434525983289
 21
866.2848847863982
 31
0.0
100
AcDbText
 73
     1
  0
TEXT
  5
952
330
1F
100
AcDbEntity
  8
BEAM_TEXT__BM_
100
AcDbText
 10
2448.863509588913
 20
858.7621184984267
 30
0.0
 40
0.2
  1
BR10
 50
90.0
  7
CALIBRI
 72
     1
 11
2448.948124973528
 21
859.0930415753498
 31
0.0
100
AcDbText
 73
     1
  0
TEXT
  5
953
330
1F
100
AcDbEntity
  8
SLAB_TEXT__BM_
100
AcDbText
 10
2449.687105900339
 20
869.265761734827
 30
0.0
 40
0.2
  1
S1
  7
CALIBRI
100
AcDbText
  0
INSERT
  5
954
330
1F
100
AcDbEntity
  8
SLAB_MARK__BM_
100
AcDbBlockReference
  2
FHGJG
 10
1797.743130285006
 20
528.0471693962104
 30
0.0
  0
TEXT
  5
955
330
1F
100
AcDbEntity
  8
SLAB_TEXT__BM_
100
AcDbText
 10
2454.303408879755
 20
869.2655766426933
 30
0.0
 40
0.2
  1
S2
  7
CALIBRI
100
AcDbText
  0
INSERT
  5
956
330
1F
100
AcDbEntity
  8
SLAB_MARK__BM_
100
AcDbBlockReference
  2
FHGJG
 10
1802.359433264423
 20
528.0469843040764
 30
0.0
  0
TEXT
  5
957
330
1F
100
AcDbEntity
  8
SLAB_TEXT__BM_
100
AcDbText
 10
2449.478563087515
 20
864.3552916323092
 30
0.0
 40
0.2
  1
S1
  7
CALIBRI
100
AcDbText
  0
INSERT
  5
958
330
1F
100
AcDbEntity
  8
SLAB_MARK__BM_
100
AcDbBlockReference
  2
FHGJG
 10
1797.534587472183
 20
523.1366992936923
 30
0.0
  0
TEXT
  5
959
330
1F
100
AcDbEntity
  8
SLAB_TEXT__BM_
100
AcDbText
 10
2454.475703293365
 20
863.5307657982883
 30
0.0
 40
0.2
  1
S2
  7
CALIBRI
100
AcDbText
  0
INSERT
  5
95A
330
1F
100
AcDbEntity
  8
SLAB_MARK__BM_
100
AcDbBlockReference
  2
FHGJG
 10
1802.531727678032
 20
522.3121734596718
 30
0.0
  0
TEXT
  5
95B
330
1F
100
AcDbEntity
  8
SLAB_TEXT__BM_
100
AcDbText
 10
2452.602879450213
 20
870.9025450453298
 30
0.0
 40
0.2
  1
S4
  7
CALIBRI
100
AcDbText
  0
LWPOLYLINE
  5
95C
330
1F
100
AcDbEntity
  8
SLAB_MARK__BM_
100
AcDbPolyline
 90
        4
 70
     0
 43
0.0
 10
2452.91257204583
 20
870.7593097067845
 10
2452.994452998284
 20
870.5955478018373
 10
2452.994452998284
 20
871.3453867601352
 10
2453.076333950739
 20
871.1816248551881
  0
TEXT
  5
95D
330
1F
100
AcDbEntity
  8
SLAB_TEXT__BM_
100
AcDbText
 10
2448.242359755112
 20
866.4575195981563
 30
0.0
 40
0.2
  1
S7
  7
CALIBRI
100
AcDbText
  0
LWPOLYLINE
  5
95E
330
1F
100
AcDbEntity
  8
SLAB_MARK__BM_
100
AcDbPolyline
 90
        4
 70
     0
 43
0.0
 10
2448.55205235073
 20
866.314284259611
 10
2448.633933303184
 20
866.1505223546637
 10
2448.633933303184
 20
866.9003613129616
 10
2448.715814255639
 20
866.7365994080146
  0
TEXT
  5
95F
330
1F
100
AcDbEntity
  8
SLAB_TEXT__BM_
100
AcDbText
 10
2452.923287091006
 20
866.2399359171582
 30
0.0
 40
0.2
  1
S3
  7
CALIBRI
100
AcDbText
  0
LWPOLYLINE
  5
960
330
1F
100
AcDbEntity
  8
SLAB_MARK__BM_
100
AcDbPolyline
 90
        4
 70
     0
 43
0.0
 10
2453.232979686623
 20
866.0967005786129
 10
2453.314860639077
 20
865.9329386736656
 10
2453.314860639077
 20
866.6827776319635
 10
2453.396741591532
 20
866.5190157270165
  0
TEXT
  5
961
330
1F
100
AcDbEntity
  8
SLAB_TEXT__BM_
100
AcDbText
 10
2451.517091877412
 20
861.8224590334548
 30
0.0
 40
0.2
  1
S4
  7
CALIBRI
100
AcDbText
  0
LWPOLYLINE
  5
962
330
1F
100
AcDbEntity
  8
SLAB_MARK__BM_
100
AcDbPolyline
 90
        4
 70
     0
 43
0.0
 10
2451.82678447303
 20
861.6792236949095
 10
2451.908665425484
 20
861.515461789962
 10
2451.908665425484
 20
862.26530074826
 10
2451.990546377939
 20
862.1015388433129
  0
TEXT
  5
963
330
1F
100
AcDbEntity
  8
SLAB_TEXT__BM_
100
AcDbText
 10
2447.293673522918
 20
872.0672289329145
 30
0.0
 40
0.2
  1
S6
  7
CALIBRI
100
AcDbText
  0
LWPOLYLINE
  5
964
330
1F
100
AcDbEntity
  8
SLAB_MARK__BM_
100
AcDbPolyline
 90
        4
 70
     0
 43
0.0
 10
2447.196829812641
 20
872.0695968801115
 10
2447.033067907695
 20
871.9877159276575
 10
2447.782906865992
 20
871.9877159276575
 10
2447.619144961045
 20
871.9058349752031
  0
TEXT
  5
965
330
1F
100
AcDbEntity
  8
SLAB_TEXT__BM_
100
AcDbText
 10
2451.985702194049
 20
872.7796284458573
 30
0.0
 40
0.2
  1
S5
  7
CALIBRI
100
AcDbText
  0
LWPOLYLINE
  5
966
330
1F
100
AcDbEntity
  8
SLAB_MARK__BM_
100
AcDbPolyline
 90
        4
 70
     0
 43
0.0
 10
2451.888858483772
 20
872.7819963930542
 10
2451.725096578826
 20
872.7001154405998
 10
2452.474935537123
 20
872.7001154405998
 10
2452.311173632176
 20
872.6182344881458
  0
TEXT
  5
967
330
1F
100
AcDbEntity
  8
SLAB_TEXT__BM_
100
AcDbText
 10
2453.238830466986
 20
872.6700083020476
 30
0.0
 40
0.2
  1
S5
  7
CALIBRI
100
AcDbText
  0
LWPOLYLINE
  5
968
330
1F
100
AcDbEntity
  8
SLAB_MARK__BM_
100
AcDbPolyline
 90
        4
 70
     0
 43
0.0
 10
2453.141986756709
 20
872.6723762492445
 10
2452.978224851762
 20
872.5904952967903
 10
2453.72806381006
 20
872.5904952967903
 10
2453.564301905113
 20
872.5086143443361
  0
TEXT
  5
969
330
1F
100
AcDbEntity
  8
SLAB_TEXT__BM_
100
AcDbText
 10
2447.290910774308
 20
868.9779279429481
 30
0.0
 40
0.2
  1
S6
  7
CALIBRI
100
AcDbText
  0
LWPOLYLINE
  5
96A
330
1F
100
AcDbEntity
  8
SLAB_MARK__BM_
100
AcDbPolyline
 90
        4
 70
     0
 43
0.0
 10
2447.194067064032
 20
868.980295890145
 10
2447.030305159085
 20
868.8984149376909
 10
2447.780144117383
 20
868.8984149376909
 10
2447.616382212436
 20
868.8165339852367
  0
TEXT
  5
96B
330
1F
100
AcDbEntity
  8
SLAB_TEXT__BM_
100
AcDbText
 10
2457.594343705114
 20
868.9817144113717
 30
0.0
 40
0.2
  1
S6
  7
CALIBRI
100
AcDbText
  0
LWPOLYLINE
  5
96C
330
1F
100
AcDbEntity
  8
SLAB_MARK__BM_
100
AcDbPolyline
 90
        4
 70
     0
 43
0.0
 10
2457.497499994837
 20
868.9840823585687
 10
2457.333738089891
 20
868.9022014061145
 10
2458.083577048188
 20
868.9022014061145
 10
2457.919815143241
 20
868.8203204536603
  0
TEXT
  5
96D
330
1F
100
AcDbEntity
  8
SLAB_TEXT__BM_
100
AcDbText
 10
2457.54935339786
 20
863.5518160478812
 30
0.0
 40
0.2
  1
S6
  7
CALIBRI
100
AcDbText
  0
LWPOLYLINE
  5
96E
330
1F
100
AcDbEntity
  8
SLAB_MARK__BM_
100
AcDbPolyline
 90
        4
 70
     0
 43
0.0
 10
2457.452509687584
 20
863.5541839950781
 10
2457.288747782637
 20
863.4723030426239
 10
2458.038586740935
 20
863.4723030426239
 10
2457.874824835988
 20
863.3904220901697
  0
TEXT
  5
96F
330
1F
100
AcDbEntity
  8
SLAB_TEXT__BM_
100
AcDbText
 10
2447.096584918268
 20
863.5846108728383
 30
0.0
 40
0.2
  1
S4
  7
CALIBRI
100
AcDbText
  0
HATCH
  5
970
330
1F
100
AcDbEntity
  8
SUNK_BY_200MM__BM_
100
AcDbHatch
 10
0.0
 20
0.0
 30
0.0
210
0.0
220
0.0
230
1.0
  2
GLB
 70
     0
 71
     0
 91
        2
 92
        7
 72
     0
 73
     1
 93
        5
 10
2450.525682711724
 20
862.4955477844785
 10
2448.975682711724
 20
862.4955477844785
 10
2448.605682711724
 20
862.4955477844788
 10
2448.605682711724
 20
861.3455477844793
 10
2450.525682711724
 20
861.3455477844793
 97
        0
 92
       24
 93
        4
 72
     1
 10
2449.271907414111
 20
861.7208342853614
 11
2449.678830491033
 21
861.7208342853614
 72
     1
 10
2449.678830491033
 20
861.7208342853614
 11
2449.678830491033
 21
862.0282189007461
 72
     1
 10
2449.678830491033
 20
862.028218900746
 11
2449.271907414111
 21
862.028218900746
 72
     1
 10
2449.271907414111
 20
862.028218900746
 11
2449.271907414111
 21
861.7208342853614
 97
        0
 75
     0
 76
     1
 52
0.0
 41
0.15
 77
     0
 78
     3
 53
0.0
 43
2964.905981768663
 44
1252.161396210059
 45
0.0
 46
0.15
 79
     0
 53
315.0
 43
2964.905981768663
 44
1252.161396210059
 45
0.1499999999604273
 46
0.0
 79
     2
 49
0.21213203445
 49
-0.21213203445
 53
45.0
 43
2964.905981768663
 44
1252.161396210059
 45
0.1499999999604273
 46
0.0
 79
     2
 49
0.21213203445
 49
-0.21213203445
 47
0.0052654646662499
 98
        1
 10
2449.837388123628
 20
861.7515404646565
1001
ACAD
1010
0.0
1020
0.0
1030
0.0
  0
TEXT
  5
971
330
1F
100
AcDbEntity
  8
SLAB_TEXT__BM_
100
AcDbText
 10
2449.323138183341
 20
861.7749881315153
 30
0.0
 40
0.2
  1
S5
  7
CALIBRI
100
AcDbText
  0
LWPOLYLINE
  5
972
330
1F
100
AcDbEntity
  8
SLAB_MARK__BM_
100
AcDbPolyline
 90
        4
 70
     0
 43
0.0
 10
2449.632830778959
 20
861.63175279297
 10
2449.714711731413
 20
861.4679908880228
 10
2449.714711731413
 20
862.2178298463207
 10
2449.796592683867
 20
862.0540679413737
  0
TEXT
  5
973
330
1F
100
AcDbEntity
  8
SLAB_TEXT__BM_
100
AcDbText
 10
2457.655473946378
 20
860.1156878376582
 30
0.0
 40
0.2
  1
S6
  7
CALIBRI
100
AcDbText
  0
LWPOLYLINE
  5
974
330
1F
100
AcDbEntity
  8
SLAB_MARK__BM_
100
AcDbPolyline
 90
        4
 70
     0
 43
0.0
 10
2457.558630236101
 20
860.1180557848552
 10
2457.394868331154
 20
860.036174832401
 10
2458.144707289452
 20
860.036174832401
 10
2457.980945384505
 20
859.9542938799468
  0
HATCH
  5
975
330
1F
100
AcDbEntity
  8
SUNK_BY_150MM__BM_
100
AcDbHatch
 10
0.0
 20
0.0
 30
0.0
210
0.0
220
0.0
230
1.0
  2
WATER
 70
     0
 71
     0
 91
        2
 92
        7
 72
     0
 73
     1
 93
        6
 10
2448.375682711724
 20
861.145547784479
 10
2447.525682711723
 20
861.145547784479
 10
2447.525682711723
 20
858.6455477844811
 10
2448.375682711723
 20
858.6455477844811
 10
2448.375682711723
 20
859.4955477844801
 10
2448.375682711723
 20
860.0955477844805
 97
        0
 92
       24
 93
        4
 72
     1
 10
2447.781779484778
 20
859.9019252230662
 11
2448.188702561701
 21
859.9019252230662
 72
     1
 10
2448.188702561701
 20
859.9019252230662
 11
2448.188702561701
 21
860.2093098384508
 72
     1
 10
2448.188702561701
 20
860.2093098384507
 11
2447.781779484778
 21
860.2093098384507
 72
     1
 10
2447.781779484778
 20
860.2093098384507
 11
2447.781779484778
 21
859.9019252230662
 97
        0
 75
     0
 76
     1
 52
0.0
 41
0.15
 77
     0
 78
     5
 53
0.0
 43
2992.430527138861
 44
1212.036149411581
 45
0.0
 46
0.15
 79
     2
 49
0.03
 49
-0.12
 53
45.0
 43
2992.490527138861
 44
1212.051149411581
 45
0.0
 46
0.1500000000028537
 79
     2
 49
0.042426406875
 49
-0.1697056275
 53
135.0
 43
2992.550527138861
 44
1212.051149411581
 45
-0.1500000000028537
 46
0.0
 79
     2
 49
0.042426406875
 49
-0.1697056275
 53
26.56505119999999
 43
2992.460527138861
 44
1212.036149411581
 45
0.1499999999664731
 46
0.0000000001270917
 79
     2
 49
0.03354
 49
-0.30187019655
 53
333.4349488
 43
2992.550527138861
 44
1212.051149411581
 45
0.1499999999664731
 46
-0.0000000001270918
 79
     2
 49
0.03354
 49
-0.30187019655
 47
0.0212313389931608
 98
        1
 10
2447.959607137402
 20
860.5291760403628
1001
ACAD
1010
0.0
1020
0.0
1030
0.0
  0
TEXT
  5
976
330
1F
100
AcDbEntity
  8
SLAB_TEXT__BM_
100
AcDbText
 10
2447.833010254009
 20
859.9560790692201
 30
0.0
 40
0.2
  1
S6
  7
CALIBRI
100
AcDbText
  0
LWPOLYLINE
  5
977
330
1F
100
AcDbEntity
  8
SLAB_MARK__BM_
100
AcDbPolyline
 90
        4
 70
     0
 43
0.0
 10
2447.736166543732
 20
859.958447016417
 10
2447.572404638785
 20
859.8765660639629
 10
2448.322243597083
 20
859.8765660639629
 10
2448.158481692136
 20
859.7946851115087
  0
TEXT
  5
978
330
1F
100
AcDbEntity
  8
TITLE_TEXT__BM_
100
AcDbText
 10
2450.315765543919
 20
857.4718564849652
 30
0.0
 40
0.21
  1
%%U* STRUCTURAL LAYOUT @ SECOND SLAB LEVEL
  7
CALIBRI
100
AcDbText
  0
TEXT
  5
979
330
1F
100
AcDbEntity
  8
TITLE_TEXT__BM_
100
AcDbText
 10
2452.54426024695
 20
857.1759241970333
 30
0.0
 40
0.1152
  1
SCALE - 1:100
  7
RRR
100
AcDbText
  0
MLINE
  5
97A
330
1F
100
AcDbEntity
  8
HIDDEN_BEAMS__BM_
100
AcDbMline
  2
STANDARD
340
18
 40
0.23
 70
     0
 71
     1
 72
     2
 73
     2
 10
2448.065701337178
 20
865.3955477844793
 30
0.0
210
0.0
220
0.0
230
1.0
 11
2448.065701337178
 21
865.3955477844793
 31
0.0
 12
0.0
 22
-1.0
 32
0.0
 13
1.0
 23
0.0
 33
0.0
 74
     2
 41
0.0
 41
0.0
 75
     0
 74
     2
 41
-0.23
 41
0.0
 75
     0
 11
2448.065701337178
 21
862.7255477844792
 31
0.0
 12
0.0
 22
-1.0
 32
0.0
 13
1.0
 23
0.0
 33
0.0
 74
     2
 41
0.0
 41
0.0
 75
     0
 74
     2
 41
-0.23
 41
0.0
 75
     0
  0
TEXT
  5
97B
330
1F
100
AcDbEntity
  8
BEAM_TEXT__BM_
100
AcDbText
 10
2448.3222180344
 20
863.9597080836072
 30
0.0
 40
0.2
  1
HB1
 50
90.0
  7
CALIBRI
 72
     1
 11
2448.406833419015
 21
864.2234003912995
 31
0.0
100
AcDbText
 73
     1
  0
INSERT
  5
97C
330
1F
100
AcDbEntity
  8
SLEEVE__BM_
100
AcDbBlockReference
  2
PIPE
 10
2448.814420896198
 20
862.2232336916479
 30
0.0
 41
-0.9962016975403694
 42
0.9962016975403694
 43
0.996201697540334
 50
90.0
  0
INSERT
  5
97D
330
1F
100
AcDbEntity
  8
SLEEVE__BM_
100
AcDbBlockReference
  2
PIPE
 10
2452.238366271581
 20
873.8614615297024
 30
0.0
 41
-0.9962016975403694
 42
0.9962016975403694
 43
0.996201697540334
  0
TEXT
  5
97E
330
1F
100
AcDbEntity
  8
BEAM_TEXT__BM_
100
AcDbText
 10
2457.032174880836
 20
860.4405529976407
 30
0.0
 40
0.2
  1
B29
 50
90.0
  7
CALIBRI
 72
     1
 11
2457.116790265452
 21
860.6859376130253
 31
0.0
100
AcDbText
 73
     1
  0
LINE
  5
97F
330
1F
100
AcDbEntity
  8
ARCH__BM_
 48
0.8
100
AcDbLine
 10
2456.496790265453
 20
864.9455477844795
 30
0.0
 11
2456.496790265453
 21
867.3455477844795
 31
0.0
  0
LINE
  5
980
330
1F
100
AcDbEntity
  8
ARCH__BM_
 48
0.8
100
AcDbLine
 10
2456.246790265453
 20
864.9455477844795
 30
0.0
 11
2456.246790265453
 21
867.3455477844795
 31
0.0
  0
LINE
  5
981
330
1F
100
AcDbEntity
  8
ARCH__BM_
 48
0.8
100
AcDbLine
 10
2455.996790265453
 20
864.9455477844795
 30
0.0
 11
2455.996790265453
 21
867.3455477844795
 31
0.0
  0
LINE
  5
982
330
1F
100
AcDbEntity
  8
ARCH__BM_
 48
0.8
100
AcDbLine
 10
2455.746790265453
 20
864.9455477844795
 30
0.0
 11
2455.746790265453
 21
867.3455477844795
 31
0.0
  0
LINE
  5
983
330
1F
100
AcDbEntity
  8
ARCH__BM_
 48
0.8
100
AcDbLine
 10
2455.496790265453
 20
864.9455477844795
 30
0.0
 11
2455.496790265453
 21
867.3455477844795
 31
0.0
  0
LINE
  5
984
330
1F
100
AcDbEntity
  8
ARCH__BM_
 48
0.8
100
AcDbLine
 10
2455.246790265453
 20
864.9455477844795
 30
0.0
 11
2455.246790265453
 21
867.3455477844795
 31
0.0
  0
LINE
  5
985
330
1F
100
AcDbEntity
  8
ARCH__BM_
 48
0.8
100
AcDbLine
 10
2454.996790265453
 20
864.9455477844795
 30
0.0
 11
2454.996790265453
 21
867.3455477844795
 31
0.0
  0
LINE
  5
986
330
1F
100
AcDbEntity
  8
ARCH__BM_
 48
0.8
100
AcDbLine
 10
2454.746790265453
 20
864.9455477844795
 30
0.0
 11
2454.746790265453
 21
867.3455477844795
 31
0.0
  0
LINE
  5
987
330
1F
100
AcDbEntity
  8
ARCH__BM_
 48
0.8
100
AcDbLine
 10
2454.496790265453
 20
864.9455477844795
 30
0.0
 11
2454.496790265453
 21
867.3455477844795
 31
0.0
  0
LINE
  5
988
330
1F
100
AcDbEntity
  8
ARCH__BM_
 48
0.8
100
AcDbLine
 10
2454.246790265453
 20
866.1455477844793
 30
0.0
 11
2456.496790265453
 21
866.1455477844793
 31
0.0
  0
TEXT
  5
989
330
1F
100
AcDbEntity
  8
BEAM_TEXT__BM_
100
AcDbText
 10
2450.149038108649
 20
860.9518377087632
 30
0.0
 40
0.2
  1
B12
  7
CALIBRI
 72
     1
 11
2450.394422724033
 21
860.8672223241477
 31
0.0
100
AcDbText
 73
     1
  0
TEXT
  5
98A
330
1F
100
AcDbEntity
  8
SLAB_TEXT__BM_
100
AcDbText
 10
2455.377895573015
 20
872.4354928532048
 30
0.0
 40
0.2
  1
S2
  7
CALIBRI
100
AcDbText
  0
INSERT
  5
98B
330
1F
100
AcDbEntity
  8
SLAB_MARK__BM_
100
AcDbBlockReference
  2
FHGJG
 10
1803.433919957683
 20
531.2169005145879
 30
0.0
  0
TEXT
  5
98C
330
1F
100
AcDbEntity
  8
SLAB_TEXT__BM_
100
AcDbText
 10
2449.295454707429
 20
872.3579924417086
 30
0.0
 40
0.2
  1
S1
  7
CALIBRI
100
AcDbText
  0
INSERT
  5
98D
330
1F
100
AcDbEntity
  8
SLAB_MARK__BM_
100
AcDbBlockReference
  2
FHGJG
 10
1797.351479092097
 20
531.1394001030917
 30
0.0
  0
TEXT
  5
98E
330
1F
100
AcDbEntity
  8
SLAB_TEXT__BM_
100
AcDbText
 10
2454.9334138358
 20
860.3512868354853
 30
0.0
 40
0.2
  1
S1
  7
CALIBRI
100
AcDbText
  0
INSERT
  5
98F
330
1F
100
AcDbEntity
  8
SLAB_MARK__BM_
100
AcDbBlockReference
  2
FHGJG
 10
1802.989438220467
 20
519.1326944968685
 30
0.0
  0
TEXT
  5
990
330
1F
100
AcDbEntity
  8
SLAB_TEXT__BM_
100
AcDbText
 10
2450.390735530943
 20
859.8863818361896
 30
0.0
 40
0.2
  1
S3
  7
CALIBRI
100
AcDbText
  0
LWPOLYLINE
  5
991
330
1F
100
AcDbEntity
  8
SLAB_MARK__BM_
100
AcDbPolyline
 90
        4
 70
     0
 43
0.0
 10
2450.70042812656
 20
859.7431464976443
 10
2450.782309079015
 20
859.579384592697
 10
2450.782309079015
 20
860.3292235509949
 10
2450.864190031469
 20
860.1654616460479
  0
LINE
  5
992
330
1F
100
AcDbEntity
  8
TABLE__BM_
100
AcDbLine
 10
2442.264381488256
 20
849.8968991562142
 30
0.0
 11
2461.14580821091
 21
849.8968991562142
 31
0.0
  0
LINE
  5
993
330
1F
100
AcDbEntity
  8
TABLE__BM_
100
AcDbLine
 10
2442.264381488256
 20
849.8968991562142
 30
0.0
 11
2461.14580821091
 21
849.8968991562142
 31
0.0
  0
TEXT
  5
994
330
1F
100
AcDbEntity
  8
SCHEDULE_TEXT__BM_
  6
CONTINUOUS
100
AcDbText
 10
2444.138818897168
 20
849.4599719685077
 30
0.0
 40
0.2299967350828956
  1
135
 41
0.9
  7
ROMANS
 72
     1
 11
2444.44931448953
 21
849.3833063901468
 31
0.0
100
AcDbText
 73
     1
  0
TEXT
  5
995
330
1F
100
AcDbEntity
  8
SCHEDULE_TEXT__BM_
  6
CONTINUOUS
100
AcDbText
 10
2442.659301985649
 20
849.4597811248912
 30
0.0
 40
0.2299967350828956
  1
S7
 41
0.9
  7
ROMANS
 72
     1
 11
2442.856442044292
 21
849.3831155465302
 31
0.0
100
AcDbText
 73
     1
  0
TEXT
  5
996
330
1F
100
AcDbEntity
  8
SCHEDULE_TEXT__BM_
  6
CONTINUOUS
100
AcDbText
 10
2445.303946795271
 20
849.4597811248962
 30
0.0
 40
0.2299967350828956
  1
T 8@135C/C
 41
0.9
  7
ROMANS
 72
     1
 11
2446.31921809728
 21
849.3831155465352
 31
0.0
100
AcDbText
 73
     1
  0
TEXT
  5
997
330
1F
100
AcDbEntity
  8
SCHEDULE_TEXT__BM_
  6
CONTINUOUS
100
AcDbText
 10
2451.234004241734
 20
849.4597811248957
 30
0.0
 40
0.2299967350828956
  1
T 8@175C/C
 41
0.9
  7
ROMANS
 72
     1
 11
2452.249275543742
 21
849.3831155465348
 31
0.0
100
AcDbText
 73
     1
  0
TEXT
  5
998
330
1F
100
AcDbEntity
  8
SCHEDULE_TEXT__BM_
  6
CONTINUOUS
100
AcDbText
 10
2447.71973842033
 20
849.4597811248914
 30
0.0
 40
0.2299967350828956
  1
ALTERNATE BENTUP
 41
0.9
  7
ROMANS
 72
     1
 11
2449.227859868945
 21
849.3831155465305
 31
0.0
100
AcDbText
 73
     1
  0
TEXT
  5
999
330
1F
100
AcDbEntity
  8
SCHEDULE_TEXT__BM_
  6
CONTINUOUS
100
AcDbText
 10
2454.049834755439
 20
849.4597811248914
 30
0.0
 40
0.2299967350828956
  1
ALL  STRAIGHT
 41
0.9
  7
ROMANS
 72
     1
 11
2455.21296110143
 21
849.3831155465305
 31
0.0
100
AcDbText
 73
     1
  0
TEXT
  5
99A
330
1F
100
AcDbEntity
  8
SCHEDULE_TEXT__BM_
  6
CONTINUOUS
100
AcDbText
 10
2459.065187721799
 20
849.6459392637989
 30
0.0
 40
0.2299967350828956
  1
ONEWAY
 41
0.9
  7
ROMANS
 72
     1
 11
2459.681250405057
 21
849.569273685438
 31
0.0
100
AcDbText
 73
     1
  0
LWPOLYLINE
  5
99B
330
1F
100
AcDbEntity
  8
SLAB_MARK__BM_
100
AcDbPolyline
 90
        4
 70
     0
 43
0.0
 10
2457.828360663214
 20
849.6388425625412
 10
2457.719014383646
 20
849.5841694227704
 10
2458.21969310005
 20
849.5841694227704
 10
2458.110346820482
 20
849.5294962829994
  0
TEXT
  5
99C
330
1F
100
AcDbEntity
  8
SCHEDULE_TEXT__BM_
  6
CONTINUOUS
100
AcDbText
 10
2458.523052560533
 20
849.3304040207711
 30
0.0
 40
0.2299967350828956
  1
250 MM SUNK
 41
0.9
  7
ROMANS
 72
     1
 11
2459.681250405057
 21
849.2537384424102
 31
0.0
100
AcDbText
 73
     1
  0
ENDSEC
  0
SECTION
  2
OBJECTS
  0
DICTIONARY
  5
C
330
0
100
AcDbDictionary
  3
ACAD_CIP_PREVIOUS_PRODUCT_INFO
350
216
  3
ACAD_COLOR
350
6B
  3
ACAD_DETAILVIEWSTYLE
350
21B
  3
ACAD_GROUP
350
D
  3
ACAD_LAST_SAVED_VERSION_INFO
350
99D
  3
ACAD_LAYOUT
350
1A
  3
ACAD_MATERIAL
350
6A
  3
ACAD_MLEADERSTYLE
350
12D
  3
ACAD_MLINESTYLE
350
17
  3
ACAD_PLOTSETTINGS
350
19
  3
ACAD_SCALELIST
350
10C
  3
ACAD_SECTIONVIEWSTYLE
350
219
  3
ACAD_VISUALSTYLE
350
EF
  3
ACDBHEADERROUNDTRIPXREC
350
99E
  3
ACDBVARIABLEDICTIONARY
350
5E
  3
DWGPROPS
350
9C3
  0
DICTIONARY
  5
9C4
330
8
100
AcDbDictionary
280
     1
  3
ACAD_XREC_ROUNDTRIP
360
9C5
  0
DICTIONARY
  5
1FF
330
2
100
AcDbDictionary
280
     1
  3
ACAD_LAYERSTATES
360
200
  0
DICTIONARY
  5
2DF
330
2DE
100
AcDbDictionary
280
     1
  3
ACAD_XREC_ROUNDTRIP
360
2E0
  0
DICTIONARY
  5
2E7
330
2E6
100
AcDbDictionary
280
     1
  3
ACAD_XREC_ROUNDTRIP
360
2E8
  0
DICTIONARY
  5
2EE
330
2ED
100
AcDbDictionary
280
     1
  3
ACAD_XREC_ROUNDTRIP
360
2EF
  0
DICTIONARY
  5
2B8
330
2B7
100
AcDbDictionary
280
     1
  3
ACAD_SORTENTS
360
2B9
  0
DICTIONARY
  5
2C0
330
2BF
100
AcDbDictionary
280
     1
  3
ACAD_SORTENTS
360
2C1
  0
DICTIONARY
  5
2C7
330
2C6
100
AcDbDictionary
280
     1
  3
ACAD_SORTENTS
360
2C8
  0
XRECORD
  5
216
102
{ACAD_REACTORS
330
C
102
}
330
C
100
AcDbXrecord
300
ACD
300
2024
300

  0
DICTIONARY
  5
6B
102
{ACAD_REACTORS
330
C
102
}
330
C
100
AcDbDictionary
  0
DICTIONARY
  5
21B
102
{ACAD_REACTORS
330
C
102
}
330
C
100
AcDbDictionary
  3
IMPERIAL24
350
300
  3
METRIC50
350
21C
  0
DICTIONARY
  5
D
102
{ACAD_REACTORS
330
C
102
}
330
C
100
AcDbDictionary
  0
XRECORD
  5
99D
102
{ACAD_REACTORS
330
C
102
}
330
C
100
AcDbXrecord
300
{6907468B-FF99-244C-8C26-1B306937F5F6}
301
{EBB1FAB5-7F2B-1348-9C02-B74216460F4F}
302
{6907468B-FF99-244C-8C26-1B306937F5F6}
303
F:\Project\CAD Total files\3\Second Floor.dwg
  0
DICTIONARY
  5
1A
102
{ACAD_REACTORS
330
C
102
}
330
C
100
AcDbDictionary
  0
DICTIONARY
  5
6A
102
{ACAD_REACTORS
330
C
102
}
330
C
100
AcDbDictionary
  3
BYBLOCK
350
ED
  3
BYLAYER
350
EC
  3
GLOBAL
350
EE
  0
DICTIONARY
  5
12D
102
{ACAD_REACTORS
330
C
102
}
330
C
100
AcDbDictionary
  3
ANNOTATIVE
350
13B
  3
STANDARD
350
12E
  0
DICTIONARY
  5
17
102
{ACAD_REACTORS
330
C
102
}
330
C
100
AcDbDictionary
  3
STANDARD
350
18
  0
DICTIONARY
  5
19
102
{ACAD_REACTORS
330
C
102
}
330
C
100
AcDbDictionary
  0
DICTIONARY
  5
10C
102
{ACAD_REACTORS
330
C
102
}
330
C
100
AcDbDictionary
  3
A0
350
10D
  3
A1
350
1BE
  3
A2
350
1BF
  3
A3
350
1C0
  3
A4
350
1C1
  3
A5
350
1C2
  3
A6
350
1C3
  3
A7
350
1C4
  3
A8
350
1C5
  3
A9
350
1C6
  3
B0
350
1C7
  3
B1
350
1C8
  3
B2
350
1C9
  3
B3
350
1CA
  3
B4
350
1CB
  3
B5
350
1CC
  3
B6
350
1CD
  0
DICTIONARY
  5
219
102
{ACAD_REACTORS
330
C
102
}
330
C
100
AcDbDictionary
  3
IMPERIAL24
350
2FF
  3
METRIC50
350
21A
  0
DICTIONARY
  5
EF
102
{ACAD_REACTORS
330
C
102
}
330
C
100
AcDbDictionary
  3
2DWIREFRAME
350
F5
  3
BASIC
350
F4
  3
BRIGHTEN
350
FB
  3
COLORCHANGE
350
FF
  3
CONCEPTUAL
350
F8
  3
DIM
350
FA
  3
EDGECOLOROFF
350
1E6
  3
FACEPATTERN
350
FE
  3
FLAT
350
F0
  3
FLATWITHEDGES
350
F1
  3
GOURAUD
350
F2
  3
GOURAUDWITHEDGES
350
F3
  3
HIDDEN
350
F7
  3
JITTEROFF
350
1E4
  3
LINEPATTERN
350
FD
  3
OVERHANGOFF
350
1E5
  3
REALISTIC
350
F9
  3
SHADED
350
1F3
  3
SHADED_WITH_EDGES
350
1F2
  3
SHADES_OF_GRAY
350
1EF
  3
SKETCHY
350
1F0
  3
THICKEN
350
FC
  3
WIREFRAME
350
F6
  3
X-RAY
350
1F1
  0
DICTIONARY
  5
99E
102
{ACAD_REACTORS
330
C
102
}
330
C
100
AcDbDictionary
  3
CEPSNID
350
9A8
  3
CEPSNTYPE
350
9A7
  3
COLORDICT
350
9C1
  3
DIMSTYLEDATA
350
9BE
  3
FINGERPRINTGUID
350
9A9
  3
HYPERLINKBASE
350
9A1
  3
INSUNITS
350
9A6
  3
LAYOUTDICT
350
9A3
  3
LWETCUNION
350
9A5
  3
MATERIALDICT
350
9C2
  3
PLOTSETDICT
350
9A4
  3
PSVPSCALE
350
9AB
  3
PUCSBASE
350
9AE
  3
PUCSORGBACK
350
9B4
  3
PUCSORGBOTTOM
350
9B0
  3
PUCSORGFRONT
350
9B3
  3
PUCSORGLEFT
350
9B1
  3
PUCSORGRIGHT
350
9B2
  3
PUCSORGTOP
350
9AF
  3
PUCSORTHOREF
350
9AC
  3
PUCSORTHOVIEW
350
9AD
  3
STYLESHEET
350
9A2
  3
TSTACKALIGN
350
99F
  3
TSTACKSIZE
350
9A0
  3
UCSBASE
350
9B7
  3
UCSORGBACK
350
9BD
  3
UCSORGBOTTOM
350
9B9
  3
UCSORGFRONT
350
9BC
  3
UCSORGLEFT
350
9BA
  3
UCSORGRIGHT
350
9BB
  3
UCSORGTOP
350
9B8
  3
UCSORTHOREF
350
9B5
  3
UCSORTHOVIEW
350
9B6
  3
VERSIONGUID
350
9AA
  0
DICTIONARY
  5
5E
102
{ACAD_REACTORS
330
C
102
}
330
C
100
AcDbDictionary
  3
CANNOSCALE
350
146
  3
CENTEREXE
350
259
  3
CENTERLTYPEFILE
350
25A
  3
CMLEADERSTYLE
350
145
  3
CTABLESTYLE
350
84
  3
CVIEWDETAILSTYLE
350
227
  3
CVIEWSECTIONSTYLE
350
228
  3
DIMASSOC
350
5F
  3
HIDETEXT
350
63
  3
LAYEREVAL
350
1AE
  3
LAYERNOTIFY
350
1AF
  3
MSLTSCALE
350
9C6
  3
PSOLHEIGHT
350
9C0
  3
PSOLWIDTH
350
9BF
  0
XRECORD
  5
9C3
102
{ACAD_REACTORS
330
C
102
}
330
C
100
AcDbXrecord
  1
DWGPROPS COOKIE
  2

  3

  4

  6

  7

  8
cmdrun
  9

300
=
301
=
302
=
303
=
304
=
305
=
306
=
307
=
308
=
309
=
 40
0.0
 41
2460877.239456018
 42
2460943.564061122
  1

 90
        0
  0
XRECORD
  5
9C5
102
{ACAD_REACTORS
330
9C4
102
}
330
9C4
100
AcDbXrecord
102
VTR_0.000_0.000_1.000_1.000_VISUALSTYLE
340
F5
102
VTR_0.000_0.000_1.000_1.000_GRIDDISPLAY
 70
     3
102
VTR_0.000_0.000_1.000_1.000_GRIDMAJOR
 70
     5
102
VTR_0.000_0.000_1.000_1.000_DEFAULTLIGHTING
280
     1
102
VTR_0.000_0.000_1.000_1.000_DEFAULTLIGHTINGTYPE
 70
     1
102
VTR_0.000_0.000_1.000_1.000_BRIGHTNESS
141
0.0
102
VTR_0.000_0.000_1.000_1.000_CONTRAST
142
0.0
  0
DICTIONARY
  5
200
102
{ACAD_REACTORS
330
1FF
102
}
330
1FF
100
AcDbDictionary
  0
XRECORD
  5
2E0
102
{ACAD_REACTORS
330
2DF
102
}
330
2DF
100
AcDbXrecord
102
MATERIAL
340
EE
102
MATERIAL
340
EE
102
MATERIAL
340
EE
102
MATERIAL
340
EE
102
MATERIAL
340
EE
102
MATERIAL
340
EE
102
MATERIAL
340
EE
102
MATERIAL
340
EE
102
MATERIAL
340
EE
102
MATERIAL
340
EE
102
MATERIAL
340
EE
102
MATERIAL
340
EE
102
MATERIAL
340
EE
102
MATERIAL
340
EE
102
MATERIAL
340
EE
102
MATERIAL
340
EE
102
MATERIAL
340
EE
102
MATERIAL
340
EE
102
MATERIAL
340
EE
102
MATERIAL
340
EE
102
MATERIAL
340
EE
102
MATERIAL
340
EE
102
MATERIAL
340
EE
102
MATERIAL
340
EE
102
MATERIAL
340
EE
102
MATERIAL
340
EE
102
MATERIAL
340
EE
102
MATERIAL
340
EE
102
MATERIAL
340
EE
102
MATERIAL
340
EE
102
MATERIAL
340
EE
102
MATERIAL
340
EE
102
MATERIAL
340
EE
102
MATERIAL
340
EE
102
MATERIAL
340
EE
102
MATERIAL
340
EE
102
MATERIAL
340
EE
102
MATERIAL
340
EE
102
MATERIAL
340
EE
102
MATERIAL
340
EE
102
MATERIAL
340
EE
102
MATERIAL
340
EE
102
MATERIAL
340
EE
102
MATERIAL
340
EE
102
MATERIAL
340
EE
102
MATERIAL
340
EE
102
MATERIAL
340
EE
102
MATERIAL
340
EE
102
MATERIAL
340
EE
102
MATERIAL
340
EE
102
MATERIAL
340
EE
102
MATERIAL
340
EE
102
MATERIAL
340
EE
102
MATERIAL
340
EE
102
MATERIAL
340
EE
102
MATERIAL
340
EE
102
MATERIAL
340
EE
102
MATERIAL
340
EE
102
MATERIAL
340
EE
102
MATERIAL
340
EE
102
MATERIAL
340
EE
102
MATERIAL
340
EE
102
MATERIAL
340
EE
102
MATERIAL
340
EE
102
MATERIAL
340
EE
102
MATERIAL
340
EE
102
MATERIAL
340
EE
102
MATERIAL
340
EE
102
MATERIAL
340
EE
102
MATERIAL
340
EE
102
MATERIAL
340
EE
102
MATERIAL
340
EE
102
MATERIAL
340
EE
102
MATERIAL
340
EE
102
MATERIAL
340
EE
102
MATERIAL
340
EE
102
MATERIAL
340
EE
102
MATERIAL
340
EE
102
MATERIAL
340
EE
102
MATERIAL
340
EE
102
MATERIAL
340
EE
102
MATERIAL
340
EE
102
MATERIAL
340
EE
102
MATERIAL
340
EE
102
MATERIAL
340
EE
102
MATERIAL
340
EE
102
MATERIAL
340
EE
102
MATERIAL
340
EE
102
MATERIAL
340
EE
102
MATERIAL
340
EE
102
MATERIAL
340
EE
102
MATERIAL
340
EE
102
MATERIAL
340
EE
102
MATERIAL
340
EE
102
MATERIAL
340
EE
102
MATERIAL
340
EE
102
MATERIAL
340
EE
102
MATERIAL
340
EE
102
MATERIAL
340
EE
102
MATERIAL
340
EE
102
MATERIAL
340
EE
102
MATERIAL
340
EE
102
MATERIAL
340
EE
102
MATERIAL
340
EE
102
MATERIAL
340
EE
102
MATERIAL
340
EE
102
MATERIAL
340
EE
102
MATERIAL
340
EE
102
MATERIAL
340
EE
102
MATERIAL
340
EE
102
MATERIAL
340
EE
102
MATERIAL
340
EE
102
MATERIAL
340
EE
102
MATERIAL
340
EE
102
MATERIAL
340
EE
102
MATERIAL
340
EE
102
MATERIAL
340
EE
102
MATERIAL
340
EE
102
MATERIAL
340
EE
102
MATERIAL
340
EE
102
MATERIAL
340
EE
102
MATERIAL
340
EE
102
MATERIAL
340
EE
102
MATERIAL
340
EE
102
MATERIAL
340
EE
102
MATERIAL
340
EE
102
MATERIAL
340
EE
102
MATERIAL
340
EE
102
MATERIAL
340
EE
102
MATERIAL
340
EE
102
MATERIAL
340
EE
102
MATERIAL
340
EE
102
MATERIAL
340
EE
102
MATERIAL
340
EE
102
MATERIAL
340
EE
102
MATERIAL
340
EE
102
MATERIAL
340
EE
102
MATERIAL
340
EE
102
MATERIAL
340
EE
102
MATERIAL
340
EE
102
MATERIAL
340
EE
102
MATERIAL
340
EE
102
MATERIAL
340
EE
102
MATERIAL
340
EE
102
MATERIAL
340
EE
102
MATERIAL
340
EE
102
MATERIAL
340
EE
102
MATERIAL
340
EE
102
MATERIAL
340
EE
102
MATERIAL
340
EE
102
MATERIAL
340
EE
102
MATERIAL
340
EE
102
MATERIAL
340
EE
102
MATERIAL
340
EE
102
MATERIAL
340
EE
102
MATERIAL
340
EE
102
MATERIAL
340
EE
102
MATERIAL
340
EE
102
MATERIAL
340
EE
102
MATERIAL
340
EE
102
MATERIAL
340
EE
102
MATERIAL
340
EE
102
MATERIAL
340
EE
102
MATERIAL
340
EE
102
MATERIAL
340
EE
102
MATERIAL
340
EE
102
MATERIAL
340
EE
102
MATERIAL
340
EE
102
MATERIAL
340
EE
102
MATERIAL
340
EE
102
MATERIAL
340
EE
102
MATERIAL
340
EE
102
MATERIAL
340
EE
102
MATERIAL
340
EE
102
MATERIAL
340
EE
102
MATERIAL
340
EE
102
MATERIAL
340
EE
102
MATERIAL
340
EE
102
MATERIAL
340
EE
102
MATERIAL
340
EE
102
MATERIAL
340
EE
102
MATERIAL
340
EE
102
MATERIAL
340
EE
102
MATERIAL
340
EE
102
MATERIAL
340
EE
102
MATERIAL
340
EE
102
MATERIAL
340
EE
102
MATERIAL
340
EE
102
MATERIAL
340
EE
102
MATERIAL
340
EE
102
MATERIAL
340
EE
102
MATERIAL
340
EE
102
MATERIAL
340
EE
102
MATERIAL
340
EE
102
MATERIAL
340
EE
102
MATERIAL
340
EE
102
MATERIAL
340
EE
102
MATERIAL
340
EE
102
MATERIAL
340
EE
102
MATERIAL
340
EE
102
MATERIAL
340
EE
102
MATERIAL
340
EE
102
MATERIAL
340
EE
102
MATERIAL
340
EE
102
MATERIAL
340
EE
102
MATERIAL
340
EE
102
MATERIAL
340
EE
102
MATERIAL
340
EE
102
MATERIAL
340
EE
102
MATERIAL
340
EE
102
MATERIAL
340
EE
102
MATERIAL
340
EE
102
MATERIAL
340
EE
102
MATERIAL
340
EE
102
MATERIAL
340
EE
102
MATERIAL
340
EE
102
MATERIAL
340
EE
102
MATERIAL
340
EE
102
MATERIAL
340
EE
102
MATERIAL
340
EE
102
MATERIAL
340
EE
102
MATERIAL
340
EE
102
MATERIAL
340
EE
102
MATERIAL
340
EE
102
MATERIAL
340
EE
102
MATERIAL
340
EE
102
MATERIAL
340
EE
102
MATERIAL
340
EE
102
MATERIAL
340
EE
102
MATERIAL
340
EE
102
MATERIAL
340
EE
102
MATERIAL
340
EE
  0
XRECORD
  5
2E8
102
{ACAD_REACTORS
330
2E7
102
}
330
2E7
100
AcDbXrecord
102
MATERIAL
340
EE
102
MATERIAL
340
EE
102
MATERIAL
340
EE
102
MATERIAL
340
EE
102
MATERIAL
340
EE
102
MATERIAL
340
EE
102
MATERIAL
340
EE
102
MATERIAL
340
EE
102
MATERIAL
340
EE
102
MATERIAL
340
EE
102
MATERIAL
340
EE
102
MATERIAL
340
EE
102
MATERIAL
340
EE
102
MATERIAL
340
EE
102
MATERIAL
340
EE
102
MATERIAL
340
EE
102
MATERIAL
340
EE
102
MATERIAL
340
EE
102
MATERIAL
340
EE
102
MATERIAL
340
EE
102
MATERIAL
340
EE
102
MATERIAL
340
EE
102
MATERIAL
340
EE
102
MATERIAL
340
EE
102
MATERIAL
340
EE
102
MATERIAL
340
EE
102
MATERIAL
340
EE
102
MATERIAL
340
EE
102
MATERIAL
340
EE
102
MATERIAL
340
EE
102
MATERIAL
340
EE
102
MATERIAL
340
EE
102
MATERIAL
340
EE
102
MATERIAL
340
EE
102
MATERIAL
340
EE
102
MATERIAL
340
EE
102
MATERIAL
340
EE
102
MATERIAL
340
EE
102
MATERIAL
340
EE
102
MATERIAL
340
EE
102
MATERIAL
340
EE
102
MATERIAL
340
EE
102
MATERIAL
340
EE
102
MATERIAL
340
EE
102
MATERIAL
340
EE
102
MATERIAL
340
EE
102
MATERIAL
340
EE
102
MATERIAL
340
EE
102
MATERIAL
340
EE
102
MATERIAL
340
EE
102
MATERIAL
340
EE
102
MATERIAL
340
EE
102
MATERIAL
340
EE
102
MATERIAL
340
EE
102
MATERIAL
340
EE
102
MATERIAL
340
EE
102
MATERIAL
340
EE
102
MATERIAL
340
EE
102
MATERIAL
340
EE
102
MATERIAL
340
EE
102
MATERIAL
340
EE
102
MATERIAL
340
EE
102
MATERIAL
340
EE
102
MATERIAL
340
EE
102
MATERIAL
340
EE
102
MATERIAL
340
EE
102
MATERIAL
340
EE
102
MATERIAL
340
EE
102
MATERIAL
340
EE
102
MATERIAL
340
EE
102
MATERIAL
340
EE
102
MATERIAL
340
EE
102
MATERIAL
340
EE
102
MATERIAL
340
EE
102
MATERIAL
340
EE
102
MATERIAL
340
EE
102
MATERIAL
340
EE
102
MATERIAL
340
EE
102
MATERIAL
340
EE
102
MATERIAL
340
EE
102
MATERIAL
340
EE
102
MATERIAL
340
EE
102
MATERIAL
340
EE
102
MATERIAL
340
EE
102
MATERIAL
340
EE
102
MATERIAL
340
EE
102
MATERIAL
340
EE
102
MATERIAL
340
EE
102
MATERIAL
340
EE
102
MATERIAL
340
EE
102
MATERIAL
340
EE
102
MATERIAL
340
EE
102
MATERIAL
340
EE
102
MATERIAL
340
EE
102
MATERIAL
340
EE
102
MATERIAL
340
EE
102
MATERIAL
340
EE
102
MATERIAL
340
EE
102
MATERIAL
340
EE
102
MATERIAL
340
EE
102
MATERIAL
340
EE
102
MATERIAL
340
EE
102
MATERIAL
340
EE
102
MATERIAL
340
EE
102
MATERIAL
340
EE
102
MATERIAL
340
EE
102
MATERIAL
340
EE
102
MATERIAL
340
EE
102
MATERIAL
340
EE
102
MATERIAL
340
EE
102
MATERIAL
340
EE
102
MATERIAL
340
EE
102
MATERIAL
340
EE
102
MATERIAL
340
EE
102
MATERIAL
340
EE
102
MATERIAL
340
EE
102
MATERIAL
340
EE
102
MATERIAL
340
EE
102
MATERIAL
340
EE
102
MATERIAL
340
EE
102
MATERIAL
340
EE
102
MATERIAL
340
EE
102
MATERIAL
340
EE
102
MATERIAL
340
EE
102
MATERIAL
340
EE
102
MATERIAL
340
EE
102
MATERIAL
340
EE
102
MATERIAL
340
EE
102
MATERIAL
340
EE
102
MATERIAL
340
EE
102
MATERIAL
340
EE
102
MATERIAL
340
EE
102
MATERIAL
340
EE
102
MATERIAL
340
EE
102
MATERIAL
340
EE
102
MATERIAL
340
EE
102
MATERIAL
340
EE
102
MATERIAL
340
EE
102
MATERIAL
340
EE
102
MATERIAL
340
EE
102
MATERIAL
340
EE
102
MATERIAL
340
EE
102
MATERIAL
340
EE
102
MATERIAL
340
EE
102
MATERIAL
340
EE
102
MATERIAL
340
EE
102
MATERIAL
340
EE
102
MATERIAL
340
EE
102
MATERIAL
340
EE
102
MATERIAL
340
EE
102
MATERIAL
340
EE
102
MATERIAL
340
EE
102
MATERIAL
340
EE
102
MATERIAL
340
EE
102
MATERIAL
340
EE
102
MATERIAL
340
EE
102
MATERIAL
340
EE
102
MATERIAL
340
EE
102
MATERIAL
340
EE
102
MATERIAL
340
EE
102
MATERIAL
340
EE
102
MATERIAL
340
EE
102
MATERIAL
340
EE
102
MATERIAL
340
EE
102
MATERIAL
340
EE
102
MATERIAL
340
EE
102
MATERIAL
340
EE
102
MATERIAL
340
EE
102
MATERIAL
340
EE
102
MATERIAL
340
EE
102
MATERIAL
340
EE
102
MATERIAL
340
EE
102
MATERIAL
340
EE
102
MATERIAL
340
EE
102
MATERIAL
340
EE
102
MATERIAL
340
EE
102
MATERIAL
340
EE
102
MATERIAL
340
EE
102
MATERIAL
340
EE
102
MATERIAL
340
EE
102
MATERIAL
340
EE
102
MATERIAL
340
EE
102
MATERIAL
340
EE
102
MATERIAL
340
EE
102
MATERIAL
340
EE
102
MATERIAL
340
EE
102
MATERIAL
340
EE
102
MATERIAL
340
EE
102
MATERIAL
340
EE
102
MATERIAL
340
EE
102
MATERIAL
340
EE
102
MATERIAL
340
EE
102
MATERIAL
340
EE
102
MATERIAL
340
EE
102
MATERIAL
340
EE
102
MATERIAL
340
EE
102
MATERIAL
340
EE
102
MATERIAL
340
EE
102
MATERIAL
340
EE
102
MATERIAL
340
EE
102
MATERIAL
340
EE
102
MATERIAL
340
EE
102
MATERIAL
340
EE
102
MATERIAL
340
EE
102
MATERIAL
340
EE
102
MATERIAL
340
EE
102
MATERIAL
340
EE
102
MATERIAL
340
EE
102
MATERIAL
340
EE
102
MATERIAL
340
EE
102
MATERIAL
340
EE
102
MATERIAL
340
EE
  0
XRECORD
  5
2EF
102
{ACAD_REACTORS
330
2EE
102
}
330
2EE
100
AcDbXrecord
102
MATERIAL
340
EE
102
MATERIAL
340
EE
102
MATERIAL
340
EE
102
MATERIAL
340
EE
102
MATERIAL
340
EE
102
MATERIAL
340
EE
102
MATERIAL
340
EE
102
MATERIAL
340
EE
102
MATERIAL
340
EE
102
MATERIAL
340
EE
102
MATERIAL
340
EE
102
MATERIAL
340
EE
102
MATERIAL
340
EE
102
MATERIAL
340
EE
102
MATERIAL
340
EE
102
MATERIAL
340
EE
102
MATERIAL
340
EE
102
MATERIAL
340
EE
102
MATERIAL
340
EE
102
MATERIAL
340
EE
102
MATERIAL
340
EE
102
MATERIAL
340
EE
102
MATERIAL
340
EE
102
MATERIAL
340
EE
102
MATERIAL
340
EE
102
MATERIAL
340
EE
102
MATERIAL
340
EE
102
MATERIAL
340
EE
102
MATERIAL
340
EE
102
MATERIAL
340
EE
102
MATERIAL
340
EE
102
MATERIAL
340
EE
102
MATERIAL
340
EE
102
MATERIAL
340
EE
102
MATERIAL
340
EE
102
MATERIAL
340
EE
102
MATERIAL
340
EE
102
MATERIAL
340
EE
102
MATERIAL
340
EE
102
MATERIAL
340
EE
102
MATERIAL
340
EE
102
MATERIAL
340
EE
102
MATERIAL
340
EE
102
MATERIAL
340
EE
102
MATERIAL
340
EE
102
MATERIAL
340
EE
102
MATERIAL
340
EE
102
MATERIAL
340
EE
102
MATERIAL
340
EE
102
MATERIAL
340
EE
102
MATERIAL
340
EE
102
MATERIAL
340
EE
102
MATERIAL
340
EE
102
MATERIAL
340
EE
102
MATERIAL
340
EE
102
MATERIAL
340
EE
102
MATERIAL
340
EE
102
MATERIAL
340
EE
102
MATERIAL
340
EE
102
MATERIAL
340
EE
102
MATERIAL
340
EE
102
MATERIAL
340
EE
102
MATERIAL
340
EE
102
MATERIAL
340
EE
102
MATERIAL
340
EE
102
MATERIAL
340
EE
102
MATERIAL
340
EE
102
MATERIAL
340
EE
102
MATERIAL
340
EE
102
MATERIAL
340
EE
102
MATERIAL
340
EE
102
MATERIAL
340
EE
102
MATERIAL
340
EE
102
MATERIAL
340
EE
102
MATERIAL
340
EE
102
MATERIAL
340
EE
102
MATERIAL
340
EE
102
MATERIAL
340
EE
102
MATERIAL
340
EE
102
MATERIAL
340
EE
102
MATERIAL
340
EE
102
MATERIAL
340
EE
102
MATERIAL
340
EE
102
MATERIAL
340
EE
102
MATERIAL
340
EE
102
MATERIAL
340
EE
102
MATERIAL
340
EE
102
MATERIAL
340
EE
102
MATERIAL
340
EE
102
MATERIAL
340
EE
102
MATERIAL
340
EE
102
MATERIAL
340
EE
102
MATERIAL
340
EE
102
MATERIAL
340
EE
102
MATERIAL
340
EE
102
MATERIAL
340
EE
102
MATERIAL
340
EE
102
MATERIAL
340
EE
102
MATERIAL
340
EE
102
MATERIAL
340
EE
102
MATERIAL
340
EE
102
MATERIAL
340
EE
102
MATERIAL
340
EE
102
MATERIAL
340
EE
102
MATERIAL
340
EE
102
MATERIAL
340
EE
102
MATERIAL
340
EE
102
MATERIAL
340
EE
102
MATERIAL
340
EE
102
MATERIAL
340
EE
102
MATERIAL
340
EE
102
MATERIAL
340
EE
102
MATERIAL
340
EE
102
MATERIAL
340
EE
102
MATERIAL
340
EE
102
MATERIAL
340
EE
102
MATERIAL
340
EE
102
MATERIAL
340
EE
102
MATERIAL
340
EE
102
MATERIAL
340
EE
102
MATERIAL
340
EE
102
MATERIAL
340
EE
102
MATERIAL
340
EE
102
MATERIAL
340
EE
102
MATERIAL
340
EE
102
MATERIAL
340
EE
102
MATERIAL
340
EE
102
MATERIAL
340
EE
102
MATERIAL
340
EE
102
MATERIAL
340
EE
102
MATERIAL
340
EE
102
MATERIAL
340
EE
102
MATERIAL
340
EE
102
MATERIAL
340
EE
102
MATERIAL
340
EE
102
MATERIAL
340
EE
102
MATERIAL
340
EE
102
MATERIAL
340
EE
102
MATERIAL
340
EE
102
MATERIAL
340
EE
102
MATERIAL
340
EE
102
MATERIAL
340
EE
102
MATERIAL
340
EE
102
MATERIAL
340
EE
102
MATERIAL
340
EE
102
MATERIAL
340
EE
102
MATERIAL
340
EE
102
MATERIAL
340
EE
102
MATERIAL
340
EE
102
MATERIAL
340
EE
102
MATERIAL
340
EE
102
MATERIAL
340
EE
102
MATERIAL
340
EE
102
MATERIAL
340
EE
102
MATERIAL
340
EE
102
MATERIAL
340
EE
102
MATERIAL
340
EE
102
MATERIAL
340
EE
102
MATERIAL
340
EE
102
MATERIAL
340
EE
102
MATERIAL
340
EE
102
MATERIAL
340
EE
102
MATERIAL
340
EE
102
MATERIAL
340
EE
102
MATERIAL
340
EE
102
MATERIAL
340
EE
102
MATERIAL
340
EE
102
MATERIAL
340
EE
102
MATERIAL
340
EE
102
MATERIAL
340
EE
102
MATERIAL
340
EE
102
MATERIAL
340
EE
102
MATERIAL
340
EE
102
MATERIAL
340
EE
102
MATERIAL
340
EE
102
MATERIAL
340
EE
102
MATERIAL
340
EE
102
MATERIAL
340
EE
102
MATERIAL
340
EE
  0
SORTENTSTABLE
  5
2B9
102
{ACAD_REACTORS
330
2B8
102
}
330
2B8
100
AcDbSortentsTable
330
2B7
  0
SORTENTSTABLE
  5
2C1
102
{ACAD_REACTORS
330
2C0
102
}
330
2C0
100
AcDbSortentsTable
330
2BF
  0
SORTENTSTABLE
  5
2C8
102
{ACAD_REACTORS
330
2C7
102
}
330
2C7
100
AcDbSortentsTable
330
2C6
  0
ACAD_PROXY_OBJECT
  5
300
102
{ACAD_REACTORS
330
21B
102
}
330
21B
100
AcDbProxyObject
 90
      499
 91
      516
 93
     1245
310
90A496D70657269616C3234481E5C0F42F5A8DC671FC056BD1B81E856B9F81E5C0F42F5A8DC671FA33E5C0F42F5A8DC671FA02000000000000741FA02AD129E2E20B1AB30B9102B34B2BBAA3CB832902E33101112BA3198911F1290129E2E20B1AB30B9102B34B2BBA232BA30B4B624B21F12AE2829A1A0A62290129E2E20B
310
1AB30B9102B34B2BBA9B1B0B632902E33101112B9B7111F12A33A33800
340
11
340
0
340
16
340
11
340
16
340
16
 94
        0
  0
ACAD_PROXY_OBJECT
  5
21C
102
{ACAD_REACTORS
330
21B
102
}
330
21B
100
AcDbProxyObject
 90
      499
 91
      516
 93
      877
310
9084D65747269633530481E0000000000000A20500E0000000000000A20233E0000000000000A20400000000000017202029B929E2E20B1AB30B9102B34B2BBA232BA30B4B624B21F129014129E2E20B1AB30B9102B34B2BBA9B1B0B632902E33101112B9B7111F1294A33A33800
340
11
340
0
340
16
340
11
340
16
340
16
 94
        0
  0
MATERIAL
  5
ED
102
{ACAD_REACTORS
330
6A
102
}
102
{ACAD_XDICTIONARY
360
1F9
102
}
330
6A
100
AcDbMaterial
  1
BYBLOCK
 73
     2
 78
     2
172
     2
176
     2
270
     2
274
     2
  0
MATERIAL
  5
EC
102
{ACAD_REACTORS
330
6A
102
}
102
{ACAD_XDICTIONARY
360
1F7
102
}
330
6A
100
AcDbMaterial
  1
BYLAYER
 73
     2
 78
     2
172
     2
176
     2
270
     2
274
     2
  0
MATERIAL
  5
EE
102
{ACAD_REACTORS
330
6A
102
}
102
{ACAD_XDICTIONARY
360
173
102
}
330
6A
100
AcDbMaterial
  1
GLOBAL
 73
     2
 43
0.0007999999797903
 43
0.0
 43
0.0
 43
0.0
 43
0.0
 43
0.0007999999797903
 43
0.0
 43
0.0
 43
0.0
 43
0.0
 43
1.0
 43
0.0
 43
0.0
 43
0.0
 43
0.0
 43
1.0
 78
     2
172
     2
 49
0.0007999999797903
 49
0.0
 49
0.0
 49
0.0
 49
0.0
 49
0.0007999999797903
 49
0.0
 49
0.0
 49
0.0
 49
0.0
 49
1.0
 49
0.0
 49
0.0
 49
0.0
 49
0.0
 49
1.0
176
     2
142
0.0007999999797903
142
0.0
142
0.0
142
0.0
142
0.0
142
0.0007999999797903
142
0.0
142
0.0
142
0.0
142
0.0
142
1.0
142
0.0
142
0.0
142
0.0
142
0.0
142
1.0
270
     2
144
0.0007999999797903
144
0.0
144
0.0
144
0.0
144
0.0
144
0.0007999999797903
144
0.0
144
0.0
144
0.0
144
0.0
144
1.0
144
0.0
144
0.0
144
0.0
144
0.0
144
1.0
274
     2
1001
ACAD
1070
    -1
1070
     3
1070
     0
1000

1071
        0
1070
     0
  0
ACAD_PROXY_OBJECT
  5
13B
102
{ACAD_REACTORS
330
12D
102
}
330
12D
100
AcDbProxyObject
 90
      499
 91
      508
 93
      610
310
40901902A4063FBFFFFFE0000000000000020400000000000020404214DD185B99185C990000000000000104090140501A00000000000004100000000000000041025766000000000000039000
340
14
340
0
340
11
340
0
 94
        0
1001
ACAD_MLEADERVER
1070
     2
  0
ACAD_PROXY_OBJECT
  5
12E
102
{ACAD_REACTORS
330
12D
102
}
330
12D
100
AcDbProxyObject
 90
      499
 91
      508
 93
      610
310
40901902A4063FBFFFFFE0000000000000020400000000000020404214DD185B99185C990000000000000104090140501A00000000000004100000000000000041025764000000000000039000
340
14
340
0
340
11
340
0
 94
        0
1001
ACAD_MLEADERVER
1070
     2
  0
MLINESTYLE
  5
18
102
{ACAD_REACTORS
330
17
102
}
330
17
100
AcDbMlineStyle
  2
STANDARD
 70
     0
  3

 62
   256
 51
90.0
 52
90.0
 71
     2
 49
0.5
 62
   256
  6
BYLAYER
 49
-0.5
 62
   256
  6
BYLAYER
  0
ACAD_PROXY_OBJECT
  5
10D
102
{ACAD_REACTORS
330
10C
102
}
330
10C
100
AcDbProxyObject
 90
      499
 91
      507
 93
       41
310
903313A31580
  0
ACAD_PROXY_OBJECT
  5
1BE
102
{ACAD_REACTORS
330
10C
102
}
330
10C
100
AcDbProxyObject
 90
      499
 91
      507
 93
      105
310
903313A324000000000000004000
  0
ACAD_PROXY_OBJECT
  5
1BF
102
{ACAD_REACTORS
330
10C
102
}
330
10C
100
AcDbProxyObject
 90
      499
 91
      507
 93
      105
310
903313A344000000000000104000
  0
ACAD_PROXY_OBJECT
  5
1C0
102
{ACAD_REACTORS
330
10C
102
}
330
10C
100
AcDbProxyObject
 90
      499
 91
      507
 93
      105
310
903313A354000000000000144000
  0
ACAD_PROXY_OBJECT
  5
1C1
102
{ACAD_REACTORS
330
10C
102
}
330
10C
100
AcDbProxyObject
 90
      499
 91
      507
 93
      105
310
903313A384000000000000204000
  0
ACAD_PROXY_OBJECT
  5
1C2
102
{ACAD_REACTORS
330
10C
102
}
330
10C
100
AcDbProxyObject
 90
      499
 91
      507
 93
      113
310
904313A31304000000000000244000
  0
ACAD_PROXY_OBJECT
  5
1C3
102
{ACAD_REACTORS
330
10C
102
}
330
10C
100
AcDbProxyObject
 90
      499
 91
      507
 93
      113
310
904313A31364000000000000304000
  0
ACAD_PROXY_OBJECT
  5
1C4
102
{ACAD_REACTORS
330
10C
102
}
330
10C
100
AcDbProxyObject
 90
      499
 91
      507
 93
      113
310
904313A32304000000000000344000
  0
ACAD_PROXY_OBJECT
  5
1C5
102
{ACAD_REACTORS
330
10C
102
}
330
10C
100
AcDbProxyObject
 90
      499
 91
      507
 93
      113
310
904313A333040000000000003E4000
  0
ACAD_PROXY_OBJECT
  5
1C6
102
{ACAD_REACTORS
330
10C
102
}
330
10C
100
AcDbProxyObject
 90
      499
 91
      507
 93
      113
310
904313A34304000000000000444000
  0
ACAD_PROXY_OBJECT
  5
1C7
102
{ACAD_REACTORS
330
10C
102
}
330
10C
100
AcDbProxyObject
 90
      499
 91
      507
 93
      113
310
904313A35304000000000000494000
  0
ACAD_PROXY_OBJECT
  5
1C8
102
{ACAD_REACTORS
330
10C
102
}
330
10C
100
AcDbProxyObject
 90
      499
 91
      507
 93
      121
310
905313A3130304000000000000594000
  0
ACAD_PROXY_OBJECT
  5
1C9
102
{ACAD_REACTORS
330
10C
102
}
330
10C
100
AcDbProxyObject
 90
      499
 91
      507
 93
      105
310
903323A310000000000000010100
  0
ACAD_PROXY_OBJECT
  5
1CA
102
{ACAD_REACTORS
330
10C
102
}
330
10C
100
AcDbProxyObject
 90
      499
 91
      507
 93
      105
310
903343A310000000000000410100
  0
ACAD_PROXY_OBJECT
  5
1CB
102
{ACAD_REACTORS
330
10C
102
}
330
10C
100
AcDbProxyObject
 90
      499
 91
      507
 93
      105
310
903383A310000000000000810100
  0
ACAD_PROXY_OBJECT
  5
1CC
102
{ACAD_REACTORS
330
10C
102
}
330
10C
100
AcDbProxyObject
 90
      499
 91
      507
 93
      113
310
90431303A310000000000000910100
  0
ACAD_PROXY_OBJECT
  5
1CD
102
{ACAD_REACTORS
330
10C
102
}
330
10C
100
AcDbProxyObject
 90
      499
 91
      507
 93
      121
310
9053130303A310000000000001650100
  0
ACAD_PROXY_OBJECT
  5
2FF
102
{ACAD_REACTORS
330
219
102
}
330
219
100
AcDbProxyObject
 90
      499
 91
      515
 93
     2271
310
90A496D70657269616C32344A765C0F42F5A8DC671FE5C0F42F5A8DC671FA209258409E5840A25840A65840B05840B45C0F42F5A8DC6F1FA33A659703D0BD6A3719C7E5C0F42F5A8DC671FE5C0F42F5A8DC671FA02000000000000741FA02BE129E2E20B1AB30B9102B34B2BBAA3CB832902E33101112BA3198911F1290129
310
E2E20B1AB30B9102B34B2BBA9B2B1BA34B7B729BA30B93A24B21F1296929E2E20B1AB30B9102B34B2BBA9B2B1BA34B7B722B73224B21F12AE2829A1A0A62290129E2E20B1AB30B9102B34B2BBA9B1B0B632902E33101112B9B7111F12E0080A0C829CA6926662C206056BD1B81E85639FA0320D0305A88A9F643F27E32B996
310
9C2960E81F87FA0718D4DE3E87E32B9969C2960E85F9E5129FC49EA5FA7E
340
11
340
0
340
0
340
16
340
16
340
11
 94
        0
  0
ACAD_PROXY_OBJECT
  5
21A
102
{ACAD_REACTORS
330
219
102
}
330
219
100
AcDbProxyObject
 90
      499
 91
      515
 93
     2015
310
9084D657472696335304B360000000000000A2060000000000000A202209258409E5840A25840A65840B05840B40000000000001220233A65800000000000028800000000000000A2060000000000000A2040000000000001720202AC929E2E20B1AB30B9102B34B2BBA9B2B1BA34B7B729BA30B93A24B21F1296929E2E20B
310
1AB30B9102B34B2BBA9B2B1BA34B7B722B73224B21F129014129E2E20B1AB30B9102B34B2BBA9B1B0B632902E33101112B9B7111F1294E0080A0C829CA6926662C400000000000002204000000000000022020D0305A88A9F643F27E32B9969C2960E81F87FA0718D4DE3E87E32B9969C2960E85F9E5129FC49EA5FA7E
340
11
340
0
340
0
340
16
340
16
340
11
 94
        0
  0
ACAD_PROXY_OBJECT
  5
F5
102
{ACAD_REACTORS
330
EF
102
}
330
EF
100
AcDbProxyObject
 90
      499
 91
      506
 93
      444
310
42CC9915DA5C99599C985B59504902404333333333333E33F0000000000000F90107901411070040501600405405064090741402480A0340
1001
ACAD
1000
AcDbSavedByObjectVersion
1070
     0
  0
ACAD_PROXY_OBJECT
  5
F4
102
{ACAD_REACTORS
330
EF
102
}
330
EF
100
AcDbProxyObject
 90
      499
 91
      506
 93
      388
310
4150985CDA58D07406404333333333333E33F0000000000000F90107A41107004050150841D405064090741402480A0350
1001
ACAD
1000
AcDbSavedByObjectVersion
1070
     0
  0
ACAD_PROXY_OBJECT
  5
FB
102
{ACAD_REACTORS
330
EF
102
}
330
EF
100
AcDbProxyObject
 90
      499
 91
      506
 93
      436
310
42109C9A59DA1D195B90C40902404333333333333E33F0000000000000F9010790141107004050150841D405064090741402480A029950
1001
ACAD
1000
AcDbSavedByObjectVersion
1070
     0
  0
ACAD_PROXY_OBJECT
  5
FF
102
{ACAD_REACTORS
330
EF
102
}
330
EF
100
AcDbProxyObject
 90
      499
 91
      506
 93
      452
310
42D0DBDB1BDC90DA185B99D95104090240C333333333333E33F0000000000000F90108901411070040501508421405064090741402480A0350
1001
ACAD
1000
AcDbSavedByObjectVersion
1070
     0
  0
ACAD_PROXY_OBJECT
  5
F8
102
{ACAD_REACTORS
330
EF
102
}
330
EF
100
AcDbProxyObject
 90
      499
 91
      506
 93
      508
310
4290DBDB98D95C1D1D585B10940D02404333333333333E33F0000000000000F90107902409070040501000000000000111010841D405064090740C02480A0340
1001
ACAD
1000
AcDbSavedByObjectVersion
1070
     0
  0
ACAD_PROXY_OBJECT
  5
FA
102
{ACAD_REACTORS
330
EF
102
}
330
EF
100
AcDbProxyObject
 90
      499
 91
      506
 93
      420
310
40D11A5B50B40902404333333333333E33F0000000000000F9010790141107004050150841D405064090741402480A02677FFFFFD0
1001
ACAD
1000
AcDbSavedByObjectVersion
1070
     0
  0
ACAD_PROXY_OBJECT
  5
1E6
102
{ACAD_REACTORS
330
EF
102
}
330
EF
100
AcDbProxyObject
 90
      499
 91
      506
 93
      452
310
43115919D950DBDB1BDC93D999916409028333333333333E33F0000000000000F9010790141107004050150841D405064090741402480A0350
1001
ACAD
1000
AcDbSavedByObjectVersion
1070
     0
  0
ACAD_PROXY_OBJECT
  5
FE
102
{ACAD_REACTORS
330
EF
102
}
330
EF
100
AcDbProxyObject
 90
      499
 91
      506
 93
      452
310
42D19858D95C185D1D195C9B90F40902404333333333333E33F0000000000000F9010790141107004050150841D405064090741402480A0350
1001
ACAD
1000
AcDbSavedByObjectVersion
1070
     0
  0
ACAD_PROXY_OBJECT
  5
F0
102
{ACAD_REACTORS
330
EF
102
}
330
EF
100
AcDbProxyObject
 90
      499
 91
      506
 93
      380
310
41119B185D240901404333333333333E33F0000000000000F9010740A907004050150841D405064090741402480A1B50
1001
ACAD
1000
AcDbSavedByObjectVersion
1070
     0
  0
ACAD_PROXY_OBJECT
  5
F1
102
{ACAD_REACTORS
330
EF
102
}
330
EF
100
AcDbProxyObject
 90
      499
 91
      506
 93
      468
310
43519B185D15DA5D1A115919D95CD0140901404333333333333E33F0000000000000F90107409019070040501600405405064090741402480A1B50
1001
ACAD
1000
AcDbSavedByObjectVersion
1070
     0
  0
ACAD_PROXY_OBJECT
  5
F2
102
{ACAD_REACTORS
330
EF
102
}
330
EF
100
AcDbProxyObject
 90
      499
 91
      506
 93
      404
310
41D1DBDD5C985D5910240902404333333333333E33F0000000000000F9010740A9070040501641D405064090741402480A1B50
1001
ACAD
1000
AcDbSavedByObjectVersion
1070
     0
  0
ACAD_PROXY_OBJECT
  5
F3
102
{ACAD_REACTORS
330
EF
102
}
330
EF
100
AcDbProxyObject
 90
      499
 91
      506
 93
      492
310
4411DBDD5C985D5915DA5D1A115919D95CD0340902404333333333333E33F0000000000000F90107409019070040501600405405064090741402480A1B50
1001
ACAD
1000
AcDbSavedByObjectVersion
1070
     0
  0
ACAD_PROXY_OBJECT
  5
F7
102
{ACAD_REACTORS
330
EF
102
}
330
EF
100
AcDbProxyObject
 90
      499
 91
      506
 93
      476
310
41921A5919195B90640502408333333333333E33F0000000000000F901079024090700405020000000000001110200405405064090740C02480A0340
1001
ACAD
1000
AcDbSavedByObjectVersion
1070
     0
  0
ACAD_PROXY_OBJECT
  5
1E4
102
{ACAD_REACTORS
330
EF
102
}
330
EF
100
AcDbProxyObject
 90
      499
 91
      506
 93
      428
310
42529A5D1D195C93D999914409028333333333333E33F0000000000000F9010790141107004050150A41D405064090741402480A0350
1001
ACAD
1000
AcDbSavedByObjectVersion
1070
     0
  0
ACAD_PROXY_OBJECT
  5
FD
102
{ACAD_REACTORS
330
EF
102
}
330
EF
100
AcDbProxyObject
 90
      499
 91
      506
 93
      452
310
42D31A5B995C185D1D195C9B90E40902404333333333333E33F0000000000000F9010790141107004050750841D405064090741402483A0350
1001
ACAD
1000
AcDbSavedByObjectVersion
1070
     0
  0
ACAD_PROXY_OBJECT
  5
1E5
102
{ACAD_REACTORS
330
EF
102
}
330
EF
100
AcDbProxyObject
 90
      499
 91
      506
 93
      444
310
42D3DD995C9A185B99D3D999915409028333333333333E33F0000000000000F9010790141107004050150941D405064090741402480A0350
1001
ACAD
1000
AcDbSavedByObjectVersion
1070
     0
  0
ACAD_PROXY_OBJECT
  5
F9
102
{ACAD_REACTORS
330
EF
102
}
330
EF
100
AcDbProxyObject
 90
      499
 91
      506
 93
      428
310
425499585B1A5CDD1A58D08409038333333333333E33F0000000000000F9010740A907004050150800405405064090740C02480A1B40
1001
ACAD
1000
AcDbSavedByObjectVersion
1070
     0
  0
ACAD_PROXY_OBJECT
  5
1F3
102
{ACAD_REACTORS
330
EF
102
}
330
EF
100
AcDbProxyObject
 90
      499
 91
      506
 93
      420
310
4194DA1859195911B40902404333333333333E33F0000000000000F9010740A41107004050150800405405064090840C02480A0B40
1001
ACAD
1000
AcDbSavedByObjectVersion
1070
     0
  0
ACAD_PROXY_OBJECT
  5
1F2
102
{ACAD_REACTORS
330
EF
102
}
330
EF
100
AcDbProxyObject
 90
      499
 91
      506
 93
      516
310
4454DA18591959081DDA5D1A08195919D95CD1A40902404333333333333E33F0000000000000F901074090140907004050250800405405064090740C02480A0B40
1001
ACAD
1000
AcDbSavedByObjectVersion
1070
     0
  0
ACAD_PROXY_OBJECT
  5
1EF
102
{ACAD_REACTORS
330
EF
102
}
330
EF
100
AcDbProxyObject
 90
      499
 91
      506
 93
      532
310
4394DA1859195CC81BD98811DC985E5174090240C333333333333E33F0000000000000F901079024090741D01000000000000111010841D405064090740C02480A0340
1001
ACAD
1000
AcDbSavedByObjectVersion
1070
     0
  0
ACAD_PROXY_OBJECT
  5
1F0
102
{ACAD_REACTORS
330
EF
102
}
330
EF
100
AcDbProxyObject
 90
      499
 91
      506
 93
      476
310
41D4DAD95D18DA1E51840502408333333333333E33F0000000000000F901079024090741D01000000000000111010B41D405064090741802480A0340
1001
ACAD
1000
AcDbSavedByObjectVersion
1070
     0
  0
ACAD_PROXY_OBJECT
  5
FC
102
{ACAD_REACTORS
330
EF
102
}
330
EF
100
AcDbProxyObject
 90
      499
 91
      506
 93
      420
310
41D51A1A58DAD95B90D40902404333333333333E33F0000000000000F9010790141107004050150C41D405064090741402480A0350
1001
ACAD
1000
AcDbSavedByObjectVersion
1070
     0
  0
ACAD_PROXY_OBJECT
  5
F6
102
{ACAD_REACTORS
330
EF
102
}
330
EF
100
AcDbProxyObject
 90
      499
 91
      506
 93
      420
310
4255DA5C99599C985B595059028333333333333E33F0000000000000F90107901411070040501600405405064090740C02480A0340
1001
ACAD
1000
AcDbSavedByObjectVersion
1070
     0
  0
ACAD_PROXY_OBJECT
  5
1F1
102
{ACAD_REACTORS
330
EF
102
}
330
EF
100
AcDbProxyObject
 90
      499
 91
      506
 93
      404
310
41560B54985E51940902404000000000000E03F0000000000000F9010740501907004050150841D405064090740C02480A1B40
1001
ACAD
1000
AcDbSavedByObjectVersion
1070
     0
  0
XRECORD
  5
9A8
102
{ACAD_REACTORS
330
99E
102
}
330
99E
100
AcDbXrecord
340
0
  0
XRECORD
  5
9A7
102
{ACAD_REACTORS
330
99E
102
}
330
99E
100
AcDbXrecord
 90
        0
  0
XRECORD
  5
9C1
102
{ACAD_REACTORS
330
99E
102
}
330
99E
100
AcDbXrecord
340
6B
  0
XRECORD
  5
9BE
102
{ACAD_REACTORS
330
99E
102
}
330
99E
100
AcDbXrecord
1000
DSTYLE
1002
{
1070
   340
340
11
1002
}
  0
XRECORD
  5
9A9
102
{ACAD_REACTORS
330
99E
102
}
330
99E
100
AcDbXrecord
  1
{A0068C0D-A5BD-AD4E-B409-C53599346C82}
  0
XRECORD
  5
9A1
102
{ACAD_REACTORS
330
99E
102
}
330
99E
100
AcDbXrecord
  1

  0
XRECORD
  5
9A6
102
{ACAD_REACTORS
330
99E
102
}
330
99E
100
AcDbXrecord
 90
        4
  0
XRECORD
  5
9A3
102
{ACAD_REACTORS
330
99E
102
}
330
99E
100
AcDbXrecord
340
1A
  0
XRECORD
  5
9A5
102
{ACAD_REACTORS
330
99E
102
}
330
99E
100
AcDbXrecord
 90
    10781
  0
XRECORD
  5
9C2
102
{ACAD_REACTORS
330
99E
102
}
330
99E
100
AcDbXrecord
340
6A
  0
XRECORD
  5
9A4
102
{ACAD_REACTORS
330
99E
102
}
330
99E
100
AcDbXrecord
340
19
  0
XRECORD
  5
9AB
102
{ACAD_REACTORS
330
99E
102
}
330
99E
100
AcDbXrecord
 40
0.0
  0
XRECORD
  5
9AE
102
{ACAD_REACTORS
330
99E
102
}
330
99E
100
AcDbXrecord
340
0
  0
XRECORD
  5
9B4
102
{ACAD_REACTORS
330
99E
102
}
330
99E
100
AcDbXrecord
 10
0.0
 20
0.0
 30
0.0
  0
XRECORD
  5
9B0
102
{ACAD_REACTORS
330
99E
102
}
330
99E
100
AcDbXrecord
 10
0.0
 20
0.0
 30
0.0
  0
XRECORD
  5
9B3
102
{ACAD_REACTORS
330
99E
102
}
330
99E
100
AcDbXrecord
 10
0.0
 20
0.0
 30
0.0
  0
XRECORD
  5
9B1
102
{ACAD_REACTORS
330
99E
102
}
330
99E
100
AcDbXrecord
 10
0.0
 20
0.0
 30
0.0
  0
XRECORD
  5
9B2
102
{ACAD_REACTORS
330
99E
102
}
330
99E
100
AcDbXrecord
 10
0.0
 20
0.0
 30
0.0
  0
XRECORD
  5
9AF
102
{ACAD_REACTORS
330
99E
102
}
330
99E
100
AcDbXrecord
 10
0.0
 20
0.0
 30
0.0
  0
XRECORD
  5
9AC
102
{ACAD_REACTORS
330
99E
102
}
330
99E
100
AcDbXrecord
340
0
  0
XRECORD
  5
9AD
102
{ACAD_REACTORS
330
99E
102
}
330
99E
100
AcDbXrecord
 70
     0
  0
XRECORD
  5
9A2
102
{ACAD_REACTORS
330
99E
102
}
330
99E
100
AcDbXrecord
  1

  0
XRECORD
  5
99F
102
{ACAD_REACTORS
330
99E
102
}
330
99E
100
AcDbXrecord
 90
        1
  0
XRECORD
  5
9A0
102
{ACAD_REACTORS
330
99E
102
}
330
99E
100
AcDbXrecord
 90
       70
  0
XRECORD
  5
9B7
102
{ACAD_REACTORS
330
99E
102
}
330
99E
100
AcDbXrecord
340
0
  0
XRECORD
  5
9BD
102
{ACAD_REACTORS
330
99E
102
}
330
99E
100
AcDbXrecord
 10
0.0
 20
0.0
 30
0.0
  0
XRECORD
  5
9B9
102
{ACAD_REACTORS
330
99E
102
}
330
99E
100
AcDbXrecord
 10
0.0
 20
0.0
 30
0.0
  0
XRECORD
  5
9BC
102
{ACAD_REACTORS
330
99E
102
}
330
99E
100
AcDbXrecord
 10
0.0
 20
0.0
 30
0.0
  0
XRECORD
  5
9BA
102
{ACAD_REACTORS
330
99E
102
}
330
99E
100
AcDbXrecord
 10
0.0
 20
0.0
 30
0.0
  0
XRECORD
  5
9BB
102
{ACAD_REACTORS
330
99E
102
}
330
99E
100
AcDbXrecord
 10
0.0
 20
0.0
 30
0.0
  0
XRECORD
  5
9B8
102
{ACAD_REACTORS
330
99E
102
}
330
99E
100
AcDbXrecord
 10
0.0
 20
0.0
 30
0.0
  0
XRECORD
  5
9B5
102
{ACAD_REACTORS
330
99E
102
}
330
99E
100
AcDbXrecord
340
0
  0
XRECORD
  5
9B6
102
{ACAD_REACTORS
330
99E
102
}
330
99E
100
AcDbXrecord
 70
     0
  0
XRECORD
  5
9AA
102
{ACAD_REACTORS
330
99E
102
}
330
99E
100
AcDbXrecord
  1
{6907468B-FF99-244C-8C26-1B306937F5F6}
  0
DICTIONARYVAR
  5
146
102
{ACAD_REACTORS
330
5E
102
}
330
5E
100
DictionaryVariables
280
     0
  1
1:1
  0
DICTIONARYVAR
  5
259
102
{ACAD_REACTORS
330
5E
102
}
330
5E
100
DictionaryVariables
280
     0
  1
3.500000
  0
DICTIONARYVAR
  5
25A
102
{ACAD_REACTORS
330
5E
102
}
330
5E
100
DictionaryVariables
280
     0
  1
acadiso.lin
  0
DICTIONARYVAR
  5
145
102
{ACAD_REACTORS
330
5E
102
}
330
5E
100
DictionaryVariables
280
     0
  1
Standard
  0
DICTIONARYVAR
  5
84
102
{ACAD_REACTORS
330
5E
102
}
330
5E
100
DictionaryVariables
280
     0
  1
Standard
  0
DICTIONARYVAR
  5
227
102
{ACAD_REACTORS
330
5E
102
}
330
5E
100
DictionaryVariables
280
     0
  1
Metric50
  0
DICTIONARYVAR
  5
228
102
{ACAD_REACTORS
330
5E
102
}
330
5E
100
DictionaryVariables
280
     0
  1
Metric50
  0
DICTIONARYVAR
  5
5F
102
{ACAD_REACTORS
330
5E
102
}
330
5E
100
DictionaryVariables
280
     0
  1
2
  0
DICTIONARYVAR
  5
63
102
{ACAD_REACTORS
330
5E
102
}
330
5E
100
DictionaryVariables
280
     0
  1
1
  0
DICTIONARYVAR
  5
1AE
102
{ACAD_REACTORS
330
5E
102
}
330
5E
100
DictionaryVariables
280
     0
  1
0
  0
DICTIONARYVAR
  5
1AF
102
{ACAD_REACTORS
330
5E
102
}
330
5E
100
DictionaryVariables
280
     0
  1
0
  0
DICTIONARYVAR
  5
9C6
102
{ACAD_REACTORS
330
5E
102
}
330
5E
100
DictionaryVariables
280
     0
  1
1
  0
DICTIONARYVAR
  5
9C0
102
{ACAD_REACTORS
330
5E
102
}
330
5E
100
DictionaryVariables
280
     0
  1
80.000000
  0
DICTIONARYVAR
  5
9BF
102
{ACAD_REACTORS
330
5E
102
}
330
5E
100
DictionaryVariables
280
     0
  1
5.000000
  0
DICTIONARY
  5
1F9
330
ED
100
AcDbDictionary
280
     1
  3
ACAD_XREC_ROUNDTRIP
360
9C7
  3
FBXASSET
360
1FA
  0
DICTIONARY
  5
1F7
330
EC
100
AcDbDictionary
280
     1
  3
ACAD_XREC_ROUNDTRIP
360
9C8
  3
FBXASSET
360
1F8
  0
DICTIONARY
  5
173
330
EE
100
AcDbDictionary
280
     1
  3
ACAD_XREC_ROUNDTRIP
360
9C9
  3
FBXASSET
360
1FB
  0
XRECORD
  5
9C7
102
{ACAD_REACTORS
330
1F9
102
}
330
1F9
100
AcDbXrecord
102
MATERIAL
148
0.0
149
0.0
149
0.0
 93
        0
 94
       63
282
     0
 72
     1
 77
     1
171
     1
175
     1
179
     1
273
     0
  0
XRECORD
  5
1FA
102
{ACAD_REACTORS
330
1F9
102
}
330
1F9
100
AcDbXrecord
 70
     1
 90
429727718
  1
D62C5603-E3A1-4AEA-B7FB-FE5D8D0755AF
310
504B03040A0000080000CC70623B3DEE336E79000000790000001B0000006175746F6465736B2D64657369676E2D7061636B6167652E786D6C3C3F786D6C2076657273696F6E3D22312E302220656E636F64696E673D227574662D3822203F3E3C666F726D6174733E3C666F726D61743E687474703A2F2F736368656D612E
310
6175746F6465736B2E636F6D2F64657369676E2D7061636B6167652F323030393C2F666F726D61743E3C2F666F726D6174733E504B0304140006080800CC70623BD486FD9CA0000000F4000000130000005B436F6E74656E745F54797065735D2E786D6C7D8EC10E82300C865F65E91D8A1E8C310C0EEA1BF002731658846E
310
D98AC1B77784ABF1D8FE5FBFBF75BBCE937A534CCEB38643598122B6FEE978D0B0485F9C41B54DDD7D022595594E1A469170414C76A4D9A4D207E29CF43ECE46F218070CC6BECC4078ACAA135ACF422C856C0E68EA1BF5669944DDD7BCDE7B1F8E415D77AECB980613C2E4AC91FC167A2B244592486606FC29C8FD7F045B9A
310
EF7053A7E60B504B0304140006080800CC70623B853B8169EB0000007C01000008000000636F72652E786D6C8D90416EC3201045AF62CDB6C206821CC7C244919D9CA01740401C94182C03558F5F9C3852BBEB6A467FFE9B197D7EFC9E1EC5975982F5AE035262288C535E5B377690E21535501C055FBC8FBF6C503839990E
310
5619041F179FE64D52DE45E362569DD7661365082642A11EB9E920A89B99642953CC8E702F67A9EE7234257977194EC9EAE275C4EABCCF5EAD5940D4AC6F0E35A568B8F43562CD7046CD199FD07E60174276A7BE677B5EADB0E0D14EEFFB6A31321A0D82627C4084204C3F096B71DD52F6819B16635EADF63F509AF53FA164
310
5DDCD1EDDD17164090FCC8732078B56691CB33A85CD7DCC40F504B0304140006080800CC70623B55019EA25F0000007C00000007000000636E782E786D6C4DCB3B0E80201045D1AD90E915ED2CF8AC45050C11660C8261F98AB1B07AC9C97D42D718D865D3E909258CFD00CCE24AC6E326A164D74DC0B4128928FF32603847
310
2BA13128B1252AC747C6BAB984FC68F0B87FE8960A5C09FE86CFB69FBA01504B0304140006080800CC70623BDBABAAF470010000D40300000C0000006662782F636F72652E786D6CC553D16E823014FD95A6AF4B694182CC941A83FA05FB810A9511A125A5257EFE2E82712ECEB8A7F100CD39F7F69E734AF9FADC366850B6
310
AF8DCE7018308C942E4C59EB2AC3DE1D498AD15A706B8CFB56869196ADCAF00863C12B6B7C374385D14E6907A836A59A41D9F7CA615434B0C8705F7CAA5606D23BA8E84F41278B93AC54100640439DE0BDB320004D43C63716C7C399D30917DCFBBA9CD9BA8469F5B156168B24CED3F7248AC8769F27244EB73B92EED8862C
310
B7F13E0C179B3C8F979C8ECD82BBBABDAA2BAC924E9558448CBD9330242CFA08E3154B5651FCC6D215639C8EE5774DBE2B5F6CF2B5768B68963BB5F5588420E442FC700B1139D4CB01F450C1E918227C2E09DF070D8140C84E1E9AAB8F1340832A9CB13130A5F1376A908D57309505ECF2A0DF179C4E9D30F5B239B87E3823
310
7A79C6F31DE1A8A5AEC08474B03C7837EAE4938639B44E5932B833D2C6B6B279CDC613877FA26EE21F4A2A4C63EC7F29A2F301D1F9F7A0E37D145F504B0304140006080800CC70623B9C113CC27E0000009D0000000B0000006662782F636E782E786D6C4DCCDF0A83201C86E15B91DFB94BFB330DD428C8FB886521330DA7
310
6397BF1A1DECE883878F57749FCDA1B7892F1BBC047A23808C7F84D9FA55424E0BE6803A256208E9EF06C84F9B91703228B1C690F78B66B34CD9A5439DF5CF0BFBF65E35BCA1B8D6A5C6F540381E886698B5741C695F9503EBA150A2F8958E3DC3EA0B504B0304140006080800CC70623B7DF2F77C2A010000120200003100
310
00006662782F41393633353835312D344632462D344230382D423046372D3739314545314133324237412F636F72652E786D6C8D51DB8EC22014FC15C2939B0D2DB4B45643319AE817EC0F6041255A68B86CFCFC856D4D76DF7CE190393373060EDB3DC707F856CE6B6B7A480A0C81328395DA5C7B18C3057510EC3873D686
310
3F34088C18550F330C39BB3A1BA7051AAC09CA84841A2BD5020AEF55806078A44B0FFD7053A328440C89E1EFC52486BBB8AA8214A99D789CF9E05200300FC927E4FB4D5B375D43103D5527440FB843077C5AA3F5861C8F645F5787F59E95B390B318B55CE45AA638FAA2957BD7248B390B7A7CC51F9C124149C82B8C378810
310
84AB2F42B7B8DD56F413775B8C5999E9FF4471926F8AA236A1AE96B8B3CC434E5839373893369E1FAF30EA395917409EB7F26AF8801C171837A4A6AC9C89E9F9C9B1A58BA30FD6A5EF5DDDCF894B9AD9B6A59C957943A9FCAE2FD5BC4DFE03504B0304140006080800CC70623BAD7543B64E01000033030000300000006662
310
782F41393633353835312D344632462D344230382D423046372D3739314545314133324237412F636E782E786D6CD593CD6EC32010845F0571AD6CE3D48AD20813A9873E410FBD12D82434182C7EAAE6EDBB2424CD25871E7B41D6EC30B3FA84F9E67BB2E40B4234DE8DB46F1925E094D7C6ED479AD3AE5951B2113C789FEE
310
6C943839C1488B4C05DF079FE72A69D8C96C13AAD6B8631503449F83828872B949AC57D26200B826A308D316B4064D6E46FCDA41C05550DC9E483A00797BFD207EFB092A45DE9514C1BBD22178396BD39D891265658C238DEA00936C654E5E433CB65A26D9F6EDB5EBC14EBF49A45CB856E66048291F6939A9A81BB5C89177
310
38143CA680F4AA299D66A042CEB3354A2684DC9D8D178FE0D9B8B41CAAD720F880EE7EF93C0C18769E099ECC04D5A102C8049A8A05632F4DDF376CF1DE0F6BB65C2F8627B65A33C6BB62177CEBBDAD973006829F89F22E814B54F4BC2BE347F8AA8F681390B50FA73F804400B5F542E796F19FF974E7F78DB802FE05E20750
310
4B0304140006080800CC70623BE75B7789680500003C100000340000006662782F41393633353835312D344632462D344230382D423046372D3739314545314133324237412F6F626A656374732E786D6CAD575B8F9B3818FD2B887D06C22499CB8AA1CA655245D5B455A356FB305264C061D8018C6C3393D95FBFC7600890
310
A4CD5EF210B0B1BFEBF98E3F7B1FF6596ABC522E1296DF9BAE3D320D9A872C4AF2F8DE2CE5CEBA358D0FBEC719939D65A691938CDE9B6ADAF4BD98B3B2D05311DD91329583D9D5FC0F438434A7A611A644887B5384CF34233629258BA878B12322891DEFF6B66BD70BFB62634E8AE781D082709A4B588AF91C528CDA28B73F
310
1C998EEF39EABBEFA97FBD6A7C7E9553F9D3D79FE442923C3C523610337627CB87ABE99D359D4CC6D6E4FACAB5E6ABF9D2726FC6A3C5F56271377BB88362213924694B38DD99FE47C48627A1E7D49F5A8BB5E1A74C0A599ED3B0F21F1E56366B89112D681E218F0915D0D6F17AD41FBA2A369DCF6335D62ABBD39779D5DDD1
310
11D4D8DE3CBB96B2E04FB8202E41051754A1AA8E8F76B4C6DFE810B580B1547F4B84911149794252234D024EF8BBE963A95AE27B3D310A9D5C215C7960FAEE415ED75694C6AFB17BCACA5D99A60A9AA65F217B0BFC53292ACB92BF283FAD0D3621576592CB5BED907C2FA8E9DF794E35E97BEA31BED21FEB401ABB94C44839
310
DCACBF0E1C5DA8DA5B2F4DFFD32AD86F543D9E565E7056502E157C00AD2671CD534549AB752FCA9CDA00677A313F04E51B22FF19E57B300579E3C97EB29F682D92935CEC18CF901B7B54FD8C51F362B56FC72FE0B3C1EAE335EDCCBF5AEC39ADB17DC238973F804BA5E6F6BFE7AF1FB32E523BE9F3BD571418E3631DCA4D48
310
5250CF639223210A9446CA30052EDF057BD35F8329C1ECD84552BF0DC8D18BE7BCE23BFE6BD960AB4A7DE79923A103BEBD80F911CBAA2C60DB19B01CF164A5583B772EE6D3FFA56666CBCDA74DC97724A48F9A58967497E489C4D979006FD7A05E227A1EBDD0F737C623387A9C844D3709995625106D157315F8B8392CD4E0
310
A0B9A720C4BE9829CEF37EA1E13111214D53925356365ADA634861B52519DD27A00AEB808EAF0628E6F435519D446F45CF2C9CF5214F0A15B2F6D06B79DA3EE3CBF7F56780D2F4E7EF73A0F5E5B02A38D07DC852C6B7C1FBB6664213E0C39E3EBA7FF4E1AD23EA2829407C85E586727488B751B2DB9502BC7B228A3FD68B6E
310
A65A22397E690AA8D158D7E404EC8CDA235CC3B7D1898680131CEC2CDF2638C65196279577750F15884AEE19F94199155B92B13297978469D4F8D358DF0AEF7631E28DC8F0D9F437D5D39A83B2231A1D52D543813A824EF8D44BCFF2FA6A31BD1E8DAD87F1CCB526B3879935BF59CDADD5C37479BB1CDD4CA7B3556B516589
310
EF352754B706114D9C885EC9131DE6EFEB43D99AFE2391C2F958179413D7CFEF6B1B6DB1E7600F00DE6E5C67454A339A4BA2E0FBA85ED26F045D454F463DBFCE484C2F90F2E5E3666003662ED8F755951A7D1BECD5B30B550B2785C8E7320B7292A4838DDA71BBC863ED7613CAF659337A3354231D4FF4A182A54904C2898C
310
98B28C4AD0CE056CCF332A80986E571EE9DBC305BB5FEB7E509220A58D25CF042D712A806AC0AD0C657FDEF80D2D9CEAA2EE4D1C76F60BFE74219A06527D6F82DF6412526107381E55E353090704D085B52408A8913C4ED159D79BDA71BB4BC506F4831350EB6F975CD22D69BF7AC49B91A2C0A9DDA3D5CA36AD20FC478E37
310
E61844E2352865EBCB61A275A65283CAAA9DD27703B4102F5AF51EF5F573B75CBB5AD38BC845F7A49F82A0966A49C2E3EA5EA0ECD326CD965F1DB402C6FA8B51A4658C5C5E2EC9E214602E55810345408596591009A82E7E7FFACA19EEA299B14A0081A705CB3296EBC14CDF658DCD336EA6D1136881AAEB87B81AB9EE53D5
310
F5EB8BC8362082DA24122F98680A4E7930C01A0079749CEA14382A0783E5EBA5A10F8C098456A03D6A4AEB6BB881E2513747552A5DB22C7EDAF83BD5528081A365F7FF06504B0304140006080000CC70623B000000000000000000000000350000006662782F41393633353835312D344632462D344230382D423046372D37
310
39314545314133324237412F76657274696365732E62696E504B0304140006080800CC70623BF270F1330600000004000000360000006662782F41393633353835312D344632462D344230382D423046372D3739314545314133324237412F747269616E676C65732E62696E636660600000504B0304140006080000CC7062
310
3B000000000000000000000000370000006662782F41393633353835312D344632462D344230382D423046372D3739314545314133324237412F617474726962757465732E62696E504B0304140006080800CC70623B08DA0BD19000000041010000360000006662782F41393633353835312D344632462D344230382D4230
310
46372D3739314545314133324237412F6469726563746F72792E786D6C858F410AC3201045AF22B36F53E9A60B35CBEEBAE80D244E44489C6234F4F835464A48035D0DF398FF9F8AF63D0E6CC63039F212F8F9020C7D47C6792B21C5FE7403D62A1188E2E60C98D7234A5830286103A55745067B9D86B8A3CF9C7F90C11DE6
310
07FB144396D7B6A82D282E9A152AD114D5EF2CB866EEE831B8EEA07A7BB5A8D7D61A2BAAEB7FD5F70921FF497D00504B0304140006080800CC70623BEDD1DC58FD000000A00100003B0000006662782F41393633353835312D344632462D344230382D423046372D3739314545314133324237412F7265736F75726365732F
310
636F72652E786D6C8D504B6E833010BD0A9A6D65B00922041947112427E8052C33A156828DFCA97AFC9A40A576D7CDCCE87D344F8F9FBFE667F689CE6B6B3A6039850C8DB2A336530731DC4903D95970676DF82583CCC8193B5861107C72362E3BA4AC096842428D1D7107A5F7182053CF7474E0D507CE32973124857FE48B
310
540F3961CEF244279DE03EB81420DB9EAC1384436FA353E879B1B182C7A8C75DA3C7F453DF353A1075D537A7BA6464B8F535A99AE14A9A2BBD90E350DD183B5CFABE3AF262350B1EF4FC9351399401471025A527C218A1E53BAB5A5AB765F5469B96525EACF23FA6B88CFF34456DC2A1DCE36E360F82A5202F42F062ED2BAD
310
579969AFDD8A6F504B010214000A0000080000CC70623B3DEE336E79000000790000001B00000000000000000000000000000000006175746F6465736B2D64657369676E2D7061636B6167652E786D6C504B01021400140006080800CC70623BD486FD9CA0000000F40000001300000000000000000000000000B20000005B
310
436F6E74656E745F54797065735D2E786D6C504B01021400140006080800CC70623B853B8169EB0000007C010000080000000000000000000000000083010000636F72652E786D6C504B01021400140006080800CC70623B55019EA25F0000007C000000070000000000000000000000000094020000636E782E786D6C504B
310
01021400140006080800CC70623BDBABAAF470010000D40300000C00000000000000000000000000180300006662782F636F72652E786D6C504B01021400140006080800CC70623B9C113CC27E0000009D0000000B00000000000000000000000000B20400006662782F636E782E786D6C504B01021400140006080800CC70
310
623B7DF2F77C2A010000120200003100000000000000000000000000590500006662782F41393633353835312D344632462D344230382D423046372D3739314545314133324237412F636F72652E786D6C504B01021400140006080800CC70623BAD7543B64E010000330300003000000000000000000000000000D2060000
310
6662782F41393633353835312D344632462D344230382D423046372D3739314545314133324237412F636E782E786D6C504B01021400140006080800CC70623BE75B7789680500003C10000034000000000000000000000000006E0800006662782F41393633353835312D344632462D344230382D423046372D3739314545
310
314133324237412F6F626A656374732E786D6C504B01021400140006080000CC70623B0000000000000000000000003500000000000000000000000000280E00006662782F41393633353835312D344632462D344230382D423046372D3739314545314133324237412F76657274696365732E62696E504B01021400140006
310
080800CC70623BF270F133060000000400000036000000000000000000000000007B0E00006662782F41393633353835312D344632462D344230382D423046372D3739314545314133324237412F747269616E676C65732E62696E504B01021400140006080000CC70623B0000000000000000000000003700000000000000
310
000000000000D50E00006662782F41393633353835312D344632462D344230382D423046372D3739314545314133324237412F617474726962757465732E62696E504B01021400140006080800CC70623B08DA0BD1900000004101000036000000000000000000000000002A0F00006662782F41393633353835312D344632
310
462D344230382D423046372D3739314545314133324237412F6469726563746F72792E786D6C504B01021400140006080800CC70623BEDD1DC58FD000000A00100003B000000000000000000000000000E1000006662782F41393633353835312D344632462D344230382D423046372D3739314545314133324237412F7265
310
736F75726365732F636F72652E786D6C504B0506000000000E000E0080040000641100000000
  0
XRECORD
  5
9C8
102
{ACAD_REACTORS
330
1F7
102
}
330
1F7
100
AcDbXrecord
102
MATERIAL
148
0.0
149
0.0
149
0.0
 93
        0
 94
       63
282
     0
 72
     1
 77
     1
171
     1
175
     1
179
     1
273
     0
  0
XRECORD
  5
1F8
102
{ACAD_REACTORS
330
1F7
102
}
330
1F7
100
AcDbXrecord
 70
     1
 90
429727718
  1
30362254-06B7-45E0-A893-8CFA70E3D6BC
310
504B03040A0000080000CC70623B3DEE336E79000000790000001B0000006175746F6465736B2D64657369676E2D7061636B6167652E786D6C3C3F786D6C2076657273696F6E3D22312E302220656E636F64696E673D227574662D3822203F3E3C666F726D6174733E3C666F726D61743E687474703A2F2F736368656D612E
310
6175746F6465736B2E636F6D2F64657369676E2D7061636B6167652F323030393C2F666F726D61743E3C2F666F726D6174733E504B0304140006080800CC70623BD486FD9CA0000000F4000000130000005B436F6E74656E745F54797065735D2E786D6C7D8EC10E82300C865F65E91D8A1E8C310C0EEA1BF002731658846E
310
D98AC1B77784ABF1D8FE5FBFBF75BBCE937A534CCEB38643598122B6FEE978D0B0485F9C41B54DDD7D022595594E1A469170414C76A4D9A4D207E29CF43ECE46F218070CC6BECC4078ACAA135ACF422C856C0E68EA1BF5669944DDD7BCDE7B1F8E415D77AECB980613C2E4AC91FC167A2B244592486606FC29C8FD7F045B9A
310
EF7053A7E60B504B0304140006080800CC70623B1EC5D7A3EB0000007C01000008000000636F72652E786D6C8D90416EC3201045AF82665B6103C6756C6122AB4D4ED00B204C5C94182C03558F5F9C3852BBEB6A467FFE9B197D71FC9E6FE8CBACC17AD7032D0820E3B41FAD9B7A48F1820F808E52ACDEC75F36404ECDA687
310
4D0629A6D5A76597B477D1B89855E747B38B2A041301E95B6E7A08FAD3CCAA50296647B8168BD2573599823EBB0CA76447F43862C7BCCF5EAC59410E4DDD9C7973C2755553CCCFA4C603E3040F1565ED3B1FDE4E432BCA0D9622DAF9795FAF464533826484B498524CD807E51D79ED187F21878E10516EF63F505AC67F42C9
310
BA58B1FDDD071640D2FCC87D2045B96591CB3DA85CB7DCE40F504B0304140006080800CC70623B55019EA25F0000007C00000007000000636E782E786D6C4DCB3B0E80201045D1AD90E915ED2CF8AC45050C11660C8261F98AB1B07AC9C97D42D718D865D3E909258CFD00CCE24AC6E326A164D74DC0B4128928FF32603847
310
2BA13128B1252AC747C6BAB984FC68F0B87FE8960A5C09FE86CFB69FBA01504B0304140006080800CC70623B8C9102E971010000D40300000C0000006662782F636F72652E786D6CC5535B6E833010BC8AE5DF0A6C08340F1947A84D4ED00B38C6A128602363A31CBFCB234A53A551FA553EC09AD9F5CE8C31DB9E9B1AF5CA
310
7695D1198E428A91D2D214952E33ECDD315861B4E5CC1AE3BE9561A445A3323CC098B3D21ADFCE9034DA29ED00D5A6503328BA4E398C640D8B0C77F253352214DE4145770A5B214FA2546114020D759C75CE8200340D19DE981F0F6746269C33EFAB6266AB02A655C74A59CCF365BADC27CB5D902ED22848F6340DF238A141
310
BE88E2F57B92BFEDF23523433367AE6A2EEAA455C2A902F398D2751045018D3FA264435F3771F242571B4A1919CA6F9A7C5B3CD9E42BED16F12C776AEB308F40C848FC700B1139D4891EF410CEC810227CC6846F8386402064270EF5C5C709A05E49676C024C61FC95EA45ED154CA5211D1FF4FB8291A913A68E9B83EBBB33
310
E2A7673CDE118E5AE8124C0807CB8377834E366998436B950D7A7746DAD846D4CFD978E0F04FD455FC5D49D2D4C6FE9722321F10997F0F32DC47FE05504B0304140006080800CC70623BFFEA85907E0000009D0000000B0000006662782F636E782E786D6C4DCCD10A83201886E15B91FFDC95D95A811AB6F23E625948A6C3
310
E9D8E5AF46073BFAE0E1E365ED67B3E8ADC3CB78C7815C7240DA3DFC64DCC221C519D7805AC182F7F1EF06C88D9BE6703008B6049F9E274D7A1E938DBB5AE3D6131B2589BA0D3D965551E0B2EA732C9B9A624AAEB41E3A557677029960D9AFB4EF11165F504B0304140006080800CC70623B4FEEA4082C0100001202000031
310
0000006662782F39464131463745442D413632322D343644302D413938332D3331353338454246344243312F636F72652E786D6C8D515B6EC32010BC0AE2AB55850DD871ED0813254D72825EC00192A2C460F1A872FC42ED48ED5F7E00CDCECCCEB26C731F6FE05B39AFADE921293004CA082BB5B9F43086336A21D870E6AC
310
0D7F68109861543DCC30E4ECE26C9C164858139409093556AA051CBC570102714B8F1E7AF1A5C6A11862480C7F2DA6415C878B2A4891CA89C7990F2E050073937C42DE1DB7E4F87ED8A36D4329AA9B3D46DBAEAD504556557BD81DEBDD0761E52CE42C462D17B996298E3E6BE59E35C962CE821E1FF18553435012728A7187
310
0841987E927A8D9B35ADDF70BBC6989599FE4F1427F9A4286A132ABAC49D651EF234CD5CE04CDA78BA3DC2A8FB645D00B9DF8B57E215725C60BCA2A463E54C4CE327C7A65E1C7DB02E7DEFCBF594B864C5CA6CDBD49C957943E9FA5D5FBAF336F90F504B0304140006080800CC70623BAD7543B64E01000033030000300000
310
006662782F39464131463745442D413632322D343644302D413938332D3331353338454246344243312F636E782E786D6CD593CD6EC32010845F0571AD6CE3D48AD20813A9873E410FBD12D82434182C7EAAE6EDBB2424CD25871E7B41D6EC30B3FA84F9E67BB2E40B4234DE8DB46F1925E094D7C6ED479AD3AE5951B2113C
310
789FEE6C943839C1488B4C05DF079FE72A69D8C96C13AAD6B8631503449F83828872B949AC57D26200B826A308D316B4064D6E46FCDA41C05550DC9E483A00797BFD207EFB092A45DE9514C1BBD22178396BD39D891265658C238DEA00936C654E5E433CB65A26D9F6EDB5EBC14EBF49A45CB856E66048291F6939A9A81BB5
310
C8917738143CA680F4AA299D66A042CEB3354A2684DC9D8D178FE0D9B8B41CAAD720F880EE7EF93C0C18769E099ECC04D5A102C8049A8A05632F4DDF376CF1DE0F6BB65C2F8627B65A33C6BB62177CEBBDAD973006829F89F22E814B54F4BC2BE347F8AA8F681390B50FA73F804400B5F542E796F19FF974E7F78DB802FE05
310
E207504B0304140006080800CC70623B16AB87BA640500003C100000340000006662782F39464131463745442D413632322D343644302D413938332D3331353338454246344243312F6F626A656374732E786D6CAD575B6FA33818FD2B887DE6924B3BED8A326A92B68A663B534DD4D13E548A0C38942D60649B369D5FBFC7
310
600890A493BDE42160637FD7F31D7FF63E6FB3D478A55C242CBF3247B66B1A340F5994E4F19559CA8D75611A9F7D8F33263BCB4C232719BD32D5B4E97B316765A1A722BA21652A07B3B7B33F0D11D29C9A46981221AE4C113ED38CD8A4942CA2E2C58E882476BCD9DA23BB5ED8171B73523C0F841684D35CC252CCE79062D4
310
468DFA43D7747CCF51DF7D4FFDEB5593E3AB9CCA9FBEFE241792E4E19EB28198C968BAB8199F5D5A67D3E9C49A9E8F47D6EC76B6B0469F26EEFC7C3EBFBCBEB98462213924694B38DD98FE1D62C393D073EA4FADC5DAF04326852CCF6958F90F0F2B9BB5C48816348F90C7840A68EB78EDF68723159BCEE7891A6B95DDE9D3
310
BCEAEEE8086A6C6F9E5D4B59F0175C10A7A0820BAA5055C7473B5AE3CFDD452D602CD5DF12616444529E90D448938013FE6EFA58AA96F85E4F8C42275708571E98FE6827AF6B2B4AE3D7D83D64E5A64C53054DD3AF90BD06FEA9149565C94FCA0F6B834DC85599E4F2423B24DF0B6AFA979E534DFA9E7A4CC6FA631D486393
310
921829879BF5D781A373557BCB85E97FB90DB62B558F8795179C15944B051F40AB495CF35451D26A4727654E6D8033BD98EF82F21D91FF8AF2DD9982BCF1643BDD4EB516C9492E368C67C88DED563FC36D5EACF66DFF057C3658BDBFA69DF9578B3DA735B64F18C7F20770A9D45CFCF7FCF563D6456A277DBEF78A02637CA2
310
43B90A490AEAB94F72244481D24819A6C0E59B606BFA4B3025981DBB48EAB701D97BF19C577CC77F2D1B6C55A9EF3C732474C0B727303F625995056C3B02963D9EAC146BE78EC5FCEC7FA999EBC5EACBAAE41B12D27B4D2C0BBA49F244E2ECDC81B76B502F113D8F5EE8FB1BE3111CDD4FC2AA9B844CAB1288B68AB90A7CDC
310
1C166AB0D3DC5310625FCC14E779BFD0709F8890A629C9292B1B2DED31A4B0DA928CEE135085754027E3018A397D4D5427D15BD1330B677DC8934285AC3DF45A9EB68FF8F2B8FC0A509AFEECFD0FF2DE25CC6047F7214B195F07EFEB9A094D800F7BFAE8FED187B78EA8A3A400F115961BCAD1215E47C966530AF0EE8128FE
310
58CEBB996A8964FFA529A046635D9353B0336A8F700DDF46271A024E70B0B37C9DE01847591E54DED53D54202AB947E4076556AC49C6CA5C9E1226B7F1A7B1BE15DEED62C41B91E1B3E9AFAAA735036547343A925075041DF0A9979E893B391F8FCFA6967B3EFB644DCF6E5CEBFAE272625DCC6FAF3FB93793C5F90CE1EF57
310
407342756B10D1C489E8953CD1617E5CEECAD6F4EF8914CE5D5D504E5C3F1F9736DA62CFC11E00BCDDB8CC8A9466349744C1F75EBDA4DF09BA8A9E8C7A7E9991989E20E5DBDD6A6003664ED8F7A04A8DBE0DF6EAD9B9AA858342E47399053949D2C146EDB85DE4B176BB0965FBAC19BD19AA918E27FA50C1D22402E144464C
310
59462568E704B6E71915404CB72B8FF4EDE184DDAF753F284990D2C6926782963815403548A70C657FDEF80D2D9CEAA2AE4C1C76F60BFE74219A06527D6582DF6412526107381E55E353090704D085B52408D0933C4ED159D79BDA71BB4BC506F4831350EB6F979CD22D69BF7AC49B91A2C0A9DDA3D5CA36AD20FC478E37E6
310
1844E2352865EBCB6EA275A652E3836BE04EFB400BF1A2556F515F1FBB35B2AB35BD889C744FFA1004B5544B121E57F70215746DD2F5E2C1412B602CBF19455AC6C8E5E9922C4E01E65215385004546899059180EAFCF7A707CE7017CD8CDB0410789AB32C63B91E5CEBBBACB17AC6CD347A022D5075FD106377347AAABA7E
310
7D11590744509B44E205134DC1290F06580320F78E537D3D73540E06CB970B431F185308AD40BBD794D6D77003C5A36E8EAA54BA64597CD8F83BD552A080A365F7FF06504B0304140006080000CC70623B000000000000000000000000350000006662782F39464131463745442D413632322D343644302D413938332D3331
310
353338454246344243312F76657274696365732E62696E504B0304140006080800CC70623BF270F1330600000004000000360000006662782F39464131463745442D413632322D343644302D413938332D3331353338454246344243312F747269616E676C65732E62696E636660600000504B0304140006080000CC70623B
310
000000000000000000000000370000006662782F39464131463745442D413632322D343644302D413938332D3331353338454246344243312F617474726962757465732E62696E504B0304140006080800CC70623B08DA0BD19000000041010000360000006662782F39464131463745442D413632322D343644302D413938
310
332D3331353338454246344243312F6469726563746F72792E786D6C858F410AC3201045AF22B36F53E9A60B35CBEEBAE80D244E44489C6234F4F835464A48035D0DF398FF9F8AF63D0E6CC63039F212F8F9020C7D47C6792B21C5FE7403D62A1188E2E60C98D7234A5830286103A55745067B9D86B8A3CF9C7F90C11DE607
310
FB144396D7B6A82D282E9A152AD114D5EF2CB866EEE831B8EEA07A7BB5A8D7D61A2BAAEB7FD5F70921FF497D00504B0304140006080800CC70623B0D6EF93BFE000000A00100003B0000006662782F39464131463745442D413632322D343644302D413938332D3331353338454246344243312F7265736F75726365732F63
310
6F72652E786D6C8D50596E833010BD0A9ADFCA60B334011947A8694ED00B586642AC041B79A97AFC9A40A5F6AF3F33A3B7689E1E3F7DCD8FEC139DD7D6F4C0720A191A65476DA61E62B892236427C19DB5E1970C322367EC618541F0C9D9B8EC90B226A009093576C41D94DE63804C3DD2D18357379C652E63480A7FCF17A9
310
EE72C29CE5894E3AC17D702940B63D59270887DE46A7D0F36263058F518FBB468FE9A7BE6A7420864373B8D4873369AA8691FA421B3294352543C5CAF65C0F6FEF43CB8BD52C78D0F34F46E550061C419494B6843142CB0F5677F4B52BEB177AEC28E5C52AFF638ACBF84F53D42654E51E77B379102C05791282176B5F693D
310
CB4C7BED567C03504B010214000A0000080000CC70623B3DEE336E79000000790000001B00000000000000000000000000000000006175746F6465736B2D64657369676E2D7061636B6167652E786D6C504B01021400140006080800CC70623BD486FD9CA0000000F40000001300000000000000000000000000B20000005B
310
436F6E74656E745F54797065735D2E786D6C504B01021400140006080800CC70623B1EC5D7A3EB0000007C010000080000000000000000000000000083010000636F72652E786D6C504B01021400140006080800CC70623B55019EA25F0000007C000000070000000000000000000000000094020000636E782E786D6C504B
310
01021400140006080800CC70623B8C9102E971010000D40300000C00000000000000000000000000180300006662782F636F72652E786D6C504B01021400140006080800CC70623BFFEA85907E0000009D0000000B00000000000000000000000000B30400006662782F636E782E786D6C504B01021400140006080800CC70
310
623B4FEEA4082C0100001202000031000000000000000000000000005A0500006662782F39464131463745442D413632322D343644302D413938332D3331353338454246344243312F636F72652E786D6C504B01021400140006080800CC70623BAD7543B64E010000330300003000000000000000000000000000D5060000
310
6662782F39464131463745442D413632322D343644302D413938332D3331353338454246344243312F636E782E786D6C504B01021400140006080800CC70623B16AB87BA640500003C1000003400000000000000000000000000710800006662782F39464131463745442D413632322D343644302D413938332D3331353338
310
454246344243312F6F626A656374732E786D6C504B01021400140006080000CC70623B0000000000000000000000003500000000000000000000000000270E00006662782F39464131463745442D413632322D343644302D413938332D3331353338454246344243312F76657274696365732E62696E504B01021400140006
310
080800CC70623BF270F133060000000400000036000000000000000000000000007A0E00006662782F39464131463745442D413632322D343644302D413938332D3331353338454246344243312F747269616E676C65732E62696E504B01021400140006080000CC70623B0000000000000000000000003700000000000000
310
000000000000D40E00006662782F39464131463745442D413632322D343644302D413938332D3331353338454246344243312F617474726962757465732E62696E504B01021400140006080800CC70623B08DA0BD190000000410100003600000000000000000000000000290F00006662782F39464131463745442D413632
310
322D343644302D413938332D3331353338454246344243312F6469726563746F72792E786D6C504B01021400140006080800CC70623B0D6EF93BFE000000A00100003B000000000000000000000000000D1000006662782F39464131463745442D413632322D343644302D413938332D3331353338454246344243312F7265
310
736F75726365732F636F72652E786D6C504B0506000000000E000E0080040000641100000000
  0
XRECORD
  5
9C9
102
{ACAD_REACTORS
330
173
102
}
330
173
100
AcDbXrecord
102
MATERIAL
148
0.0
149
0.0
149
0.0
 93
        0
 94
       63
282
     0
 72
     1
 77
     1
171
     1
175
     1
179
     1
273
     0
  0
XRECORD
  5
1FB
102
{ACAD_REACTORS
330
173
102
}
330
173
100
AcDbXrecord
 70
     0
 90
1673772943
  1
ECE7A1D2-D628-4531-984C-D00F80459256
310
504B03040A0000080000CC70623B3DEE336E79000000790000001B0000006175746F6465736B2D64657369676E2D7061636B6167652E786D6C3C3F786D6C2076657273696F6E3D22312E302220656E636F64696E673D227574662D3822203F3E3C666F726D6174733E3C666F726D61743E687474703A2F2F736368656D612E
310
6175746F6465736B2E636F6D2F64657369676E2D7061636B6167652F323030393C2F666F726D61743E3C2F666F726D6174733E504B0304140006080800CC70623BD486FD9CA0000000F4000000130000005B436F6E74656E745F54797065735D2E786D6C7D8EC10E82300C865F65E91D8A1E8C310C0EEA1BF002731658846E
310
D98AC1B77784ABF1D8FE5FBFBF75BBCE937A534CCEB38643598122B6FEE978D0B0485F9C41B54DDD7D022595594E1A469170414C76A4D9A4D207E29CF43ECE46F218070CC6BECC4078ACAA135ACF422C856C0E68EA1BF5669944DDD7BCDE7B1F8E415D77AECB980613C2E4AC91FC167A2B244592486606FC29C8FD7F045B9A
310
EF7053A7E60B504B0304140006080800CC70623BD9DDAED0EC0000007C01000008000000636F72652E786D6C8D90416EC3201045AF82665B61836D9CD8C2444DD39CA01740405C94182C03558F5F9C3852BBEB6A467FFE9B197D7EF89E6EE8CB2CC17A37002D0820E394D7D68D03A478C17B4007C117EFE32F1B20272733C0
310
2A83E0E3E2D3BC49CABB685CCCAAF3DA6CA20CC14440EA969B0182FA34932C648AD911AEC52CD5558EA6A0CF2EC329598D1E47ACCEFBECC59A050463A7EA5833865FEBDD0E37353BE3EE8DBDE3F6786A48D375FBF6CC78B9C282473B3DEFABC5C86834888A900E538A49F5419B9EB47DD5BC907D4F082F57FB1F28CDFA9F50
310
B22ED6D5F6EE030B20687EE43E10BC5CB3C8E51E54AE6B6EE207504B0304140006080800CC70623B55019EA25F0000007C00000007000000636E782E786D6C4DCB3B0E80201045D1AD90E915ED2CF8AC45050C11660C8261F98AB1B07AC9C97D42D718D865D3E909258CFD00CCE24AC6E326A164D74DC0B4128928FF326038
310
472BA13128B1252AC747C6BAB984FC68F0B87FE8960A5C09FE86CFB69FBA01504B0304140006080800CC70623BA24EB22D72010000D40300000C0000006662782F636F72652E786D6CC5535B6E833010BC8AE5DF0A6C5E49888CA3A6694ED00B38E05014B091B1518EDFE511A5A9D228FD2A1F60CDEC7A67C6986DCE4D8D7A
310
69BA4AAB0C073EC548AA5C17952A33ECECD15B61B4E1CC686DBF9561A44423333CC098B3D268D7CE50AE9595CA02AA74216750749DB418E5352C32DCE59FB211BE70162ABA93DF8AFC244AE9073ED050C759670D0840D390E18DF9F1706664C23973AE2A66B62A605A75ACA4C13C4976E1364A12EF355A2EBD384AF65EFA96
310
BC7B8BED2EA6719AAE16FB8491A199335B351775B991C2CA02F390D2D40B028F861F41BCA68B7518BFD0D59A524686F29B26D7164F36B94AD9289CE54E6D1DE6010819891F6E21228B3AD1831EC219194284CF98F06DD01008846CC5A1BEF83801D4CBDC6A1303536877A57A513B0953A94FC707FDBE6064EA84A9E3E6E0FA
310
EE8CF0E9198F7784A316AA0413C2C2F2E0ECA0934D1AE6D05A69BCDE9E91D2A611F573361E38FC1375157F5752AE6B6DFE4B11990F88CCBF0719EE23FF02504B0304140006080800CC70623B408A7D3B7C0000009D0000000B0000006662782F636E782E786D6C4DCCD10A83201886E15B91FFDC552A92A0064DBC8F581632
310
D3703A76F9ABD1C18E3E78F878E5F0D9027ABBFCF2292AE86E2D20171F69F6715550CB827B40839639A5F2770314A7CD293819B45C73AAFB45B35BA61ACAA1C1C7E7855C58C15BC331339661262CC762340413D68D77DA5B42298546CBE6573AF60CEB2F504B0304140006080800CC70623B449FB9BD290100001202000031
310
0000006662782F36394639363044362D344446342D343946362D394244322D3234314243333846323333332F636F72652E786D6C8D515B6EC32010BC0AE22B55850D98B871848994463E412FE002495162B07854397EA176A4F62F3F2C9A9D991D587EB84F37F0AD7D30CEF6905418026DA553C65E7A98E219ED203808EE9D
310
8B7F6810D871D23D2C3014FCE25D9A57483A1BB58D19B54EE9151C43D0110279CB971E06F9A5A7B11A53CC8C70ADE6515EC78BAE4895DB992778883E0700CB907242D17643D7E2538BD869608875438BBAE38922CAC8F1BDD90DB4691A5E2F42C153326A951B95E398B3D1FE599322163C9AE9115F7A3D46ADA0A018778810
310
84E907617BDCEE297BC5BB3DC6BC2EF47FA234AB2745C9D8D8D035EE220B50105E2F0DC1954B9FB747187D9F9D8FA0CCDB042D5FA0C015C65B42DF78BD10F3F3B363CB56C7109DCFDFBBB97E662ED92EB62D13BC2E1BCAE5777DB9966D8A1F504B0304140006080800CC70623BAD7543B64E01000033030000300000006662
310
782F36394639363044362D344446342D343946362D394244322D3234314243333846323333332F636E782E786D6CD593CD6EC32010845F0571AD6CE3D48AD20813A9873E410FBD12D82434182C7EAAE6EDBB2424CD25871E7B41D6EC30B3FA84F9E67BB2E40B4234DE8DB46F1925E094D7C6ED479AD3AE5951B2113C789FEE
310
6C943839C1488B4C05DF079FE72A69D8C96C13AAD6B8631503449F83828872B949AC57D26200B826A308D316B4064D6E46FCDA41C05550DC9E483A00797BFD207EFB092A45DE9514C1BBD22178396BD39D891265658C238DEA00936C654E5E433CB65A26D9F6EDB5EBC14EBF49A45CB856E66048291F6939A9A81BB5C89177
310
38143CA680F4AA299D66A042CEB3354A2684DC9D8D178FE0D9B8B41CAAD720F880EE7EF93C0C18769E099ECC04D5A102C8049A8A05632F4DDF376CF1DE0F6BB65C2F8627B65A33C6BB62177CEBBDAD973006829F89F22E814B54F4BC2BE347F8AA8F681390B50FA73F804400B5F542E796F19FF974E7F78DB802FE05E20750
310
4B0304140006080800CC70623B8D05915C650500003B100000340000006662782F36394639363044362D344446342D343946362D394244322D3234314243333846323333332F6F626A656374732E786D6CAD575B6FA33814FE2B887D06429276DA1565D4266D158D3A339A6846FB502932E050B66023DB74D2FDF5FB190C01
310
9276B2973C046C8ECFF53B17071F77456EBD502133CEAE6CDF9DD81665314F32965ED995DA3A17B6F5310C04E7AA47665B8C14F4CAD6DB7618A48257A5D94AE89654B91AEDDEDDFC61C998326A5B714EA4BCB265FC440BE2924AF184CA6737218AB8E976E7FA6E4338649B0A523E8D98964450A6A029F619B8588D52FE7039
310
B1BD30F0F4F730D0FF866AF6369557DB33949F31A9088B0F848DD8CCFCF9F2767A76E99CCDE733677E3EF59D9BBB9BA5E37F984D16E78BC5E5F5ED25044B25C0C96822E8D60EEFE11B91C581D77CEA34368A1F5329E68CD1B8B61F16D63A1B8E092D294B10C78C4A48EB593D192E7DED9BDEE7995E1B91FDEDD3ACEA9FE831
310
6A756F9F7D4D79F4274C90A7A04248AA51D5F8C718DAE06FB2F75AC4796EBE65D22A88A22223B995679120E2D50E41AA49C260C046A35368846B0BECD0DFF3EBEB8AD4F835768F69B9ADF25C43D30E6B646F807FAA64AD59F61715C7A54127C4AACA98BA3006A9D792DAE165E0D59B61A01FB3A9F9D838D2DAE62445C86166
310
F37564E842E7DE6A69879FEEA2DD5AE7E371E1A5E025154AC307D06A03D73EB5978C58FFA4C8E9033066E0F3BD53BEC1F39F91BE7B55103791EDE6BBB991A2046172CB4581D8B893FA674DDA17A77B3B7C413D1B511FD2743BFF8A38F03A658705E3ADF8015C3A3417FF3D7E439FF591DA0B5F18BC20C1B8981957AE6392A3
310
F43C640C01D1A0B4728E2DD4F26DB4B3C3152A252A3B4E913CEC1C72F012782FF88EFF8637AA552DBEF76408E8A8DE9E50F9E1CB3A2DA0DB1B6039A893B56063DC5B3E3FFB5F72E67AB9FEB4AEC496C4F4C1149625DD662C53E89D7BF0F6151A046260D1337DFDC94502430F83B0EE07A130A224BCAD7DAE1D9FB6CD422FF6
310
920702629C4BB9AE79C12F243C6432A6794E18E5552BA56B431AAB5D91317302B2B071E86C3A42B1A02F999E24061403B5D0EB639195DA655DD3EBEAB4FB862DDF579F014AD0E73C22F99E28DA57FB98E75C6CA2D74D53086D600F4786E0FE3144B771A8A7B900F03594DB8A633CBC49B2EDB69228BB479CF863B5E807AAAB
310
23872F6DFEB4129B949CA33823F58830E86D65621E10047D9DB34D862E8EAC3C2ABC2F7B2C40D67CDFE01F5545B92105AF983AC54D93D69E56FB8E797F88913F898A9FEC705D3F9D1B54EC8426FB500D40A03BD0119B06E1B95DDC7EB8F6975367793EBD70E66733DFB9BC982F9CE564727731999F5D4ECFCE3B8D6A4DC2A0
310
6D50FD148437D110834A64C6CDDF57FBACB5C307A2A477DFE4939736CFEF2B175371E0E10CF0DD1D5C15654E0BCA14D1E87DD02FF93782A162C0A3D95F1524A52770F972BF1EE9809D13CE7DD599467F8ECE9ADD85CE85A34CD45355448C64F9E8A031DC2D596ACC6E5DD93D9B82DE2EF5CAF81363A8E47996A0DE24564A79
310
4115AACE09C55E14540231FDA13C319787134EBF34E3A022514E5B4D9E0826E25C02D5805B15ABE1BEF51B26383D445DD9E875EE33FE4C22DA16427D65A3BCA92CA6D28DD01DF5DC53330704308475351050232CCD31583787BA75774AFB06E5070DD0C8EF484E19968C5D83BA5B90B244D31E54D55A372320FE4786B7EA58
310
44E135AA5467CB7EA333A61683CC6A8C3257034C10CF46F40EF9F5BE59BE5BD30C3C72D235E95D10345C1D45445A5F0BB47E46A5EBE5570F9380B5FA629579952296A773720405982B9DE04011506178964401AA8BDF1FBF0A8EAB6861DD6580C0E38217056766716DAEB2D6FA0917D3E4116581EADB879C4E7CFFB11EFACD
310
3D641311495D92C8676CB409A72D18610D803CE8A626049E8EC1887CB5B44CC39883690DDA8399B4B9855B481E7D71D4A9D22F96E5BB73BF5793020C02137BF837504B0304140006080000CC70623B000000000000000000000000350000006662782F36394639363044362D344446342D343946362D394244322D32343142
310
43333846323333332F76657274696365732E62696E504B0304140006080800CC70623BF270F1330600000004000000360000006662782F36394639363044362D344446342D343946362D394244322D3234314243333846323333332F747269616E676C65732E62696E636660600000504B0304140006080000CC70623B0000
310
00000000000000000000370000006662782F36394639363044362D344446342D343946362D394244322D3234314243333846323333332F617474726962757465732E62696E504B0304140006080800CC70623B08DA0BD19000000041010000360000006662782F36394639363044362D344446342D343946362D394244322D
310
3234314243333846323333332F6469726563746F72792E786D6C858F410AC3201045AF22B36F53E9A60B35CBEEBAE80D244E44489C6234F4F835464A48035D0DF398FF9F8AF63D0E6CC63039F212F8F9020C7D47C6792B21C5FE7403D62A1188E2E60C98D7234A5830286103A55745067B9D86B8A3CF9C7F90C11DE607FB14
310
4396D7B6A82D282E9A152AD114D5EF2CB866EEE831B8EEA07A7BB5A8D7D61A2BAAEB7FD5F70921FF497D00504B0304140006080800CC70623BCA768048FE000000A00100003B0000006662782F36394639363044362D344446342D343946362D394244322D3234314243333846323333332F7265736F75726365732F636F72
310
652E786D6C8D50596E833010BD0A9ADFCA60D600328E9AA639412F609909B1126CE4A5EAF16B0295DABFFECC8CDEA2797AECF8353F924FB44E193D409E5248504B332A3D0D10FC95B4901C39B3C6F85F3248B49871801506CE266BC2B243D2688FDA47549B11775038871E12F988C7004EDE7016A9083E2ADC3D5D84BC8B09
310
D33C8D74D471E6BC8D0192EDC93A815B742658898E651BCB59086ADC356A8C3FD555A1055ED7E7E254D615792D0F075295F585746FF53B694EE78A565DD736979A65AB9933AFE69F8CD2A2F038022F28ED489E135A7CE4554F9BBEA85E68DB53CAB255FEC71496F19FA6A0B42F8B3DEE6673C0F318E4497096AD7DC5F52C33
310
EEB55BFE0D504B010214000A0000080000CC70623B3DEE336E79000000790000001B00000000000000000000000000000000006175746F6465736B2D64657369676E2D7061636B6167652E786D6C504B01021400140006080800CC70623BD486FD9CA0000000F40000001300000000000000000000000000B20000005B436F
310
6E74656E745F54797065735D2E786D6C504B01021400140006080800CC70623BD9DDAED0EC0000007C010000080000000000000000000000000083010000636F72652E786D6C504B01021400140006080800CC70623B55019EA25F0000007C000000070000000000000000000000000095020000636E782E786D6C504B0102
310
1400140006080800CC70623BA24EB22D72010000D40300000C00000000000000000000000000190300006662782F636F72652E786D6C504B01021400140006080800CC70623B408A7D3B7C0000009D0000000B00000000000000000000000000B50400006662782F636E782E786D6C504B01021400140006080800CC70623B
310
449FB9BD290100001202000031000000000000000000000000005A0500006662782F36394639363044362D344446342D343946362D394244322D3234314243333846323333332F636F72652E786D6C504B01021400140006080800CC70623BAD7543B64E010000330300003000000000000000000000000000D20600006662
310
782F36394639363044362D344446342D343946362D394244322D3234314243333846323333332F636E782E786D6C504B01021400140006080800CC70623B8D05915C650500003B10000034000000000000000000000000006E0800006662782F36394639363044362D344446342D343946362D394244322D32343142433338
310
46323333332F6F626A656374732E786D6C504B01021400140006080000CC70623B0000000000000000000000003500000000000000000000000000250E00006662782F36394639363044362D344446342D343946362D394244322D3234314243333846323333332F76657274696365732E62696E504B010214001400060808
310
00CC70623BF270F13306000000040000003600000000000000000000000000780E00006662782F36394639363044362D344446342D343946362D394244322D3234314243333846323333332F747269616E676C65732E62696E504B01021400140006080000CC70623B00000000000000000000000037000000000000000000
310
00000000D20E00006662782F36394639363044362D344446342D343946362D394244322D3234314243333846323333332F617474726962757465732E62696E504B01021400140006080800CC70623B08DA0BD190000000410100003600000000000000000000000000270F00006662782F36394639363044362D344446342D
310
343946362D394244322D3234314243333846323333332F6469726563746F72792E786D6C504B01021400140006080800CC70623BCA768048FE000000A00100003B000000000000000000000000000B1000006662782F36394639363044362D344446342D343946362D394244322D3234314243333846323333332F7265736F
310
75726365732F636F72652E786D6C504B0506000000000E000E0080040000621100000000
  0
ENDSEC
  0
EOF
