  0
SECTION
  2
HEADER
  9
$ACADVER
  1
AC1014
  9
$ACADMAINTVER
 70
     9
  9
$DWGCODEPAGE
  3
ANSI_1252
  9
$INSBASE
 10
0.0
 20
0.0
 30
0.0
  9
$EXTMIN
 10
3121.434382293752
 20
1139.21993373865
 30
0.0
  9
$EXTMAX
 10
3173.297893285006
 20
1164.158756676249
 30
31.96927622246645
  9
$LIMMIN
 10
0.0
 20
0.0
  9
$LIMMAX
 10
420.0
 20
297.0
  9
$ORTHOMODE
 70
     0
  9
$REGENMODE
 70
     1
  9
$FILLMODE
 70
     1
  9
$QTEXTMODE
 70
     0
  9
$MIRRTEXT
 70
     0
  9
$DRAGMODE
 70
     2
  9
$LTSCALE
 40
1.0
  9
$OSMODE
 70
    37
  9
$ATTMODE
 70
     1
  9
$TEXTSIZE
 40
2.5
  9
$TRACEWID
 40
1.0
  9
$TEXTSTYLE
  7
STANDARD
  9
$CLAYER
  8
0
  9
$CELTYPE
  6
BYLAYER
  9
$CECOLOR
 62
   256
  9
$CELTSCALE
 40
1.0
  9
$DELOBJ
 70
     1
  9
$DISPSILH
 70
     0
  9
$DIMSCALE
 40
1.0
  9
$DIMASZ
 40
2.5
  9
$DIMEXO
 40
0.625
  9
$DIMDLI
 40
3.75
  9
$DIMRND
 40
0.0
  9
$DIMDLE
 40
0.0
  9
$DIMEXE
 40
1.25
  9
$DIMTP
 40
0.0
  9
$DIMTM
 40
0.0
  9
$DIMTXT
 40
2.5
  9
$DIMCEN
 40
2.5
  9
$DIMTSZ
 40
0.0
  9
$DIMTOL
 70
     0
  9
$DIMLIM
 70
     0
  9
$DIMTIH
 70
     0
  9
$DIMTOH
 70
     0
  9
$DIMSE1
 70
     0
  9
$DIMSE2
 70
     0
  9
$DIMTAD
 70
     1
  9
$DIMZIN
 70
     8
  9
$DIMBLK
  1

  9
$DIMASO
 70
     1
  9
$DIMSHO
 70
     1
  9
$DIMPOST
  1

  9
$DIMAPOST
  1

  9
$DIMALT
 70
     0
  9
$DIMALTD
 70
     3
  9
$DIMALTF
 40
0.03937007874016
  9
$DIMLFAC
 40
1.0
  9
$DIMTOFL
 70
     1
  9
$DIMTVP
 40
0.0
  9
$DIMTIX
 70
     0
  9
$DIMSOXD
 70
     0
  9
$DIMSAH
 70
     0
  9
$DIMBLK1
  1

  9
$DIMBLK2
  1

  9
$DIMSTYLE
  2
ISO-25
  9
$DIMCLRD
 70
     0
  9
$DIMCLRE
 70
     0
  9
$DIMCLRT
 70
     0
  9
$DIMTFAC
 40
1.0
  9
$DIMGAP
 40
0.625
  9
$DIMJUST
 70
     0
  9
$DIMSD1
 70
     0
  9
$DIMSD2
 70
     0
  9
$DIMTOLJ
 70
     0
  9
$DIMTZIN
 70
     8
  9
$DIMALTZ
 70
     0
  9
$DIMALTTZ
 70
     0
  9
$DIMFIT
 70
     3
  9
$DIMUPT
 70
     0
  9
$DIMUNIT
 70
     2
  9
$DIMDEC
 70
     2
  9
$DIMTDEC
 70
     2
  9
$DIMALTU
 70
     2
  9
$DIMALTTD
 70
     3
  9
$DIMTXSTY
  7
STANDARD
  9
$DIMAUNIT
 70
     0
  9
$LUNITS
 70
     2
  9
$LUPREC
 70
     4
  9
$SKETCHINC
 40
1.0
  9
$FILLETRAD
 40
0.0
  9
$AUNITS
 70
     0
  9
$AUPREC
 70
     0
  9
$MENU
  1
.
  9
$ELEVATION
 40
0.0
  9
$PELEVATION
 40
0.0
  9
$THICKNESS
 40
0.0
  9
$LIMCHECK
 70
     0
  9
$CHAMFERA
 40
0.0
  9
$CHAMFERB
 40
0.0
  9
$CHAMFERC
 40
0.0
  9
$CHAMFERD
 40
0.0
  9
$SKPOLY
 70
     0
  9
$TDCREATE
 40
2460873.289212963
  9
$TDUPDATE
 40
2460942.908370926
  9
$TDINDWG
 40
0.0014930556
  9
$TDUSRTIMER
 40
0.0014930556
  9
$USRTIMER
 70
     1
  9
$ANGBASE
 50
0.0
  9
$ANGDIR
 70
     0
  9
$PDMODE
 70
     0
  9
$PDSIZE
 40
0.0
  9
$PLINEWID
 40
0.0
  9
$COORDS
 70
     1
  9
$SPLFRAME
 70
     0
  9
$SPLINETYPE
 70
     6
  9
$SPLINESEGS
 70
     8
  9
$ATTDIA
 70
     0
  9
$ATTREQ
 70
     1
  9
$HANDLING
 70
     1
  9
$HANDSEED
  5
880
  9
$SURFTAB1
 70
     6
  9
$SURFTAB2
 70
     6
  9
$SURFTYPE
 70
     6
  9
$SURFU
 70
     6
  9
$SURFV
 70
     6
  9
$UCSNAME
  2

  9
$UCSORG
 10
0.0
 20
0.0
 30
0.0
  9
$UCSXDIR
 10
1.0
 20
0.0
 30
0.0
  9
$UCSYDIR
 10
0.0
 20
1.0
 30
0.0
  9
$PUCSNAME
  2

  9
$PUCSORG
 10
0.0
 20
0.0
 30
0.0
  9
$PUCSXDIR
 10
1.0
 20
0.0
 30
0.0
  9
$PUCSYDIR
 10
0.0
 20
1.0
 30
0.0
  9
$USERI1
 70
     0
  9
$USERI2
 70
     0
  9
$USERI3
 70
     0
  9
$USERI4
 70
     0
  9
$USERI5
 70
     0
  9
$USERR1
 40
0.0
  9
$USERR2
 40
0.0
  9
$USERR3
 40
0.0
  9
$USERR4
 40
0.0
  9
$USERR5
 40
0.0
  9
$WORLDVIEW
 70
     1
  9
$SHADEDGE
 70
     3
  9
$SHADEDIF
 70
    70
  9
$TILEMODE
 70
     1
  9
$MAXACTVP
 70
    64
  9
$PINSBASE
 10
0.0
 20
0.0
 30
0.0
  9
$PLIMCHECK
 70
     0
  9
$PEXTMIN
 10
0.0
 20
0.0
 30
0.0
  9
$PEXTMAX
 10
0.0
 20
0.0
 30
0.0
  9
$PLIMMIN
 10
0.0
 20
0.0
  9
$PLIMMAX
 10
12.0
 20
9.0
  9
$UNITMODE
 70
     0
  9
$VISRETAIN
 70
     1
  9
$PLINEGEN
 70
     0
  9
$PSLTSCALE
 70
     1
  9
$TREEDEPTH
 70
  3020
  9
$PICKSTYLE
 70
     1
  9
$CMLSTYLE
  2
STANDARD
  9
$CMLJUST
 70
     0
  9
$CMLSCALE
 40
20.0
  9
$PROXYGRAPHICS
 70
     1
  9
$MEASUREMENT
 70
     1
  0
ENDSEC
  0
SECTION
  2
CLASSES
  0
CLASS
  1
ACDBDICTIONARYWDFLT
  2
AcDbDictionaryWithDefault
  3
ObjectDBX Classes
 90
        0
280
     0
281
     0
  0
CLASS
  1
ACDBPLACEHOLDER
  2
AcDbPlaceHolder
  3
ObjectDBX Classes
 90
        0
280
     0
281
     0
  0
CLASS
  1
LAYOUT
  2
AcDbLayout
  3
ObjectDBX Classes
 90
        0
280
     0
281
     0
  0
CLASS
  1
DICTIONARYVAR
  2
AcDbDictionaryVar
  3
ObjectDBX Classes
 90
        0
280
     0
281
     0
  0
CLASS
  1
TABLESTYLE
  2
AcDbTableStyle
  3
ObjectDBX Classes
 90
     4095
280
     0
281
     0
  0
CLASS
  1
MATERIAL
  2
AcDbMaterial
  3
ObjectDBX Classes
 90
     1153
280
     0
281
     0
  0
CLASS
  1
VISUALSTYLE
  2
AcDbVisualStyle
  3
ObjectDBX Classes
 90
     4095
280
     0
281
     0
  0
CLASS
  1
SCALE
  2
AcDbScale
  3
ObjectDBX Classes
 90
     1153
280
     0
281
     0
  0
CLASS
  1
MLEADERSTYLE
  2
AcDbMLeaderStyle
  3
ACDB_MLEADERSTYLE_CLASS
 90
     4095
280
     0
281
     0
  0
CLASS
  1
CELLSTYLEMAP
  2
AcDbCellStyleMap
  3
ObjectDBX Classes
 90
     1152
280
     0
281
     0
  0
CLASS
  1
EXACXREFPANELOBJECT
  2
ExAcXREFPanelObject
  3
EXAC_ESW
 90
     1025
280
     1
281
     0
  0
CLASS
  1
NPOCOLLECTION
  2
AcDbImpNonPersistentObjectsCollection
  3
ObjectDBX Classes
 90
     1153
280
     1
281
     0
  0
CLASS
  1
LAYER_INDEX
  2
AcDbLayerIndex
  3
ObjectDBX Classes
 90
        0
280
     0
281
     0
  0
CLASS
  1
SPATIAL_INDEX
  2
AcDbSpatialIndex
  3
AutoCAD 2000
 90
        0
280
     0
281
     0
  0
CLASS
  1
IDBUFFER
  2
AcDbIdBuffer
  3
ObjectDBX Classes
 90
        0
280
     0
281
     0
  0
CLASS
  1
ACDBSECTIONVIEWSTYLE
  2
AcDbSectionViewStyle
  3
ObjectDBX Classes
 90
     1025
280
     0
281
     0
  0
CLASS
  1
ACDBDETAILVIEWSTYLE
  2
AcDbDetailViewStyle
  3
ObjectDBX Classes
 90
     1025
280
     0
281
     0
  0
CLASS
  1
SORTENTSTABLE
  2
AcDbSortentsTable
  3
ObjectDBX Classes
 90
        0
280
     0
281
     0
  0
CLASS
  1
DIMASSOC
  2
AcDbDimAssoc
  3
"AcDbDimAssoc|Product Desc:     AcDim ARX App For Dimension|Company:          Autodesk, Inc.|WEB Address:      www.autodesk.com"
 90
        0
280
     0
281
     0
  0
CLASS
  1
WIPEOUTVARIABLES
  2
AcDbWipeoutVariables
  3
WipeOut|AutoCAD Express Tool|expresstools@autodesk.com
 90
        0
280
     0
281
     0
  0
CLASS
  1
XRECORD
  2
AcDbXrecord
  3
ObjectDBX Classes
 90
        0
280
     0
281
     0
  0
CLASS
  1
LWPOLYLINE
  2
AcDbPolyline
  3
ObjectDBX Classes
 90
        0
280
     0
281
     1
  0
CLASS
  1
HATCH
  2
AcDbHatch
  3
ObjectDBX Classes
 90
        0
280
     0
281
     1
  0
ENDSEC
  0
SECTION
  2
TABLES
  0
TABLE
  2
VPORT
  5
8
102
{ACAD_XDICTIONARY
360
879
102
}
330
0
100
AcDbSymbolTable
 70
     1
  0
VPORT
  5
EA
330
8
100
AcDbSymbolTableRecord
100
AcDbViewportTableRecord
  2
*ACTIVE
 70
     0
 10
0.0
 20
0.0
 11
1.0
 21
1.0
 12
3140.096949824891
 22
1150.311101722473
 13
0.0
 23
0.0
 14
10.0
 24
10.0
 15
10.0
 25
10.0
 16
0.0
 26
0.0
 36
1.0
 17
0.0
 27
0.0
 37
0.0
 40
40.04694671210109
 41
2.57085020242915
 42
50.0
 43
0.0
 44
0.0
 50
0.0
 51
0.0
 71
     0
 72
  1000
 73
     1
 74
     3
 75
     0
 76
     1
 77
     0
 78
     0
1001
ACAD_NAV_VCDISPLAY
1070
     3
  0
ENDTAB
  0
TABLE
  2
LTYPE
  5
5
330
0
100
AcDbSymbolTable
 70
     1
  0
LTYPE
  5
14
330
5
100
AcDbSymbolTableRecord
100
AcDbLinetypeTableRecord
  2
BYBLOCK
 70
     0
  3

 72
    65
 73
     0
 40
0.0
  0
LTYPE
  5
15
330
5
100
AcDbSymbolTableRecord
100
AcDbLinetypeTableRecord
  2
BYLAYER
 70
     0
  3

 72
    65
 73
     0
 40
0.0
  0
LTYPE
  5
16
330
5
100
AcDbSymbolTableRecord
100
AcDbLinetypeTableRecord
  2
CONTINUOUS
 70
     0
  3
Solid line
 72
    65
 73
     0
 40
0.0
  0
ENDTAB
  0
TABLE
  2
LAYER
  5
2
102
{ACAD_XDICTIONARY
360
1FF
102
}
330
0
100
AcDbSymbolTable
 70
     3
  0
LAYER
  5
10
330
2
100
AcDbSymbolTableRecord
100
AcDbLayerTableRecord
  2
0
 70
     0
 62
     7
  6
CONTINUOUS
  0
LAYER
  5
308
330
2
100
AcDbSymbolTableRecord
100
AcDbLayerTableRecord
  2
DEFPOINTS
 70
     0
 62
     7
  6
CONTINUOUS
  0
LAYER
  5
309
330
2
100
AcDbSymbolTableRecord
100
AcDbLayerTableRecord
  2
TEXT_
 70
     0
 62
   255
  6
CONTINUOUS
1001
ACAECLAYERSTANDARD
1000

1000

1001
RAK
1000
{ACET-LAYISO
1070
     0
1070
    13
1000
Continuous
1071
       20
1071
        1
1005
F
1000
ACET-LAYISO}
  0
ENDTAB
  0
TABLE
  2
STYLE
  5
3
330
0
100
AcDbSymbolTable
 70
     4
  0
STYLE
  5
11
330
3
100
AcDbSymbolTableRecord
100
AcDbTextStyleTableRecord
  2
STANDARD
 70
     0
 40
0.0
 41
1.0
 50
0.0
 71
     0
 42
2.5
  3
arial.ttf
  4

1001
ACAD
1000
Arial
1071
       34
  0
STYLE
  5
132
330
3
100
AcDbSymbolTableRecord
100
AcDbTextStyleTableRecord
  2
ANNOTATIVE
 70
     0
 40
0.0
 41
1.0
 50
0.0
 71
     0
 42
2.5
  3
arial.ttf
  4

1001
ACADANNOTATIVE
1000
AnnotativeData
1002
{
1070
     1
1070
     1
1002
}
1001
ACAD
1000
Arial
1071
       34
  0
STYLE
  5
30A
330
3
100
AcDbSymbolTableRecord
100
AcDbTextStyleTableRecord
  2
AN
 70
     0
 40
0.0
 41
1.0
 50
0.0
 71
     0
 42
0.8
  3
ARIALN.TTF
  4

1001
ACAD
1000
Arial Narrow
1071
       34
  0
STYLE
  5
30B
330
3
100
AcDbSymbolTableRecord
100
AcDbTextStyleTableRecord
  2
AR
 70
     0
 40
0.0
 41
1.0
 50
0.0
 71
     0
 42
2.5
  3
arial.ttf
  4

1001
ACAD
1000
Arial TUR
1071
    41506
  0
ENDTAB
  0
TABLE
  2
VIEW
  5
6
330
0
100
AcDbSymbolTable
 70
     0
  0
ENDTAB
  0
TABLE
  2
UCS
  5
7
330
0
100
AcDbSymbolTable
 70
     0
  0
ENDTAB
  0
TABLE
  2
APPID
  5
9
330
0
100
AcDbSymbolTable
 70
    13
  0
APPID
  5
12
330
9
100
AcDbSymbolTableRecord
100
AcDbRegAppTableRecord
  2
ACAD
 70
     0
  0
APPID
  5
9E
330
9
100
AcDbSymbolTableRecord
100
AcDbRegAppTableRecord
  2
ACAD_PSEXT
 70
     0
  0
APPID
  5
133
330
9
100
AcDbSymbolTableRecord
100
AcDbRegAppTableRecord
  2
ACADANNOPO
 70
     0
  0
APPID
  5
134
330
9
100
AcDbSymbolTableRecord
100
AcDbRegAppTableRecord
  2
ACADANNOTATIVE
 70
     0
  0
APPID
  5
135
330
9
100
AcDbSymbolTableRecord
100
AcDbRegAppTableRecord
  2
ACAD_DSTYLE_DIMJAG
 70
     0
  0
APPID
  5
136
330
9
100
AcDbSymbolTableRecord
100
AcDbRegAppTableRecord
  2
ACAD_DSTYLE_DIMTALN
 70
     0
  0
APPID
  5
165
330
9
100
AcDbSymbolTableRecord
100
AcDbRegAppTableRecord
  2
ACAD_MLEADERVER
 70
     0
  0
APPID
  5
217
330
9
100
AcDbSymbolTableRecord
100
AcDbRegAppTableRecord
  2
ACAD_NAV_VCDISPLAY
 70
     0
  0
APPID
  5
30E
330
9
100
AcDbSymbolTableRecord
100
AcDbRegAppTableRecord
  2
GRADIENTCOLOR1ACI
 70
     0
  0
APPID
  5
30F
330
9
100
AcDbSymbolTableRecord
100
AcDbRegAppTableRecord
  2
GRADIENTCOLOR2ACI
 70
     0
  0
APPID
  5
310
330
9
100
AcDbSymbolTableRecord
100
AcDbRegAppTableRecord
  2
RAK
 70
     0
  0
APPID
  5
311
330
9
100
AcDbSymbolTableRecord
100
AcDbRegAppTableRecord
  2
ACAD_DSTYLE_DIMJOGGED_JOGA
 70
     0
  0
APPID
  5
312
330
9
100
AcDbSymbolTableRecord
100
AcDbRegAppTableRecord
  2
ACAECLAYERSTANDARD
 70
     0
  0
ENDTAB
  0
TABLE
  2
DIMSTYLE
  5
A
330
0
100
AcDbSymbolTable
 70
     5
  0
DIMSTYLE
105
1B0
330
A
100
AcDbSymbolTableRecord
100
AcDbDimStyleTableRecord
  2
STANDARD
 70
     0
  3

  4

  5

  6

  7

 40
1.0
 41
0.18
 42
0.0625
 43
0.38
 44
0.18
 45
0.0
 46
0.0
 47
0.0
 48
0.0
140
0.18
141
0.09
142
0.0
143
25.4
144
1.0
145
0.0
146
1.0
147
0.09
 71
     0
 72
     0
 73
     1
 74
     1
 75
     0
 76
     0
 77
     0
 78
     0
170
     0
171
     2
172
     0
173
     0
174
     0
175
     0
176
     0
177
     0
178
     0
270
     2
271
     4
272
     4
273
     2
274
     2
340
11
275
     0
280
     0
281
     0
282
     0
283
     1
284
     0
285
     0
286
     0
287
     3
288
     0
  0
DIMSTYLE
105
137
330
A
100
AcDbSymbolTableRecord
100
AcDbDimStyleTableRecord
  2
ANNOTATIVE
 70
     0
  3

  4

  5

  6

  7

 40
0.0
 41
2.5
 42
0.625
 43
3.75
 44
1.25
 45
0.0
 46
0.0
 47
0.0
 48
0.0
140
2.5
141
2.5
142
0.0
143
0.03937007874016
144
1.0
145
0.0
146
1.0
147
0.625
 71
     0
 72
     0
 73
     0
 74
     0
 75
     0
 76
     0
 77
     1
 78
     8
170
     0
171
     3
172
     1
173
     0
174
     0
175
     0
176
     0
177
     0
178
     0
270
     2
271
     2
272
     2
273
     2
274
     3
340
11
275
     0
280
     0
281
     0
282
     0
283
     0
284
     8
285
     0
286
     0
287
     3
288
     0
1001
ACADANNOTATIVE
1000
AnnotativeData
1002
{
1070
     1
1070
     1
1002
}
1001
ACAD_DSTYLE_DIMJAG
1070
   388
1040
1.5
1001
ACAD_DSTYLE_DIMTALN
1070
   392
1070
     0
  0
DIMSTYLE
105
27
330
A
100
AcDbSymbolTableRecord
100
AcDbDimStyleTableRecord
  2
ISO-25
 70
     0
  3

  4

  5

  6

  7

 40
1.0
 41
2.5
 42
0.625
 43
3.75
 44
1.25
 45
0.0
 46
0.0
 47
0.0
 48
0.0
140
2.5
141
2.5
142
0.0
143
0.03937007874016
144
1.0
145
0.0
146
1.0
147
0.625
 71
     0
 72
     0
 73
     0
 74
     0
 75
     0
 76
     0
 77
     1
 78
     8
170
     0
171
     3
172
     1
173
     0
174
     0
175
     0
176
     0
177
     0
178
     0
270
     2
271
     2
272
     2
273
     2
274
     3
340
11
275
     0
280
     0
281
     0
282
     0
283
     0
284
     8
285
     0
286
     0
287
     3
288
     0
  0
DIMSTYLE
105
30C
102
{ACAD_REACTORS
330
7D9
102
}
330
A
100
AcDbSymbolTableRecord
100
AcDbDimStyleTableRecord
  2
DIM
 70
     0
  3

  4

  5

  6
OBLIQUE
  7
OBLIQUE
 40
1.0
 41
0.06
 42
0.3
 43
0.05
 44
0.05
 45
0.0
 46
0.0
 47
0.0
 48
0.0
140
0.2
141
0.001
142
0.0
143
0.0394
144
-1.0
145
0.0
146
1.0
147
0.05
 71
     0
 72
     0
 73
     0
 74
     0
 75
     1
 76
     1
 77
     0
 78
     1
170
     0
171
     4
172
     0
173
     1
174
     0
175
     0
176
   252
177
   256
178
     1
179
     4
270
     2
271
     3
272
     3
273
     1
274
     4
340
30A
275
     0
280
     0
281
     0
282
     0
283
     1
284
     1
285
     1
286
     1
287
     5
288
     0
1001
ACAD_DSTYLE_DIMJOGGED_JOGA
1070
   384
1040
1.570796326794896
1001
ACAD_DSTYLE_DIMJAG
1070
   388
1040
1.5
1001
ACAD_DSTYLE_DIMTALN
1070
   392
1070
     0
  0
DIMSTYLE
105
30D
102
{ACAD_REACTORS
330
79C
330
79F
330
6AD
330
6B0
102
}
330
A
100
AcDbSymbolTableRecord
100
AcDbDimStyleTableRecord
  2
_BM__FOR_MM
 70
     0
  3

  4

  5

  6

  7

 40
1.0
 41
0.18
 42
0.3
 43
0.1
 44
0.08
 45
0.0
 46
0.0
 47
0.0
 48
0.0
140
0.18
141
0.09
142
0.0
143
1.0
144
1000.0
145
0.0
146
1.0
147
0.1
 71
     0
 72
     0
 73
     0
 74
     0
 75
     0
 76
     0
 77
     1
 78
     0
170
     0
171
     2
172
     1
173
     0
174
     0
175
     0
176
   256
177
   256
178
     4
270
     2
271
     0
272
     0
273
     6
274
     2
340
30B
275
     0
280
     0
281
     0
282
     0
283
     1
284
     0
285
     0
286
     0
287
     5
288
     0
1001
ACAD_DSTYLE_DIMJAG
1070
   388
1040
1.5
1001
ACAD_DSTYLE_DIMTALN
1070
   392
1070
     0
  0
ENDTAB
  0
TABLE
  2
BLOCK_RECORD
  5
1
330
0
100
AcDbSymbolTable
 70
     7
  0
BLOCK_RECORD
  5
1F
330
1
100
AcDbSymbolTableRecord
100
AcDbBlockTableRecord
  2
*MODEL_SPACE
  0
BLOCK_RECORD
  5
D2
330
1
100
AcDbSymbolTableRecord
100
AcDbBlockTableRecord
  2
*PAPER_SPACE
  0
BLOCK_RECORD
  5
2C1
102
{ACAD_XDICTIONARY
360
2C2
102
}
330
1
100
AcDbSymbolTableRecord
100
AcDbBlockTableRecord
  2
_OBLIQUE
  0
BLOCK_RECORD
  5
2C7
330
1
100
AcDbSymbolTableRecord
100
AcDbBlockTableRecord
  2
_OPEN30
  0
BLOCK_RECORD
  5
802
330
1
100
AcDbSymbolTableRecord
100
AcDbBlockTableRecord
  2
*D9
  0
BLOCK_RECORD
  5
80E
330
1
100
AcDbSymbolTableRecord
100
AcDbBlockTableRecord
  2
*D10
  0
BLOCK_RECORD
  5
823
330
1
100
AcDbSymbolTableRecord
100
AcDbBlockTableRecord
  2
*D11
  0
BLOCK_RECORD
  5
82F
330
1
100
AcDbSymbolTableRecord
100
AcDbBlockTableRecord
  2
*D12
  0
BLOCK_RECORD
  5
83B
330
1
100
AcDbSymbolTableRecord
100
AcDbBlockTableRecord
  2
*D13
  0
ENDTAB
  0
ENDSEC
  0
SECTION
  2
BLOCKS
  0
BLOCK
  5
20
330
1F
100
AcDbEntity
  8
0
100
AcDbBlockBegin
  2
*MODEL_SPACE
 70
     0
 10
0.0
 20
0.0
 30
0.0
  3
*MODEL_SPACE
  1

  0
ENDBLK
  5
21
330
1F
100
AcDbEntity
  8
0
100
AcDbBlockEnd
  0
BLOCK
  5
D4
330
D2
100
AcDbEntity
 67
     1
  8
0
100
AcDbBlockBegin
  2
*PAPER_SPACE
 70
     0
 10
0.0
 20
0.0
 30
0.0
  3
*PAPER_SPACE
  1

  0
ENDBLK
  5
D5
330
D2
100
AcDbEntity
 67
     1
  8
0
100
AcDbBlockEnd
  0
BLOCK
  5
2C4
330
2C1
100
AcDbEntity
  8
0
100
AcDbBlockBegin
  2
_OBLIQUE
 70
     0
 10
0.0
 20
0.0
 30
0.0
  3
_OBLIQUE
  1

  0
LINE
  5
2C5
330
2C1
100
AcDbEntity
  8
0
  6
BYBLOCK
 62
     0
100
AcDbLine
 10
-0.5
 20
-0.5
 30
0.0
 11
0.5
 21
0.5
 31
0.0
  0
ENDBLK
  5
2C6
330
2C1
100
AcDbEntity
  8
0
100
AcDbBlockEnd
  0
BLOCK
  5
2C8
330
2C7
100
AcDbEntity
  8
0
100
AcDbBlockBegin
  2
_OPEN30
 70
     0
 10
0.0
 20
0.0
 30
0.0
  3
_OPEN30
  1

  0
LINE
  5
2C9
330
2C7
100
AcDbEntity
  8
0
  6
BYBLOCK
 62
     0
100
AcDbLine
 10
-1.0
 20
0.26794919
 30
0.0
 11
0.0
 21
0.0
 31
0.0
  0
LINE
  5
2CA
330
2C7
100
AcDbEntity
  8
0
  6
BYBLOCK
 62
     0
100
AcDbLine
 10
0.0
 20
0.0
 30
0.0
 11
-1.0
 21
-0.26794919
 31
0.0
  0
LINE
  5
2CB
330
2C7
100
AcDbEntity
  8
0
  6
BYBLOCK
 62
     0
100
AcDbLine
 10
0.0
 20
0.0
 30
0.0
 11
-1.0
 21
0.0
 31
0.0
  0
ENDBLK
  5
2CC
330
2C7
100
AcDbEntity
  8
0
100
AcDbBlockEnd
  0
BLOCK
  5
803
330
802
100
AcDbEntity
  8
0
100
AcDbBlockBegin
  2
*D9
 70
     1
 10
0.0
 20
0.0
 30
0.0
  3
*D9
  1

  0
LINE
  5
81A
330
802
100
AcDbEntity
  8
0
  6
CONTINUOUS
100
AcDbLine
 10
3171.79789328501
 20
1156.190273505648
 30
0.0
 11
3171.797893285009
 21
1156.110273505648
 31
0.0
  0
LINE
  5
81B
330
802
100
AcDbEntity
  8
0
  6
CONTINUOUS
100
AcDbLine
 10
3173.297893285006
 20
1156.190273505629
 30
0.0
 11
3173.297893285006
 21
1156.110273505629
 31
0.0
  0
LINE
  5
81C
330
802
100
AcDbEntity
  8
0
  6
CONTINUOUS
100
AcDbLine
 10
3171.97789328501
 20
1156.190273505646
 30
0.0
 11
3173.117893285007
 21
1156.190273505631
 31
0.0
  0
SOLID
  5
81D
330
802
100
AcDbEntity
  8
0
  6
CONTINUOUS
100
AcDbTrace
 10
3171.97789328501
 20
1156.220273505646
 30
0.0
 11
3171.977893285009
 21
1156.160273505646
 31
0.0
 12
3171.79789328501
 22
1156.190273505648
 32
0.0
 13
3171.79789328501
 23
1156.190273505648
 33
0.0
  0
SOLID
  5
81E
330
802
100
AcDbEntity
  8
0
  6
CONTINUOUS
100
AcDbTrace
 10
3173.117893285007
 20
1156.220273505631
 30
0.0
 11
3173.117893285006
 21
1156.160273505631
 31
0.0
 12
3173.297893285006
 22
1156.190273505629
 32
0.0
 13
3173.297893285006
 23
1156.190273505629
 33
0.0
  0
MTEXT
  5
81F
330
802
100
AcDbEntity
  8
0
  6
CONTINUOUS
 62
     4
100
AcDbMText
 10
3172.547893285011
 20
1156.382176643428
 30
0.0
 40
0.18
 41
0.0
 71
     5
 72
     1
  1
\A1;1500
  7
AR
  0
POINT
  5
820
330
802
100
AcDbEntity
  8
DEFPOINTS
  6
CONTINUOUS
 62
     0
100
AcDbPoint
 10
3171.797893270485
 20
1156.238756676246
 30
0.0
  0
POINT
  5
821
330
802
100
AcDbEntity
  8
DEFPOINTS
  6
CONTINUOUS
 62
     0
100
AcDbPoint
 10
3173.297893270481
 20
1156.238756676249
 30
0.0
  0
POINT
  5
822
330
802
100
AcDbEntity
  8
DEFPOINTS
  6
CONTINUOUS
 62
     0
100
AcDbPoint
 10
3173.297893270481
 20
1156.190273545496
 30
0.0
  0
ENDBLK
  5
804
330
802
100
AcDbEntity
  8
0
100
AcDbBlockEnd
  0
BLOCK
  5
80F
330
80E
100
AcDbEntity
  8
0
100
AcDbBlockBegin
  2
*D10
 70
     1
 10
0.0
 20
0.0
 30
0.0
  3
*D10
  1

  0
LINE
  5
811
330
80E
100
AcDbEntity
  8
0
  6
CONTINUOUS
100
AcDbLine
 10
3166.996764930332
 20
1164.158756636448
 30
0.0
 11
3166.916764930332
 21
1164.158756636449
 31
0.0
  0
LINE
  5
812
330
80E
100
AcDbEntity
  8
0
  6
CONTINUOUS
100
AcDbLine
 10
3166.996764930313
 20
1162.658756636448
 30
0.0
 11
3166.916764930314
 21
1162.658756636449
 31
0.0
  0
LINE
  5
813
330
80E
100
AcDbEntity
  8
0
  6
CONTINUOUS
100
AcDbLine
 10
3166.99676493033
 20
1163.978756636448
 30
0.0
 11
3166.996764930316
 21
1162.838756636448
 31
0.0
  0
SOLID
  5
814
330
80E
100
AcDbEntity
  8
0
  6
CONTINUOUS
100
AcDbTrace
 10
3166.96676493033
 20
1163.978756636448
 30
0.0
 11
3167.02676493033
 21
1163.978756636448
 31
0.0
 12
3166.996764930332
 22
1164.158756636448
 32
0.0
 13
3166.996764930332
 23
1164.158756636448
 33
0.0
  0
SOLID
  5
815
330
80E
100
AcDbEntity
  8
0
  6
CONTINUOUS
100
AcDbTrace
 10
3166.966764930316
 20
1162.838756636448
 30
0.0
 11
3167.026764930316
 21
1162.838756636448
 31
0.0
 12
3166.996764930313
 22
1162.658756636448
 32
0.0
 13
3166.996764930313
 23
1162.658756636448
 33
0.0
  0
MTEXT
  5
816
330
80E
100
AcDbEntity
  8
0
  6
CONTINUOUS
 62
     4
100
AcDbMText
 10
3166.804861792533
 20
1163.408756636451
 30
0.0
 40
0.18
 41
0.0
 71
     5
 72
     1
  1
\A1;1500
  7
AR
 11
1.256334497899823E-11
 21
1.0
 31
0.0
  0
POINT
  5
817
330
80E
100
AcDbEntity
  8
DEFPOINTS
  6
CONTINUOUS
 62
     0
100
AcDbPoint
 10
3167.08846538277
 20
1164.158756676237
 30
0.0
  0
POINT
  5
818
330
80E
100
AcDbEntity
  8
DEFPOINTS
  6
CONTINUOUS
 62
     0
100
AcDbPoint
 10
3167.088465382772
 20
1162.658756676237
 30
0.0
  0
POINT
  5
819
330
80E
100
AcDbEntity
  8
DEFPOINTS
  6
CONTINUOUS
 62
     0
100
AcDbPoint
 10
3166.996764915707
 20
1162.658756676237
 30
0.0
  0
ENDBLK
  5
810
330
80E
100
AcDbEntity
  8
0
100
AcDbBlockEnd
  0
BLOCK
  5
824
330
823
100
AcDbEntity
  8
0
100
AcDbBlockBegin
  2
*D11
 70
     1
 10
0.0
 20
0.0
 30
0.0
  3
*D11
  1

  0
LINE
  5
826
330
823
100
AcDbEntity
  8
0
  6
CONTINUOUS
100
AcDbLine
 10
3138.808473070827
 20
1164.158756636745
 30
0.0
 11
3138.728473070827
 21
1164.158756636746
 31
0.0
  0
LINE
  5
827
330
823
100
AcDbEntity
  8
0
  6
CONTINUOUS
100
AcDbLine
 10
3138.808473070809
 20
1162.658756636746
 30
0.0
 11
3138.728473070809
 21
1162.658756636747
 31
0.0
  0
LINE
  5
828
330
823
100
AcDbEntity
  8
0
  6
CONTINUOUS
100
AcDbLine
 10
3138.808473070825
 20
1163.978756636745
 30
0.0
 11
3138.808473070811
 21
1162.838756636746
 31
0.0
  0
SOLID
  5
829
330
823
100
AcDbEntity
  8
0
  6
CONTINUOUS
100
AcDbTrace
 10
3138.778473070825
 20
1163.978756636745
 30
0.0
 11
3138.838473070825
 21
1163.978756636744
 31
0.0
 12
3138.808473070827
 22
1164.158756636745
 32
0.0
 13
3138.808473070827
 23
1164.158756636745
 33
0.0
  0
SOLID
  5
82A
330
823
100
AcDbEntity
  8
0
  6
CONTINUOUS
100
AcDbTrace
 10
3138.778473070811
 20
1162.838756636746
 30
0.0
 11
3138.838473070811
 21
1162.838756636745
 31
0.0
 12
3138.808473070809
 22
1162.658756636746
 32
0.0
 13
3138.808473070809
 23
1162.658756636746
 33
0.0
  0
MTEXT
  5
82B
330
823
100
AcDbEntity
  8
0
  6
CONTINUOUS
 62
     4
100
AcDbMText
 10
3138.616569933028
 20
1163.408756636748
 30
0.0
 40
0.18
 41
0.0
 71
     5
 72
     1
  1
\A1;1500
  7
AR
 11
1.256334497899823E-11
 21
1.0
 31
0.0
  0
POINT
  5
82C
330
823
100
AcDbEntity
  8
DEFPOINTS
  6
CONTINUOUS
 62
     0
100
AcDbPoint
 10
3138.900173523265
 20
1164.15875667618
 30
0.0
  0
POINT
  5
82D
330
823
100
AcDbEntity
  8
DEFPOINTS
  6
CONTINUOUS
 62
     0
100
AcDbPoint
 10
3138.900173523269
 20
1162.658756676181
 30
0.0
  0
POINT
  5
82E
330
823
100
AcDbEntity
  8
DEFPOINTS
  6
CONTINUOUS
 62
     0
100
AcDbPoint
 10
3138.808473056202
 20
1162.658756676181
 30
0.0
  0
ENDBLK
  5
825
330
823
100
AcDbEntity
  8
0
100
AcDbBlockEnd
  0
BLOCK
  5
830
330
82F
100
AcDbEntity
  8
0
100
AcDbBlockBegin
  2
*D12
 70
     1
 10
0.0
 20
0.0
 30
0.0
  3
*D12
  1

  0
LINE
  5
832
330
82F
100
AcDbEntity
  8
0
  6
CONTINUOUS
100
AcDbLine
 10
3143.609601425506
 20
1156.190273505945
 30
0.0
 11
3143.609601425505
 21
1156.110273505946
 31
0.0
  0
LINE
  5
833
330
82F
100
AcDbEntity
  8
0
  6
CONTINUOUS
100
AcDbLine
 10
3145.109601425503
 20
1156.190273505927
 30
0.0
 11
3145.109601425502
 21
1156.110273505927
 31
0.0
  0
LINE
  5
834
330
82F
100
AcDbEntity
  8
0
  6
CONTINUOUS
100
AcDbLine
 10
3143.789601425506
 20
1156.190273505943
 30
0.0
 11
3144.929601425503
 21
1156.190273505929
 31
0.0
  0
SOLID
  5
835
330
82F
100
AcDbEntity
  8
0
  6
CONTINUOUS
100
AcDbTrace
 10
3143.789601425507
 20
1156.220273505943
 30
0.0
 11
3143.789601425506
 21
1156.160273505943
 31
0.0
 12
3143.609601425506
 22
1156.190273505945
 32
0.0
 13
3143.609601425506
 23
1156.190273505945
 33
0.0
  0
SOLID
  5
836
330
82F
100
AcDbEntity
  8
0
  6
CONTINUOUS
100
AcDbTrace
 10
3144.929601425503
 20
1156.220273505929
 30
0.0
 11
3144.929601425502
 21
1156.160273505929
 31
0.0
 12
3145.109601425503
 22
1156.190273505927
 32
0.0
 13
3145.109601425503
 23
1156.190273505927
 33
0.0
  0
MTEXT
  5
837
330
82F
100
AcDbEntity
  8
0
  6
CONTINUOUS
 62
     4
100
AcDbMText
 10
3144.359601425507
 20
1156.382176643726
 30
0.0
 40
0.18
 41
0.0
 71
     5
 72
     1
  1
\A1;1500
  7
AR
  0
POINT
  5
838
330
82F
100
AcDbEntity
  8
DEFPOINTS
  6
CONTINUOUS
 62
     0
100
AcDbPoint
 10
3143.609601410981
 20
1156.238756676189
 30
0.0
  0
POINT
  5
839
330
82F
100
AcDbEntity
  8
DEFPOINTS
  6
CONTINUOUS
 62
     0
100
AcDbPoint
 10
3145.109601410977
 20
1156.238756676192
 30
0.0
  0
POINT
  5
83A
330
82F
100
AcDbEntity
  8
DEFPOINTS
  6
CONTINUOUS
 62
     0
100
AcDbPoint
 10
3145.109601410977
 20
1156.19027354544
 30
0.0
  0
ENDBLK
  5
831
330
82F
100
AcDbEntity
  8
0
100
AcDbBlockEnd
  0
BLOCK
  5
83C
330
83B
100
AcDbEntity
  8
0
100
AcDbBlockBegin
  2
*D13
 70
     1
 10
0.0
 20
0.0
 30
0.0
  3
*D13
  1

  0
LINE
  5
846
330
83B
100
AcDbEntity
  8
0
 62
   252
100
AcDbLine
 10
3167.186426101815
 20
1144.908756676238
 30
0.0
 11
3167.186426101815
 21
1143.735155039129
 31
0.0
  0
LINE
  5
847
330
83B
100
AcDbEntity
  8
0
 62
   252
100
AcDbLine
 10
3167.186426101815
 20
1141.908756676237
 30
0.0
 11
3167.186426101815
 21
1143.082358313345
 31
0.0
  0
INSERT
  5
848
330
83B
100
AcDbEntity
  8
0
 62
   252
100
AcDbBlockReference
  2
_OBLIQUE
 10
3167.186426101815
 20
1144.908756676238
 30
0.0
 41
0.06
 42
0.06
 43
0.06
 50
90.0
  0
INSERT
  5
849
330
83B
100
AcDbEntity
  8
0
 62
   252
100
AcDbBlockReference
  2
_OBLIQUE
 10
3167.186426101815
 20
1141.908756676237
 30
0.0
 41
0.06
 42
0.06
 43
0.06
 50
270.0
  0
MTEXT
  5
84A
330
83B
100
AcDbEntity
  8
0
 62
     1
100
AcDbMText
 10
3167.186426101815
 20
1143.408756676236
 30
0.0
 40
0.2
 41
0.0
 71
     5
 72
     1
  1
\A1;3.000
  7
AN
 11
6.123233995736766E-17
 21
1.0
 31
0.0
  0
POINT
  5
84B
330
83B
100
AcDbEntity
  8
DEFPOINTS
 62
     0
100
AcDbPoint
 10
3167.133155680366
 20
1144.908756676238
 30
0.0
  0
POINT
  5
84C
330
83B
100
AcDbEntity
  8
DEFPOINTS
 62
     0
100
AcDbPoint
 10
3167.133155680372
 20
1141.908756676237
 30
0.0
  0
POINT
  5
84D
330
83B
100
AcDbEntity
  8
DEFPOINTS
 62
     0
100
AcDbPoint
 10
3167.186426101815
 20
1141.908756676237
 30
0.0
  0
ENDBLK
  5
83D
330
83B
100
AcDbEntity
  8
0
100
AcDbBlockEnd
  0
ENDSEC
  0
SECTION
  2
ENTITIES
  0
HATCH
  5
59E
330
1F
100
AcDbEntity
  8
0
  6
CONTINUOUS
 62
     1
100
AcDbHatch
 10
0.0
 20
0.0
 30
0.0
210
0.0
220
0.0
230
1.0
  2
ANSI31
 70
     0
 71
     1
 91
        1
 92
        7
 72
     0
 73
     1
 93
        6
 10
3131.359601411004
 20
1141.158756676165
 10
3145.109601411004
 20
1141.158756676192
 10
3145.109601411003
 20
1141.908756676192
 10
3131.903903828616
 20
1141.908756676165
 10
3124.648469045966
 20
1164.158756676151
 10
3123.859601410961
 20
1164.158756676149
 97
        6
330
5C5
330
5C8
330
59F
330
5B2
330
5A0
330
5C9
 75
     1
 76
     1
 52
0.0000000008356412
 41
1.0
 77
     0
 78
     1
 53
45.0000000001158
 43
-183.019202354626
 44
2638.508175641646
 45
-0.0883883476484971
 46
0.0883883476481398
 79
     0
 47
0.0439346216204136
 98
        1
 10
3128.126109723463
 20
1152.208107157249
1001
GRADIENTCOLOR1ACI
1070
     5
1001
GRADIENTCOLOR2ACI
1070
     2
1001
ACAD
1010
0.0
1020
0.0
1030
0.0
  0
LINE
  5
59F
102
{ACAD_REACTORS
330
59E
102
}
330
1F
100
AcDbEntity
  8
0
  6
CONTINUOUS
 62
     0
100
AcDbLine
 39
31.96927622246645
 10
3131.359601411004
 20
1141.158756676165
 30
0.0
 11
3145.109601411004
 21
1141.158756676192
 31
0.0
  0
LINE
  5
5A0
102
{ACAD_REACTORS
330
59E
102
}
330
1F
100
AcDbEntity
  8
0
  6
CONTINUOUS
 62
     0
100
AcDbLine
 39
31.96927622246645
 10
3131.903903828616
 20
1141.908756676165
 30
0.0
 11
3145.109601411006
 21
1141.908756676192
 31
0.0
  0
LINE
  5
5A1
330
1F
100
AcDbEntity
  8
0
  6
CONTINUOUS
 62
     0
100
AcDbLine
 39
31.96927622246645
 10
3134.280126230726
 20
1144.908756676171
 30
0.0
 11
3134.430126230727
 21
1144.908756676171
 31
0.0
  0
LINE
  5
5A2
330
1F
100
AcDbEntity
  8
0
  6
CONTINUOUS
 62
     0
100
AcDbLine
 39
31.96927622246645
 10
3135.330126230725
 20
1144.908756676173
 30
0.0
 11
3142.55960141099
 21
1144.908756676187
 31
0.0
  0
LINE
  5
5A3
330
1F
100
AcDbEntity
  8
0
  6
CONTINUOUS
 62
     0
100
AcDbLine
 39
31.96927622246645
 10
3143.459601410991
 20
1144.908756676189
 30
0.0
 11
3143.609601410996
 21
1144.908756676189
 31
0.0
  0
LINE
  5
5A4
330
1F
100
AcDbEntity
  8
0
  6
CONTINUOUS
 62
     0
100
AcDbLine
 39
31.96927622246645
 10
3135.330126230725
 20
1145.058756676172
 30
0.0
 11
3142.55960141099
 21
1145.058756676188
 31
0.0
  0
LINE
  5
5A5
330
1F
100
AcDbEntity
  8
0
  6
CONTINUOUS
 62
     1
100
AcDbLine
 39
31.96927622246645
 10
3136.251269211701
 20
1145.958756676168
 30
0.0
 11
3138.901269211702
 21
1145.958756676178
 31
0.0
  0
LINE
  5
5A6
330
1F
100
AcDbEntity
  8
0
  6
CONTINUOUS
 62
     1
100
AcDbLine
 39
31.96927622246645
 10
3138.0012692117
 20
1146.208756676177
 30
0.0
 11
3138.901269211698
 21
1146.208756676178
 31
0.0
  0
LINE
  5
5A7
330
1F
100
AcDbEntity
  8
0
  6
CONTINUOUS
 62
     1
100
AcDbLine
 39
31.96927622246645
 10
3138.0012692117
 20
1146.458756676177
 30
0.0
 11
3138.901269211698
 21
1146.458756676178
 31
0.0
  0
LINE
  5
5A8
330
1F
100
AcDbEntity
  8
0
  6
CONTINUOUS
 62
     1
100
AcDbLine
 39
31.96927622246645
 10
3138.0012692117
 20
1146.708756676177
 30
0.0
 11
3138.901269211698
 21
1146.708756676178
 31
0.0
  0
LINE
  5
5A9
330
1F
100
AcDbEntity
  8
0
  6
CONTINUOUS
 62
     0
100
AcDbLine
 39
31.96927622246645
 10
3134.430126230721
 20
1147.998756676172
 30
0.0
 11
3137.101269211684
 21
1147.998756676179
 31
0.0
  0
LINE
  5
5AA
330
1F
100
AcDbEntity
  8
0
  6
CONTINUOUS
 62
     0
100
AcDbLine
 39
31.96927622246645
 10
3138.001269211696
 20
1147.998756676181
 30
0.0
 11
3138.901269211687
 21
1147.998756676183
 31
0.0
  0
LINE
  5
5AB
330
1F
100
AcDbEntity
  8
0
  6
CONTINUOUS
 62
     1
100
AcDbLine
 39
31.96927622246645
 10
3138.001269211699
 20
1146.978756676181
 30
0.0
 11
3138.901269211689
 21
1146.978756676182
 31
0.0
  0
LINE
  5
5AC
330
1F
100
AcDbEntity
  8
0
  6
CONTINUOUS
 62
     0
100
AcDbLine
 39
31.96927622246645
 10
3139.001269211689
 20
1147.998756676179
 30
0.0
 11
3139.90126921169
 21
1147.998756676181
 31
0.0
  0
LINE
  5
5AD
330
1F
100
AcDbEntity
  8
0
  6
CONTINUOUS
 62
     0
100
AcDbLine
 39
31.96927622246645
 10
3140.801269211699
 20
1147.998756676184
 30
0.0
 11
3143.459601410988
 21
1147.998756676189
 31
0.0
  0
LINE
  5
5AE
330
1F
100
AcDbEntity
  8
0
  6
CONTINUOUS
 62
     0
100
AcDbLine
 39
31.96927622246645
 10
3134.430126230721
 20
1148.098756676171
 30
0.0
 11
3137.101269211684
 21
1148.098756676179
 31
0.0
  0
LINE
  5
5AF
330
1F
100
AcDbEntity
  8
0
  6
CONTINUOUS
 62
     0
100
AcDbLine
 39
31.96927622246645
 10
3138.001269211692
 20
1148.098756676181
 30
0.0
 11
3138.901269211683
 21
1148.098756676183
 31
0.0
  0
LINE
  5
5B0
330
1F
100
AcDbEntity
  8
0
  6
CONTINUOUS
 62
     0
100
AcDbLine
 39
31.96927622246645
 10
3139.001269211685
 20
1148.098756676181
 30
0.0
 11
3139.901269211683
 21
1148.098756676181
 31
0.0
  0
LINE
  5
5B1
330
1F
100
AcDbEntity
  8
0
  6
CONTINUOUS
 62
     0
100
AcDbLine
 39
31.96927622246645
 10
3140.801269211688
 20
1148.098756676183
 30
0.0
 11
3143.459601410988
 21
1148.098756676189
 31
0.0
  0
LINE
  5
5B2
102
{ACAD_REACTORS
330
59E
330
6B2
102
}
330
1F
100
AcDbEntity
  8
0
  6
CONTINUOUS
 62
     0
100
AcDbLine
 39
31.96927622246645
 10
3145.109601411004
 20
1141.158756676192
 30
0.0
 11
3145.109601410961
 21
1164.158756676192
 31
0.0
  0
LINE
  5
5B3
330
1F
100
AcDbEntity
  8
0
  6
CONTINUOUS
 62
     0
100
AcDbLine
 39
31.96927622246645
 10
3143.609601410996
 20
1144.90875667619
 30
0.0
 11
3143.609601410988
 21
1150.89875667619
 31
0.0
  0
LINE
  5
5B4
330
1F
100
AcDbEntity
  8
0
  6
CONTINUOUS
 62
     0
100
AcDbLine
 39
31.96927622246645
 10
3143.609601410986
 20
1151.798756676189
 30
0.0
 11
3143.609601410983
 21
1153.71875667619
 31
0.0
  0
LINE
  5
5B5
330
1F
100
AcDbEntity
  8
0
  6
CONTINUOUS
 62
     0
100
AcDbLine
 39
31.96927622246645
 10
3143.609601410983
 20
1153.818756676191
 30
0.0
 11
3143.609601410978
 21
1155.838756676189
 31
0.0
  0
LINE
  5
5B6
330
1F
100
AcDbEntity
  8
0
  6
CONTINUOUS
 62
     0
100
AcDbLine
 39
31.96927622246645
 10
3142.559601410993
 20
1144.908756676176
 30
0.0
 11
3142.559601410993
 21
1145.058756676176
 31
0.0
  0
LINE
  5
5B7
330
1F
100
AcDbEntity
  8
0
  6
CONTINUOUS
 62
     0
100
AcDbLine
 39
31.96927622246645
 10
3143.459601410991
 20
1144.908756676189
 30
0.0
 11
3143.459601410992
 21
1147.99875667619
 31
0.0
  0
LINE
  5
5B8
330
1F
100
AcDbEntity
  8
0
  6
CONTINUOUS
 62
     0
100
AcDbLine
 39
31.96927622246645
 10
3143.459601410988
 20
1148.098756676189
 30
0.0
 11
3143.459601410983
 21
1150.79875667619
 31
0.0
  0
LINE
  5
5B9
330
1F
100
AcDbEntity
  8
0
  6
CONTINUOUS
 62
     0
100
AcDbLine
 39
31.96927622246645
 10
3143.459601410985
 20
1151.798756676189
 30
0.0
 11
3143.459601410985
 21
1153.718756676189
 31
0.0
  0
LINE
  5
5BA
330
1F
100
AcDbEntity
  8
0
  6
CONTINUOUS
 62
     0
100
AcDbLine
 39
31.96927622246645
 10
3143.459601410981
 20
1153.818756676191
 30
0.0
 11
3143.45960141098
 21
1155.838756676189
 31
0.0
  0
LINE
  5
5BB
330
1F
100
AcDbEntity
  8
0
  6
CONTINUOUS
 62
     0
100
AcDbLine
 39
31.96927622246645
 10
3140.459601410984
 20
1151.798756676183
 30
0.0
 11
3140.459601410979
 21
1155.838756676183
 31
0.0
  0
LINE
  5
5BC
330
1F
100
AcDbEntity
  8
0
  6
CONTINUOUS
 62
     0
100
AcDbLine
 39
31.96927622246645
 10
3140.359601410982
 20
1151.898756676183
 30
0.0
 11
3140.359601410986
 21
1153.21875667618
 31
0.0
  0
LINE
  5
5BD
330
1F
100
AcDbEntity
  8
0
  6
CONTINUOUS
 62
     0
100
AcDbLine
 39
31.96927622246645
 10
3140.359601410986
 20
1153.31875667618
 30
0.0
 11
3140.359601410984
 21
1154.21875667618
 31
0.0
  0
LINE
  5
5BE
330
1F
100
AcDbEntity
  8
0
  6
CONTINUOUS
 62
     0
100
AcDbLine
 39
31.96927622246645
 10
3140.359601410981
 20
1154.31875667618
 30
0.0
 11
3140.359601410984
 21
1155.738756676183
 31
0.0
  0
LINE
  5
5BF
330
1F
100
AcDbEntity
  8
0
  6
CONTINUOUS
 62
     0
100
AcDbLine
 39
31.96927622246645
 10
3139.159601410985
 20
1151.79875667618
 30
0.0
 11
3139.159601410989
 21
1153.218756676181
 31
0.0
  0
LINE
  5
5C0
330
1F
100
AcDbEntity
  8
0
  6
CONTINUOUS
 62
     0
100
AcDbLine
 39
31.96927622246645
 10
3139.909601410985
 20
1151.798756676178
 30
0.0
 11
3139.909601410981
 21
1151.898756676181
 31
0.0
  0
LINE
  5
5C1
330
1F
100
AcDbEntity
  8
0
  6
CONTINUOUS
 62
     0
100
AcDbLine
 39
31.96927622246645
 10
3139.159601410982
 20
1153.318756676181
 30
0.0
 11
3139.159601410984
 21
1154.21875667618
 31
0.0
  0
LINE
  5
5C2
330
1F
100
AcDbEntity
  8
0
  6
CONTINUOUS
 62
     0
100
AcDbLine
 39
31.96927622246645
 10
3139.159601410984
 20
1154.31875667618
 30
0.0
 11
3139.159601410984
 21
1155.83875667618
 31
0.0
  0
LINE
  5
5C3
330
1F
100
AcDbEntity
  8
0
  6
CONTINUOUS
 62
     0
100
AcDbLine
 39
31.96927622246645
 10
3139.909601410984
 20
1155.738756676182
 30
0.0
 11
3139.909601410984
 21
1155.83875667618
 31
0.0
  0
LINE
  5
5C4
330
1F
100
AcDbEntity
  8
0
  6
CONTINUOUS
 62
     0
100
AcDbLine
 39
31.96927622246645
 10
3139.059601410982
 20
1151.66875667618
 30
0.0
 11
3139.059601410981
 21
1155.868756676181
 31
0.0
  0
LINE
  5
5C5
102
{ACAD_REACTORS
330
59E
330
6AF
102
}
330
1F
100
AcDbEntity
  8
0
  6
CONTINUOUS
 62
     0
100
AcDbLine
 39
31.96927622246645
 10
3145.109601410961
 20
1164.158756676192
 30
0.0
 11
3123.859601410961
 21
1164.158756676149
 31
0.0
  0
LINE
  5
5C6
102
{ACAD_REACTORS
330
6AF
102
}
330
1F
100
AcDbEntity
  8
0
  6
CONTINUOUS
 62
     0
100
AcDbLine
 39
31.96927622246645
 10
3143.609601410961
 20
1162.658756676189
 30
0.0
 11
3134.280126230704
 21
1162.658756676171
 31
0.0
  0
LINE
  5
5C7
330
1F
100
AcDbEntity
  8
0
  6
CONTINUOUS
 62
     0
100
AcDbLine
 39
31.96927622246645
 10
3143.609601410957
 20
1162.508756676189
 30
0.0
 11
3134.280126230708
 21
1162.508756676171
 31
0.0
  0
LINE
  5
5C8
102
{ACAD_REACTORS
330
59E
102
}
330
1F
100
AcDbEntity
  8
0
  6
CONTINUOUS
 62
     0
100
AcDbLine
 39
31.96927622246645
 10
3123.859601410961
 20
1164.158756676149
 30
0.0
 11
3131.359601411004
 21
1141.158756676165
 31
0.0
  0
LINE
  5
5C9
102
{ACAD_REACTORS
330
59E
102
}
330
1F
100
AcDbEntity
  8
0
  6
CONTINUOUS
 62
     0
100
AcDbLine
 39
31.96927622246645
 10
3124.648469045966
 20
1164.158756676151
 30
0.0
 11
3131.903903828616
 21
1141.908756676165
 31
0.0
  0
LINE
  5
5CA
330
1F
100
AcDbEntity
  8
0
  6
CONTINUOUS
 62
     0
100
AcDbLine
 39
31.96927622246645
 10
3131.359601411012
 20
1139.21993373865
 30
0.0
 11
3145.109601411012
 21
1139.219933738677
 31
0.0
  0
LINE
  5
5CB
330
1F
100
AcDbEntity
  8
0
  6
CONTINUOUS
 62
     0
100
AcDbLine
 39
31.96927622246645
 10
3121.434382293752
 20
1164.158756676145
 30
0.0
 11
3128.934382293795
 21
1141.158756676159
 31
0.0
  0
LINE
  5
5CC
330
1F
100
AcDbEntity
  8
0
  6
CONTINUOUS
 62
     0
100
AcDbLine
 39
31.96927622246645
 10
3134.280126230718
 20
1150.79875667617
 30
0.0
 11
3137.262937012398
 21
1150.798756676176
 31
0.0
  0
LINE
  5
5CD
330
1F
100
AcDbEntity
  8
0
  6
CONTINUOUS
 62
     0
100
AcDbLine
 39
31.96927622246645
 10
3137.362937012396
 20
1150.798756676176
 30
0.0
 11
3138.362937012404
 21
1150.798756676179
 31
0.0
  0
LINE
  5
5CE
330
1F
100
AcDbEntity
  8
0
  6
CONTINUOUS
 62
     0
100
AcDbLine
 39
31.96927622246645
 10
3138.462937012402
 20
1150.798756676179
 30
0.0
 11
3139.439601411123
 21
1150.79875667618
 31
0.0
  0
LINE
  5
5CF
330
1F
100
AcDbEntity
  8
0
  6
CONTINUOUS
 62
     0
100
AcDbLine
 39
31.96927622246645
 10
3139.539601411117
 20
1150.798756676181
 30
0.0
 11
3140.539601411117
 21
1150.798756676184
 31
0.0
  0
LINE
  5
5D0
330
1F
100
AcDbEntity
  8
0
  6
CONTINUOUS
 62
     0
100
AcDbLine
 39
31.96927622246645
 10
3140.63960141112
 20
1150.798756676184
 30
0.0
 11
3143.459601410983
 21
1150.79875667619
 31
0.0
  0
LINE
  5
5D1
330
1F
100
AcDbEntity
  8
0
  6
CONTINUOUS
 62
     0
100
AcDbLine
 39
31.96927622246645
 10
3137.362937012393
 20
1148.998756676177
 30
0.0
 11
3137.612937012404
 21
1148.998756676178
 31
0.0
  0
LINE
  5
5D2
330
1F
100
AcDbEntity
  8
0
  6
CONTINUOUS
 62
     0
100
AcDbLine
 39
31.96927622246645
 10
3138.462937012402
 20
1148.998756676179
 30
0.0
 11
3139.439601411057
 21
1148.998756676181
 31
0.0
  0
LINE
  5
5D3
330
1F
100
AcDbEntity
  8
0
  6
CONTINUOUS
 62
     0
100
AcDbLine
 39
31.96927622246645
 10
3140.28960141107
 20
1148.998756676184
 30
0.0
 11
3140.539601411034
 21
1148.998756676183
 31
0.0
  0
LINE
  5
5D4
330
1F
100
AcDbEntity
  8
0
  6
CONTINUOUS
 62
     0
100
AcDbLine
 39
31.96927622246645
 10
3137.262937012409
 20
1148.898756676177
 30
0.0
 11
3137.612937012404
 21
1148.898756676179
 31
0.0
  0
LINE
  5
5D5
330
1F
100
AcDbEntity
  8
0
  6
CONTINUOUS
 62
     0
100
AcDbLine
 39
31.96927622246645
 10
3138.362937012407
 20
1148.89875667618
 30
0.0
 11
3139.539601411059
 21
1148.898756676182
 31
0.0
  0
LINE
  5
5D6
330
1F
100
AcDbEntity
  8
0
  6
CONTINUOUS
 62
     0
100
AcDbLine
 39
31.96927622246645
 10
3140.289601411059
 20
1148.898756676183
 30
0.0
 11
3140.639601411076
 21
1148.898756676183
 31
0.0
  0
LINE
  5
5D7
330
1F
100
AcDbEntity
  8
0
  6
CONTINUOUS
 62
     0
100
AcDbLine
 39
31.96927622246645
 10
3128.183514454464
 20
1150.898756676158
 30
0.0
 11
3145.109601410988
 21
1150.898756676192
 31
0.0
  0
LINE
  5
5D8
330
1F
100
AcDbEntity
  8
0
  6
CONTINUOUS
 62
     0
100
AcDbLine
 39
31.96927622246645
 10
3134.280126230722
 20
1151.798756676171
 30
0.0
 11
3134.430126230731
 21
1151.798756676171
 31
0.0
  0
LINE
  5
5D9
330
1F
100
AcDbEntity
  8
0
  6
CONTINUOUS
 62
     0
100
AcDbLine
 39
31.96927622246645
 10
3139.059601410982
 20
1151.798756676179
 30
0.0
 11
3139.159601410985
 21
1151.798756676179
 31
0.0
  0
LINE
  5
5DA
330
1F
100
AcDbEntity
  8
0
  6
CONTINUOUS
 62
     0
100
AcDbLine
 39
31.96927622246645
 10
3139.909601410985
 20
1151.798756676181
 30
0.0
 11
3140.459601410984
 21
1151.798756676183
 31
0.0
  0
LINE
  5
5DB
330
1F
100
AcDbEntity
  8
0
  6
CONTINUOUS
 62
     0
100
AcDbLine
 39
31.96927622246645
 10
3139.909601410981
 20
1151.898756676182
 30
0.0
 11
3140.359601410982
 21
1151.898756676183
 31
0.0
  0
LINE
  5
5DC
330
1F
100
AcDbEntity
  8
0
  6
CONTINUOUS
 62
     0
100
AcDbLine
 39
31.96927622246645
 10
3143.459601410985
 20
1151.798756676189
 30
0.0
 11
3143.60960141099
 21
1151.798756676189
 31
0.0
  0
LINE
  5
5DD
330
1F
100
AcDbEntity
  8
0
  6
CONTINUOUS
 62
     0
100
AcDbLine
 39
31.96927622246645
 10
3134.430126230731
 20
1153.71875667617
 30
0.0
 11
3139.059601410975
 21
1153.71875667618
 31
0.0
  0
LINE
  5
5DE
330
1F
100
AcDbEntity
  8
0
  6
CONTINUOUS
 62
     0
100
AcDbLine
 39
31.96927622246645
 10
3140.459601410984
 20
1153.718756676182
 30
0.0
 11
3143.459601410981
 21
1153.71875667619
 31
0.0
  0
LINE
  5
5DF
330
1F
100
AcDbEntity
  8
0
  6
CONTINUOUS
 62
     0
100
AcDbLine
 39
31.96927622246645
 10
3134.430126230731
 20
1153.818756676171
 30
0.0
 11
3139.059601410978
 21
1153.818756676181
 31
0.0
  0
LINE
  5
5E0
330
1F
100
AcDbEntity
  8
0
  6
CONTINUOUS
 62
     0
100
AcDbLine
 39
31.96927622246645
 10
3140.459601410983
 20
1153.818756676183
 30
0.0
 11
3143.459601410981
 21
1153.81875667619
 31
0.0
  0
LINE
  5
5E1
330
1F
100
AcDbEntity
  8
0
  6
CONTINUOUS
 62
     0
100
AcDbLine
 39
31.96927622246645
 10
3134.280126230716
 20
1156.638756676171
 30
0.0
 11
3143.609601410976
 21
1156.63875667619
 31
0.0
  0
LINE
  5
5E2
330
1F
100
AcDbEntity
  8
0
  6
CONTINUOUS
 62
     0
100
AcDbLine
 39
31.96927622246645
 10
3134.280126230712
 20
1156.738756676172
 30
0.0
 11
3143.609601410973
 21
1156.73875667619
 31
0.0
  0
LINE
  5
5E3
330
1F
100
AcDbEntity
  8
0
  6
CONTINUOUS
 62
     0
100
AcDbLine
 39
31.96927622246645
 10
3134.280126230718
 20
1155.838756676171
 30
0.0
 11
3134.43012623073
 21
1155.838756676171
 31
0.0
  0
LINE
  5
5E4
330
1F
100
AcDbEntity
  8
0
  6
CONTINUOUS
 62
     0
100
AcDbLine
 39
31.96927622246645
 10
3139.059601410978
 20
1155.83875667618
 30
0.0
 11
3139.159601410984
 21
1155.83875667618
 31
0.0
  0
LINE
  5
5E5
330
1F
100
AcDbEntity
  8
0
  6
CONTINUOUS
 62
     0
100
AcDbLine
 39
31.96927622246645
 10
3139.909601410984
 20
1155.838756676182
 30
0.0
 11
3140.459601410976
 21
1155.838756676183
 31
0.0
  0
LINE
  5
5E6
330
1F
100
AcDbEntity
  8
0
  6
CONTINUOUS
 62
     0
100
AcDbLine
 39
31.96927622246645
 10
3139.90960141098
 20
1155.738756676182
 30
0.0
 11
3140.359601410981
 21
1155.738756676183
 31
0.0
  0
LINE
  5
5E7
330
1F
100
AcDbEntity
  8
0
  6
CONTINUOUS
 62
     0
100
AcDbLine
 39
31.96927622246645
 10
3143.459601410977
 20
1155.838756676189
 30
0.0
 11
3143.609601410978
 21
1155.838756676189
 31
0.0
  0
LINE
  5
5E8
330
1F
100
AcDbEntity
  8
0
  6
CONTINUOUS
 62
     0
100
AcDbLine
 39
31.96927622246645
 10
3134.280126230722
 20
1144.908756676171
 30
0.0
 11
3134.280126230717
 21
1150.89875667617
 31
0.0
  0
LINE
  5
5E9
330
1F
100
AcDbEntity
  8
0
  6
CONTINUOUS
 62
     0
100
AcDbLine
 39
31.96927622246645
 10
3134.280126230726
 20
1151.798756676171
 30
0.0
 11
3134.280126230721
 21
1155.838756676172
 31
0.0
  0
LINE
  5
5EA
330
1F
100
AcDbEntity
  8
0
  6
CONTINUOUS
 62
     0
100
AcDbLine
 39
31.96927622246645
 10
3134.430126230724
 20
1144.908756676171
 30
0.0
 11
3134.430126230721
 21
1147.998756676172
 31
0.0
  0
LINE
  5
5EB
330
1F
100
AcDbEntity
  8
0
  6
CONTINUOUS
 62
     0
100
AcDbLine
 39
31.96927622246645
 10
3134.430126230717
 20
1148.098756676171
 30
0.0
 11
3134.430126230719
 21
1150.798756676171
 31
0.0
  0
LINE
  5
5EC
330
1F
100
AcDbEntity
  8
0
  6
CONTINUOUS
 62
     0
100
AcDbLine
 39
31.96927622246645
 10
3135.330126230725
 20
1144.908756676172
 30
0.0
 11
3135.330126230725
 21
1145.058756676173
 31
0.0
  0
LINE
  5
5ED
330
1F
100
AcDbEntity
  8
0
  6
CONTINUOUS
 62
     0
100
AcDbLine
 39
31.96927622246645
 10
3134.430126230731
 20
1151.798756676171
 30
0.0
 11
3134.430126230724
 21
1153.71875667617
 31
0.0
  0
LINE
  5
5EE
330
1F
100
AcDbEntity
  8
0
  6
CONTINUOUS
 62
     0
100
AcDbLine
 39
31.96927622246645
 10
3134.430126230731
 20
1153.818756676171
 30
0.0
 11
3134.43012623073
 21
1155.838756676171
 31
0.0
  0
LINE
  5
5EF
330
1F
100
AcDbEntity
  8
0
  6
CONTINUOUS
 62
     0
100
AcDbLine
 39
31.96927622246645
 10
3137.262937012405
 20
1148.898756676177
 30
0.0
 11
3137.262937012398
 21
1150.798756676176
 31
0.0
  0
LINE
  5
5F0
330
1F
100
AcDbEntity
  8
0
  6
CONTINUOUS
 62
     0
100
AcDbLine
 39
31.96927622246645
 10
3138.001269211692
 20
1147.99875667618
 30
0.0
 11
3138.001269211689
 21
1148.098756676181
 31
0.0
  0
LINE
  5
5F1
330
1F
100
AcDbEntity
  8
0
  6
CONTINUOUS
 62
     0
100
AcDbLine
 39
31.96927622246645
 10
3137.362937012396
 20
1148.998756676177
 30
0.0
 11
3137.362937012396
 21
1150.798756676176
 31
0.0
  0
LINE
  5
5F2
330
1F
100
AcDbEntity
  8
0
  6
CONTINUOUS
 62
     0
100
AcDbLine
 39
31.96927622246645
 10
3138.462937012402
 20
1148.99875667618
 30
0.0
 11
3138.462937012406
 21
1150.798756676179
 31
0.0
  0
LINE
  5
5F3
330
1F
100
AcDbEntity
  8
0
  6
CONTINUOUS
 62
     0
100
AcDbLine
 39
31.96927622246645
 10
3138.362937012407
 20
1148.89875667618
 30
0.0
 11
3138.362937012407
 21
1150.898756676177
 31
0.0
  0
LINE
  5
5F4
330
1F
100
AcDbEntity
  8
0
  6
CONTINUOUS
 62
     0
100
AcDbLine
 39
31.96927622246645
 10
3137.612937012407
 20
1148.89875667618
 30
0.0
 11
3137.612937012404
 21
1148.998756676178
 31
0.0
  0
LINE
  5
5F5
330
1F
100
AcDbEntity
  8
0
  6
CONTINUOUS
 62
     0
100
AcDbLine
 39
31.96927622246645
 10
3139.001269211687
 20
1148.898756676181
 30
0.0
 11
3139.001269211702
 21
1145.058756676181
 31
0.0
  0
LINE
  5
5F6
330
1F
100
AcDbEntity
  8
0
  6
CONTINUOUS
 62
     0
100
AcDbLine
 39
31.96927622246645
 10
3139.901269211683
 20
1148.098756676181
 30
0.0
 11
3139.90126921169
 21
1147.998756676181
 31
0.0
  0
LINE
  5
5F7
330
1F
100
AcDbEntity
  8
0
  6
CONTINUOUS
 62
     0
100
AcDbLine
 39
31.96927622246645
 10
3140.801269211684
 20
1148.098756676227
 30
0.0
 11
3140.801269211692
 21
1147.998756676227
 31
0.0
  0
LINE
  5
5F8
330
1F
100
AcDbEntity
  8
0
  6
CONTINUOUS
 62
     0
100
AcDbLine
 39
31.96927622246645
 10
3138.901269211688
 20
1148.898756676181
 30
0.0
 11
3138.901269211704
 21
1145.05875667618
 31
0.0
  0
LINE
  5
5F9
330
1F
100
AcDbEntity
  8
0
  6
CONTINUOUS
 62
     1
100
AcDbLine
 39
31.96927622246645
 10
3138.001269211689
 20
1147.998756676181
 30
0.0
 11
3138.001269211702
 21
1145.058756676177
 31
0.0
  0
LINE
  5
5FA
330
1F
100
AcDbEntity
  8
0
  6
CONTINUOUS
 62
     1
100
AcDbLine
 39
31.96927622246645
 10
3137.751269211697
 20
1145.958756676174
 30
0.0
 11
3137.751269211702
 21
1145.058756676175
 31
0.0
  0
LINE
  5
5FB
330
1F
100
AcDbEntity
  8
0
  6
CONTINUOUS
 62
     1
100
AcDbLine
 39
31.96927622246645
 10
3137.501269211701
 20
1145.958756676173
 30
0.0
 11
3137.501269211702
 21
1145.058756676174
 31
0.0
  0
LINE
  5
5FC
330
1F
100
AcDbEntity
  8
0
  6
CONTINUOUS
 62
     1
100
AcDbLine
 39
31.96927622246645
 10
3137.251269211697
 20
1145.958756676171
 30
0.0
 11
3137.251269211702
 21
1145.058756676173
 31
0.0
  0
LINE
  5
5FD
330
1F
100
AcDbEntity
  8
0
  6
CONTINUOUS
 62
     1
100
AcDbLine
 39
31.96927622246645
 10
3137.001269211701
 20
1145.95875667617
 30
0.0
 11
3137.001269211702
 21
1145.058756676172
 31
0.0
  0
LINE
  5
5FE
330
1F
100
AcDbEntity
  8
0
  6
CONTINUOUS
 62
     1
100
AcDbLine
 39
31.96927622246645
 10
3136.751269211701
 20
1145.95875667617
 30
0.0
 11
3136.751269211702
 21
1145.058756676172
 31
0.0
  0
LINE
  5
5FF
330
1F
100
AcDbEntity
  8
0
  6
CONTINUOUS
 62
     1
100
AcDbLine
 39
31.96927622246645
 10
3136.501269211701
 20
1145.958756676169
 30
0.0
 11
3136.501269211702
 21
1145.058756676171
 31
0.0
  0
LINE
  5
600
330
1F
100
AcDbEntity
  8
0
  6
CONTINUOUS
 62
     1
100
AcDbLine
 39
31.96927622246645
 10
3136.251269211701
 20
1145.958756676169
 30
0.0
 11
3136.251269211702
 21
1145.058756676171
 31
0.0
  0
LINE
  5
601
330
1F
100
AcDbEntity
  8
0
  6
CONTINUOUS
 62
     0
100
AcDbLine
 39
31.96927622246645
 10
3137.101269211684
 20
1148.098756676178
 30
0.0
 11
3137.101269211687
 21
1147.998756676179
 31
0.0
  0
LINE
  5
602
330
1F
100
AcDbEntity
  8
0
  6
CONTINUOUS
 62
     0
100
AcDbLine
 39
31.96927622246645
 10
3140.639601411032
 20
1148.898756676183
 30
0.0
 11
3140.639601411123
 21
1150.898756676102
 31
0.0
  0
LINE
  5
603
330
1F
100
AcDbEntity
  8
0
  6
CONTINUOUS
 62
     0
100
AcDbLine
 39
31.96927622246645
 10
3140.539601411037
 20
1148.998756676184
 30
0.0
 11
3140.539601411121
 21
1150.798756676184
 31
0.0
  0
LINE
  5
604
330
1F
100
AcDbEntity
  8
0
  6
CONTINUOUS
 62
     0
100
AcDbLine
 39
31.96927622246645
 10
3139.439601411057
 20
1148.998756676181
 30
0.0
 11
3139.439601411119
 21
1150.79875667618
 31
0.0
  0
LINE
  5
605
330
1F
100
AcDbEntity
  8
0
  6
CONTINUOUS
 62
     0
100
AcDbLine
 39
31.96927622246645
 10
3139.539601411059
 20
1148.898756676182
 30
0.0
 11
3139.539601411121
 21
1150.898756676157
 31
0.0
  0
LINE
  5
606
330
1F
100
AcDbEntity
  8
0
  6
CONTINUOUS
 62
     0
100
AcDbLine
 39
31.96927622246645
 10
3140.289601411059
 20
1148.898756676159
 30
0.0
 11
3140.289601411067
 21
1148.998756676183
 31
0.0
  0
LINE
  5
607
330
1F
100
AcDbEntity
  8
0
  6
CONTINUOUS
 62
     1
100
AcDbLine
 39
31.96927622246645
 10
3138.462937012406
 20
1150.798756676179
 30
0.0
 11
3139.439601411061
 21
1148.998756676181
 31
0.0
  0
LINE
  5
608
330
1F
100
AcDbEntity
  8
0
  6
CONTINUOUS
 62
     1
100
AcDbLine
 39
31.96927622246645
 10
3138.462937012402
 20
1148.998756676179
 30
0.0
 11
3139.439601411115
 21
1150.79875667618
 31
0.0
  0
LINE
  5
609
330
1F
100
AcDbEntity
  8
0
  6
CONTINUOUS
 62
     0
100
AcDbLine
 39
31.96927622246645
 10
3139.159601410985
 20
1153.318756676181
 30
0.0
 11
3140.359601410983
 21
1153.31875667618
 31
0.0
  0
LINE
  5
60A
330
1F
100
AcDbEntity
  8
0
  6
CONTINUOUS
 62
     0
100
AcDbLine
 39
31.96927622246645
 10
3139.059601410983
 20
1153.21875667618
 30
0.0
 11
3140.459601410981
 21
1153.21875667618
 31
0.0
  0
LINE
  5
60B
330
1F
100
AcDbEntity
  8
0
  6
CONTINUOUS
 62
     0
100
AcDbLine
 39
31.96927622246645
 10
3139.159601410984
 20
1154.21875667618
 30
0.0
 11
3140.359601410984
 21
1154.21875667618
 31
0.0
  0
LINE
  5
60C
330
1F
100
AcDbEntity
  8
0
  6
CONTINUOUS
 62
     0
100
AcDbLine
 39
31.96927622246645
 10
3139.059601410978
 20
1154.31875667618
 30
0.0
 11
3140.459601410983
 21
1154.31875667618
 31
0.0
  0
LINE
  5
60D
330
1F
100
AcDbEntity
  8
0
  6
CONTINUOUS
 62
     0
100
AcDbLine
 39
31.96927622246645
 10
3139.159601410987
 20
1154.21875667618
 30
0.0
 11
3140.359601410983
 21
1153.31875667618
 31
0.0
  0
LINE
  5
60E
330
1F
100
AcDbEntity
  8
0
  6
CONTINUOUS
 62
     0
100
AcDbLine
 39
31.96927622246645
 10
3139.159601410982
 20
1153.318756676181
 30
0.0
 11
3140.359601410984
 21
1154.21875667618
 31
0.0
  0
LINE
  5
60F
330
1F
100
AcDbEntity
  8
0
  6
CONTINUOUS
 62
     1
100
AcDbLine
 39
31.96927622246645
 10
3134.430126230724
 20
1144.908756676171
 30
0.0
 11
3135.330126230725
 21
1144.908756676172
 31
0.0
  0
LINE
  5
610
330
1F
100
AcDbEntity
  8
0
  6
CONTINUOUS
 62
     1
100
AcDbLine
 39
31.96927622246645
 10
3142.559601410993
 20
1144.908756676176
 30
0.0
 11
3143.459601410991
 21
1144.908756676176
 31
0.0
  0
LINE
  5
611
330
1F
100
AcDbEntity
  8
0
  6
CONTINUOUS
 62
     1
100
AcDbLine
 39
31.96927622246645
 10
3138.001269211701
 20
1145.958756676176
 30
0.0
 11
3138.901269211708
 21
1145.058756676179
 31
0.0
  0
LINE
  5
612
330
1F
100
AcDbEntity
  8
0
  6
CONTINUOUS
 62
     1
100
AcDbLine
 39
31.96927622246645
 10
3141.65126921208
 20
1145.958756676444
 30
0.0
 11
3139.001269212079
 21
1145.958756676184
 31
0.0
  0
LINE
  5
613
330
1F
100
AcDbEntity
  8
0
  6
CONTINUOUS
 62
     1
100
AcDbLine
 39
31.96927622246645
 10
3139.901269212054
 20
1146.208756676274
 30
0.0
 11
3139.001269212056
 21
1146.208756676184
 31
0.0
  0
LINE
  5
614
330
1F
100
AcDbEntity
  8
0
  6
CONTINUOUS
 62
     1
100
AcDbLine
 39
31.96927622246645
 10
3139.901269212029
 20
1146.458756676274
 30
0.0
 11
3139.001269212031
 21
1146.458756676184
 31
0.0
  0
LINE
  5
615
330
1F
100
AcDbEntity
  8
0
  6
CONTINUOUS
 62
     1
100
AcDbLine
 39
31.96927622246645
 10
3139.901269212003
 20
1146.708756676274
 30
0.0
 11
3139.001269212005
 21
1146.708756676184
 31
0.0
  0
LINE
  5
616
330
1F
100
AcDbEntity
  8
0
  6
CONTINUOUS
 62
     1
100
AcDbLine
 39
31.96927622246645
 10
3139.901269211977
 20
1146.978756676278
 30
0.0
 11
3139.001269211986
 21
1146.978756676188
 31
0.0
  0
LINE
  5
617
330
1F
100
AcDbEntity
  8
0
  6
CONTINUOUS
 62
     1
100
AcDbLine
 39
31.96927622246645
 10
3139.901269211894
 20
1147.998756676277
 30
0.0
 11
3139.90126921217
 21
1145.058756676273
 31
0.0
  0
LINE
  5
618
330
1F
100
AcDbEntity
  8
0
  6
CONTINUOUS
 62
     1
100
AcDbLine
 39
31.96927622246645
 10
3140.151269212084
 20
1145.958756676296
 30
0.0
 11
3140.15126921217
 21
1145.058756676298
 31
0.0
  0
LINE
  5
619
330
1F
100
AcDbEntity
  8
0
  6
CONTINUOUS
 62
     1
100
AcDbLine
 39
31.96927622246645
 10
3140.40126921208
 20
1145.95875667632
 30
0.0
 11
3140.40126921217
 21
1145.058756676322
 31
0.0
  0
LINE
  5
61A
330
1F
100
AcDbEntity
  8
0
  6
CONTINUOUS
 62
     1
100
AcDbLine
 39
31.96927622246645
 10
3140.651269212084
 20
1145.958756676345
 30
0.0
 11
3140.65126921217
 21
1145.058756676347
 31
0.0
  0
LINE
  5
61B
330
1F
100
AcDbEntity
  8
0
  6
CONTINUOUS
 62
     1
100
AcDbLine
 39
31.96927622246645
 10
3140.90126921208
 20
1145.958756676369
 30
0.0
 11
3140.90126921217
 21
1145.058756676372
 31
0.0
  0
LINE
  5
61C
330
1F
100
AcDbEntity
  8
0
  6
CONTINUOUS
 62
     1
100
AcDbLine
 39
31.96927622246645
 10
3141.15126921208
 20
1145.958756676395
 30
0.0
 11
3141.15126921217
 21
1145.058756676397
 31
0.0
  0
LINE
  5
61D
330
1F
100
AcDbEntity
  8
0
  6
CONTINUOUS
 62
     1
100
AcDbLine
 39
31.96927622246645
 10
3141.40126921208
 20
1145.958756676419
 30
0.0
 11
3141.40126921217
 21
1145.058756676422
 31
0.0
  0
LINE
  5
61E
330
1F
100
AcDbEntity
  8
0
  6
CONTINUOUS
 62
     1
100
AcDbLine
 39
31.96927622246645
 10
3141.65126921208
 20
1145.958756676444
 30
0.0
 11
3141.65126921217
 21
1145.058756676446
 31
0.0
  0
LINE
  5
61F
330
1F
100
AcDbEntity
  8
0
  6
CONTINUOUS
 62
     1
100
AcDbLine
 39
31.96927622246645
 10
3139.90126921208
 20
1145.958756676272
 30
0.0
 11
3139.001269212165
 21
1145.058756676184
 31
0.0
  0
LINE
  5
620
330
1F
100
AcDbEntity
  8
0
  6
CONTINUOUS
 62
     0
100
AcDbLine
 39
31.96927622246645
 10
3137.612937012411
 20
1148.898756676179
 30
0.0
 11
3138.362937012411
 21
1148.898756676179
 31
0.0
  0
LINE
  5
621
330
1F
100
AcDbEntity
  8
0
  6
CONTINUOUS
 62
     0
100
AcDbLine
 39
31.96927622246645
 10
3139.539601411063
 20
1148.898756676182
 30
0.0
 11
3140.289601411063
 21
1148.898756676184
 31
0.0
  0
MTEXT
  5
622
102
{ACAD_XDICTIONARY
360
623
102
}
330
1F
100
AcDbEntity
  8
TEXT_
  6
CONTINUOUS
100
AcDbMText
 10
3135.976950487738
 20
1146.514738758576
 30
0.0
 40
0.2
 41
2.916562127719658
 71
     8
 72
     5
  1
LIVING\P4.47X2.94\P14'8''X9'7''
  7
AN
1001
ACAD
1000
ACAD_MTEXT_DEFINED_HEIGHT_BEGIN
1070
    46
1040
0.7843769667153234
1000
ACAD_MTEXT_DEFINED_HEIGHT_END
  0
MTEXT
  5
624
102
{ACAD_XDICTIONARY
360
625
102
}
330
1F
100
AcDbEntity
  8
TEXT_
  6
CONTINUOUS
100
AcDbMText
 10
3141.468084579968
 20
1146.514738758588
 30
0.0
 40
0.2
 41
2.483751346042027
 71
     8
 72
     5
  1
LIVING\P4.46X2.94\P14'8''X9'7''
  7
AN
1001
ACAD
1000
ACAD_MTEXT_DEFINED_HEIGHT_BEGIN
1070
    46
1040
0.7843769667153234
1000
ACAD_MTEXT_DEFINED_HEIGHT_END
  0
MTEXT
  5
626
102
{ACAD_XDICTIONARY
360
627
102
}
330
1F
100
AcDbEntity
  8
TEXT_
  6
CONTINUOUS
100
AcDbMText
 10
3135.983617403836
 20
1148.891286334328
 30
0.0
 40
0.2
 41
2.916562127719658
 71
     8
 72
     5
  1
KITCHEN\P2.83X2.70\P9'3''X9'0''
  7
AN
1001
ACAD
1000
ACAD_MTEXT_DEFINED_HEIGHT_BEGIN
1070
    46
1040
0.7843769667153234
1000
ACAD_MTEXT_DEFINED_HEIGHT_END
  0
MTEXT
  5
628
102
{ACAD_XDICTIONARY
360
629
102
}
330
1F
100
AcDbEntity
  8
TEXT_
  6
CONTINUOUS
100
AcDbMText
 10
3137.866663493557
 20
1149.515187063922
 30
0.0
 40
0.16
 41
2.483751346042027
 71
     8
 72
     5
  1
TOILET\P1.00X1.80\P3'3''X6'0''
  7
AN
1001
ACAD
1000
ACAD_MTEXT_DEFINED_HEIGHT_BEGIN
1070
    46
1040
0.7843769667153234
1000
ACAD_MTEXT_DEFINED_HEIGHT_END
  0
MTEXT
  5
62A
102
{ACAD_XDICTIONARY
360
62B
102
}
330
1F
100
AcDbEntity
  8
TEXT_
  6
CONTINUOUS
100
AcDbMText
 10
3140.086924339844
 20
1149.515187063927
 30
0.0
 40
0.16
 41
2.483751346042027
 71
     8
 72
     5
  1
TOILET\P1.00X1.80\P3'3''X6'0''
  7
AN
1001
ACAD
1000
ACAD_MTEXT_DEFINED_HEIGHT_BEGIN
1070
    46
1040
0.7843769667153234
1000
ACAD_MTEXT_DEFINED_HEIGHT_END
  0
LINE
  5
62C
330
1F
100
AcDbEntity
  8
0
  6
CONTINUOUS
 62
     0
100
AcDbLine
 39
31.96927622246645
 10
3143.609601410993
 20
1151.798756676189
 30
0.0
 11
3143.609601410992
 21
1150.89875667619
 31
0.0
  0
MTEXT
  5
62D
102
{ACAD_XDICTIONARY
360
62E
102
}
330
1F
100
AcDbEntity
  8
TEXT_
  6
CONTINUOUS
100
AcDbMText
 10
3139.732140472121
 20
1152.254316948298
 30
0.0
 40
0.16
 41
2.483751346042027
 71
     8
 72
     5
  1
TOILET\P1.20X1.42\P4'0''X4'6''
  7
AN
1001
ACAD
1000
ACAD_MTEXT_DEFINED_HEIGHT_BEGIN
1070
    46
1040
0.7843769667153234
1000
ACAD_MTEXT_DEFINED_HEIGHT_END
  0
LINE
  5
62F
330
1F
100
AcDbEntity
  8
0
  6
CONTINUOUS
 62
     0
100
AcDbLine
 39
31.96927622246645
 10
3134.280126230721
 20
1155.838756676172
 30
0.0
 11
3134.280126230712
 21
1156.638756676171
 31
0.0
  0
LINE
  5
630
102
{ACAD_REACTORS
330
6B2
102
}
330
1F
100
AcDbEntity
  8
0
  6
CONTINUOUS
 62
     0
100
AcDbLine
 39
31.96927622246645
 10
3143.609601410982
 20
1155.838756676189
 30
0.0
 11
3143.60960141098
 21
1156.638756676189
 31
0.0
  0
LINE
  5
631
330
1F
100
AcDbEntity
  8
0
  6
CONTINUOUS
 62
     0
100
AcDbLine
 39
31.96927622246645
 10
3143.609601410983
 20
1153.71875667619
 30
0.0
 11
3143.609601410986
 21
1153.81875667619
 31
0.0
  0
LINE
  5
632
330
1F
100
AcDbEntity
  8
0
  6
CONTINUOUS
 62
     0
100
AcDbLine
 39
31.96927622246645
 10
3143.609601410983
 20
1153.76875667619
 30
0.0
 11
3145.109601410983
 21
1153.768756676192
 31
0.0
  0
LINE
  5
633
330
1F
100
AcDbEntity
  8
0
  6
CONTINUOUS
 62
     0
100
AcDbLine
 39
31.96927622246645
 10
3143.60960141098
 20
1156.63875667619
 30
0.0
 11
3143.609601410973
 21
1156.73875667619
 31
0.0
  0
LINE
  5
634
330
1F
100
AcDbEntity
  8
0
  6
CONTINUOUS
 62
     0
100
AcDbLine
 39
31.96927622246645
 10
3143.60960141098
 20
1156.68875667619
 30
0.0
 11
3145.109601410983
 21
1156.688756676192
 31
0.0
  0
MTEXT
  5
635
102
{ACAD_XDICTIONARY
360
636
102
}
330
1F
100
AcDbEntity
  8
TEXT_
  6
CONTINUOUS
100
AcDbMText
 10
3139.732140472115
 20
1154.724141111141
 30
0.0
 40
0.16
 41
2.483751346042027
 71
     8
 72
     5
  1
TOILET\P1.20X1.42\P4'0''X4'6''
  7
AN
1001
ACAD
1000
ACAD_MTEXT_DEFINED_HEIGHT_BEGIN
1070
    46
1040
0.7843769667153234
1000
ACAD_MTEXT_DEFINED_HEIGHT_END
  0
LINE
  5
637
330
1F
100
AcDbEntity
  8
0
  6
CONTINUOUS
 62
     0
100
AcDbLine
 39
31.96927622246645
 10
3139.159601410987
 20
1155.83875667618
 30
0.0
 11
3139.909601410987
 21
1155.838756676191
 31
0.0
  0
LINE
  5
638
330
1F
100
AcDbEntity
  8
0
  6
CONTINUOUS
 62
     0
100
AcDbLine
 39
31.96927622246645
 10
3139.159601410988
 20
1151.798756676179
 30
0.0
 11
3139.909601410988
 21
1151.79875667619
 31
0.0
  0
LINE
  5
639
330
1F
100
AcDbEntity
  8
0
  6
CONTINUOUS
 62
     0
100
AcDbLine
 39
31.96927622246645
 10
3143.609601410963
 20
1157.63875667619
 30
0.0
 11
3143.609601410963
 21
1159.55875667619
 31
0.0
  0
LINE
  5
63A
330
1F
100
AcDbEntity
  8
0
  6
CONTINUOUS
 62
     0
100
AcDbLine
 39
31.96927622246645
 10
3143.609601410959
 20
1159.658756676191
 30
0.0
 11
3143.609601410955
 21
1161.67875667619
 31
0.0
  0
LINE
  5
63B
330
1F
100
AcDbEntity
  8
0
  6
CONTINUOUS
 62
     0
100
AcDbLine
 39
31.96927622246645
 10
3143.459601410962
 20
1157.63875667619
 30
0.0
 11
3143.459601410965
 21
1159.558756676189
 31
0.0
  0
LINE
  5
63C
330
1F
100
AcDbEntity
  8
0
  6
CONTINUOUS
 62
     0
100
AcDbLine
 39
31.96927622246645
 10
3143.459601410957
 20
1159.658756676191
 30
0.0
 11
3143.459601410957
 21
1161.67875667619
 31
0.0
  0
LINE
  5
63D
330
1F
100
AcDbEntity
  8
0
  6
CONTINUOUS
 62
     0
100
AcDbLine
 39
31.96927622246645
 10
3140.459601410961
 20
1157.638756676183
 30
0.0
 11
3140.459601410957
 21
1161.678756676183
 31
0.0
  0
LINE
  5
63E
330
1F
100
AcDbEntity
  8
0
  6
CONTINUOUS
 62
     0
100
AcDbLine
 39
31.96927622246645
 10
3140.359601410963
 20
1157.738756676183
 30
0.0
 11
3140.359601410963
 21
1159.058756676181
 31
0.0
  0
LINE
  5
63F
330
1F
100
AcDbEntity
  8
0
  6
CONTINUOUS
 62
     0
100
AcDbLine
 39
31.96927622246645
 10
3140.359601410966
 20
1159.15875667618
 30
0.0
 11
3140.359601410964
 21
1160.05875667618
 31
0.0
  0
LINE
  5
640
330
1F
100
AcDbEntity
  8
0
  6
CONTINUOUS
 62
     0
100
AcDbLine
 39
31.96927622246645
 10
3140.359601410961
 20
1160.15875667618
 30
0.0
 11
3140.359601410965
 21
1161.578756676183
 31
0.0
  0
LINE
  5
641
330
1F
100
AcDbEntity
  8
0
  6
CONTINUOUS
 62
     0
100
AcDbLine
 39
31.96927622246645
 10
3139.159601410962
 20
1157.63875667618
 30
0.0
 11
3139.159601410966
 21
1159.058756676181
 31
0.0
  0
LINE
  5
642
330
1F
100
AcDbEntity
  8
0
  6
CONTINUOUS
 62
     0
100
AcDbLine
 39
31.96927622246645
 10
3139.909601410962
 20
1157.638756676178
 30
0.0
 11
3139.909601410962
 21
1157.738756676181
 31
0.0
  0
LINE
  5
643
330
1F
100
AcDbEntity
  8
0
  6
CONTINUOUS
 62
     0
100
AcDbLine
 39
31.96927622246645
 10
3139.159601410962
 20
1159.158756676181
 30
0.0
 11
3139.159601410964
 21
1160.058756676181
 31
0.0
  0
LINE
  5
644
330
1F
100
AcDbEntity
  8
0
  6
CONTINUOUS
 62
     0
100
AcDbLine
 39
31.96927622246645
 10
3139.159601410964
 20
1160.15875667618
 30
0.0
 11
3139.159601410961
 21
1161.67875667618
 31
0.0
  0
LINE
  5
645
330
1F
100
AcDbEntity
  8
0
  6
CONTINUOUS
 62
     0
100
AcDbLine
 39
31.96927622246645
 10
3139.909601410965
 20
1161.578756676182
 30
0.0
 11
3139.909601410961
 21
1161.67875667618
 31
0.0
  0
LINE
  5
646
330
1F
100
AcDbEntity
  8
0
  6
CONTINUOUS
 62
     0
100
AcDbLine
 39
31.96927622246645
 10
3139.059601410963
 20
1157.50875667618
 30
0.0
 11
3139.059601410959
 21
1161.708756676181
 31
0.0
  0
LINE
  5
647
330
1F
100
AcDbEntity
  8
0
  6
CONTINUOUS
 62
     1
100
AcDbLine
 39
31.96927622246645
 10
3138.159601410962
 20
1157.508756676179
 30
0.0
 11
3138.159601410962
 21
1159.558756676179
 31
0.0
  0
LINE
  5
648
330
1F
100
AcDbEntity
  8
0
  6
CONTINUOUS
 62
     1
100
AcDbLine
 39
31.96927622246645
 10
3137.92960141096
 20
1158.658756676178
 30
0.0
 11
3137.929601410962
 21
1159.558756676179
 31
0.0
  0
LINE
  5
649
330
1F
100
AcDbEntity
  8
0
  6
CONTINUOUS
 62
     1
100
AcDbLine
 39
31.96927622246645
 10
3137.699601410961
 20
1158.658756676178
 30
0.0
 11
3137.699601410963
 21
1159.558756676179
 31
0.0
  0
LINE
  5
64A
330
1F
100
AcDbEntity
  8
0
  6
CONTINUOUS
 62
     1
100
AcDbLine
 39
31.96927622246645
 10
3137.469601410961
 20
1158.658756676179
 30
0.0
 11
3137.469601410963
 21
1159.55875667618
 31
0.0
  0
LINE
  5
64B
330
1F
100
AcDbEntity
  8
0
  6
CONTINUOUS
 62
     1
100
AcDbLine
 39
31.96927622246645
 10
3137.239601410962
 20
1158.658756676179
 30
0.0
 11
3137.239601410964
 21
1159.55875667618
 31
0.0
  0
LINE
  5
64C
330
1F
100
AcDbEntity
  8
0
  6
CONTINUOUS
 62
     1
100
AcDbLine
 39
31.96927622246645
 10
3137.009601410962
 20
1158.658756676179
 30
0.0
 11
3137.009601410964
 21
1159.55875667618
 31
0.0
  0
LINE
  5
64D
330
1F
100
AcDbEntity
  8
0
  6
CONTINUOUS
 62
     1
100
AcDbLine
 39
31.96927622246645
 10
3136.779601410963
 20
1158.658756676179
 30
0.0
 11
3136.779601410964
 21
1159.55875667618
 31
0.0
  0
LINE
  5
64E
330
1F
100
AcDbEntity
  8
0
  6
CONTINUOUS
 62
     0
100
AcDbLine
 39
31.96927622246645
 10
3134.280126230699
 20
1157.638756676171
 30
0.0
 11
3134.430126230708
 21
1157.638756676171
 31
0.0
  0
LINE
  5
64F
330
1F
100
AcDbEntity
  8
0
  6
CONTINUOUS
 62
     0
100
AcDbLine
 39
31.96927622246645
 10
3139.05960141096
 20
1157.63875667618
 30
0.0
 11
3139.159601410962
 21
1157.63875667618
 31
0.0
  0
LINE
  5
650
330
1F
100
AcDbEntity
  8
0
  6
CONTINUOUS
 62
     0
100
AcDbLine
 39
31.96927622246645
 10
3139.909601410962
 20
1157.638756676181
 30
0.0
 11
3140.459601410961
 21
1157.638756676183
 31
0.0
  0
LINE
  5
651
330
1F
100
AcDbEntity
  8
0
  6
CONTINUOUS
 62
     0
100
AcDbLine
 39
31.96927622246645
 10
3139.909601410962
 20
1157.738756676182
 30
0.0
 11
3140.359601410963
 21
1157.738756676183
 31
0.0
  0
LINE
  5
652
330
1F
100
AcDbEntity
  8
0
  6
CONTINUOUS
 62
     0
100
AcDbLine
 39
31.96927622246645
 10
3143.459601410962
 20
1157.63875667619
 30
0.0
 11
3143.609601410967
 21
1157.63875667619
 31
0.0
  0
LINE
  5
653
330
1F
100
AcDbEntity
  8
0
  6
CONTINUOUS
 62
     0
100
AcDbLine
 39
31.96927622246645
 10
3134.430126230712
 20
1159.558756676171
 30
0.0
 11
3139.059601410956
 21
1159.558756676181
 31
0.0
  0
LINE
  5
654
330
1F
100
AcDbEntity
  8
0
  6
CONTINUOUS
 62
     1
100
AcDbLine
 39
31.96927622246645
 10
3136.549601410967
 20
1158.658756676182
 30
0.0
 11
3139.059601410958
 21
1158.65875667618
 31
0.0
  0
LINE
  5
655
330
1F
100
AcDbEntity
  8
0
  6
CONTINUOUS
 62
     1
100
AcDbLine
 39
31.96927622246645
 10
3138.159601410964
 20
1158.428756676179
 30
0.0
 11
3139.059601410958
 21
1158.42875667618
 31
0.0
  0
LINE
  5
656
330
1F
100
AcDbEntity
  8
0
  6
CONTINUOUS
 62
     1
100
AcDbLine
 39
31.96927622246645
 10
3138.159601410961
 20
1158.198756676178
 30
0.0
 11
3139.059601410955
 21
1158.19875667618
 31
0.0
  0
LINE
  5
657
330
1F
100
AcDbEntity
  8
0
  6
CONTINUOUS
 62
     1
100
AcDbLine
 39
31.96927622246645
 10
3138.159601410961
 20
1157.968756676179
 30
0.0
 11
3139.059601410955
 21
1157.96875667618
 31
0.0
  0
LINE
  5
658
330
1F
100
AcDbEntity
  8
0
  6
CONTINUOUS
 62
     1
100
AcDbLine
 39
31.96927622246645
 10
3138.159601410962
 20
1157.738756676178
 30
0.0
 11
3139.059601410956
 21
1157.73875667618
 31
0.0
  0
LINE
  5
659
330
1F
100
AcDbEntity
  8
0
  6
CONTINUOUS
 62
     1
100
AcDbLine
 39
31.96927622246645
 10
3138.159601410962
 20
1157.508756676179
 30
0.0
 11
3139.059601410956
 21
1157.50875667618
 31
0.0
  0
LINE
  5
65A
330
1F
100
AcDbEntity
  8
0
  6
CONTINUOUS
 62
     0
100
AcDbLine
 39
31.96927622246645
 10
3140.459601410965
 20
1159.558756676182
 30
0.0
 11
3143.459601410961
 21
1159.55875667619
 31
0.0
  0
LINE
  5
65B
330
1F
100
AcDbEntity
  8
0
  6
CONTINUOUS
 62
     0
100
AcDbLine
 39
31.96927622246645
 10
3134.430126230707
 20
1159.658756676171
 30
0.0
 11
3139.059601410956
 21
1159.658756676181
 31
0.0
  0
LINE
  5
65C
330
1F
100
AcDbEntity
  8
0
  6
CONTINUOUS
 62
     0
100
AcDbLine
 39
31.96927622246645
 10
3140.459601410961
 20
1159.658756676183
 30
0.0
 11
3143.459601410957
 21
1159.65875667619
 31
0.0
  0
LINE
  5
65D
330
1F
100
AcDbEntity
  8
0
  6
CONTINUOUS
 62
     0
100
AcDbLine
 39
31.96927622246645
 10
3134.280126230695
 20
1161.678756676171
 30
0.0
 11
3134.430126230707
 21
1161.678756676171
 31
0.0
  0
LINE
  5
65E
330
1F
100
AcDbEntity
  8
0
  6
CONTINUOUS
 62
     0
100
AcDbLine
 39
31.96927622246645
 10
3139.059601410955
 20
1161.67875667618
 30
0.0
 11
3139.159601410961
 21
1161.67875667618
 31
0.0
  0
LINE
  5
65F
330
1F
100
AcDbEntity
  8
0
  6
CONTINUOUS
 62
     0
100
AcDbLine
 39
31.96927622246645
 10
3139.909601410961
 20
1161.678756676182
 30
0.0
 11
3140.459601410953
 21
1161.678756676183
 31
0.0
  0
LINE
  5
660
330
1F
100
AcDbEntity
  8
0
  6
CONTINUOUS
 62
     0
100
AcDbLine
 39
31.96927622246645
 10
3139.909601410961
 20
1161.578756676182
 30
0.0
 11
3140.359601410962
 21
1161.578756676183
 31
0.0
  0
LINE
  5
661
330
1F
100
AcDbEntity
  8
0
  6
CONTINUOUS
 62
     0
100
AcDbLine
 39
31.96927622246645
 10
3143.459601410954
 20
1161.67875667619
 30
0.0
 11
3143.609601410955
 21
1161.67875667619
 31
0.0
  0
LINE
  5
662
330
1F
100
AcDbEntity
  8
0
  6
CONTINUOUS
 62
     0
100
AcDbLine
 39
31.96927622246645
 10
3134.280126230703
 20
1157.638756676171
 30
0.0
 11
3134.280126230698
 21
1161.678756676172
 31
0.0
  0
LINE
  5
663
330
1F
100
AcDbEntity
  8
0
  6
CONTINUOUS
 62
     0
100
AcDbLine
 39
31.96927622246645
 10
3134.430126230708
 20
1157.638756676171
 30
0.0
 11
3134.430126230704
 21
1159.558756676171
 31
0.0
  0
LINE
  5
664
330
1F
100
AcDbEntity
  8
0
  6
CONTINUOUS
 62
     0
100
AcDbLine
 39
31.96927622246645
 10
3134.430126230707
 20
1159.658756676171
 30
0.0
 11
3134.430126230707
 21
1161.678756676171
 31
0.0
  0
LINE
  5
665
330
1F
100
AcDbEntity
  8
0
  6
CONTINUOUS
 62
     0
100
AcDbLine
 39
31.96927622246645
 10
3139.159601410965
 20
1159.158756676181
 30
0.0
 11
3140.359601410963
 21
1159.15875667618
 31
0.0
  0
LINE
  5
666
330
1F
100
AcDbEntity
  8
0
  6
CONTINUOUS
 62
     0
100
AcDbLine
 39
31.96927622246645
 10
3139.059601410961
 20
1159.058756676181
 30
0.0
 11
3140.459601410958
 21
1159.058756676181
 31
0.0
  0
LINE
  5
667
330
1F
100
AcDbEntity
  8
0
  6
CONTINUOUS
 62
     0
100
AcDbLine
 39
31.96927622246645
 10
3139.159601410964
 20
1160.058756676181
 30
0.0
 11
3140.359601410964
 21
1160.05875667618
 31
0.0
  0
LINE
  5
668
330
1F
100
AcDbEntity
  8
0
  6
CONTINUOUS
 62
     0
100
AcDbLine
 39
31.96927622246645
 10
3139.059601410958
 20
1160.15875667618
 30
0.0
 11
3140.459601410963
 21
1160.15875667618
 31
0.0
  0
LINE
  5
669
330
1F
100
AcDbEntity
  8
0
  6
CONTINUOUS
 62
     0
100
AcDbLine
 39
31.96927622246645
 10
3139.159601410967
 20
1160.058756676181
 30
0.0
 11
3140.359601410963
 21
1159.15875667618
 31
0.0
  0
LINE
  5
66A
330
1F
100
AcDbEntity
  8
0
  6
CONTINUOUS
 62
     0
100
AcDbLine
 39
31.96927622246645
 10
3139.159601410962
 20
1159.158756676181
 30
0.0
 11
3140.359601410964
 21
1160.05875667618
 31
0.0
  0
MTEXT
  5
66B
102
{ACAD_XDICTIONARY
360
66C
102
}
330
1F
100
AcDbEntity
  8
TEXT_
  6
CONTINUOUS
100
AcDbMText
 10
3139.732140472101
 20
1158.094316948298
 30
0.0
 40
0.16
 41
2.483751346042027
 71
     8
 72
     5
  1
TOILET\P1.20X1.42\P4'0''X4'6''
  7
AN
1001
ACAD
1000
ACAD_MTEXT_DEFINED_HEIGHT_BEGIN
1070
    46
1040
0.7843769667153234
1000
ACAD_MTEXT_DEFINED_HEIGHT_END
  0
LINE
  5
66D
330
1F
100
AcDbEntity
  8
0
  6
CONTINUOUS
 62
     0
100
AcDbLine
 39
31.96927622246645
 10
3143.609601410959
 20
1161.67875667619
 30
0.0
 11
3143.609601410957
 21
1162.508756676189
 31
0.0
  0
LINE
  5
66E
330
1F
100
AcDbEntity
  8
0
  6
CONTINUOUS
 62
     0
100
AcDbLine
 39
31.96927622246645
 10
3143.609601410963
 20
1159.55875667619
 30
0.0
 11
3143.609601410963
 21
1159.65875667619
 31
0.0
  0
MTEXT
  5
66F
102
{ACAD_XDICTIONARY
360
670
102
}
330
1F
100
AcDbEntity
  8
TEXT_
  6
CONTINUOUS
100
AcDbMText
 10
3136.818646656894
 20
1160.706815552679
 30
0.0
 40
0.2
 41
2.483751346042027
 71
     8
 72
     5
  1
LIVING\P4.63X2.82\P15'3''X9'4''
  7
AN
1001
ACAD
1000
ACAD_MTEXT_DEFINED_HEIGHT_BEGIN
1070
    46
1040
0.7843769667153234
1000
ACAD_MTEXT_DEFINED_HEIGHT_END
  0
MTEXT
  5
671
102
{ACAD_XDICTIONARY
360
672
102
}
330
1F
100
AcDbEntity
  8
TEXT_
  6
CONTINUOUS
100
AcDbMText
 10
3141.842106950133
 20
1160.439395245456
 30
0.0
 40
0.2
 41
2.483751346042027
 71
     8
 72
     5
  1
KITCHEN\P3.00X2.82\P10'0''X9'4''
  7
AN
1001
ACAD
1000
ACAD_MTEXT_DEFINED_HEIGHT_BEGIN
1070
    46
1040
0.7843769667153234
1000
ACAD_MTEXT_DEFINED_HEIGHT_END
  0
MTEXT
  5
673
102
{ACAD_XDICTIONARY
360
674
102
}
330
1F
100
AcDbEntity
  8
TEXT_
  6
CONTINUOUS
100
AcDbMText
 10
3139.732140472097
 20
1160.564141111141
 30
0.0
 40
0.16
 41
2.483751346042027
 71
     8
 72
     5
  1
TOILET\P1.20X1.42\P4'0''X4'6''
  7
AN
1001
ACAD
1000
ACAD_MTEXT_DEFINED_HEIGHT_BEGIN
1070
    46
1040
0.7843769667153234
1000
ACAD_MTEXT_DEFINED_HEIGHT_END
  0
LINE
  5
675
330
1F
100
AcDbEntity
  8
0
  6
CONTINUOUS
 62
     0
100
AcDbLine
 39
31.96927622246645
 10
3139.159601410965
 20
1161.67875667618
 30
0.0
 11
3139.909601410965
 21
1161.678756676191
 31
0.0
  0
LINE
  5
676
330
1F
100
AcDbEntity
  8
0
  6
CONTINUOUS
 62
     0
100
AcDbLine
 39
31.96927622246645
 10
3139.159601410965
 20
1157.63875667618
 30
0.0
 11
3139.909601410965
 21
1157.63875667619
 31
0.0
  0
LINE
  5
677
330
1F
100
AcDbEntity
  8
0
  6
CONTINUOUS
 62
     0
100
AcDbLine
 39
31.96927622246645
 10
3134.280126230704
 20
1162.658756676171
 30
0.0
 11
3134.280126230711
 21
1162.508756676171
 31
0.0
  0
LINE
  5
678
330
1F
100
AcDbEntity
  8
0
  6
CONTINUOUS
 62
     0
100
AcDbLine
 39
31.96927622246645
 10
3134.280126230711
 20
1162.508756676171
 30
0.0
 11
3134.280126230695
 21
1161.678756676172
 31
0.0
  0
LINE
  5
679
330
1F
100
AcDbEntity
  8
0
  6
CONTINUOUS
 62
     0
100
AcDbLine
 39
31.96927622246645
 10
3134.280126230699
 20
1157.638756676171
 30
0.0
 11
3134.280126230705
 21
1156.738756676172
 31
0.0
  0
LINE
  5
67A
330
1F
100
AcDbEntity
  8
0
  6
CONTINUOUS
 62
     0
100
AcDbLine
 39
31.96927622246645
 10
3134.280126230705
 20
1156.738756676172
 30
0.0
 11
3134.280126230708
 21
1156.638756676171
 31
0.0
  0
LINE
  5
67B
330
1F
100
AcDbEntity
  8
0
  6
CONTINUOUS
 62
     0
100
AcDbLine
 39
31.96927622246645
 10
3143.609601410967
 20
1157.63875667619
 30
0.0
 11
3143.609601410973
 21
1156.73875667619
 31
0.0
  0
LINE
  5
67C
330
1F
100
AcDbEntity
  8
0
  6
CONTINUOUS
 62
     0
100
AcDbLine
 39
31.96927622246645
 10
3143.609601410961
 20
1162.508756676189
 30
0.0
 11
3143.609601410961
 21
1162.658756676189
 31
0.0
  0
LINE
  5
67D
330
1F
100
AcDbEntity
  8
0
  6
CONTINUOUS
 62
     0
100
AcDbLine
 39
31.96927622246645
 10
3143.609601410963
 20
1159.608756676189
 30
0.0
 11
3145.109601410966
 21
1159.608756676192
 31
0.0
  0
LINE
  5
67E
330
1F
100
AcDbEntity
  8
0
  6
CONTINUOUS
 62
     1
100
AcDbLine
 39
31.96927622246645
 10
3138.15960141096
 20
1158.658756676181
 30
0.0
 11
3139.059601410956
 21
1159.558756676181
 31
0.0
  0
LINE
  5
67F
330
1F
100
AcDbEntity
  8
0
  6
CONTINUOUS
 62
     1
100
AcDbLine
 39
31.96927622246645
 10
3136.549601410967
 20
1158.65875667618
 30
0.0
 11
3136.549601410969
 21
1159.558756676181
 31
0.0
  0
LINE
  5
680
330
1F
100
AcDbEntity
  8
0
  6
CONTINUOUS
 62
     1
100
AcDbLine
 39
31.96927622246645
 10
3138.159601410965
 20
1161.708756676185
 30
0.0
 11
3138.159601410962
 21
1159.658756676185
 31
0.0
  0
LINE
  5
681
330
1F
100
AcDbEntity
  8
0
  6
CONTINUOUS
 62
     1
100
AcDbLine
 39
31.96927622246645
 10
3137.92960141096
 20
1160.558756676184
 30
0.0
 11
3137.929601410962
 21
1159.658756676184
 31
0.0
  0
LINE
  5
682
330
1F
100
AcDbEntity
  8
0
  6
CONTINUOUS
 62
     1
100
AcDbLine
 39
31.96927622246645
 10
3137.699601410961
 20
1160.558756676185
 30
0.0
 11
3137.699601410963
 21
1159.658756676185
 31
0.0
  0
LINE
  5
683
330
1F
100
AcDbEntity
  8
0
  6
CONTINUOUS
 62
     1
100
AcDbLine
 39
31.96927622246645
 10
3137.469601410961
 20
1160.558756676185
 30
0.0
 11
3137.469601410963
 21
1159.658756676185
 31
0.0
  0
LINE
  5
684
330
1F
100
AcDbEntity
  8
0
  6
CONTINUOUS
 62
     1
100
AcDbLine
 39
31.96927622246645
 10
3137.239601410962
 20
1160.558756676184
 30
0.0
 11
3137.239601410964
 21
1159.658756676184
 31
0.0
  0
LINE
  5
685
330
1F
100
AcDbEntity
  8
0
  6
CONTINUOUS
 62
     1
100
AcDbLine
 39
31.96927622246645
 10
3137.009601410962
 20
1160.558756676185
 30
0.0
 11
3137.009601410964
 21
1159.658756676185
 31
0.0
  0
LINE
  5
686
330
1F
100
AcDbEntity
  8
0
  6
CONTINUOUS
 62
     1
100
AcDbLine
 39
31.96927622246645
 10
3136.779601410963
 20
1160.558756676184
 30
0.0
 11
3136.779601410964
 21
1159.658756676184
 31
0.0
  0
LINE
  5
687
330
1F
100
AcDbEntity
  8
0
  6
CONTINUOUS
 62
     1
100
AcDbLine
 39
31.96927622246645
 10
3136.549601410967
 20
1160.558756676182
 30
0.0
 11
3139.059601410958
 21
1160.558756676181
 31
0.0
  0
LINE
  5
688
330
1F
100
AcDbEntity
  8
0
  6
CONTINUOUS
 62
     1
100
AcDbLine
 39
31.96927622246645
 10
3138.159601410963
 20
1160.788756676185
 30
0.0
 11
3139.059601410957
 21
1160.788756676181
 31
0.0
  0
LINE
  5
689
330
1F
100
AcDbEntity
  8
0
  6
CONTINUOUS
 62
     1
100
AcDbLine
 39
31.96927622246645
 10
3138.159601410965
 20
1161.018756676184
 30
0.0
 11
3139.05960141096
 21
1161.018756676181
 31
0.0
  0
LINE
  5
68A
330
1F
100
AcDbEntity
  8
0
  6
CONTINUOUS
 62
     1
100
AcDbLine
 39
31.96927622246645
 10
3138.159601410965
 20
1161.248756676185
 30
0.0
 11
3139.05960141096
 21
1161.248756676181
 31
0.0
  0
LINE
  5
68B
330
1F
100
AcDbEntity
  8
0
  6
CONTINUOUS
 62
     1
100
AcDbLine
 39
31.96927622246645
 10
3138.159601410965
 20
1161.478756676184
 30
0.0
 11
3139.05960141096
 21
1161.478756676181
 31
0.0
  0
LINE
  5
68C
330
1F
100
AcDbEntity
  8
0
  6
CONTINUOUS
 62
     1
100
AcDbLine
 39
31.96927622246645
 10
3138.159601410965
 20
1161.708756676185
 30
0.0
 11
3139.059601410959
 21
1161.708756676181
 31
0.0
  0
LINE
  5
68D
330
1F
100
AcDbEntity
  8
0
  6
CONTINUOUS
 62
     1
100
AcDbLine
 39
31.96927622246645
 10
3138.15960141096
 20
1160.558756676182
 30
0.0
 11
3139.059601410956
 21
1159.658756676181
 31
0.0
  0
LINE
  5
68E
330
1F
100
AcDbEntity
  8
0
  6
CONTINUOUS
 62
     1
100
AcDbLine
 39
31.96927622246645
 10
3136.549601410967
 20
1160.558756676184
 30
0.0
 11
3136.549601410969
 21
1159.658756676184
 31
0.0
  0
LINE
  5
68F
330
1F
100
AcDbEntity
  8
0
  6
CONTINUOUS
 62
     1
100
AcDbLine
 39
31.96927622246645
 10
3138.159601410974
 20
1151.668756676178
 30
0.0
 11
3138.159601410974
 21
1153.718756676179
 31
0.0
  0
LINE
  5
690
330
1F
100
AcDbEntity
  8
0
  6
CONTINUOUS
 62
     1
100
AcDbLine
 39
31.96927622246645
 10
3137.929601410972
 20
1152.818756676178
 30
0.0
 11
3137.929601410974
 21
1153.718756676179
 31
0.0
  0
LINE
  5
691
330
1F
100
AcDbEntity
  8
0
  6
CONTINUOUS
 62
     1
100
AcDbLine
 39
31.96927622246645
 10
3137.699601410973
 20
1152.818756676178
 30
0.0
 11
3137.699601410975
 21
1153.718756676179
 31
0.0
  0
LINE
  5
692
330
1F
100
AcDbEntity
  8
0
  6
CONTINUOUS
 62
     1
100
AcDbLine
 39
31.96927622246645
 10
3137.469601410973
 20
1152.818756676179
 30
0.0
 11
3137.469601410975
 21
1153.71875667618
 31
0.0
  0
LINE
  5
693
330
1F
100
AcDbEntity
  8
0
  6
CONTINUOUS
 62
     1
100
AcDbLine
 39
31.96927622246645
 10
3137.239601410974
 20
1152.818756676179
 30
0.0
 11
3137.239601410975
 21
1153.71875667618
 31
0.0
  0
LINE
  5
694
330
1F
100
AcDbEntity
  8
0
  6
CONTINUOUS
 62
     1
100
AcDbLine
 39
31.96927622246645
 10
3137.009601410974
 20
1152.818756676179
 30
0.0
 11
3137.009601410976
 21
1153.71875667618
 31
0.0
  0
LINE
  5
695
330
1F
100
AcDbEntity
  8
0
  6
CONTINUOUS
 62
     1
100
AcDbLine
 39
31.96927622246645
 10
3136.779601410974
 20
1152.818756676179
 30
0.0
 11
3136.779601410976
 21
1153.71875667618
 31
0.0
  0
LINE
  5
696
330
1F
100
AcDbEntity
  8
0
  6
CONTINUOUS
 62
     1
100
AcDbLine
 39
31.96927622246645
 10
3136.549601410979
 20
1152.818756676182
 30
0.0
 11
3139.05960141097
 21
1152.81875667618
 31
0.0
  0
LINE
  5
697
330
1F
100
AcDbEntity
  8
0
  6
CONTINUOUS
 62
     1
100
AcDbLine
 39
31.96927622246645
 10
3138.159601410975
 20
1152.588756676178
 30
0.0
 11
3139.05960141097
 21
1152.58875667618
 31
0.0
  0
LINE
  5
698
330
1F
100
AcDbEntity
  8
0
  6
CONTINUOUS
 62
     1
100
AcDbLine
 39
31.96927622246645
 10
3138.159601410976
 20
1152.358756676178
 30
0.0
 11
3139.059601410971
 21
1152.35875667618
 31
0.0
  0
LINE
  5
699
330
1F
100
AcDbEntity
  8
0
  6
CONTINUOUS
 62
     1
100
AcDbLine
 39
31.96927622246645
 10
3138.159601410973
 20
1152.128756676178
 30
0.0
 11
3139.059601410967
 21
1152.12875667618
 31
0.0
  0
LINE
  5
69A
330
1F
100
AcDbEntity
  8
0
  6
CONTINUOUS
 62
     1
100
AcDbLine
 39
31.96927622246645
 10
3138.159601410974
 20
1151.898756676178
 30
0.0
 11
3139.059601410968
 21
1151.89875667618
 31
0.0
  0
LINE
  5
69B
330
1F
100
AcDbEntity
  8
0
  6
CONTINUOUS
 62
     1
100
AcDbLine
 39
31.96927622246645
 10
3138.159601410974
 20
1151.668756676178
 30
0.0
 11
3139.059601410968
 21
1151.66875667618
 31
0.0
  0
LINE
  5
69C
330
1F
100
AcDbEntity
  8
0
  6
CONTINUOUS
 62
     1
100
AcDbLine
 39
31.96927622246645
 10
3138.159601410972
 20
1152.818756676181
 30
0.0
 11
3139.059601410968
 21
1153.71875667618
 31
0.0
  0
LINE
  5
69D
330
1F
100
AcDbEntity
  8
0
  6
CONTINUOUS
 62
     1
100
AcDbLine
 39
31.96927622246645
 10
3136.549601410979
 20
1152.81875667618
 30
0.0
 11
3136.54960141098
 21
1153.71875667618
 31
0.0
  0
LINE
  5
69E
330
1F
100
AcDbEntity
  8
0
  6
CONTINUOUS
 62
     1
100
AcDbLine
 39
31.96927622246645
 10
3138.159601410976
 20
1155.868756676185
 30
0.0
 11
3138.159601410976
 21
1153.818756676184
 31
0.0
  0
LINE
  5
69F
330
1F
100
AcDbEntity
  8
0
  6
CONTINUOUS
 62
     1
100
AcDbLine
 39
31.96927622246645
 10
3137.929601410971
 20
1154.718756676184
 30
0.0
 11
3137.929601410977
 21
1153.818756676184
 31
0.0
  0
LINE
  5
6A0
330
1F
100
AcDbEntity
  8
0
  6
CONTINUOUS
 62
     1
100
AcDbLine
 39
31.96927622246645
 10
3137.699601410972
 20
1154.718756676185
 30
0.0
 11
3137.699601410977
 21
1153.818756676184
 31
0.0
  0
LINE
  5
6A1
330
1F
100
AcDbEntity
  8
0
  6
CONTINUOUS
 62
     1
100
AcDbLine
 39
31.96927622246645
 10
3137.469601410972
 20
1154.718756676185
 30
0.0
 11
3137.469601410978
 21
1153.818756676184
 31
0.0
  0
LINE
  5
6A2
330
1F
100
AcDbEntity
  8
0
  6
CONTINUOUS
 62
     1
100
AcDbLine
 39
31.96927622246645
 10
3137.239601410973
 20
1154.718756676184
 30
0.0
 11
3137.239601410978
 21
1153.818756676184
 31
0.0
  0
LINE
  5
6A3
330
1F
100
AcDbEntity
  8
0
  6
CONTINUOUS
 62
     1
100
AcDbLine
 39
31.96927622246645
 10
3137.009601410973
 20
1154.718756676185
 30
0.0
 11
3137.009601410979
 21
1153.818756676184
 31
0.0
  0
LINE
  5
6A4
330
1F
100
AcDbEntity
  8
0
  6
CONTINUOUS
 62
     1
100
AcDbLine
 39
31.96927622246645
 10
3136.779601410974
 20
1154.718756676184
 30
0.0
 11
3136.779601410979
 21
1153.818756676184
 31
0.0
  0
LINE
  5
6A5
330
1F
100
AcDbEntity
  8
0
  6
CONTINUOUS
 62
     1
100
AcDbLine
 39
31.96927622246645
 10
3136.549601410978
 20
1154.718756676182
 30
0.0
 11
3139.059601410969
 21
1154.71875667618
 31
0.0
  0
LINE
  5
6A6
330
1F
100
AcDbEntity
  8
0
  6
CONTINUOUS
 62
     1
100
AcDbLine
 39
31.96927622246645
 10
3138.159601410978
 20
1154.948756676185
 30
0.0
 11
3139.059601410972
 21
1154.948756676181
 31
0.0
  0
LINE
  5
6A7
330
1F
100
AcDbEntity
  8
0
  6
CONTINUOUS
 62
     1
100
AcDbLine
 39
31.96927622246645
 10
3138.159601410978
 20
1155.178756676184
 30
0.0
 11
3139.059601410972
 21
1155.17875667618
 31
0.0
  0
LINE
  5
6A8
330
1F
100
AcDbEntity
  8
0
  6
CONTINUOUS
 62
     1
100
AcDbLine
 39
31.96927622246645
 10
3138.159601410977
 20
1155.408756676185
 30
0.0
 11
3139.059601410971
 21
1155.408756676181
 31
0.0
  0
LINE
  5
6A9
330
1F
100
AcDbEntity
  8
0
  6
CONTINUOUS
 62
     1
100
AcDbLine
 39
31.96927622246645
 10
3138.159601410976
 20
1155.638756676184
 30
0.0
 11
3139.059601410971
 21
1155.63875667618
 31
0.0
  0
LINE
  5
6AA
330
1F
100
AcDbEntity
  8
0
  6
CONTINUOUS
 62
     1
100
AcDbLine
 39
31.96927622246645
 10
3138.159601410976
 20
1155.868756676185
 30
0.0
 11
3139.059601410971
 21
1155.868756676181
 31
0.0
  0
LINE
  5
6AB
330
1F
100
AcDbEntity
  8
0
  6
CONTINUOUS
 62
     1
100
AcDbLine
 39
31.96927622246645
 10
3138.159601410971
 20
1154.718756676182
 30
0.0
 11
3139.059601410971
 21
1153.818756676181
 31
0.0
  0
LINE
  5
6AC
330
1F
100
AcDbEntity
  8
0
  6
CONTINUOUS
 62
     1
100
AcDbLine
 39
31.96927622246645
 10
3136.549601410978
 20
1154.718756676184
 30
0.0
 11
3136.549601410983
 21
1153.818756676184
 31
0.0
  0
DIMENSION
  5
6AD
102
{ACAD_REACTORS
330
6AF
102
}
102
{ACAD_XDICTIONARY
360
6AE
102
}
330
1F
100
AcDbEntity
  8
0
  6
CONTINUOUS
 62
     0
100
AcDbDimension
  2
*D11
 10
3138.808473056202
 20
1162.658756676181
 30
0.0
 11
3138.616569918412
 21
1163.408756676179
 31
0.0
 70
    32
 51
0.0000000007198231
  3
_BM__FOR_MM
100
AcDbAlignedDimension
 13
3138.900173523263
 23
1164.158756676179
 33
0.0
 14
3138.900173523267
 24
1162.65875667618
 34
0.0
 50
90.00000000010422
100
AcDbRotatedDimension
  0
DIMENSION
  5
6B0
102
{ACAD_REACTORS
330
6B2
102
}
102
{ACAD_XDICTIONARY
360
6B1
102
}
330
1F
100
AcDbEntity
  8
0
  6
CONTINUOUS
 62
     0
100
AcDbDimension
  2
*D12
 10
3145.109601410977
 20
1156.19027354544
 30
0.0
 11
3144.359601410979
 21
1156.38217668323
 31
0.0
 70
    32
 51
0.0000000007198231
  3
_BM__FOR_MM
100
AcDbAlignedDimension
 13
3143.609601410981
 23
1156.238756676189
 33
0.0
 14
3145.109601410977
 24
1156.238756676192
 34
0.0
 50
0.0000000001042204
100
AcDbRotatedDimension
  0
MTEXT
  5
6B3
330
1F
100
AcDbEntity
  8
0
  6
BYBLOCK
100
AcDbMText
 10
3139.562414329267
 20
1140.46111910832
 30
0.0
 40
0.45
 41
10.27601254128226
 71
     2
 72
     5
  1
PROPOSED  9.00 M. WIDE ROAD
  7
AN
1001
ACAD
1000
ACAD_MTEXT_DEFINED_HEIGHT_BEGIN
1070
    46
1040
0.8055707459165732
1000
ACAD_MTEXT_DEFINED_HEIGHT_END
  0
MTEXT
  5
6B4
330
1F
100
AcDbEntity
  8
0
  6
BYBLOCK
100
AcDbMText
 10
3126.722216189258
 20
1151.396933368586
 30
0.0
 40
0.45
 41
10.27601254128226
 71
     2
 72
     5
  1
PROPOSED  9.00 M. WIDE ROAD
  7
AN
 11
0.3677790225077391
 21
-0.9299132167053289
 31
0.0
1001
ACAD
1000
ACAD_MTEXT_DEFINED_HEIGHT_BEGIN
1070
    46
1040
0.8055707459165732
1000
ACAD_MTEXT_DEFINED_HEIGHT_END
  0
LWPOLYLINE
  5
6B5
330
1F
100
AcDbEntity
  8
0
  6
CONTINUOUS
 62
     0
100
AcDbPolyline
 90
        4
 70
     1
 43
0.0
 39
31.96927622246645
 10
3126.579526315989
 20
1158.236847714785
 10
3128.023117680534
 20
1153.449777214759
 10
3130.416652930547
 20
1154.171572897028
 10
3128.973061566003
 20
1158.958643397053
  0
LWPOLYLINE
  5
6B6
330
1F
100
AcDbEntity
  8
0
  6
CONTINUOUS
 62
     0
100
AcDbPolyline
 90
        4
 70
     1
 43
0.0
 39
31.96927622246645
 10
3125.512390010657
 20
1161.658756676148
 10
3130.512390010657
 20
1161.658756676158
 10
3130.512390010656
 20
1164.158756676158
 10
3125.512390010656
 20
1164.158756676149
  0
LWPOLYLINE
  5
6B7
330
1F
100
AcDbEntity
  8
0
  6
CONTINUOUS
 62
     0
100
AcDbPolyline
 90
        4
 70
     1
 43
0.0
 39
31.96927622246645
 10
3126.278903828588
 20
1159.15875667615
 10
3131.278903828588
 20
1159.15875667616
 10
3131.278903828583
 20
1161.65875667616
 10
3126.278903828583
 20
1161.65875667615
  0
LWPOLYLINE
  5
6B8
330
1F
100
AcDbEntity
  8
0
  6
CONTINUOUS
 62
     0
100
AcDbPolyline
 90
        4
 70
     1
 43
0.0
 39
31.96927622246645
 10
3129.280126230709
 20
1158.158756676156
 10
3131.280126230709
 20
1158.15875667616
 10
3131.28012623071
 20
1159.15875667616
 10
3129.28012623071
 20
1159.158756676156
  0
LWPOLYLINE
  5
6B9
330
1F
100
AcDbEntity
  8
0
  6
CONTINUOUS
 62
     0
100
AcDbPolyline
 90
        4
 70
     1
 43
0.0
 39
31.96927622246644
 10
3129.31083641703
 20
1157.835274711123
 10
3129.90830404061
 20
1155.926601758842
 10
3130.862640516752
 20
1156.225335570628
 10
3130.265172893172
 20
1158.13400852291
  0
LWPOLYLINE
  5
6BA
330
1F
100
AcDbEntity
  8
0
  6
CONTINUOUS
 62
     0
100
AcDbPolyline
 90
        4
 70
     1
 43
0.0
 39
31.96927622246644
 10
3128.130015750201
 20
1153.482013449897
 10
3128.727483373781
 20
1151.573340497614
 10
3129.681819849923
 20
1151.872074309401
 10
3129.084352226343
 20
1153.780747261683
  0
LWPOLYLINE
  5
6BB
330
1F
100
AcDbEntity
  8
0
  6
CONTINUOUS
 62
     0
100
AcDbPolyline
 90
        4
 70
     1
 43
0.0
 39
31.96927622246644
 10
3128.750100479632
 20
1151.580420279653
 10
3129.347568103212
 20
1149.671747327371
 10
3130.301904579354
 20
1149.970481139158
 10
3129.704436955774
 20
1151.87915409144
  0
LWPOLYLINE
  5
6BC
330
1F
100
AcDbEntity
  8
0
  6
CONTINUOUS
 62
     0
100
AcDbPolyline
 90
        4
 70
     1
 43
0.0
 39
31.96927622246644
 10
3129.087482406886
 20
1153.770747571823
 10
3129.684950030466
 20
1151.86207461954
 10
3130.639286506608
 20
1152.160808431327
 10
3130.041818883028
 20
1154.069481383609
  0
LWPOLYLINE
  5
6BD
330
1F
100
AcDbEntity
  8
0
  6
CONTINUOUS
 62
     0
100
AcDbPolyline
 90
        4
 70
     1
 43
0.0
 39
31.96927622246644
 10
3129.681819849923
 20
1151.872074309401
 10
3130.279287473503
 20
1149.963401357119
 10
3131.233623949645
 20
1150.262135168906
 10
3130.636156326065
 20
1152.170808121187
  0
LINE
  5
6BE
330
1F
100
AcDbEntity
  8
0
100
AcDbLine
 10
3134.280126230718
 20
1150.79875667617
 30
0.0
 11
3134.280126230717
 21
1150.898756676171
 31
0.0
  0
LINE
  5
6BF
330
1F
100
AcDbEntity
  8
0
100
AcDbLine
 10
3134.280126230717
 20
1150.898756676171
 30
0.0
 11
3134.280126230715
 21
1151.798756676171
 31
0.0
  0
MTEXT
  5
6C0
102
{ACAD_XDICTIONARY
360
6C1
102
}
330
1F
100
AcDbEntity
  8
TEXT_
  6
CONTINUOUS
100
AcDbMText
 10
3141.842106950138
 20
1157.788926388562
 30
0.0
 40
0.2
 41
2.483751346042027
 71
     8
 72
     5
  1
KITCHEN\P3.00X2.82\P10'0''X9'4''
  7
AN
1001
ACAD
1000
ACAD_MTEXT_DEFINED_HEIGHT_BEGIN
1070
    46
1040
0.7843769667153234
1000
ACAD_MTEXT_DEFINED_HEIGHT_END
  0
MTEXT
  5
6C2
102
{ACAD_XDICTIONARY
360
6C3
102
}
330
1F
100
AcDbEntity
  8
TEXT_
  6
CONTINUOUS
100
AcDbMText
 10
3136.8186466569
 20
1157.671750812244
 30
0.0
 40
0.2
 41
2.483751346042027
 71
     8
 72
     5
  1
LIVING\P4.63X2.82\P15'3''X9'4''
  7
AN
1001
ACAD
1000
ACAD_MTEXT_DEFINED_HEIGHT_BEGIN
1070
    46
1040
0.7843769667153234
1000
ACAD_MTEXT_DEFINED_HEIGHT_END
  0
MTEXT
  5
6C4
102
{ACAD_XDICTIONARY
360
6C5
102
}
330
1F
100
AcDbEntity
  8
TEXT_
  6
CONTINUOUS
100
AcDbMText
 10
3136.818646656906
 20
1154.958507230994
 30
0.0
 40
0.2
 41
2.483751346042027
 71
     8
 72
     5
  1
LIVING\P4.63X2.82\P15'3''X9'4''
  7
AN
1001
ACAD
1000
ACAD_MTEXT_DEFINED_HEIGHT_BEGIN
1070
    46
1040
0.7843769667153234
1000
ACAD_MTEXT_DEFINED_HEIGHT_END
  0
MTEXT
  5
6C6
102
{ACAD_XDICTIONARY
360
6C7
102
}
330
1F
100
AcDbEntity
  8
TEXT_
  6
CONTINUOUS
100
AcDbMText
 10
3141.842106950145
 20
1154.691086923771
 30
0.0
 40
0.2
 41
2.483751346042027
 71
     8
 72
     5
  1
KITCHEN\P3.00X2.82\P10'0''X9'4''
  7
AN
1001
ACAD
1000
ACAD_MTEXT_DEFINED_HEIGHT_BEGIN
1070
    46
1040
0.7843769667153234
1000
ACAD_MTEXT_DEFINED_HEIGHT_END
  0
MTEXT
  5
6C8
102
{ACAD_XDICTIONARY
360
6C9
102
}
330
1F
100
AcDbEntity
  8
TEXT_
  6
CONTINUOUS
100
AcDbMText
 10
3141.84210695015
 20
1152.040618066877
 30
0.0
 40
0.2
 41
2.483751346042027
 71
     8
 72
     5
  1
KITCHEN\P3.00X2.82\P10'0''X9'4''
  7
AN
1001
ACAD
1000
ACAD_MTEXT_DEFINED_HEIGHT_BEGIN
1070
    46
1040
0.7843769667153234
1000
ACAD_MTEXT_DEFINED_HEIGHT_END
  0
MTEXT
  5
6CA
102
{ACAD_XDICTIONARY
360
6CB
102
}
330
1F
100
AcDbEntity
  8
TEXT_
  6
CONTINUOUS
100
AcDbMText
 10
3136.818646656912
 20
1151.712478857429
 30
0.0
 40
0.2
 41
2.483751346042027
 71
     8
 72
     5
  1
LIVING\P4.63X2.82\P15'3''X9'4''
  7
AN
1001
ACAD
1000
ACAD_MTEXT_DEFINED_HEIGHT_BEGIN
1070
    46
1040
0.7843769667153234
1000
ACAD_MTEXT_DEFINED_HEIGHT_END
  0
MTEXT
  5
6CC
102
{ACAD_XDICTIONARY
360
6CD
102
}
330
1F
100
AcDbEntity
  8
TEXT_
  6
CONTINUOUS
100
AcDbMText
 10
3141.936553265317
 20
1148.89128633434
 30
0.0
 40
0.2
 41
2.916562127719658
 71
     8
 72
     5
  1
KITCHEN\P2.82X2.70\P9'3''X9'0''
  7
AN
1001
ACAD
1000
ACAD_MTEXT_DEFINED_HEIGHT_BEGIN
1070
    46
1040
0.7843769667153234
1000
ACAD_MTEXT_DEFINED_HEIGHT_END
  0
MTEXT
  5
6CE
330
1F
100
AcDbEntity
  8
0
  6
CONTINUOUS
100
AcDbMText
 10
3142.386688798644
 20
1143.658177935594
 30
0.0
 40
0.3783982934277036
 41
11.64281114881495
 71
     5
 72
     5
  1
{\LGROUND FLOOR PLAN}
  7
AN
 11
0.9999999998410585
 21
-1.782927866569790E-5
 31
0.0
1001
ACAD
1000
ACAD_MTEXT_DEFINED_HEIGHT_BEGIN
1070
    46
1040
0.9332423829013274
1000
ACAD_MTEXT_DEFINED_HEIGHT_END
  0
HATCH
  5
6CF
330
1F
100
AcDbEntity
  8
0
  6
CONTINUOUS
 62
     1
100
AcDbHatch
 10
0.0
 20
0.0
 30
0.0
210
0.0
220
0.0
230
1.0
  2
ANSI31
 70
     0
 71
     1
 91
        1
 92
        7
 72
     0
 73
     1
 93
        6
 10
3159.547893270508
 20
1141.158756676221
 10
3173.297893270508
 20
1141.158756676249
 10
3173.297893270506
 20
1141.908756676249
 10
3160.092195688119
 20
1141.908756676223
 10
3152.83676090547
 20
1164.158756676207
 10
3152.047893270465
 20
1164.158756676206
 97
        6
330
6F1
330
6F4
330
6D0
330
6E3
330
6D1
330
6F5
 75
     1
 76
     1
 52
0.0000000008356412
 41
1.0
 77
     0
 78
     1
 53
45.0000000001158
 43
-154.8309104951218
 44
2638.508175641703
 45
-0.0883883476484971
 46
0.0883883476481398
 79
     0
 47
0.0439346216204136
 98
        1
 10
3156.314401582968
 20
1152.208107157306
1001
GRADIENTCOLOR1ACI
1070
     5
1001
GRADIENTCOLOR2ACI
1070
     2
1001
ACAD
1010
0.0
1020
0.0
1030
0.0
  0
LINE
  5
6D0
102
{ACAD_REACTORS
330
6CF
102
}
330
1F
100
AcDbEntity
  8
0
  6
CONTINUOUS
 62
     0
100
AcDbLine
 39
31.96927622246645
 10
3159.547893270508
 20
1141.158756676221
 30
0.0
 11
3173.297893270508
 21
1141.158756676249
 31
0.0
  0
LINE
  5
6D1
102
{ACAD_REACTORS
330
6CF
330
7DB
102
}
330
1F
100
AcDbEntity
  8
0
  6
CONTINUOUS
 62
     0
100
AcDbLine
 39
31.96927622246645
 10
3160.092195688119
 20
1141.908756676223
 30
0.0
 11
3173.29789327051
 21
1141.908756676249
 31
0.0
  0
LINE
  5
6D2
102
{ACAD_REACTORS
330
7DB
102
}
330
1F
100
AcDbEntity
  8
0
  6
CONTINUOUS
 62
     0
100
AcDbLine
 39
31.96927622246645
 10
3162.468418090227
 20
1144.908756676228
 30
0.0
 11
3171.797893270501
 21
1144.908756676246
 31
0.0
  0
LINE
  5
6D3
330
1F
100
AcDbEntity
  8
0
  6
CONTINUOUS
 62
     0
100
AcDbLine
 39
31.96927622246645
 10
3162.46841809023
 20
1143.408756676228
 30
0.0
 11
3166.18956107121
 21
1143.408756676235
 31
0.0
  0
LINE
  5
6D4
330
1F
100
AcDbEntity
  8
0
  6
CONTINUOUS
 62
     0
100
AcDbLine
 39
31.96927622246645
 10
3168.089561071677
 20
1143.408756676239
 30
0.0
 11
3171.797893270504
 21
1143.408756676246
 31
0.0
  0
LINE
  5
6D5
330
1F
100
AcDbEntity
  8
0
  6
CONTINUOUS
 62
     0
100
AcDbLine
 39
31.96927622246645
 10
3162.618418090227
 20
1145.058756676227
 30
0.0
 11
3171.647893270496
 21
1145.058756676246
 31
0.0
  0
LINE
  5
6D6
330
1F
100
AcDbEntity
  8
0
  6
CONTINUOUS
 62
     1
100
AcDbLine
 39
31.96927622246645
 10
3166.189561071203
 20
1145.958756676232
 30
0.0
 11
3167.089561071207
 21
1145.958756676236
 31
0.0
  0
LINE
  5
6D7
330
1F
100
AcDbEntity
  8
0
  6
CONTINUOUS
 62
     1
100
AcDbLine
 39
31.96927622246645
 10
3166.189561071204
 20
1146.208756676235
 30
0.0
 11
3167.089561071202
 21
1146.208756676236
 31
0.0
  0
LINE
  5
6D8
330
1F
100
AcDbEntity
  8
0
  6
CONTINUOUS
 62
     1
100
AcDbLine
 39
31.96927622246645
 10
3166.189561071204
 20
1146.458756676235
 30
0.0
 11
3167.089561071201
 21
1146.458756676236
 31
0.0
  0
LINE
  5
6D9
330
1F
100
AcDbEntity
  8
0
  6
CONTINUOUS
 62
     1
100
AcDbLine
 39
31.96927622246645
 10
3166.189561071204
 20
1146.708756676235
 30
0.0
 11
3167.089561071201
 21
1146.708756676236
 31
0.0
  0
LINE
  5
6DA
330
1F
100
AcDbEntity
  8
0
  6
CONTINUOUS
 62
     0
100
AcDbLine
 39
31.96927622246645
 10
3162.618418090226
 20
1147.998756676228
 30
0.0
 11
3166.08956107119
 21
1147.998756676237
 31
0.0
  0
LINE
  5
6DB
330
1F
100
AcDbEntity
  8
0
  6
CONTINUOUS
 62
     0
100
AcDbLine
 39
31.96927622246645
 10
3166.089561071194
 20
1147.998756676237
 30
0.0
 11
3166.189561071194
 21
1147.998756676237
 31
0.0
  0
LINE
  5
6DC
330
1F
100
AcDbEntity
  8
0
  6
CONTINUOUS
 62
     1
100
AcDbLine
 39
31.96927622246645
 10
3166.089561071198
 20
1146.978756676238
 30
0.0
 11
3167.089561071193
 21
1146.97875667624
 31
0.0
  0
LINE
  5
6DD
330
1F
100
AcDbEntity
  8
0
  6
CONTINUOUS
 62
     0
100
AcDbLine
 39
31.96927622246645
 10
3168.089561071482
 20
1147.998756676247
 30
0.0
 11
3168.189561071194
 21
1147.998756676247
 31
0.0
  0
LINE
  5
6DE
330
1F
100
AcDbEntity
  8
0
  6
CONTINUOUS
 62
     0
100
AcDbLine
 39
31.96927622246645
 10
3168.189561071194
 20
1147.998756676239
 30
0.0
 11
3171.647893270493
 21
1147.998756676247
 31
0.0
  0
LINE
  5
6DF
330
1F
100
AcDbEntity
  8
0
  6
CONTINUOUS
 62
     0
100
AcDbLine
 39
31.96927622246645
 10
3162.618418090226
 20
1148.098756676229
 30
0.0
 11
3166.089561071186
 21
1148.098756676238
 31
0.0
  0
LINE
  5
6E0
330
1F
100
AcDbEntity
  8
0
  6
CONTINUOUS
 62
     0
100
AcDbLine
 39
31.96927622246645
 10
3166.08956107119
 20
1148.098756676238
 30
0.0
 11
3166.189561071193
 21
1148.098756676238
 31
0.0
  0
LINE
  5
6E1
330
1F
100
AcDbEntity
  8
0
  6
CONTINUOUS
 62
     0
100
AcDbLine
 39
31.96927622246645
 10
3168.089561071482
 20
1148.098756676247
 30
0.0
 11
3168.189561071187
 21
1148.098756676248
 31
0.0
  0
LINE
  5
6E2
330
1F
100
AcDbEntity
  8
0
  6
CONTINUOUS
 62
     0
100
AcDbLine
 39
31.96927622246645
 10
3168.189561071187
 20
1148.098756676239
 30
0.0
 11
3171.647893270492
 21
1148.098756676245
 31
0.0
  0
LINE
  5
6E3
102
{ACAD_REACTORS
330
6CF
102
}
330
1F
100
AcDbEntity
  8
0
  6
CONTINUOUS
 62
     0
100
AcDbLine
 39
31.96927622246645
 10
3173.297893270508
 20
1141.158756676249
 30
0.0
 11
3173.297893270465
 21
1164.158756676249
 31
0.0
  0
LINE
  5
6E4
330
1F
100
AcDbEntity
  8
0
  6
CONTINUOUS
 62
     0
100
AcDbLine
 39
31.96927622246645
 10
3171.797893270503
 20
1143.408756676246
 30
0.0
 11
3171.797893270492
 21
1150.898756676247
 31
0.0
  0
LINE
  5
6E5
330
1F
100
AcDbEntity
  8
0
  6
CONTINUOUS
 62
     0
100
AcDbLine
 39
31.96927622246645
 10
3171.647893270496
 20
1143.408756676246
 30
0.0
 11
3171.647893270497
 21
1147.998756676247
 31
0.0
  0
LINE
  5
6E6
330
1F
100
AcDbEntity
  8
0
  6
CONTINUOUS
 62
     0
100
AcDbLine
 39
31.96927622246645
 10
3171.647893270492
 20
1148.098756676246
 30
0.0
 11
3171.647893270487
 21
1150.798756676248
 31
0.0
  0
LINE
  5
6E7
330
1F
100
AcDbEntity
  8
0
  6
CONTINUOUS
 62
     0
100
AcDbLine
 39
31.96927622246645
 10
3168.647893270489
 20
1151.79875667624
 30
0.0
 11
3168.647893270483
 21
1155.83875667624
 31
0.0
  0
LINE
  5
6E8
330
1F
100
AcDbEntity
  8
0
  6
CONTINUOUS
 62
     0
100
AcDbLine
 39
31.96927622246645
 10
3168.547893270485
 20
1151.89875667624
 30
0.0
 11
3168.54789327049
 21
1153.218756676237
 31
0.0
  0
LINE
  5
6E9
330
1F
100
AcDbEntity
  8
0
  6
CONTINUOUS
 62
     0
100
AcDbLine
 39
31.96927622246645
 10
3168.54789327049
 20
1153.318756676236
 30
0.0
 11
3168.547893270488
 21
1154.218756676237
 31
0.0
  0
LINE
  5
6EA
330
1F
100
AcDbEntity
  8
0
  6
CONTINUOUS
 62
     0
100
AcDbLine
 39
31.96927622246645
 10
3168.547893270485
 20
1154.318756676237
 30
0.0
 11
3168.547893270489
 21
1155.73875667624
 31
0.0
  0
LINE
  5
6EB
330
1F
100
AcDbEntity
  8
0
  6
CONTINUOUS
 62
     0
100
AcDbLine
 39
31.96927622246645
 10
3167.347893270489
 20
1151.798756676238
 30
0.0
 11
3167.347893270493
 21
1153.218756676238
 31
0.0
  0
LINE
  5
6EC
330
1F
100
AcDbEntity
  8
0
  6
CONTINUOUS
 62
     0
100
AcDbLine
 39
31.96927622246645
 10
3168.097893270489
 20
1151.798756676235
 30
0.0
 11
3168.097893270485
 21
1151.898756676238
 31
0.0
  0
LINE
  5
6ED
330
1F
100
AcDbEntity
  8
0
  6
CONTINUOUS
 62
     0
100
AcDbLine
 39
31.96927622246645
 10
3167.347893270486
 20
1153.318756676237
 30
0.0
 11
3167.347893270487
 21
1154.218756676237
 31
0.0
  0
LINE
  5
6EE
330
1F
100
AcDbEntity
  8
0
  6
CONTINUOUS
 62
     0
100
AcDbLine
 39
31.96927622246645
 10
3167.347893270487
 20
1154.318756676237
 30
0.0
 11
3167.347893270487
 21
1155.838756676238
 31
0.0
  0
LINE
  5
6EF
330
1F
100
AcDbEntity
  8
0
  6
CONTINUOUS
 62
     0
100
AcDbLine
 39
31.96927622246645
 10
3168.097893270488
 20
1155.738756676239
 30
0.0
 11
3168.097893270487
 21
1155.838756676238
 31
0.0
  0
LINE
  5
6F0
330
1F
100
AcDbEntity
  8
0
  6
CONTINUOUS
 62
     0
100
AcDbLine
 39
31.96927622246645
 10
3167.247893270487
 20
1151.668756676237
 30
0.0
 11
3167.247893270485
 21
1155.868756676238
 31
0.0
  0
LINE
  5
6F1
102
{ACAD_REACTORS
330
6CF
330
79E
102
}
330
1F
100
AcDbEntity
  8
0
  6
CONTINUOUS
 62
     0
100
AcDbLine
 39
31.96927622246645
 10
3173.297893270465
 20
1164.158756676249
 30
0.0
 11
3152.047893270465
 21
1164.158756676206
 31
0.0
  0
LINE
  5
6F2
102
{ACAD_REACTORS
330
79E
102
}
330
1F
100
AcDbEntity
  8
0
  6
CONTINUOUS
 62
     0
100
AcDbLine
 39
31.96927622246645
 10
3171.797893270465
 20
1162.658756676246
 30
0.0
 11
3160.468418090201
 21
1162.658756676224
 31
0.0
  0
LINE
  5
6F3
330
1F
100
AcDbEntity
  8
0
  6
CONTINUOUS
 62
     0
100
AcDbLine
 39
31.96927622246645
 10
3171.797893270461
 20
1162.508756676247
 30
0.0
 11
3160.468418090202
 21
1162.508756676224
 31
0.0
  0
LINE
  5
6F4
102
{ACAD_REACTORS
330
6CF
102
}
330
1F
100
AcDbEntity
  8
0
  6
CONTINUOUS
 62
     0
100
AcDbLine
 39
31.96927622246645
 10
3152.047893270465
 20
1164.158756676206
 30
0.0
 11
3159.547893270508
 21
1141.158756676221
 31
0.0
  0
LINE
  5
6F5
102
{ACAD_REACTORS
330
6CF
102
}
330
1F
100
AcDbEntity
  8
0
  6
CONTINUOUS
 62
     0
100
AcDbLine
 39
31.96927622246645
 10
3152.83676090547
 20
1164.158756676207
 30
0.0
 11
3160.092195688119
 21
1141.908756676223
 31
0.0
  0
LINE
  5
6F6
330
1F
100
AcDbEntity
  8
0
  6
CONTINUOUS
 62
     0
100
AcDbLine
 39
31.96927622246645
 10
3159.547893270515
 20
1139.219933738706
 30
0.0
 11
3173.297893270515
 21
1139.219933738735
 31
0.0
  0
LINE
  5
6F7
330
1F
100
AcDbEntity
  8
0
  6
CONTINUOUS
 62
     0
100
AcDbLine
 39
31.96927622246645
 10
3149.622674153256
 20
1164.158756676201
 30
0.0
 11
3157.122674153299
 21
1141.158756676216
 31
0.0
  0
LINE
  5
6F8
330
1F
100
AcDbEntity
  8
0
  6
CONTINUOUS
 62
     0
100
AcDbLine
 39
31.96927622246645
 10
3160.468418090215
 20
1150.798756676224
 30
0.0
 11
3165.451228871902
 21
1150.798756676233
 31
0.0
  0
LINE
  5
6F9
330
1F
100
AcDbEntity
  8
0
  6
CONTINUOUS
 62
     0
100
AcDbLine
 39
31.96927622246645
 10
3165.551228871901
 20
1150.798756676233
 30
0.0
 11
3166.551228871908
 21
1150.798756676236
 31
0.0
  0
LINE
  5
6FA
330
1F
100
AcDbEntity
  8
0
  6
CONTINUOUS
 62
     0
100
AcDbLine
 39
31.96927622246645
 10
3166.651228871907
 20
1150.798756676236
 30
0.0
 11
3167.627893270627
 21
1150.798756676238
 31
0.0
  0
LINE
  5
6FB
330
1F
100
AcDbEntity
  8
0
  6
CONTINUOUS
 62
     0
100
AcDbLine
 39
31.96927622246645
 10
3167.727893270622
 20
1150.798756676239
 30
0.0
 11
3168.727893270622
 21
1150.798756676241
 31
0.0
  0
LINE
  5
6FC
330
1F
100
AcDbEntity
  8
0
  6
CONTINUOUS
 62
     0
100
AcDbLine
 39
31.96927622246645
 10
3168.827893270624
 20
1150.79875667624
 30
0.0
 11
3171.647893270487
 21
1150.798756676248
 31
0.0
  0
LINE
  5
6FD
330
1F
100
AcDbEntity
  8
0
  6
CONTINUOUS
 62
     0
100
AcDbLine
 39
31.96927622246645
 10
3165.551228871897
 20
1148.998756676234
 30
0.0
 11
3165.801228871908
 21
1148.998756676235
 31
0.0
  0
LINE
  5
6FE
330
1F
100
AcDbEntity
  8
0
  6
CONTINUOUS
 62
     0
100
AcDbLine
 39
31.96927622246645
 10
3166.651228871907
 20
1148.998756676236
 30
0.0
 11
3167.627893270562
 21
1148.998756676237
 31
0.0
  0
LINE
  5
6FF
330
1F
100
AcDbEntity
  8
0
  6
CONTINUOUS
 62
     0
100
AcDbLine
 39
31.96927622246645
 10
3168.477893270575
 20
1148.99875667624
 30
0.0
 11
3168.727893270539
 21
1148.99875667624
 31
0.0
  0
LINE
  5
700
330
1F
100
AcDbEntity
  8
0
  6
CONTINUOUS
 62
     0
100
AcDbLine
 39
31.96927622246645
 10
3165.451228871913
 20
1148.898756676234
 30
0.0
 11
3165.801228871908
 21
1148.898756676235
 31
0.0
  0
LINE
  5
701
330
1F
100
AcDbEntity
  8
0
  6
CONTINUOUS
 62
     0
100
AcDbLine
 39
31.96927622246645
 10
3166.551228871912
 20
1148.898756676237
 30
0.0
 11
3167.727893270564
 21
1148.898756676239
 31
0.0
  0
LINE
  5
702
330
1F
100
AcDbEntity
  8
0
  6
CONTINUOUS
 62
     0
100
AcDbLine
 39
31.96927622246645
 10
3168.477893270564
 20
1148.898756676241
 30
0.0
 11
3168.827893270581
 21
1148.898756676241
 31
0.0
  0
LINE
  5
703
330
1F
100
AcDbEntity
  8
0
  6
CONTINUOUS
 62
     0
100
AcDbLine
 39
31.96927622246645
 10
3160.468418090215
 20
1150.898756676223
 30
0.0
 11
3173.297893270492
 21
1150.898756676249
 31
0.0
  0
LINE
  5
704
330
1F
100
AcDbEntity
  8
0
  6
CONTINUOUS
 62
     0
100
AcDbLine
 39
31.96927622246645
 10
3167.247893270487
 20
1151.798756676237
 30
0.0
 11
3167.347893270489
 21
1151.798756676237
 31
0.0
  0
LINE
  5
705
330
1F
100
AcDbEntity
  8
0
  6
CONTINUOUS
 62
     0
100
AcDbLine
 39
31.96927622246645
 10
3168.097893270489
 20
1151.798756676238
 30
0.0
 11
3168.647893270489
 21
1151.79875667624
 31
0.0
  0
LINE
  5
706
330
1F
100
AcDbEntity
  8
0
  6
CONTINUOUS
 62
     0
100
AcDbLine
 39
31.96927622246645
 10
3168.097893270485
 20
1151.898756676238
 30
0.0
 11
3168.547893270485
 21
1151.89875667624
 31
0.0
  0
LINE
  5
707
330
1F
100
AcDbEntity
  8
0
  6
CONTINUOUS
 62
     0
100
AcDbLine
 39
31.96927622246645
 10
3160.468418090211
 20
1153.718756676223
 30
0.0
 11
3167.247893270479
 21
1153.718756676237
 31
0.0
  0
LINE
  5
708
330
1F
100
AcDbEntity
  8
0
  6
CONTINUOUS
 62
     0
100
AcDbLine
 39
31.96927622246645
 10
3168.647893270488
 20
1153.71875667624
 30
0.0
 11
3171.647893270485
 21
1153.718756676246
 31
0.0
  0
LINE
  5
709
330
1F
100
AcDbEntity
  8
0
  6
CONTINUOUS
 62
     0
100
AcDbLine
 39
31.96927622246645
 10
3160.468418090211
 20
1153.818756676224
 30
0.0
 11
3167.247893270483
 21
1153.818756676237
 31
0.0
  0
LINE
  5
70A
330
1F
100
AcDbEntity
  8
0
  6
CONTINUOUS
 62
     0
100
AcDbLine
 39
31.96927622246645
 10
3168.647893270488
 20
1153.81875667624
 30
0.0
 11
3171.647893270485
 21
1153.818756676246
 31
0.0
  0
LINE
  5
70B
330
1F
100
AcDbEntity
  8
0
  6
CONTINUOUS
 62
     0
100
AcDbLine
 39
31.96927622246645
 10
3160.468418090209
 20
1156.638756676224
 30
0.0
 11
3171.797893270481
 21
1156.638756676247
 31
0.0
  0
LINE
  5
70C
330
1F
100
AcDbEntity
  8
0
  6
CONTINUOUS
 62
     0
100
AcDbLine
 39
31.96927622246645
 10
3160.468418090209
 20
1156.738756676225
 30
0.0
 11
3171.797893270477
 21
1156.738756676247
 31
0.0
  0
LINE
  5
70D
330
1F
100
AcDbEntity
  8
0
  6
CONTINUOUS
 62
     0
100
AcDbLine
 39
31.96927622246645
 10
3167.247893270482
 20
1155.838756676237
 30
0.0
 11
3167.347893270487
 21
1155.838756676237
 31
0.0
  0
LINE
  5
70E
330
1F
100
AcDbEntity
  8
0
  6
CONTINUOUS
 62
     0
100
AcDbLine
 39
31.96927622246645
 10
3168.097893270487
 20
1155.838756676239
 30
0.0
 11
3168.647893270479
 21
1155.83875667624
 31
0.0
  0
LINE
  5
70F
330
1F
100
AcDbEntity
  8
0
  6
CONTINUOUS
 62
     0
100
AcDbLine
 39
31.96927622246645
 10
3168.097893270485
 20
1155.738756676239
 30
0.0
 11
3168.547893270485
 21
1155.73875667624
 31
0.0
  0
LINE
  5
710
330
1F
100
AcDbEntity
  8
0
  6
CONTINUOUS
 62
     0
100
AcDbLine
 39
31.96927622246645
 10
3162.468418090228
 20
1143.408756676228
 30
0.0
 11
3162.468418090221
 21
1150.898756676227
 31
0.0
  0
LINE
  5
711
330
1F
100
AcDbEntity
  8
0
  6
CONTINUOUS
 62
     0
100
AcDbLine
 39
31.96927622246645
 10
3162.618418090229
 20
1143.408756676228
 30
0.0
 11
3162.618418090226
 21
1147.998756676229
 31
0.0
  0
LINE
  5
712
330
1F
100
AcDbEntity
  8
0
  6
CONTINUOUS
 62
     0
100
AcDbLine
 39
31.96927622246645
 10
3162.618418090222
 20
1148.098756676229
 30
0.0
 11
3162.618418090224
 21
1150.798756676228
 31
0.0
  0
LINE
  5
713
330
1F
100
AcDbEntity
  8
0
  6
CONTINUOUS
 62
     0
100
AcDbLine
 39
31.96927622246645
 10
3165.451228871909
 20
1148.098756676236
 30
0.0
 11
3165.451228871902
 21
1150.798756676233
 31
0.0
  0
LINE
  5
714
330
1F
100
AcDbEntity
  8
0
  6
CONTINUOUS
 62
     0
100
AcDbLine
 39
31.96927622246645
 10
3165.551228871901
 20
1148.998756676234
 30
0.0
 11
3165.551228871901
 21
1150.798756676233
 31
0.0
  0
LINE
  5
715
330
1F
100
AcDbEntity
  8
0
  6
CONTINUOUS
 62
     0
100
AcDbLine
 39
31.96927622246645
 10
3166.651228871907
 20
1148.998756676237
 30
0.0
 11
3166.65122887191
 21
1150.798756676236
 31
0.0
  0
LINE
  5
716
330
1F
100
AcDbEntity
  8
0
  6
CONTINUOUS
 62
     0
100
AcDbLine
 39
31.96927622246645
 10
3166.551228871912
 20
1148.898756676236
 30
0.0
 11
3166.551228871911
 21
1150.898756676234
 31
0.0
  0
LINE
  5
717
330
1F
100
AcDbEntity
  8
0
  6
CONTINUOUS
 62
     0
100
AcDbLine
 39
31.96927622246645
 10
3165.801228871912
 20
1148.898756676236
 30
0.0
 11
3165.801228871908
 21
1148.998756676236
 31
0.0
  0
LINE
  5
718
330
1F
100
AcDbEntity
  8
0
  6
CONTINUOUS
 62
     0
100
AcDbLine
 39
31.96927622246645
 10
3167.189561071192
 20
1148.898756676237
 30
0.0
 11
3167.189561071207
 21
1144.908756676237
 31
0.0
  0
LINE
  5
719
330
1F
100
AcDbEntity
  8
0
  6
CONTINUOUS
 62
     0
100
AcDbLine
 39
31.96927622246645
 10
3168.189561071187
 20
1148.098756676247
 30
0.0
 11
3168.189561071194
 21
1147.998756676247
 31
0.0
  0
LINE
  5
71A
330
1F
100
AcDbEntity
  8
0
  6
CONTINUOUS
 62
     0
100
AcDbLine
 39
31.96927622246645
 10
3168.989561071189
 20
1148.098756676283
 30
0.0
 11
3168.989561071196
 21
1147.998756676284
 31
0.0
  0
LINE
  5
71B
330
1F
100
AcDbEntity
  8
0
  6
CONTINUOUS
 62
     0
100
AcDbLine
 39
31.96927622246645
 10
3167.089561071193
 20
1148.898756676237
 30
0.0
 11
3167.089561071209
 21
1144.908756676236
 31
0.0
  0
LINE
  5
71C
330
1F
100
AcDbEntity
  8
0
  6
CONTINUOUS
 62
     0
100
AcDbLine
 39
31.96927622246645
 10
3166.189561071193
 20
1148.098756676238
 30
0.0
 11
3166.189561071194
 21
1147.998756676237
 31
0.0
  0
LINE
  5
71D
330
1F
100
AcDbEntity
  8
0
  6
CONTINUOUS
 62
     1
100
AcDbLine
 39
31.96927622246645
 10
3166.189561071198
 20
1146.978756676238
 30
0.0
 11
3166.189561071207
 21
1145.058756676233
 31
0.0
  0
LINE
  5
71E
330
1F
100
AcDbEntity
  8
0
  6
CONTINUOUS
 62
     1
100
AcDbLine
 39
31.96927622246645
 10
3166.089561071198
 20
1146.978756676238
 30
0.0
 11
3166.089561071207
 21
1145.058756676233
 31
0.0
  0
LINE
  5
71F
330
1F
100
AcDbEntity
  8
0
  6
CONTINUOUS
 62
     0
100
AcDbLine
 39
31.96927622246645
 10
3168.827893270537
 20
1148.898756676241
 30
0.0
 11
3168.827893270627
 21
1150.898756676159
 31
0.0
  0
LINE
  5
720
330
1F
100
AcDbEntity
  8
0
  6
CONTINUOUS
 62
     0
100
AcDbLine
 39
31.96927622246645
 10
3168.727893270542
 20
1148.99875667624
 30
0.0
 11
3168.727893270626
 21
1150.798756676241
 31
0.0
  0
LINE
  5
721
330
1F
100
AcDbEntity
  8
0
  6
CONTINUOUS
 62
     0
100
AcDbLine
 39
31.96927622246645
 10
3167.627893270562
 20
1148.998756676237
 30
0.0
 11
3167.627893270624
 21
1150.798756676237
 31
0.0
  0
LINE
  5
722
330
1F
100
AcDbEntity
  8
0
  6
CONTINUOUS
 62
     0
100
AcDbLine
 39
31.96927622246645
 10
3167.727893270564
 20
1148.898756676239
 30
0.0
 11
3167.727893270625
 21
1150.898756676214
 31
0.0
  0
LINE
  5
723
330
1F
100
AcDbEntity
  8
0
  6
CONTINUOUS
 62
     0
100
AcDbLine
 39
31.96927622246645
 10
3168.477893270564
 20
1148.898756676215
 30
0.0
 11
3168.477893270571
 21
1148.998756676239
 31
0.0
  0
LINE
  5
724
330
1F
100
AcDbEntity
  8
0
  6
CONTINUOUS
 62
     1
100
AcDbLine
 39
31.96927622246645
 10
3166.65122887191
 20
1150.798756676236
 30
0.0
 11
3167.627893270565
 21
1148.998756676237
 31
0.0
  0
LINE
  5
725
330
1F
100
AcDbEntity
  8
0
  6
CONTINUOUS
 62
     1
100
AcDbLine
 39
31.96927622246645
 10
3166.651228871907
 20
1148.998756676237
 30
0.0
 11
3167.62789327062
 21
1150.798756676238
 31
0.0
  0
LINE
  5
726
330
1F
100
AcDbEntity
  8
0
  6
CONTINUOUS
 62
     0
100
AcDbLine
 39
31.96927622246645
 10
3167.347893270489
 20
1153.318756676237
 30
0.0
 11
3168.547893270486
 21
1153.318756676237
 31
0.0
  0
LINE
  5
727
330
1F
100
AcDbEntity
  8
0
  6
CONTINUOUS
 62
     0
100
AcDbLine
 39
31.96927622246645
 10
3167.247893270487
 20
1153.218756676238
 30
0.0
 11
3168.647893270485
 21
1153.218756676238
 31
0.0
  0
LINE
  5
728
330
1F
100
AcDbEntity
  8
0
  6
CONTINUOUS
 62
     0
100
AcDbLine
 39
31.96927622246645
 10
3167.347893270487
 20
1154.218756676238
 30
0.0
 11
3168.547893270488
 21
1154.218756676237
 31
0.0
  0
LINE
  5
729
330
1F
100
AcDbEntity
  8
0
  6
CONTINUOUS
 62
     0
100
AcDbLine
 39
31.96927622246645
 10
3167.247893270482
 20
1154.318756676237
 30
0.0
 11
3168.647893270487
 21
1154.318756676237
 31
0.0
  0
LINE
  5
72A
330
1F
100
AcDbEntity
  8
0
  6
CONTINUOUS
 62
     0
100
AcDbLine
 39
31.96927622246645
 10
3167.347893270491
 20
1154.218756676237
 30
0.0
 11
3168.547893270486
 21
1153.318756676237
 31
0.0
  0
LINE
  5
72B
330
1F
100
AcDbEntity
  8
0
  6
CONTINUOUS
 62
     0
100
AcDbLine
 39
31.96927622246645
 10
3167.347893270486
 20
1153.318756676237
 30
0.0
 11
3168.547893270488
 21
1154.218756676237
 31
0.0
  0
LINE
  5
72C
330
1F
100
AcDbEntity
  8
0
  6
CONTINUOUS
 62
     1
100
AcDbLine
 39
31.96927622246645
 10
3166.189561071205
 20
1145.958756676233
 30
0.0
 11
3167.089561071212
 21
1145.058756676236
 31
0.0
  0
LINE
  5
72D
330
1F
100
AcDbEntity
  8
0
  6
CONTINUOUS
 62
     1
100
AcDbLine
 39
31.96927622246645
 10
3168.08956107159
 20
1145.958756676328
 30
0.0
 11
3167.189561071584
 21
1145.95875667624
 31
0.0
  0
LINE
  5
72E
330
1F
100
AcDbEntity
  8
0
  6
CONTINUOUS
 62
     1
100
AcDbLine
 39
31.96927622246645
 10
3168.089561071559
 20
1146.208756676331
 30
0.0
 11
3167.189561071561
 21
1146.208756676241
 31
0.0
  0
LINE
  5
72F
330
1F
100
AcDbEntity
  8
0
  6
CONTINUOUS
 62
     1
100
AcDbLine
 39
31.96927622246645
 10
3168.089561071532
 20
1146.458756676331
 30
0.0
 11
3167.189561071535
 21
1146.458756676241
 31
0.0
  0
LINE
  5
730
330
1F
100
AcDbEntity
  8
0
  6
CONTINUOUS
 62
     1
100
AcDbLine
 39
31.96927622246645
 10
3168.089561071507
 20
1146.708756676331
 30
0.0
 11
3167.189561071509
 21
1146.708756676241
 31
0.0
  0
LINE
  5
731
330
1F
100
AcDbEntity
  8
0
  6
CONTINUOUS
 62
     1
100
AcDbLine
 39
31.96927622246645
 10
3168.189561071495
 20
1146.978756676344
 30
0.0
 11
3167.18956107149
 21
1146.978756676245
 31
0.0
  0
LINE
  5
732
330
1F
100
AcDbEntity
  8
0
  6
CONTINUOUS
 62
     1
100
AcDbLine
 39
31.96927622246645
 10
3168.089561071494
 20
1146.978756676334
 30
0.0
 11
3168.089561071674
 21
1145.05875667633
 31
0.0
  0
LINE
  5
733
330
1F
100
AcDbEntity
  8
0
  6
CONTINUOUS
 62
     1
100
AcDbLine
 39
31.96927622246645
 10
3168.189561071495
 20
1146.978756676344
 30
0.0
 11
3168.189561071674
 21
1145.05875667634
 31
0.0
  0
LINE
  5
734
330
1F
100
AcDbEntity
  8
0
  6
CONTINUOUS
 62
     1
100
AcDbLine
 39
31.96927622246645
 10
3168.089561071585
 20
1145.958756676329
 30
0.0
 11
3167.189561071669
 21
1145.058756676241
 31
0.0
  0
LINE
  5
735
330
1F
100
AcDbEntity
  8
0
  6
CONTINUOUS
 62
     0
100
AcDbLine
 39
31.96927622246645
 10
3165.801228871916
 20
1148.898756676235
 30
0.0
 11
3166.551228871916
 21
1148.898756676235
 31
0.0
  0
LINE
  5
736
330
1F
100
AcDbEntity
  8
0
  6
CONTINUOUS
 62
     0
100
AcDbLine
 39
31.96927622246645
 10
3167.727893270568
 20
1148.898756676239
 30
0.0
 11
3168.477893270568
 21
1148.898756676241
 31
0.0
  0
MTEXT
  5
737
102
{ACAD_XDICTIONARY
360
738
102
}
330
1F
100
AcDbEntity
  8
TEXT_
  6
CONTINUOUS
100
AcDbMText
 10
3164.165242347242
 20
1146.17678606235
 30
0.0
 40
0.2
 41
2.916562127719658
 71
     8
 72
     5
  1
BED\P3.47X2.94\P11'5''X9'7''
  7
AN
1001
ACAD
1000
ACAD_MTEXT_DEFINED_HEIGHT_BEGIN
1070
    46
1040
0.7843769667153234
1000
ACAD_MTEXT_DEFINED_HEIGHT_END
  0
MTEXT
  5
739
102
{ACAD_XDICTIONARY
360
73A
102
}
330
1F
100
AcDbEntity
  8
TEXT_
  6
CONTINUOUS
100
AcDbMText
 10
3169.956990686917
 20
1146.064134629226
 30
0.0
 40
0.2
 41
2.483751346042027
 71
     8
 72
     5
  1
BED\P3.46X2.94\P11'5''X9'7''
  7
AN
1001
ACAD
1000
ACAD_MTEXT_DEFINED_HEIGHT_BEGIN
1070
    46
1040
0.7843769667153234
1000
ACAD_MTEXT_DEFINED_HEIGHT_END
  0
MTEXT
  5
73B
102
{ACAD_XDICTIONARY
360
73C
102
}
330
1F
100
AcDbEntity
  8
TEXT_
  6
CONTINUOUS
100
AcDbMText
 10
3164.171909263339
 20
1148.891286334386
 30
0.0
 40
0.2
 41
2.916562127719658
 71
     8
 72
     5
  1
BED\P2.83X2.70\P9'3''X9'0''
  7
AN
1001
ACAD
1000
ACAD_MTEXT_DEFINED_HEIGHT_BEGIN
1070
    46
1040
0.7843769667153234
1000
ACAD_MTEXT_DEFINED_HEIGHT_END
  0
MTEXT
  5
73D
102
{ACAD_XDICTIONARY
360
73E
102
}
330
1F
100
AcDbEntity
  8
TEXT_
  6
CONTINUOUS
100
AcDbMText
 10
3166.054955353062
 20
1149.515187063979
 30
0.0
 40
0.16
 41
2.483751346042027
 71
     8
 72
     5
  1
TOILET\P1.00X1.80\P3'3''X6'0''
  7
AN
1001
ACAD
1000
ACAD_MTEXT_DEFINED_HEIGHT_BEGIN
1070
    46
1040
0.7843769667153234
1000
ACAD_MTEXT_DEFINED_HEIGHT_END
  0
MTEXT
  5
73F
102
{ACAD_XDICTIONARY
360
740
102
}
330
1F
100
AcDbEntity
  8
TEXT_
  6
CONTINUOUS
100
AcDbMText
 10
3168.275216199349
 20
1149.515187063984
 30
0.0
 40
0.16
 41
2.483751346042027
 71
     8
 72
     5
  1
TOILET\P1.00X1.80\P3'3''X6'0''
  7
AN
1001
ACAD
1000
ACAD_MTEXT_DEFINED_HEIGHT_BEGIN
1070
    46
1040
0.7843769667153234
1000
ACAD_MTEXT_DEFINED_HEIGHT_END
  0
MTEXT
  5
741
102
{ACAD_XDICTIONARY
360
742
102
}
330
1F
100
AcDbEntity
  8
TEXT_
  6
CONTINUOUS
100
AcDbMText
 10
3167.920432331624
 20
1152.254316948355
 30
0.0
 40
0.16
 41
2.483751346042027
 71
     8
 72
     5
  1
TOILET\P1.20X1.42\P4'0''X4'6''
  7
AN
1001
ACAD
1000
ACAD_MTEXT_DEFINED_HEIGHT_BEGIN
1070
    46
1040
0.7843769667153234
1000
ACAD_MTEXT_DEFINED_HEIGHT_END
  0
LINE
  5
743
330
1F
100
AcDbEntity
  8
0
  6
CONTINUOUS
 62
     0
100
AcDbLine
 39
31.96927622246645
 10
3171.797893270486
 20
1153.768756676247
 30
0.0
 11
3173.297893270486
 21
1153.768756676249
 31
0.0
  0
LINE
  5
744
330
1F
100
AcDbEntity
  8
0
  6
CONTINUOUS
 62
     0
100
AcDbLine
 39
31.96927622246645
 10
3171.797893270485
 20
1156.688756676247
 30
0.0
 11
3173.297893270488
 21
1156.688756676249
 31
0.0
  0
MTEXT
  5
745
102
{ACAD_XDICTIONARY
360
746
102
}
330
1F
100
AcDbEntity
  8
TEXT_
  6
CONTINUOUS
100
AcDbMText
 10
3167.92043233162
 20
1154.724141111197
 30
0.0
 40
0.16
 41
2.483751346042027
 71
     8
 72
     5
  1
TOILET\P1.20X1.42\P4'0''X4'6''
  7
AN
1001
ACAD
1000
ACAD_MTEXT_DEFINED_HEIGHT_BEGIN
1070
    46
1040
0.7843769667153234
1000
ACAD_MTEXT_DEFINED_HEIGHT_END
  0
LINE
  5
747
330
1F
100
AcDbEntity
  8
0
  6
CONTINUOUS
 62
     0
100
AcDbLine
 39
31.96927622246645
 10
3167.347893270491
 20
1155.838756676238
 30
0.0
 11
3168.097893270491
 21
1155.838756676249
 31
0.0
  0
LINE
  5
748
330
1F
100
AcDbEntity
  8
0
  6
CONTINUOUS
 62
     0
100
AcDbLine
 39
31.96927622246645
 10
3167.347893270493
 20
1151.798756676237
 30
0.0
 11
3168.097893270493
 21
1151.798756676248
 31
0.0
  0
LINE
  5
749
330
1F
100
AcDbEntity
  8
0
  6
CONTINUOUS
 62
     0
100
AcDbLine
 39
31.96927622246645
 10
3171.797893270468
 20
1150.898756676246
 30
0.0
 11
3171.797893270467
 21
1159.558756676247
 31
0.0
  0
LINE
  5
74A
330
1F
100
AcDbEntity
  8
0
  6
CONTINUOUS
 62
     0
100
AcDbLine
 39
31.96927622246645
 10
3171.797893270464
 20
1159.658756676248
 30
0.0
 11
3171.797893270457
 21
1162.658756676246
 31
0.0
  0
LINE
  5
74B
330
1F
100
AcDbEntity
  8
0
  6
CONTINUOUS
 62
     0
100
AcDbLine
 39
31.96927622246645
 10
3171.647893270454
 20
1150.898756676245
 30
0.0
 11
3171.647893270469
 21
1159.558756676246
 31
0.0
  0
LINE
  5
74C
330
1F
100
AcDbEntity
  8
0
  6
CONTINUOUS
 62
     0
100
AcDbLine
 39
31.96927622246645
 10
3171.647893270462
 20
1159.658756676247
 30
0.0
 11
3171.647893270461
 21
1162.508756676247
 31
0.0
  0
LINE
  5
74D
330
1F
100
AcDbEntity
  8
0
  6
CONTINUOUS
 62
     0
100
AcDbLine
 39
31.96927622246645
 10
3168.647893270465
 20
1157.638756676241
 30
0.0
 11
3168.647893270461
 21
1161.67875667624
 31
0.0
  0
LINE
  5
74E
330
1F
100
AcDbEntity
  8
0
  6
CONTINUOUS
 62
     0
100
AcDbLine
 39
31.96927622246645
 10
3168.547893270466
 20
1157.73875667624
 30
0.0
 11
3168.547893270468
 21
1159.058756676237
 31
0.0
  0
LINE
  5
74F
330
1F
100
AcDbEntity
  8
0
  6
CONTINUOUS
 62
     0
100
AcDbLine
 39
31.96927622246645
 10
3168.547893270471
 20
1159.158756676236
 30
0.0
 11
3168.547893270469
 21
1160.058756676237
 31
0.0
  0
LINE
  5
750
330
1F
100
AcDbEntity
  8
0
  6
CONTINUOUS
 62
     0
100
AcDbLine
 39
31.96927622246645
 10
3168.547893270465
 20
1160.158756676237
 30
0.0
 11
3168.54789327047
 21
1161.57875667624
 31
0.0
  0
LINE
  5
751
330
1F
100
AcDbEntity
  8
0
  6
CONTINUOUS
 62
     0
100
AcDbLine
 39
31.96927622246645
 10
3167.347893270466
 20
1157.638756676238
 30
0.0
 11
3167.347893270471
 21
1159.058756676238
 31
0.0
  0
LINE
  5
752
330
1F
100
AcDbEntity
  8
0
  6
CONTINUOUS
 62
     0
100
AcDbLine
 39
31.96927622246645
 10
3168.097893270466
 20
1157.638756676235
 30
0.0
 11
3168.097893270466
 21
1157.738756676238
 31
0.0
  0
LINE
  5
753
330
1F
100
AcDbEntity
  8
0
  6
CONTINUOUS
 62
     0
100
AcDbLine
 39
31.96927622246645
 10
3167.347893270467
 20
1159.158756676237
 30
0.0
 11
3167.347893270468
 21
1160.058756676237
 31
0.0
  0
LINE
  5
754
330
1F
100
AcDbEntity
  8
0
  6
CONTINUOUS
 62
     0
100
AcDbLine
 39
31.96927622246645
 10
3167.347893270468
 20
1160.158756676237
 30
0.0
 11
3167.347893270466
 21
1161.678756676238
 31
0.0
  0
LINE
  5
755
330
1F
100
AcDbEntity
  8
0
  6
CONTINUOUS
 62
     0
100
AcDbLine
 39
31.96927622246645
 10
3168.097893270469
 20
1161.578756676239
 30
0.0
 11
3168.097893270466
 21
1161.678756676238
 31
0.0
  0
LINE
  5
756
330
1F
100
AcDbEntity
  8
0
  6
CONTINUOUS
 62
     0
100
AcDbLine
 39
31.96927622246645
 10
3167.247893270468
 20
1157.508756676237
 30
0.0
 11
3167.247893270463
 21
1161.708756676237
 31
0.0
  0
LINE
  5
757
330
1F
100
AcDbEntity
  8
0
  6
CONTINUOUS
 62
     1
100
AcDbLine
 39
31.96927622246645
 10
3166.347893270467
 20
1157.508756676235
 30
0.0
 11
3166.347893270466
 21
1159.558756676235
 31
0.0
  0
LINE
  5
758
330
1F
100
AcDbEntity
  8
0
  6
CONTINUOUS
 62
     1
100
AcDbLine
 39
31.96927622246645
 10
3166.247893270466
 20
1157.508756676235
 30
0.0
 11
3166.247893270465
 21
1159.558756676235
 31
0.0
  0
LINE
  5
759
330
1F
100
AcDbEntity
  8
0
  6
CONTINUOUS
 62
     0
100
AcDbLine
 39
31.96927622246645
 10
3167.247893270463
 20
1157.638756676237
 30
0.0
 11
3167.347893270466
 21
1157.638756676237
 31
0.0
  0
LINE
  5
75A
330
1F
100
AcDbEntity
  8
0
  6
CONTINUOUS
 62
     0
100
AcDbLine
 39
31.96927622246645
 10
3168.097893270466
 20
1157.638756676238
 30
0.0
 11
3168.647893270465
 21
1157.638756676241
 31
0.0
  0
LINE
  5
75B
330
1F
100
AcDbEntity
  8
0
  6
CONTINUOUS
 62
     0
100
AcDbLine
 39
31.96927622246645
 10
3168.097893270466
 20
1157.738756676238
 30
0.0
 11
3168.547893270466
 21
1157.73875667624
 31
0.0
  0
LINE
  5
75C
330
1F
100
AcDbEntity
  8
0
  6
CONTINUOUS
 62
     0
100
AcDbLine
 39
31.96927622246645
 10
3160.468418090205
 20
1159.558756676223
 30
0.0
 11
3167.24789327046
 21
1159.558756676237
 31
0.0
  0
LINE
  5
75D
330
1F
100
AcDbEntity
  8
0
  6
CONTINUOUS
 62
     1
100
AcDbLine
 39
31.96927622246645
 10
3166.347893270466
 20
1158.658756676237
 30
0.0
 11
3167.247893270462
 21
1158.658756676237
 31
0.0
  0
LINE
  5
75E
330
1F
100
AcDbEntity
  8
0
  6
CONTINUOUS
 62
     1
100
AcDbLine
 39
31.96927622246645
 10
3166.347893270468
 20
1158.428756676235
 30
0.0
 11
3167.247893270463
 21
1158.428756676237
 31
0.0
  0
LINE
  5
75F
330
1F
100
AcDbEntity
  8
0
  6
CONTINUOUS
 62
     1
100
AcDbLine
 39
31.96927622246645
 10
3166.347893270465
 20
1158.198756676235
 30
0.0
 11
3167.247893270459
 21
1158.198756676237
 31
0.0
  0
LINE
  5
760
330
1F
100
AcDbEntity
  8
0
  6
CONTINUOUS
 62
     1
100
AcDbLine
 39
31.96927622246645
 10
3166.347893270466
 20
1157.968756676235
 30
0.0
 11
3167.24789327046
 21
1157.968756676237
 31
0.0
  0
LINE
  5
761
330
1F
100
AcDbEntity
  8
0
  6
CONTINUOUS
 62
     1
100
AcDbLine
 39
31.96927622246645
 10
3166.347893270466
 20
1157.738756676235
 30
0.0
 11
3167.24789327046
 21
1157.738756676237
 31
0.0
  0
LINE
  5
762
330
1F
100
AcDbEntity
  8
0
  6
CONTINUOUS
 62
     1
100
AcDbLine
 39
31.96927622246645
 10
3166.347893270467
 20
1157.508756676235
 30
0.0
 11
3167.247893270461
 21
1157.508756676237
 31
0.0
  0
LINE
  5
763
330
1F
100
AcDbEntity
  8
0
  6
CONTINUOUS
 62
     0
100
AcDbLine
 39
31.96927622246645
 10
3168.647893270469
 20
1159.55875667624
 30
0.0
 11
3171.647893270466
 21
1159.558756676246
 31
0.0
  0
LINE
  5
764
330
1F
100
AcDbEntity
  8
0
  6
CONTINUOUS
 62
     0
100
AcDbLine
 39
31.96927622246645
 10
3160.468418090205
 20
1159.658756676224
 30
0.0
 11
3167.24789327046
 21
1159.658756676237
 31
0.0
  0
LINE
  5
765
330
1F
100
AcDbEntity
  8
0
  6
CONTINUOUS
 62
     0
100
AcDbLine
 39
31.96927622246645
 10
3168.647893270465
 20
1159.65875667624
 30
0.0
 11
3171.647893270462
 21
1159.658756676246
 31
0.0
  0
LINE
  5
766
330
1F
100
AcDbEntity
  8
0
  6
CONTINUOUS
 62
     0
100
AcDbLine
 39
31.96927622246645
 10
3167.24789327046
 20
1161.678756676237
 30
0.0
 11
3167.347893270466
 21
1161.678756676237
 31
0.0
  0
LINE
  5
767
330
1F
100
AcDbEntity
  8
0
  6
CONTINUOUS
 62
     0
100
AcDbLine
 39
31.96927622246645
 10
3168.097893270466
 20
1161.678756676239
 30
0.0
 11
3168.647893270458
 21
1161.67875667624
 31
0.0
  0
LINE
  5
768
330
1F
100
AcDbEntity
  8
0
  6
CONTINUOUS
 62
     0
100
AcDbLine
 39
31.96927622246645
 10
3168.097893270466
 20
1161.578756676239
 30
0.0
 11
3168.547893270466
 21
1161.57875667624
 31
0.0
  0
LINE
  5
769
330
1F
100
AcDbEntity
  8
0
  6
CONTINUOUS
 62
     0
100
AcDbLine
 39
31.96927622246645
 10
3162.468418090215
 20
1150.898756676227
 30
0.0
 11
3162.468418090201
 21
1162.658756676227
 31
0.0
  0
LINE
  5
76A
330
1F
100
AcDbEntity
  8
0
  6
CONTINUOUS
 62
     0
100
AcDbLine
 39
31.96927622246645
 10
3160.468418090215
 20
1150.798756676224
 30
0.0
 11
3160.468418090201
 21
1162.658756676225
 31
0.0
  0
LINE
  5
76B
330
1F
100
AcDbEntity
  8
0
  6
CONTINUOUS
 62
     0
100
AcDbLine
 39
31.96927622246645
 10
3160.568418090215
 20
1150.798756676224
 30
0.0
 11
3160.568418090202
 21
1162.658756676225
 31
0.0
  0
LINE
  5
76C
330
1F
100
AcDbEntity
  8
0
  6
CONTINUOUS
 62
     0
100
AcDbLine
 39
31.96927622246645
 10
3162.618418090226
 20
1150.898756676228
 30
0.0
 11
3162.618418090208
 21
1159.558756676228
 31
0.0
  0
LINE
  5
76D
330
1F
100
AcDbEntity
  8
0
  6
CONTINUOUS
 62
     0
100
AcDbLine
 39
31.96927622246645
 10
3162.618418090212
 20
1159.658756676228
 30
0.0
 11
3162.618418090211
 21
1162.658756676228
 31
0.0
  0
LINE
  5
76E
330
1F
100
AcDbEntity
  8
0
  6
CONTINUOUS
 62
     0
100
AcDbLine
 39
31.96927622246645
 10
3167.34789327047
 20
1159.158756676237
 30
0.0
 11
3168.547893270467
 21
1159.158756676237
 31
0.0
  0
LINE
  5
76F
330
1F
100
AcDbEntity
  8
0
  6
CONTINUOUS
 62
     0
100
AcDbLine
 39
31.96927622246645
 10
3167.247893270465
 20
1159.058756676238
 30
0.0
 11
3168.647893270463
 21
1159.058756676238
 31
0.0
  0
LINE
  5
770
330
1F
100
AcDbEntity
  8
0
  6
CONTINUOUS
 62
     0
100
AcDbLine
 39
31.96927622246645
 10
3167.347893270468
 20
1160.058756676238
 30
0.0
 11
3168.547893270469
 21
1160.058756676237
 31
0.0
  0
LINE
  5
771
330
1F
100
AcDbEntity
  8
0
  6
CONTINUOUS
 62
     0
100
AcDbLine
 39
31.96927622246645
 10
3167.247893270463
 20
1160.158756676237
 30
0.0
 11
3168.647893270468
 21
1160.158756676237
 31
0.0
  0
LINE
  5
772
330
1F
100
AcDbEntity
  8
0
  6
CONTINUOUS
 62
     0
100
AcDbLine
 39
31.96927622246645
 10
3167.347893270472
 20
1160.058756676237
 30
0.0
 11
3168.547893270467
 21
1159.158756676237
 31
0.0
  0
LINE
  5
773
330
1F
100
AcDbEntity
  8
0
  6
CONTINUOUS
 62
     0
100
AcDbLine
 39
31.96927622246645
 10
3167.347893270467
 20
1159.158756676237
 30
0.0
 11
3168.547893270469
 21
1160.058756676237
 31
0.0
  0
MTEXT
  5
774
102
{ACAD_XDICTIONARY
360
775
102
}
330
1F
100
AcDbEntity
  8
TEXT_
  6
CONTINUOUS
100
AcDbMText
 10
3167.920432331606
 20
1158.094316948355
 30
0.0
 40
0.16
 41
2.483751346042027
 71
     8
 72
     5
  1
TOILET\P1.20X1.42\P4'0''X4'6''
  7
AN
1001
ACAD
1000
ACAD_MTEXT_DEFINED_HEIGHT_BEGIN
1070
    46
1040
0.7843769667153234
1000
ACAD_MTEXT_DEFINED_HEIGHT_END
  0
LINE
  5
776
330
1F
100
AcDbEntity
  8
0
  6
CONTINUOUS
 62
     0
100
AcDbLine
 39
31.96927622246645
 10
3171.797893270467
 20
1159.558756676247
 30
0.0
 11
3171.797893270467
 21
1159.658756676247
 31
0.0
  0
MTEXT
  5
777
102
{ACAD_XDICTIONARY
360
778
102
}
330
1F
100
AcDbEntity
  8
TEXT_
  6
CONTINUOUS
100
AcDbMText
 10
3164.270382761831
 20
1160.706815552734
 30
0.0
 40
0.2
 41
2.483751346042027
 71
     8
 72
     5
  1
{\FArial Narrow;\W2.57143; }BED\P{\FArial Narrow;\W0.23810; }3.63X2.82\P12'1''X9'4''
  7
AN
1001
ACAD
1000
ACAD_MTEXT_DEFINED_HEIGHT_BEGIN
1070
    46
1040
0.7843769667153234
1000
ACAD_MTEXT_DEFINED_HEIGHT_END
  0
MTEXT
  5
779
102
{ACAD_XDICTIONARY
360
77A
102
}
330
1F
100
AcDbEntity
  8
TEXT_
  6
CONTINUOUS
100
AcDbMText
 10
3170.030398809638
 20
1160.439395245513
 30
0.0
 40
0.2
 41
2.483751346042027
 71
     8
 72
     5
  1
BED\P3.00X2.82\P10'0''X9'4''
  7
AN
1001
ACAD
1000
ACAD_MTEXT_DEFINED_HEIGHT_BEGIN
1070
    46
1040
0.7843769667153234
1000
ACAD_MTEXT_DEFINED_HEIGHT_END
  0
MTEXT
  5
77B
102
{ACAD_XDICTIONARY
360
77C
102
}
330
1F
100
AcDbEntity
  8
TEXT_
  6
CONTINUOUS
100
AcDbMText
 10
3167.920432331601
 20
1160.564141111197
 30
0.0
 40
0.16
 41
2.483751346042027
 71
     8
 72
     5
  1
TOILET\P1.20X1.42\P4'0''X4'6''
  7
AN
1001
ACAD
1000
ACAD_MTEXT_DEFINED_HEIGHT_BEGIN
1070
    46
1040
0.7843769667153234
1000
ACAD_MTEXT_DEFINED_HEIGHT_END
  0
LINE
  5
77D
330
1F
100
AcDbEntity
  8
0
  6
CONTINUOUS
 62
     0
100
AcDbLine
 39
31.96927622246645
 10
3167.347893270469
 20
1161.678756676238
 30
0.0
 11
3168.097893270469
 21
1161.678756676249
 31
0.0
  0
LINE
  5
77E
330
1F
100
AcDbEntity
  8
0
  6
CONTINUOUS
 62
     0
100
AcDbLine
 39
31.96927622246645
 10
3167.347893270469
 20
1157.638756676237
 30
0.0
 11
3168.097893270469
 21
1157.638756676248
 31
0.0
  0
LINE
  5
77F
330
1F
100
AcDbEntity
  8
0
  6
CONTINUOUS
 62
     0
100
AcDbLine
 39
31.96927622246645
 10
3171.797893270467
 20
1159.608756676246
 30
0.0
 11
3173.297893270471
 21
1159.608756676249
 31
0.0
  0
LINE
  5
780
330
1F
100
AcDbEntity
  8
0
  6
CONTINUOUS
 62
     1
100
AcDbLine
 39
31.96927622246645
 10
3166.347893270464
 20
1158.658756676237
 30
0.0
 11
3167.24789327046
 21
1159.558756676237
 31
0.0
  0
LINE
  5
781
330
1F
100
AcDbEntity
  8
0
  6
CONTINUOUS
 62
     1
100
AcDbLine
 39
31.96927622246645
 10
3166.347893270469
 20
1161.708756676241
 30
0.0
 11
3166.347893270466
 21
1159.658756676241
 31
0.0
  0
LINE
  5
782
330
1F
100
AcDbEntity
  8
0
  6
CONTINUOUS
 62
     1
100
AcDbLine
 39
31.96927622246645
 10
3166.247893270469
 20
1161.708756676242
 30
0.0
 11
3166.247893270465
 21
1159.658756676242
 31
0.0
  0
LINE
  5
783
330
1F
100
AcDbEntity
  8
0
  6
CONTINUOUS
 62
     1
100
AcDbLine
 39
31.96927622246645
 10
3166.347893270467
 20
1160.558756676239
 30
0.0
 11
3167.247893270462
 21
1160.558756676238
 31
0.0
  0
LINE
  5
784
330
1F
100
AcDbEntity
  8
0
  6
CONTINUOUS
 62
     1
100
AcDbLine
 39
31.96927622246645
 10
3166.347893270467
 20
1160.788756676241
 30
0.0
 11
3167.247893270462
 21
1160.788756676237
 31
0.0
  0
LINE
  5
785
330
1F
100
AcDbEntity
  8
0
  6
CONTINUOUS
 62
     1
100
AcDbLine
 39
31.96927622246645
 10
3166.34789327047
 20
1161.018756676242
 30
0.0
 11
3167.247893270464
 21
1161.018756676238
 31
0.0
  0
LINE
  5
786
330
1F
100
AcDbEntity
  8
0
  6
CONTINUOUS
 62
     1
100
AcDbLine
 39
31.96927622246645
 10
3166.347893270469
 20
1161.248756676241
 30
0.0
 11
3167.247893270463
 21
1161.248756676237
 31
0.0
  0
LINE
  5
787
330
1F
100
AcDbEntity
  8
0
  6
CONTINUOUS
 62
     1
100
AcDbLine
 39
31.96927622246645
 10
3166.347893270469
 20
1161.478756676242
 30
0.0
 11
3167.247893270463
 21
1161.478756676238
 31
0.0
  0
LINE
  5
788
330
1F
100
AcDbEntity
  8
0
  6
CONTINUOUS
 62
     1
100
AcDbLine
 39
31.96927622246645
 10
3166.347893270469
 20
1161.708756676241
 30
0.0
 11
3167.247893270463
 21
1161.708756676237
 31
0.0
  0
LINE
  5
789
330
1F
100
AcDbEntity
  8
0
  6
CONTINUOUS
 62
     1
100
AcDbLine
 39
31.96927622246645
 10
3166.347893270464
 20
1160.558756676239
 30
0.0
 11
3167.24789327046
 21
1159.658756676237
 31
0.0
  0
LINE
  5
78A
330
1F
100
AcDbEntity
  8
0
  6
CONTINUOUS
 62
     1
100
AcDbLine
 39
31.96927622246645
 10
3166.347893270478
 20
1151.668756676235
 30
0.0
 11
3166.347893270477
 21
1153.718756676235
 31
0.0
  0
LINE
  5
78B
330
1F
100
AcDbEntity
  8
0
  6
CONTINUOUS
 62
     1
100
AcDbLine
 39
31.96927622246645
 10
3166.247893270478
 20
1151.668756676235
 30
0.0
 11
3166.247893270478
 21
1153.718756676235
 31
0.0
  0
LINE
  5
78C
330
1F
100
AcDbEntity
  8
0
  6
CONTINUOUS
 62
     1
100
AcDbLine
 39
31.96927622246645
 10
3166.347893270478
 20
1152.818756676237
 30
0.0
 11
3167.247893270473
 21
1152.818756676237
 31
0.0
  0
LINE
  5
78D
330
1F
100
AcDbEntity
  8
0
  6
CONTINUOUS
 62
     1
100
AcDbLine
 39
31.96927622246645
 10
3166.34789327048
 20
1152.588756676235
 30
0.0
 11
3167.247893270474
 21
1152.588756676237
 31
0.0
  0
LINE
  5
78E
330
1F
100
AcDbEntity
  8
0
  6
CONTINUOUS
 62
     1
100
AcDbLine
 39
31.96927622246645
 10
3166.34789327048
 20
1152.358756676235
 30
0.0
 11
3167.247893270474
 21
1152.358756676237
 31
0.0
  0
LINE
  5
78F
330
1F
100
AcDbEntity
  8
0
  6
CONTINUOUS
 62
     1
100
AcDbLine
 39
31.96927622246645
 10
3166.347893270477
 20
1152.128756676235
 30
0.0
 11
3167.247893270472
 21
1152.128756676237
 31
0.0
  0
LINE
  5
790
330
1F
100
AcDbEntity
  8
0
  6
CONTINUOUS
 62
     1
100
AcDbLine
 39
31.96927622246645
 10
3166.347893270477
 20
1151.898756676235
 30
0.0
 11
3167.247893270472
 21
1151.898756676237
 31
0.0
  0
LINE
  5
791
330
1F
100
AcDbEntity
  8
0
  6
CONTINUOUS
 62
     1
100
AcDbLine
 39
31.96927622246645
 10
3166.347893270478
 20
1151.668756676235
 30
0.0
 11
3167.247893270473
 21
1151.668756676237
 31
0.0
  0
LINE
  5
792
330
1F
100
AcDbEntity
  8
0
  6
CONTINUOUS
 62
     1
100
AcDbLine
 39
31.96927622246645
 10
3166.347893270476
 20
1152.818756676237
 30
0.0
 11
3167.247893270472
 21
1153.718756676237
 31
0.0
  0
LINE
  5
793
330
1F
100
AcDbEntity
  8
0
  6
CONTINUOUS
 62
     1
100
AcDbLine
 39
31.96927622246645
 10
3166.34789327048
 20
1155.868756676241
 30
0.0
 11
3166.347893270481
 21
1153.818756676241
 31
0.0
  0
LINE
  5
794
330
1F
100
AcDbEntity
  8
0
  6
CONTINUOUS
 62
     1
100
AcDbLine
 39
31.96927622246645
 10
3166.247893270481
 20
1155.868756676241
 30
0.0
 11
3166.247893270482
 21
1153.818756676241
 31
0.0
  0
LINE
  5
795
330
1F
100
AcDbEntity
  8
0
  6
CONTINUOUS
 62
     1
100
AcDbLine
 39
31.96927622246645
 10
3166.347893270481
 20
1154.718756676239
 30
0.0
 11
3167.247893270473
 21
1154.718756676238
 31
0.0
  0
LINE
  5
796
330
1F
100
AcDbEntity
  8
0
  6
CONTINUOUS
 62
     1
100
AcDbLine
 39
31.96927622246645
 10
3166.347893270482
 20
1154.948756676241
 30
0.0
 11
3167.247893270476
 21
1154.948756676237
 31
0.0
  0
LINE
  5
797
330
1F
100
AcDbEntity
  8
0
  6
CONTINUOUS
 62
     1
100
AcDbLine
 39
31.96927622246645
 10
3166.347893270482
 20
1155.178756676241
 30
0.0
 11
3167.247893270476
 21
1155.178756676238
 31
0.0
  0
LINE
  5
798
330
1F
100
AcDbEntity
  8
0
  6
CONTINUOUS
 62
     1
100
AcDbLine
 39
31.96927622246645
 10
3166.347893270482
 20
1155.408756676241
 30
0.0
 11
3167.247893270476
 21
1155.408756676237
 31
0.0
  0
LINE
  5
799
330
1F
100
AcDbEntity
  8
0
  6
CONTINUOUS
 62
     1
100
AcDbLine
 39
31.96927622246645
 10
3166.347893270481
 20
1155.638756676241
 30
0.0
 11
3167.247893270475
 21
1155.638756676238
 31
0.0
  0
LINE
  5
79A
330
1F
100
AcDbEntity
  8
0
  6
CONTINUOUS
 62
     1
100
AcDbLine
 39
31.96927622246645
 10
3166.34789327048
 20
1155.868756676241
 30
0.0
 11
3167.247893270474
 21
1155.868756676237
 31
0.0
  0
LINE
  5
79B
330
1F
100
AcDbEntity
  8
0
  6
CONTINUOUS
 62
     1
100
AcDbLine
 39
31.96927622246645
 10
3166.347893270476
 20
1154.718756676239
 30
0.0
 11
3167.247893270475
 21
1153.818756676237
 31
0.0
  0
DIMENSION
  5
79C
102
{ACAD_REACTORS
330
79E
102
}
102
{ACAD_XDICTIONARY
360
79D
102
}
330
1F
100
AcDbEntity
  8
0
  6
CONTINUOUS
 62
     0
100
AcDbDimension
  2
*D10
 10
3166.996764915707
 20
1162.658756676237
 30
0.0
 11
3166.804861777917
 21
1163.408756676236
 31
0.0
 70
    32
 51
0.0000000007198231
  3
_BM__FOR_MM
100
AcDbAlignedDimension
 13
3167.088465382768
 23
1164.158756676237
 33
0.0
 14
3167.088465382771
 24
1162.658756676237
 34
0.0
 50
90.00000000010422
100
AcDbRotatedDimension
  0
DIMENSION
  5
79F
330
1F
100
AcDbEntity
  8
0
  6
CONTINUOUS
 62
     0
100
AcDbDimension
  2
*D9
 10
3173.297893270481
 20
1156.190273545496
 30
0.0
 11
3172.547893270483
 21
1156.382176683286
 31
0.0
 70
    32
 51
0.0000000007198231
  3
_BM__FOR_MM
100
AcDbAlignedDimension
 13
3171.797893270485
 23
1156.238756676246
 33
0.0
 14
3173.297893270481
 24
1156.238756676249
 34
0.0
 50
0.0000000001042204
100
AcDbRotatedDimension
  0
MTEXT
  5
7A0
330
1F
100
AcDbEntity
  8
0
  6
BYBLOCK
100
AcDbMText
 10
3167.750706188772
 20
1140.461119108377
 30
0.0
 40
0.45
 41
10.27601254128226
 71
     2
 72
     5
  1
PROPOSED  9.00 M. WIDE ROAD
  7
AN
1001
ACAD
1000
ACAD_MTEXT_DEFINED_HEIGHT_BEGIN
1070
    46
1040
0.8055707459165732
1000
ACAD_MTEXT_DEFINED_HEIGHT_END
  0
MTEXT
  5
7A1
330
1F
100
AcDbEntity
  8
0
  6
BYBLOCK
100
AcDbMText
 10
3154.910508048762
 20
1151.396933368644
 30
0.0
 40
0.45
 41
10.27601254128226
 71
     2
 72
     5
  1
PROPOSED  9.00 M. WIDE ROAD
  7
AN
 11
0.3677790225077391
 21
-0.9299132167053289
 31
0.0
1001
ACAD
1000
ACAD_MTEXT_DEFINED_HEIGHT_BEGIN
1070
    46
1040
0.8055707459165732
1000
ACAD_MTEXT_DEFINED_HEIGHT_END
  0
LWPOLYLINE
  5
7A2
330
1F
100
AcDbEntity
  8
0
  6
CONTINUOUS
 62
     0
100
AcDbPolyline
 90
        4
 70
     1
 43
0.0
 39
31.96927622246645
 10
3154.767818175493
 20
1158.236847714842
 10
3156.211409540037
 20
1153.449777214816
 10
3158.604944790051
 20
1154.171572897085
 10
3157.161353425508
 20
1158.958643397111
  0
LWPOLYLINE
  5
7A3
330
1F
100
AcDbEntity
  8
0
  6
CONTINUOUS
 62
     0
100
AcDbPolyline
 90
        4
 70
     1
 43
0.0
 39
31.96927622246645
 10
3153.700681870161
 20
1161.658756676205
 10
3158.700681870161
 20
1161.658756676215
 10
3158.70068187016
 20
1164.158756676215
 10
3153.70068187016
 20
1164.158756676205
  0
LWPOLYLINE
  5
7A4
330
1F
100
AcDbEntity
  8
0
  6
CONTINUOUS
 62
     0
100
AcDbPolyline
 90
        4
 70
     1
 43
0.0
 39
31.96927622246645
 10
3154.467195688092
 20
1159.158756676207
 10
3159.467195688092
 20
1159.158756676217
 10
3159.467195688087
 20
1161.658756676217
 10
3154.467195688087
 20
1161.658756676207
  0
LWPOLYLINE
  5
7A5
330
1F
100
AcDbEntity
  8
0
  6
CONTINUOUS
 62
     0
100
AcDbPolyline
 90
        4
 70
     1
 43
0.0
 39
31.96927622246645
 10
3157.468418090213
 20
1158.158756676213
 10
3159.468418090213
 20
1158.158756676217
 10
3159.468418090215
 20
1159.158756676217
 10
3157.468418090215
 20
1159.158756676213
  0
LWPOLYLINE
  5
7A6
330
1F
100
AcDbEntity
  8
0
  6
CONTINUOUS
 62
     0
100
AcDbPolyline
 90
        4
 70
     1
 43
0.0
 39
31.96927622246644
 10
3157.499128276535
 20
1157.83527471118
 10
3158.096595900114
 20
1155.926601758898
 10
3159.050932376256
 20
1156.225335570684
 10
3158.453464752676
 20
1158.134008522967
  0
LWPOLYLINE
  5
7A7
330
1F
100
AcDbEntity
  8
0
  6
CONTINUOUS
 62
     0
100
AcDbPolyline
 90
        4
 70
     1
 43
0.0
 39
31.96927622246644
 10
3156.318307609705
 20
1153.482013449953
 10
3156.915775233285
 20
1151.573340497672
 10
3157.870111709428
 20
1151.872074309458
 10
3157.272644085848
 20
1153.780747261741
  0
LWPOLYLINE
  5
7A8
330
1F
100
AcDbEntity
  8
0
  6
CONTINUOUS
 62
     0
100
AcDbPolyline
 90
        4
 70
     1
 43
0.0
 39
31.96927622246644
 10
3156.938392339136
 20
1151.58042027971
 10
3157.535859962716
 20
1149.671747327428
 10
3158.490196438859
 20
1149.970481139215
 10
3157.892728815279
 20
1151.879154091496
  0
LWPOLYLINE
  5
7A9
330
1F
100
AcDbEntity
  8
0
  6
CONTINUOUS
 62
     0
100
AcDbPolyline
 90
        4
 70
     1
 43
0.0
 39
31.96927622246644
 10
3157.275774266391
 20
1153.77074757188
 10
3157.873241889971
 20
1151.862074619597
 10
3158.827578366112
 20
1152.160808431384
 10
3158.230110742532
 20
1154.069481383666
  0
LWPOLYLINE
  5
7AA
330
1F
100
AcDbEntity
  8
0
  6
CONTINUOUS
 62
     0
100
AcDbPolyline
 90
        4
 70
     1
 43
0.0
 39
31.96927622246644
 10
3157.870111709428
 20
1151.872074309458
 10
3158.467579333008
 20
1149.963401357176
 10
3159.421915809149
 20
1150.262135168962
 10
3158.82444818557
 20
1152.170808121245
  0
LINE
  5
7AB
330
1F
100
AcDbEntity
  8
0
100
AcDbLine
 10
3162.468418090222
 20
1150.798756676228
 30
0.0
 11
3162.468418090221
 21
1150.898756676227
 31
0.0
  0
MTEXT
  5
7AC
102
{ACAD_XDICTIONARY
360
7AD
102
}
330
1F
100
AcDbEntity
  8
TEXT_
  6
CONTINUOUS
100
AcDbMText
 10
3170.030398809642
 20
1157.788926388619
 30
0.0
 40
0.2
 41
2.483751346042027
 71
     8
 72
     5
  1
BED\P3.00X2.82\P10'0''X9'4''
  7
AN
1001
ACAD
1000
ACAD_MTEXT_DEFINED_HEIGHT_BEGIN
1070
    46
1040
0.7843769667153234
1000
ACAD_MTEXT_DEFINED_HEIGHT_END
  0
MTEXT
  5
7AE
102
{ACAD_XDICTIONARY
360
7AF
102
}
330
1F
100
AcDbEntity
  8
TEXT_
  6
CONTINUOUS
100
AcDbMText
 10
3170.030398809649
 20
1154.691086923827
 30
0.0
 40
0.2
 41
2.483751346042027
 71
     8
 72
     5
  1
BED\P3.00X2.82\P10'0''X9'4''
  7
AN
1001
ACAD
1000
ACAD_MTEXT_DEFINED_HEIGHT_BEGIN
1070
    46
1040
0.7843769667153234
1000
ACAD_MTEXT_DEFINED_HEIGHT_END
  0
MTEXT
  5
7B0
102
{ACAD_XDICTIONARY
360
7B1
102
}
330
1F
100
AcDbEntity
  8
TEXT_
  6
CONTINUOUS
100
AcDbMText
 10
3170.124845124821
 20
1148.891286334398
 30
0.0
 40
0.2
 41
2.916562127719658
 71
     8
 72
     5
  1
BED\P2.82X2.70\P9'3''X9'0''
  7
AN
1001
ACAD
1000
ACAD_MTEXT_DEFINED_HEIGHT_BEGIN
1070
    46
1040
0.7843769667153234
1000
ACAD_MTEXT_DEFINED_HEIGHT_END
  0
MTEXT
  5
7B2
330
1F
100
AcDbEntity
  8
0
  6
CONTINUOUS
100
AcDbMText
 10
3170.623240347203
 20
1143.103596130255
 30
0.0
 40
0.3783982934277036
 41
11.64281114881495
 71
     5
 72
     5
  1
{\LFIRST FLOOR PLAN}
  7
AN
 11
0.9999999998410585
 21
-1.782927866569790E-5
 31
0.0
1001
ACAD
1000
ACAD_MTEXT_DEFINED_HEIGHT_BEGIN
1070
    46
1040
0.9332423829013274
1000
ACAD_MTEXT_DEFINED_HEIGHT_END
  0
MTEXT
  5
7B3
102
{ACAD_XDICTIONARY
360
7B4
102
}
330
1F
100
AcDbEntity
  8
TEXT_
  6
CONTINUOUS
100
AcDbMText
 10
3170.030398809655
 20
1152.048584040383
 30
0.0
 40
0.2
 41
2.483751346042027
 71
     8
 72
     5
  1
BED\P3.00X2.82\P10'0''X9'4''
  7
AN
1001
ACAD
1000
ACAD_MTEXT_DEFINED_HEIGHT_BEGIN
1070
    46
1040
0.7843769667153234
1000
ACAD_MTEXT_DEFINED_HEIGHT_END
  0
LINE
  5
7B5
330
1F
100
AcDbEntity
  8
0
100
AcDbLine
 10
3166.247893270469
 20
1161.708756676242
 30
0.0
 11
3166.347893270469
 21
1161.708756676241
 31
0.0
  0
LINE
  5
7B6
330
1F
100
AcDbEntity
  8
0
100
AcDbLine
 10
3166.347893270469
 20
1161.708756676241
 30
0.0
 11
3166.347893270467
 21
1162.508756676236
 31
0.0
  0
LINE
  5
7B7
330
1F
100
AcDbEntity
  8
0
100
AcDbLine
 10
3166.347893270467
 20
1157.508756676235
 30
0.0
 11
3166.247893270466
 21
1157.508756676235
 31
0.0
  0
LINE
  5
7B8
330
1F
100
AcDbEntity
  8
0
100
AcDbLine
 10
3166.347893270467
 20
1157.508756676235
 30
0.0
 11
3166.347893270467
 21
1156.738756676236
 31
0.0
  0
LINE
  5
7B9
330
1F
100
AcDbEntity
  8
0
100
AcDbLine
 10
3166.34789327048
 20
1155.868756676241
 30
0.0
 11
3166.247893270481
 21
1155.868756676241
 31
0.0
  0
LINE
  5
7BA
330
1F
100
AcDbEntity
  8
0
100
AcDbLine
 10
3166.34789327048
 20
1155.868756676241
 30
0.0
 11
3166.347893270479
 21
1156.638756676236
 31
0.0
  0
LINE
  5
7BB
330
1F
100
AcDbEntity
  8
0
100
AcDbLine
 10
3166.347893270478
 20
1151.668756676235
 30
0.0
 11
3166.247893270478
 21
1151.668756676235
 31
0.0
  0
LINE
  5
7BC
330
1F
100
AcDbEntity
  8
0
100
AcDbLine
 10
3166.347893270478
 20
1151.668756676235
 30
0.0
 11
3166.34789327048
 21
1150.898756676235
 31
0.0
  0
LINE
  5
7BD
330
1F
100
AcDbEntity
  8
0
100
AcDbLine
 10
3168.547893270466
 20
1161.57875667624
 30
0.0
 11
3168.547893270466
 21
1161.67875667624
 31
0.0
  0
LINE
  5
7BE
330
1F
100
AcDbEntity
  8
0
100
AcDbLine
 10
3168.547893270466
 20
1161.67875667624
 30
0.0
 11
3168.547893270465
 21
1162.50875667624
 31
0.0
  0
MTEXT
  5
7BF
102
{ACAD_XDICTIONARY
360
7C0
102
}
330
1F
100
AcDbEntity
  8
TEXT_
  6
CONTINUOUS
100
AcDbMText
 10
3164.270382761837
 20
1157.913434503028
 30
0.0
 40
0.2
 41
2.483751346042027
 71
     8
 72
     5
  1
{\FArial Narrow;\W2.57143; }BED\P{\FArial Narrow;\W0.23810; }3.63X2.82\P12'1''X9'4''
  7
AN
1001
ACAD
1000
ACAD_MTEXT_DEFINED_HEIGHT_BEGIN
1070
    46
1040
0.7843769667153234
1000
ACAD_MTEXT_DEFINED_HEIGHT_END
  0
MTEXT
  5
7C1
102
{ACAD_XDICTIONARY
360
7C2
102
}
330
1F
100
AcDbEntity
  8
TEXT_
  6
CONTINUOUS
100
AcDbMText
 10
3164.270382761842
 20
1154.797740933527
 30
0.0
 40
0.2
 41
2.483751346042027
 71
     8
 72
     5
  1
{\FArial Narrow;\W2.57143; }BED\P{\FArial Narrow;\W0.23810; }3.63X2.82\P12'1''X9'4''
  7
AN
1001
ACAD
1000
ACAD_MTEXT_DEFINED_HEIGHT_BEGIN
1070
    46
1040
0.7843769667153234
1000
ACAD_MTEXT_DEFINED_HEIGHT_END
  0
MTEXT
  5
7C3
102
{ACAD_XDICTIONARY
360
7C4
102
}
330
1F
100
AcDbEntity
  8
TEXT_
  6
CONTINUOUS
100
AcDbMText
 10
3164.270382761849
 20
1151.832460621393
 30
0.0
 40
0.2
 41
2.483751346042027
 71
     8
 72
     5
  1
{\FArial Narrow;\W2.57143; }BED\P{\FArial Narrow;\W0.23810; }3.63X2.82\P12'1''X9'4''
  7
AN
1001
ACAD
1000
ACAD_MTEXT_DEFINED_HEIGHT_BEGIN
1070
    46
1040
0.7843769667153234
1000
ACAD_MTEXT_DEFINED_HEIGHT_END
  0
LINE
  5
7C5
330
1F
100
AcDbEntity
  8
0
  6
CONTINUOUS
 62
     1
100
AcDbLine
 39
31.96927622246645
 10
3166.189561071194
 20
1147.998756676237
 30
0.0
 11
3166.189561071195
 21
1146.978756676238
 31
0.0
  0
LINE
  5
7C6
330
1F
100
AcDbEntity
  8
0
100
AcDbLine
 10
3168.727893270539
 20
1148.99875667624
 30
0.0
 11
3168.727893270539
 21
1148.898756676241
 31
0.0
  0
LINE
  5
7C7
330
1F
100
AcDbEntity
  8
0
100
AcDbLine
 10
3168.727893270539
 20
1148.898756676241
 30
0.0
 11
3168.727893270539
 21
1148.09875667624
 31
0.0
  0
LINE
  5
7C8
330
1F
100
AcDbEntity
  8
0
100
AcDbLine
 10
3168.089561071494
 20
1146.978756676334
 30
0.0
 11
3168.089561071482
 21
1148.098756676247
 31
0.0
  0
LINE
  5
7C9
330
1F
100
AcDbEntity
  8
0
100
AcDbLine
 10
3166.189561071207
 20
1145.058756676233
 30
0.0
 11
3166.18956107121
 21
1143.408756676235
 31
0.0
  0
LINE
  5
7CA
330
1F
100
AcDbEntity
  8
0
100
AcDbLine
 10
3168.089561071674
 20
1145.058756676239
 30
0.0
 11
3168.089561071677
 21
1143.408756676239
 31
0.0
  0
LINE
  5
7CB
330
1F
100
AcDbEntity
  8
0
100
AcDbLine
 10
3166.089561071207
 20
1145.058756676233
 30
0.0
 11
3166.08956107121
 21
1143.408756676235
 31
0.0
  0
LINE
  5
7CC
330
1F
100
AcDbEntity
  8
0
100
AcDbLine
 10
3168.189561071674
 20
1145.05875667634
 30
0.0
 11
3168.189561071677
 21
1143.408756676239
 31
0.0
  0
MTEXT
  5
7CD
102
{ACAD_XDICTIONARY
360
7CE
102
}
330
1F
100
AcDbEntity
  8
TEXT_
  6
CONTINUOUS
100
AcDbMText
 10
3161.460086427169
 20
1161.046777777631
 30
0.0
 40
0.2
 41
2.483751346042027
 71
     8
 72
     5
  1
2.00 M. W. BALCONY 
  7
AN
 11
-1.426552759780515E-11
 21
1.0
 31
0.0
1001
ACAD
1000
ACAD_MTEXT_DEFINED_HEIGHT_BEGIN
1070
    46
1040
0.7843769667153234
1000
ACAD_MTEXT_DEFINED_HEIGHT_END
  0
MTEXT
  5
7CF
102
{ACAD_XDICTIONARY
360
7D0
102
}
330
1F
100
AcDbEntity
  8
TEXT_
  6
CONTINUOUS
100
AcDbMText
 10
3161.460086427174
 20
1158.167608619401
 30
0.0
 40
0.2
 41
2.483751346042027
 71
     8
 72
     5
  1
2.00 M. W. BALCONY 
  7
AN
 11
-1.426552759780515E-11
 21
1.0
 31
0.0
1001
ACAD
1000
ACAD_MTEXT_DEFINED_HEIGHT_BEGIN
1070
    46
1040
0.7843769667153234
1000
ACAD_MTEXT_DEFINED_HEIGHT_END
  0
MTEXT
  5
7D1
102
{ACAD_XDICTIONARY
360
7D2
102
}
330
1F
100
AcDbEntity
  8
TEXT_
  6
CONTINUOUS
100
AcDbMText
 10
3161.460086427181
 20
1155.317634530511
 30
0.0
 40
0.2
 41
2.483751346042027
 71
     8
 72
     5
  1
2.00 M. W. BALCONY 
  7
AN
 11
-1.426552759780515E-11
 21
1.0
 31
0.0
1001
ACAD
1000
ACAD_MTEXT_DEFINED_HEIGHT_BEGIN
1070
    46
1040
0.7843769667153234
1000
ACAD_MTEXT_DEFINED_HEIGHT_END
  0
MTEXT
  5
7D3
102
{ACAD_XDICTIONARY
360
7D4
102
}
330
1F
100
AcDbEntity
  8
TEXT_
  6
CONTINUOUS
100
AcDbMText
 10
3161.460086427186
 20
1152.499589262347
 30
0.0
 40
0.2
 41
2.483751346042027
 71
     8
 72
     5
  1
2.00 M. W. BALCONY 
  7
AN
 11
-1.426552759780515E-11
 21
1.0
 31
0.0
1001
ACAD
1000
ACAD_MTEXT_DEFINED_HEIGHT_BEGIN
1070
    46
1040
0.7843769667153234
1000
ACAD_MTEXT_DEFINED_HEIGHT_END
  0
MTEXT
  5
7D5
102
{ACAD_XDICTIONARY
360
7D6
102
}
330
1F
100
AcDbEntity
  8
TEXT_
  6
CONTINUOUS
100
AcDbMText
 10
3164.165242347247
 20
1144.013256369737
 30
0.0
 40
0.2
 41
2.916562127719658
 71
     8
 72
     5
  1
1.50 M. W. BALCONY
  7
AN
1001
ACAD
1000
ACAD_MTEXT_DEFINED_HEIGHT_BEGIN
1070
    46
1040
0.7843769667153234
1000
ACAD_MTEXT_DEFINED_HEIGHT_END
  0
MTEXT
  5
7D7
102
{ACAD_XDICTIONARY
360
7D8
102
}
330
1F
100
AcDbEntity
  8
TEXT_
  6
CONTINUOUS
100
AcDbMText
 10
3169.984603432837
 20
1144.013256369749
 30
0.0
 40
0.2
 41
2.916562127719658
 71
     8
 72
     5
  1
1.50 M. W. BALCONY
  7
AN
1001
ACAD
1000
ACAD_MTEXT_DEFINED_HEIGHT_BEGIN
1070
    46
1040
0.7843769667153234
1000
ACAD_MTEXT_DEFINED_HEIGHT_END
  0
DIMENSION
  5
7D9
102
{ACAD_REACTORS
330
7DB
102
}
102
{ACAD_XDICTIONARY
360
7DA
102
}
330
1F
100
AcDbEntity
  8
0
100
AcDbDimension
  2
*D13
 10
3167.186426101815
 20
1141.908756676237
 30
0.0
 11
3167.186426101815
 21
1143.408756676236
 31
0.0
 70
    32
  3
DIM
100
AcDbAlignedDimension
 13
3167.133155680364
 23
1144.908756676237
 33
0.0
 14
3167.13315568037
 24
1141.908756676236
 34
0.0
 50
90.00000000010422
100
AcDbRotatedDimension
  0
LWPOLYLINE
  5
7DC
330
1F
100
AcDbEntity
  8
0
 62
     1
100
AcDbPolyline
 90
        6
 70
     1
 43
0.0
 10
3138.901269211704
 20
1145.05875667618
 10
3134.430126230724
 20
1145.058756676176
 10
3134.430126230719
 20
1150.798756676171
 10
3138.362937012404
 20
1150.798756676179
 10
3138.362937012404
 20
1148.898756676179
 10
3138.901269211688
 20
1148.898756676181
  0
LWPOLYLINE
  5
7DD
330
1F
100
AcDbEntity
  8
0
 62
     1
100
AcDbPolyline
 90
        6
 70
     1
 43
0.0
 10
3139.001269211702
 20
1145.058756675722
 10
3143.459601410992
 20
1145.05875667572
 10
3143.459601410983
 20
1150.79875667619
 10
3139.539601411117
 20
1150.798756676311
 10
3139.539601411125
 20
1148.898756676182
 10
3139.001269211687
 20
1148.89875667618
  0
LWPOLYLINE
  5
7DE
330
1F
100
AcDbEntity
  8
0
 62
     1
100
AcDbPolyline
 90
        8
 70
     1
 43
0.0
 10
3134.430126230724
 20
1153.71875667617
 10
3134.430126230734
 20
1150.898756676171
 10
3143.459601410985
 20
1150.898756676189
 10
3143.459601410979
 20
1153.71875667619
 10
3140.459601410984
 20
1153.718756676182
 10
3140.459601410983
 20
1153.21875667618
 10
3139.059601410982
 20
1153.21875667618
 10
3139.059601410968
 20
1153.71875667618
  0
LWPOLYLINE
  5
7DF
330
1F
100
AcDbEntity
  8
0
 62
     1
100
AcDbPolyline
 90
        8
 70
     1
 43
0.0
 10
3134.430126230731
 20
1153.818756676171
 10
3139.059601410971
 20
1153.818756676181
 10
3139.059601410971
 20
1154.31875667618
 10
3140.459601410981
 20
1154.31875667618
 10
3140.459601410983
 20
1153.818756676183
 10
3143.459601410985
 20
1153.818756676184
 10
3143.459601410979
 20
1156.63875667619
 10
3134.43012623073
 20
1156.638756676171
  0
LWPOLYLINE
  5
7E0
330
1F
100
AcDbEntity
  8
0
 62
     1
100
AcDbPolyline
 90
        8
 70
     1
 43
0.0
 10
3134.430126230724
 20
1159.558756676171
 10
3139.059601410961
 20
1159.558756676176
 10
3139.059601410961
 20
1159.058756676181
 10
3140.459601410959
 20
1159.058756676181
 10
3140.459601410958
 20
1159.558756676182
 10
3143.459601410965
 20
1159.558756676178
 10
3143.45960141096
 20
1156.73875667619
 10
3134.43012623071
 20
1156.738756676172
  0
LWPOLYLINE
  5
7E1
330
1F
100
AcDbEntity
  8
0
 62
     1
100
AcDbPolyline
 90
        8
 70
     1
 43
0.0
 10
3134.430126230707
 20
1159.658756676171
 10
3134.430126230702
 20
1162.508756676171
 10
3143.459601410957
 20
1162.508756676189
 10
3143.459601410963
 20
1159.65875667619
 10
3140.459601410961
 20
1159.658756676183
 10
3140.459601410958
 20
1160.15875667618
 10
3139.059601410961
 20
1160.158756676178
 10
3139.059601410961
 20
1159.658756676181
  0
MTEXT
  5
7E2
102
{ACAD_XDICTIONARY
360
7E3
102
}
330
1F
100
AcDbEntity
  8
TEXT_
  6
CONTINUOUS
100
AcDbMText
 10
3135.55862388387
 20
1145.422564952481
 30
0.0
 40
0.2
 41
2.483751346042027
 71
     8
 72
     5
  1
02
  7
AN
1001
ACAD
1000
ACAD_MTEXT_DEFINED_HEIGHT_BEGIN
1070
    46
1040
0.7843769667153234
1000
ACAD_MTEXT_DEFINED_HEIGHT_END
  0
CIRCLE
  5
7E4
330
1F
100
AcDbEntity
  8
0
100
AcDbCircle
 10
3135.567838718259
 20
1145.512957390531
 30
0.0
 40
0.1687470141653993
  0
MTEXT
  5
7E5
102
{ACAD_XDICTIONARY
360
7E6
102
}
330
1F
100
AcDbEntity
  8
TEXT_
  6
CONTINUOUS
100
AcDbMText
 10
3142.010739857626
 20
1145.422564952494
 30
0.0
 40
0.2
 41
2.483751346042027
 71
     8
 72
     5
  1
01
  7
AN
1001
ACAD
1000
ACAD_MTEXT_DEFINED_HEIGHT_BEGIN
1070
    46
1040
0.7843769667153234
1000
ACAD_MTEXT_DEFINED_HEIGHT_END
  0
CIRCLE
  5
7E7
330
1F
100
AcDbEntity
  8
0
100
AcDbCircle
 10
3142.019954692014
 20
1145.512957390544
 30
0.0
 40
0.1687470141653993
  0
MTEXT
  5
7E8
102
{ACAD_XDICTIONARY
360
7E9
102
}
330
1F
100
AcDbEntity
  8
TEXT_
  6
CONTINUOUS
100
AcDbMText
 10
3135.558623883859
 20
1151.337487142011
 30
0.0
 40
0.2
 41
2.483751346042027
 71
     8
 72
     5
  1
03
  7
AN
1001
ACAD
1000
ACAD_MTEXT_DEFINED_HEIGHT_BEGIN
1070
    46
1040
0.7843769667153234
1000
ACAD_MTEXT_DEFINED_HEIGHT_END
  0
CIRCLE
  5
7EA
330
1F
100
AcDbEntity
  8
0
100
AcDbCircle
 10
3135.567838718247
 20
1151.427879580061
 30
0.0
 40
0.1687470141653993
  0
MTEXT
  5
7EB
102
{ACAD_XDICTIONARY
360
7EC
102
}
330
1F
100
AcDbEntity
  8
TEXT_
  6
CONTINUOUS
100
AcDbMText
 10
3135.558623883849
 20
1156.122996123461
 30
0.0
 40
0.2
 41
2.483751346042027
 71
     8
 72
     5
  1
04
  7
AN
1001
ACAD
1000
ACAD_MTEXT_DEFINED_HEIGHT_BEGIN
1070
    46
1040
0.7843769667153234
1000
ACAD_MTEXT_DEFINED_HEIGHT_END
  0
CIRCLE
  5
7ED
330
1F
100
AcDbEntity
  8
0
100
AcDbCircle
 10
3135.567838718237
 20
1156.213388561511
 30
0.0
 40
0.1687470141653993
  0
MTEXT
  5
7EE
102
{ACAD_XDICTIONARY
360
7EF
102
}
330
1F
100
AcDbEntity
  8
TEXT_
  6
CONTINUOUS
100
AcDbMText
 10
3135.558623883847
 20
1157.080190415561
 30
0.0
 40
0.2
 41
2.483751346042027
 71
     8
 72
     5
  1
05
  7
AN
1001
ACAD
1000
ACAD_MTEXT_DEFINED_HEIGHT_BEGIN
1070
    46
1040
0.7843769667153234
1000
ACAD_MTEXT_DEFINED_HEIGHT_END
  0
CIRCLE
  5
7F0
330
1F
100
AcDbEntity
  8
0
100
AcDbCircle
 10
3135.567838718235
 20
1157.17058285361
 30
0.0
 40
0.1687470141653993
  0
MTEXT
  5
7F1
102
{ACAD_XDICTIONARY
360
7F2
102
}
330
1F
100
AcDbEntity
  8
TEXT_
  6
CONTINUOUS
100
AcDbMText
 10
3135.558623883837
 20
1161.961235652206
 30
0.0
 40
0.2
 41
2.483751346042027
 71
     8
 72
     5
  1
06
  7
AN
1001
ACAD
1000
ACAD_MTEXT_DEFINED_HEIGHT_BEGIN
1070
    46
1040
0.7843769667153234
1000
ACAD_MTEXT_DEFINED_HEIGHT_END
  0
CIRCLE
  5
7F3
330
1F
100
AcDbEntity
  8
0
100
AcDbCircle
 10
3135.567838718225
 20
1162.051628090256
 30
0.0
 40
0.1687470141653993
  0
LWPOLYLINE
  5
7F4
330
1F
100
AcDbEntity
  8
0
100
AcDbPolyline
 90
        4
 70
     1
 43
0.0
 10
3171.797893270501
 20
1144.908756676246
 10
3168.089561071674
 20
1144.908756676238
 10
3168.089561071677
 20
1143.408756676239
 10
3171.797893270504
 20
1143.408756676246
  0
LWPOLYLINE
  5
7F5
330
1F
100
AcDbEntity
  8
0
100
AcDbPolyline
 90
        4
 70
     1
 43
0.0
 10
3166.18956107121
 20
1143.408756676235
 10
3162.46841809023
 20
1143.408756676227
 10
3162.468418090227
 20
1144.908756676228
 10
3166.189561071207
 20
1144.908756676235
  0
LINE
  5
7F6
330
1F
100
AcDbEntity
  8
0
100
AcDbLine
 10
3160.468418090211
 20
1153.718756676223
 30
0.0
 11
3160.468418090211
 21
1153.818756676224
 31
0.0
  0
LINE
  5
7F7
330
1F
100
AcDbEntity
  8
0
100
AcDbLine
 10
3160.468418090211
 20
1153.768756676223
 30
0.0
 11
3162.468418090211
 21
1153.768756676226
 31
0.0
  0
LWPOLYLINE
  5
7F8
330
1F
100
AcDbEntity
  8
0
100
AcDbPolyline
 90
        4
 70
     1
 43
0.0
 10
3162.468418090211
 20
1153.768756676226
 10
3160.46841809021
 20
1153.768756676222
 10
3160.468418090215
 20
1150.798756676224
 10
3162.468418090218
 20
1150.798756676228
  0
LINE
  5
7F9
330
1F
100
AcDbEntity
  8
0
100
AcDbLine
 10
3162.468418090209
 20
1156.638756676228
 30
0.0
 11
3162.468418090208
 21
1156.738756676228
 31
0.0
  0
LINE
  5
7FA
330
1F
100
AcDbEntity
  8
0
100
AcDbLine
 10
3162.468418090209
 20
1156.688756676228
 30
0.0
 11
3160.468418090208
 21
1156.688756676226
 31
0.0
  0
LWPOLYLINE
  5
7FB
330
1F
100
AcDbEntity
  8
0
100
AcDbPolyline
 90
        4
 70
     1
 43
0.0
 10
3162.468418090209
 20
1156.688756676228
 10
3160.468418090203
 20
1156.688756676223
 10
3160.46841809021
 20
1153.768756676223
 10
3162.468418090214
 20
1153.768756676228
  0
LINE
  5
7FC
330
1F
100
AcDbEntity
  8
0
100
AcDbLine
 10
3162.468418090205
 20
1159.558756676228
 30
0.0
 11
3162.468418090205
 21
1159.658756676228
 31
0.0
  0
LINE
  5
7FD
330
1F
100
AcDbEntity
  8
0
100
AcDbLine
 10
3162.468418090205
 20
1159.608756676228
 30
0.0
 11
3160.468418090205
 21
1159.608756676225
 31
0.0
  0
LWPOLYLINE
  5
7FE
330
1F
100
AcDbEntity
  8
0
100
AcDbPolyline
 90
        4
 70
     1
 43
0.0
 10
3160.468418090205
 20
1159.608756676225
 10
3162.468418090202
 20
1159.60875667623
 10
3162.468418090209
 20
1156.688756676228
 10
3160.468418090211
 20
1156.688756676224
  0
LWPOLYLINE
  5
7FF
330
1F
100
AcDbEntity
  8
0
100
AcDbPolyline
 90
        4
 70
     1
 43
0.0
 10
3162.468418090205
 20
1159.608756676228
 10
3160.468418090208
 20
1159.608756676223
 10
3160.468418090201
 20
1162.658756676225
 10
3162.468418090199
 20
1162.658756676228
  0
LWPOLYLINE
  5
800
330
1F
100
AcDbEntity
  8
0
100
AcDbPolyline
 90
        4
 70
     1
 43
0.0
 10
3134.280126230704
 20
1162.658756676171
 10
3143.609601410961
 20
1162.658756676189
 10
3143.609601410996
 20
1144.908756676189
 10
3134.28012623074
 20
1144.908756676171
  0
LWPOLYLINE
  5
801
330
1F
100
AcDbEntity
  8
0
100
AcDbPolyline
 90
       10
 70
     1
 43
0.0
 10
3160.468418090201
 20
1162.658756676225
 10
3171.797893270465
 20
1162.658756676246
 10
3171.797893270504
 20
1143.408756676246
 10
3168.089561071677
 20
1143.408756676239
 10
3168.089561071674
 20
1144.908756676238
 10
3166.189561071207
 20
1144.908756676235
 10
3166.189561071209
 20
1143.408756676235
 10
3162.468418090228
 20
1143.408756676232
 10
3162.468418090222
 20
1150.798756676228
 10
3160.468418090215
 20
1150.798756676223
  0
ENDSEC
  0
SECTION
  2
OBJECTS
  0
DICTIONARY
  5
C
330
0
100
AcDbDictionary
  3
ACAD_CIP_PREVIOUS_PRODUCT_INFO
350
216
  3
ACAD_COLOR
350
6B
  3
ACAD_DETAILVIEWSTYLE
350
21B
  3
ACAD_GROUP
350
D
  3
ACAD_LAST_SAVED_VERSION_INFO
350
84E
  3
ACAD_LAYOUT
350
1A
  3
ACAD_MATERIAL
350
6A
  3
ACAD_MLEADERSTYLE
350
12D
  3
ACAD_MLINESTYLE
350
17
  3
ACAD_PLOTSETTINGS
350
19
  3
ACAD_SCALELIST
350
10C
  3
ACAD_SECTIONVIEWSTYLE
350
219
  3
ACAD_VISUALSTYLE
350
EF
  3
ACAD_WIPEOUT_VARS
350
87F
  3
ACDB_RECOMPOSE_DATA
350
87E
  3
ACDBHEADERROUNDTRIPXREC
350
84F
  3
ACDBVARIABLEDICTIONARY
350
313
  3
DWGPROPS
350
874
  0
DICTIONARY
  5
879
330
8
100
AcDbDictionary
280
     1
  3
ACAD_XREC_ROUNDTRIP
360
87A
  0
DICTIONARY
  5
1FF
330
2
100
AcDbDictionary
280
     1
  3
ACAD_LAYERSTATES
360
200
  0
DICTIONARY
  5
2C2
330
2C1
100
AcDbDictionary
280
     1
  3
ACAD_SORTENTS
360
2C3
  0
DICTIONARY
  5
623
330
622
100
AcDbDictionary
280
     1
  0
DICTIONARY
  5
625
330
624
100
AcDbDictionary
280
     1
  0
DICTIONARY
  5
627
330
626
100
AcDbDictionary
280
     1
  0
DICTIONARY
  5
629
330
628
100
AcDbDictionary
280
     1
  0
DICTIONARY
  5
62B
330
62A
100
AcDbDictionary
280
     1
  0
DICTIONARY
  5
62E
330
62D
100
AcDbDictionary
280
     1
  0
DICTIONARY
  5
636
330
635
100
AcDbDictionary
280
     1
  0
DICTIONARY
  5
66C
330
66B
100
AcDbDictionary
280
     1
  0
DICTIONARY
  5
670
330
66F
100
AcDbDictionary
280
     1
  0
DICTIONARY
  5
672
330
671
100
AcDbDictionary
280
     1
  0
DICTIONARY
  5
674
330
673
100
AcDbDictionary
280
     1
  0
DICTIONARY
  5
6AE
330
6AD
100
AcDbDictionary
280
     1
  3
ACAD_DIMASSOC
360
6AF
  0
DICTIONARY
  5
6B1
330
6B0
100
AcDbDictionary
280
     1
  3
ACAD_DIMASSOC
360
6B2
  0
DICTIONARY
  5
6C1
330
6C0
100
AcDbDictionary
280
     1
  0
DICTIONARY
  5
6C3
330
6C2
100
AcDbDictionary
280
     1
  0
DICTIONARY
  5
6C5
330
6C4
100
AcDbDictionary
280
     1
  0
DICTIONARY
  5
6C7
330
6C6
100
AcDbDictionary
280
     1
  0
DICTIONARY
  5
6C9
330
6C8
100
AcDbDictionary
280
     1
  0
DICTIONARY
  5
6CB
330
6CA
100
AcDbDictionary
280
     1
  0
DICTIONARY
  5
6CD
330
6CC
100
AcDbDictionary
280
     1
  0
DICTIONARY
  5
738
330
737
100
AcDbDictionary
280
     1
  0
DICTIONARY
  5
73A
330
739
100
AcDbDictionary
280
     1
  0
DICTIONARY
  5
73C
330
73B
100
AcDbDictionary
280
     1
  0
DICTIONARY
  5
73E
330
73D
100
AcDbDictionary
280
     1
  0
DICTIONARY
  5
740
330
73F
100
AcDbDictionary
280
     1
  0
DICTIONARY
  5
742
330
741
100
AcDbDictionary
280
     1
  0
DICTIONARY
  5
746
330
745
100
AcDbDictionary
280
     1
  0
DICTIONARY
  5
775
330
774
100
AcDbDictionary
280
     1
  0
DICTIONARY
  5
778
330
777
100
AcDbDictionary
280
     1
  3
ACAD_MTEXT_RT
360
875
  0
DICTIONARY
  5
77A
330
779
100
AcDbDictionary
280
     1
  0
DICTIONARY
  5
77C
330
77B
100
AcDbDictionary
280
     1
  0
DICTIONARY
  5
79D
330
79C
100
AcDbDictionary
280
     1
  3
ACAD_DIMASSOC
360
79E
  0
DICTIONARY
  5
7AD
330
7AC
100
AcDbDictionary
280
     1
  0
DICTIONARY
  5
7AF
330
7AE
100
AcDbDictionary
280
     1
  0
DICTIONARY
  5
7B1
330
7B0
100
AcDbDictionary
280
     1
  0
DICTIONARY
  5
7B4
330
7B3
100
AcDbDictionary
280
     1
  0
DICTIONARY
  5
7C0
330
7BF
100
AcDbDictionary
280
     1
  3
ACAD_MTEXT_RT
360
876
  0
DICTIONARY
  5
7C2
330
7C1
100
AcDbDictionary
280
     1
  3
ACAD_MTEXT_RT
360
877
  0
DICTIONARY
  5
7C4
330
7C3
100
AcDbDictionary
280
     1
  3
ACAD_MTEXT_RT
360
878
  0
DICTIONARY
  5
7CE
330
7CD
100
AcDbDictionary
280
     1
  0
DICTIONARY
  5
7D0
330
7CF
100
AcDbDictionary
280
     1
  0
DICTIONARY
  5
7D2
330
7D1
100
AcDbDictionary
280
     1
  0
DICTIONARY
  5
7D4
330
7D3
100
AcDbDictionary
280
     1
  0
DICTIONARY
  5
7D6
330
7D5
100
AcDbDictionary
280
     1
  0
DICTIONARY
  5
7D8
330
7D7
100
AcDbDictionary
280
     1
  0
DICTIONARY
  5
7DA
330
7D9
100
AcDbDictionary
280
     1
  3
ACAD_DIMASSOC
360
7DB
  0
DICTIONARY
  5
7E3
330
7E2
100
AcDbDictionary
280
     1
  0
DICTIONARY
  5
7E6
330
7E5
100
AcDbDictionary
280
     1
  0
DICTIONARY
  5
7E9
330
7E8
100
AcDbDictionary
280
     1
  0
DICTIONARY
  5
7EC
330
7EB
100
AcDbDictionary
280
     1
  0
DICTIONARY
  5
7EF
330
7EE
100
AcDbDictionary
280
     1
  0
DICTIONARY
  5
7F2
330
7F1
100
AcDbDictionary
280
     1
  0
XRECORD
  5
216
102
{ACAD_REACTORS
330
C
102
}
330
C
100
AcDbXrecord
300
ACD
300
2025
300

  0
DICTIONARY
  5
6B
102
{ACAD_REACTORS
330
C
102
}
330
C
100
AcDbDictionary
  0
DICTIONARY
  5
21B
102
{ACAD_REACTORS
330
C
102
}
330
C
100
AcDbDictionary
  3
METRIC50
350
21C
  0
DICTIONARY
  5
D
102
{ACAD_REACTORS
330
C
102
}
330
C
100
AcDbDictionary
  0
XRECORD
  5
84E
102
{ACAD_REACTORS
330
C
102
}
330
C
100
AcDbXrecord
300
{B111C69F-238A-7941-BD28-D5CC27F6AE46}
301
{EDC2743A-41FB-0B4D-B144-97D3AE2115DC}
302
{B111C69F-238A-7941-BD28-D5CC27F6AE46}
303
C:\Users\sushi\Desktop\PROJECT A-16\Plans\12.dwg
  0
DICTIONARY
  5
1A
102
{ACAD_REACTORS
330
C
102
}
330
C
100
AcDbDictionary
  0
DICTIONARY
  5
6A
102
{ACAD_REACTORS
330
C
102
}
330
C
100
AcDbDictionary
  3
BYBLOCK
350
ED
  3
BYLAYER
350
EC
  3
GLOBAL
350
EE
  0
DICTIONARY
  5
12D
102
{ACAD_REACTORS
330
C
102
}
330
C
100
AcDbDictionary
  3
ANNOTATIVE
350
13B
  3
STANDARD
350
12E
  0
DICTIONARY
  5
17
102
{ACAD_REACTORS
330
C
102
}
330
C
100
AcDbDictionary
  3
STANDARD
350
18
  0
DICTIONARY
  5
19
102
{ACAD_REACTORS
330
C
102
}
330
C
100
AcDbDictionary
  0
DICTIONARY
  5
10C
102
{ACAD_REACTORS
330
C
102
}
330
C
100
AcDbDictionary
  3
A0
350
10D
  3
A1
350
1BE
  3
A2
350
1BF
  3
A3
350
1C0
  3
A4
350
1C1
  3
A5
350
1C2
  3
A6
350
1C3
  3
A7
350
1C4
  3
A8
350
1C5
  3
A9
350
1C6
  3
B0
350
1C7
  3
B1
350
1C8
  3
B2
350
1C9
  3
B3
350
1CA
  3
B4
350
1CB
  3
B5
350
1CC
  3
B6
350
1CD
  0
DICTIONARY
  5
219
102
{ACAD_REACTORS
330
C
102
}
330
C
100
AcDbDictionary
  3
METRIC50
350
21A
  0
DICTIONARY
  5
EF
102
{ACAD_REACTORS
330
C
102
}
330
C
100
AcDbDictionary
  3
2DWIREFRAME
350
F5
  3
BASIC
350
F4
  3
BRIGHTEN
350
FB
  3
COLORCHANGE
350
FF
  3
CONCEPTUAL
350
F8
  3
DIM
350
FA
  3
EDGECOLOROFF
350
1E6
  3
FACEPATTERN
350
FE
  3
FLAT
350
F0
  3
FLATWITHEDGES
350
F1
  3
GOURAUD
350
F2
  3
GOURAUDWITHEDGES
350
F3
  3
HIDDEN
350
F7
  3
JITTEROFF
350
1E4
  3
LINEPATTERN
350
FD
  3
OVERHANGOFF
350
1E5
  3
REALISTIC
350
F9
  3
SHADED
350
1F3
  3
SHADED_WITH_EDGES
350
1F2
  3
SHADES_OF_GRAY
350
1EF
  3
SKETCHY
350
1F0
  3
THICKEN
350
FC
  3
WIREFRAME
350
F6
  3
X-RAY
350
1F1
  0
WIPEOUTVARIABLES
  5
87F
102
{ACAD_REACTORS
330
C
102
}
330
C
100
AcDbWipeoutVariables
 70
     0
  0
XRECORD
  5
87E
102
{ACAD_REACTORS
330
C
102
}
330
C
100
AcDbXrecord
 90
        1
330
777
330
7BF
330
7C1
330
7C3
  0
DICTIONARY
  5
84F
102
{ACAD_REACTORS
330
C
102
}
330
C
100
AcDbDictionary
  3
CEPSNID
350
859
  3
CEPSNTYPE
350
858
  3
COLORDICT
350
872
  3
DIMSTYLEDATA
350
86F
  3
FINGERPRINTGUID
350
85A
  3
HYPERLINKBASE
350
852
  3
INSUNITS
350
857
  3
LAYOUTDICT
350
854
  3
LWETCUNION
350
856
  3
MATERIALDICT
350
873
  3
PLOTSETDICT
350
855
  3
PSVPSCALE
350
85C
  3
PUCSBASE
350
85F
  3
PUCSORGBACK
350
865
  3
PUCSORGBOTTOM
350
861
  3
PUCSORGFRONT
350
864
  3
PUCSORGLEFT
350
862
  3
PUCSORGRIGHT
350
863
  3
PUCSORGTOP
350
860
  3
PUCSORTHOREF
350
85D
  3
PUCSORTHOVIEW
350
85E
  3
STYLESHEET
350
853
  3
TSTACKALIGN
350
850
  3
TSTACKSIZE
350
851
  3
UCSBASE
350
868
  3
UCSORGBACK
350
86E
  3
UCSORGBOTTOM
350
86A
  3
UCSORGFRONT
350
86D
  3
UCSORGLEFT
350
86B
  3
UCSORGRIGHT
350
86C
  3
UCSORGTOP
350
869
  3
UCSORTHOREF
350
866
  3
UCSORTHOVIEW
350
867
  3
VERSIONGUID
350
85B
  0
DICTIONARY
  5
313
102
{ACAD_REACTORS
330
C
102
}
330
C
100
AcDbDictionary
  3
#REVCLOUDAPPROXARCLEN
350
314
  3
ANNOALLVISIBLE
350
315
  3
CANNOSCALE
350
316
  3
CENTEREXE
350
317
  3
CMLEADERSTYLE
350
318
  3
CTABLESTYLE
350
319
  3
CVIEWDETAILSTYLE
350
31A
  3
CVIEWSECTIONSTYLE
350
31B
  3
DGNFRAME
350
31C
  3
DIMADEC
350
31D
  3
DIMASSOC
350
31E
  3
DWFFRAME
350
31F
  3
EXPORTPAPERSPACE
350
320
  3
HIDETEXT
350
321
  3
HPCOLOR
350
322
  3
HPINHERIT
350
323
  3
HPLAYER
350
324
  3
HPTRANSPARENCY
350
325
  3
INDEXCTL
350
326
  3
LAYEREVAL
350
327
  3
LAYERNOTIFY
350
328
  3
LIGHTINGUNITS
350
329
  3
MLEADERSCALE
350
32A
  3
MSLTSCALE
350
32B
  3
OLEFRAME
350
32C
  3
PDFFRAME
350
32D
  3
PSOLHEIGHT
350
871
  3
PSOLWIDTH
350
870
  3
SOLIDHIST
350
32E
  3
SORTENTS
350
32F
  3
WIPEOUTFRAME
350
330
  0
XRECORD
  5
874
102
{ACAD_REACTORS
330
C
102
}
330
C
100
AcDbXrecord
  1
DWGPROPS COOKIE
  2

  3

  4

  6

  7

  8
cmdrun
  9

300
=
301
=
302
=
303
=
304
=
305
=
306
=
307
=
308
=
309
=
 40
0.0
 41
2460873.247546296
 42
2460942.866704259
  1

 90
        0
  0
XRECORD
  5
87A
102
{ACAD_REACTORS
330
879
102
}
330
879
100
AcDbXrecord
102
VTR_0.000_0.000_1.000_1.000_VISUALSTYLE
340
F5
102
VTR_0.000_0.000_1.000_1.000_GRIDDISPLAY
 70
     3
102
VTR_0.000_0.000_1.000_1.000_GRIDMAJOR
 70
     5
102
VTR_0.000_0.000_1.000_1.000_DEFAULTLIGHTING
280
     1
102
VTR_0.000_0.000_1.000_1.000_DEFAULTLIGHTINGTYPE
 70
     1
102
VTR_0.000_0.000_1.000_1.000_BRIGHTNESS
141
0.0
102
VTR_0.000_0.000_1.000_1.000_CONTRAST
142
0.0
  0
DICTIONARY
  5
200
102
{ACAD_REACTORS
330
1FF
102
}
330
1FF
100
AcDbDictionary
  0
SORTENTSTABLE
  5
2C3
102
{ACAD_REACTORS
330
2C2
102
}
330
2C2
100
AcDbSortentsTable
330
2C1
  0
ACAD_PROXY_OBJECT
  5
6AF
102
{ACAD_REACTORS
330
6AE
102
}
330
6AE
100
AcDbProxyObject
 90
      499
 91
      518
 93
      772
310
40C0088A0B1A23127B9B730B82837B4B73A2932B30520281501E1EEF7B1567A47F5111416344624F736E6170506F696E745265660840502A0D49EC5E51B1F84FEAA2282C688C49EE6DCC2E0A0DED2DCE8A4CACC1480A0540787BBDEC559E91FD40
330
6AD
330
5C5
330
5C6
330
5C5
 94
        0
  0
ACAD_PROXY_OBJECT
  5
6B2
102
{ACAD_REACTORS
330
6B1
102
}
330
6B1
100
AcDbProxyObject
 90
      499
 91
      518
 93
      772
310
40C0088A0B1A23127B9B730B82837B4B73A2932B301202815001D9FFFFFFFFBE7F5111416344624F736E6170506F696E745265660840502A138FE41106BEF90FEAA2282C688C49EE6DCC2E0A0DED2DCE8A4CACC0480A05400767FFFFFFFEF9FD40
330
6B0
330
630
330
5B2
330
630
 94
        0
  0
XRECORD
  5
875
102
{ACAD_REACTORS
330
778
102
}
330
778
100
AcDbXrecord
 40
234964.0
  1
\pxt7;BED\P\ptz;3.63X2.82\P12'1''X9'4''
  0
ACAD_PROXY_OBJECT
  5
79E
102
{ACAD_REACTORS
330
79D
102
}
330
79D
100
AcDbProxyObject
 90
      499
 91
      518
 93
      772
310
40C0088A0B1A23127B9B730B82837B4B73A2932B30520281501E1EEF7B1567A47F5111416344624F736E6170506F696E745265660840502A0D49EC5E51B1F84FEAA2282C688C49EE6DCC2E0A0DED2DCE8A4CACC1480A0540787BBDEC559E91FD40
330
79C
330
6F1
330
6F2
330
6F1
 94
        0
  0
XRECORD
  5
876
102
{ACAD_REACTORS
330
7C0
102
}
330
7C0
100
AcDbXrecord
 40
234964.0
  1
\pxt7;BED\P\ptz;3.63X2.82\P12'1''X9'4''
  0
XRECORD
  5
877
102
{ACAD_REACTORS
330
7C2
102
}
330
7C2
100
AcDbXrecord
 40
234964.0
  1
\pxt7;BED\P\ptz;3.63X2.82\P12'1''X9'4''
  0
XRECORD
  5
878
102
{ACAD_REACTORS
330
7C4
102
}
330
7C4
100
AcDbXrecord
 40
234964.0
  1
\pxt7;BED\P\ptz;3.63X2.82\P12'1''X9'4''
  0
ACAD_PROXY_OBJECT
  5
7DB
102
{ACAD_REACTORS
330
7DA
102
}
330
7DA
100
AcDbProxyObject
 90
      499
 91
      518
 93
      772
310
40C0088A0B1A23127B9B730B82837B4B73A2932B3012028150000000000001C07F5111416344624F736E6170506F696E745265660840502A1160B53CF183F84FEAA2282C688C49EE6DCC2E0A0DED2DCE8A4CACC0480A054000000000000701FD40
330
7D9
330
6D2
330
6D1
330
6D2
 94
        0
  0
ACAD_PROXY_OBJECT
  5
21C
102
{ACAD_REACTORS
330
21B
102
}
330
21B
100
AcDbProxyObject
 90
      499
 91
      516
 93
      877
310
9084D65747269633530481E0000000000000A20500E0000000000000A20233E0000000000000A20400000000000017202029B929E2E20B1AB30B9102B34B2BBA232BA30B4B624B21F129014129E2E20B1AB30B9102B34B2BBA9B1B0B632902E33101112B9B7111F1294A33A33800
340
11
340
0
340
16
340
11
340
16
340
16
 94
        0
  0
MATERIAL
  5
ED
102
{ACAD_REACTORS
330
6A
102
}
102
{ACAD_XDICTIONARY
360
1F9
102
}
330
6A
100
AcDbMaterial
  1
BYBLOCK
 73
     2
 78
     2
172
     2
176
     2
270
     2
274
     2
  0
MATERIAL
  5
EC
102
{ACAD_REACTORS
330
6A
102
}
102
{ACAD_XDICTIONARY
360
1F7
102
}
330
6A
100
AcDbMaterial
  1
BYLAYER
 73
     2
 78
     2
172
     2
176
     2
270
     2
274
     2
  0
MATERIAL
  5
EE
102
{ACAD_REACTORS
330
6A
102
}
102
{ACAD_XDICTIONARY
360
173
102
}
330
6A
100
AcDbMaterial
  1
GLOBAL
 73
     2
 43
0.0007999999797903
 43
0.0
 43
0.0
 43
0.0
 43
0.0
 43
0.0007999999797903
 43
0.0
 43
0.0
 43
0.0
 43
0.0
 43
1.0
 43
0.0
 43
0.0
 43
0.0
 43
0.0
 43
1.0
 78
     2
172
     2
 49
0.0007999999797903
 49
0.0
 49
0.0
 49
0.0
 49
0.0
 49
0.0007999999797903
 49
0.0
 49
0.0
 49
0.0
 49
0.0
 49
1.0
 49
0.0
 49
0.0
 49
0.0
 49
0.0
 49
1.0
176
     2
142
0.0007999999797903
142
0.0
142
0.0
142
0.0
142
0.0
142
0.0007999999797903
142
0.0
142
0.0
142
0.0
142
0.0
142
1.0
142
0.0
142
0.0
142
0.0
142
0.0
142
1.0
270
     2
144
0.0007999999797903
144
0.0
144
0.0
144
0.0
144
0.0
144
0.0007999999797903
144
0.0
144
0.0
144
0.0
144
0.0
144
1.0
144
0.0
144
0.0
144
0.0
144
0.0
144
1.0
274
     2
1001
ACAD
1070
    -1
1070
     3
1070
     0
1000

1071
        0
1070
     0
  0
ACAD_PROXY_OBJECT
  5
13B
102
{ACAD_REACTORS
330
12D
102
}
330
12D
100
AcDbProxyObject
 90
      499
 91
      508
 93
      610
310
40901902A4063FBFFFFFE0000000000000020400000000000020404214DD185B99185C990000000000000104090140501A00000000000004100000000000000041025766000000000000039000
340
14
340
0
340
11
340
0
 94
        0
1001
ACAD_MLEADERVER
1070
     2
  0
ACAD_PROXY_OBJECT
  5
12E
102
{ACAD_REACTORS
330
12D
102
}
330
12D
100
AcDbProxyObject
 90
      499
 91
      508
 93
      610
310
40901902A4063FBFFFFFE0000000000000020400000000000020404214DD185B99185C990000000000000104090140501A00000000000004100000000000000041025764000000000000039000
340
14
340
0
340
11
340
0
 94
        0
1001
ACAD_MLEADERVER
1070
     2
  0
MLINESTYLE
  5
18
102
{ACAD_REACTORS
330
17
102
}
330
17
100
AcDbMlineStyle
  2
STANDARD
 70
     0
  3

 62
   256
 51
90.0
 52
90.0
 71
     2
 49
0.5
 62
   256
  6
BYLAYER
 49
-0.5
 62
   256
  6
BYLAYER
  0
ACAD_PROXY_OBJECT
  5
10D
102
{ACAD_REACTORS
330
10C
102
}
330
10C
100
AcDbProxyObject
 90
      499
 91
      507
 93
       41
310
903313A31580
  0
ACAD_PROXY_OBJECT
  5
1BE
102
{ACAD_REACTORS
330
10C
102
}
330
10C
100
AcDbProxyObject
 90
      499
 91
      507
 93
      105
310
903313A324000000000000004000
  0
ACAD_PROXY_OBJECT
  5
1BF
102
{ACAD_REACTORS
330
10C
102
}
330
10C
100
AcDbProxyObject
 90
      499
 91
      507
 93
      105
310
903313A344000000000000104000
  0
ACAD_PROXY_OBJECT
  5
1C0
102
{ACAD_REACTORS
330
10C
102
}
330
10C
100
AcDbProxyObject
 90
      499
 91
      507
 93
      105
310
903313A354000000000000144000
  0
ACAD_PROXY_OBJECT
  5
1C1
102
{ACAD_REACTORS
330
10C
102
}
330
10C
100
AcDbProxyObject
 90
      499
 91
      507
 93
      105
310
903313A384000000000000204000
  0
ACAD_PROXY_OBJECT
  5
1C2
102
{ACAD_REACTORS
330
10C
102
}
330
10C
100
AcDbProxyObject
 90
      499
 91
      507
 93
      113
310
904313A31304000000000000244000
  0
ACAD_PROXY_OBJECT
  5
1C3
102
{ACAD_REACTORS
330
10C
102
}
330
10C
100
AcDbProxyObject
 90
      499
 91
      507
 93
      113
310
904313A31364000000000000304000
  0
ACAD_PROXY_OBJECT
  5
1C4
102
{ACAD_REACTORS
330
10C
102
}
330
10C
100
AcDbProxyObject
 90
      499
 91
      507
 93
      113
310
904313A32304000000000000344000
  0
ACAD_PROXY_OBJECT
  5
1C5
102
{ACAD_REACTORS
330
10C
102
}
330
10C
100
AcDbProxyObject
 90
      499
 91
      507
 93
      113
310
904313A333040000000000003E4000
  0
ACAD_PROXY_OBJECT
  5
1C6
102
{ACAD_REACTORS
330
10C
102
}
330
10C
100
AcDbProxyObject
 90
      499
 91
      507
 93
      113
310
904313A34304000000000000444000
  0
ACAD_PROXY_OBJECT
  5
1C7
102
{ACAD_REACTORS
330
10C
102
}
330
10C
100
AcDbProxyObject
 90
      499
 91
      507
 93
      113
310
904313A35304000000000000494000
  0
ACAD_PROXY_OBJECT
  5
1C8
102
{ACAD_REACTORS
330
10C
102
}
330
10C
100
AcDbProxyObject
 90
      499
 91
      507
 93
      121
310
905313A3130304000000000000594000
  0
ACAD_PROXY_OBJECT
  5
1C9
102
{ACAD_REACTORS
330
10C
102
}
330
10C
100
AcDbProxyObject
 90
      499
 91
      507
 93
      105
310
903323A310000000000000010100
  0
ACAD_PROXY_OBJECT
  5
1CA
102
{ACAD_REACTORS
330
10C
102
}
330
10C
100
AcDbProxyObject
 90
      499
 91
      507
 93
      105
310
903343A310000000000000410100
  0
ACAD_PROXY_OBJECT
  5
1CB
102
{ACAD_REACTORS
330
10C
102
}
330
10C
100
AcDbProxyObject
 90
      499
 91
      507
 93
      105
310
903383A310000000000000810100
  0
ACAD_PROXY_OBJECT
  5
1CC
102
{ACAD_REACTORS
330
10C
102
}
330
10C
100
AcDbProxyObject
 90
      499
 91
      507
 93
      113
310
90431303A310000000000000910100
  0
ACAD_PROXY_OBJECT
  5
1CD
102
{ACAD_REACTORS
330
10C
102
}
330
10C
100
AcDbProxyObject
 90
      499
 91
      507
 93
      121
310
9053130303A310000000000001650100
  0
ACAD_PROXY_OBJECT
  5
21A
102
{ACAD_REACTORS
330
219
102
}
330
219
100
AcDbProxyObject
 90
      499
 91
      515
 93
     2015
310
9084D657472696335304B360000000000000A2060000000000000A202209258409E5840A25840A65840B05840B40000000000001220233A65800000000000028800000000000000A2060000000000000A2040000000000001720202AC929E2E20B1AB30B9102B34B2BBA9B2B1BA34B7B729BA30B93A24B21F1296929E2E20B
310
1AB30B9102B34B2BBA9B2B1BA34B7B722B73224B21F129014129E2E20B1AB30B9102B34B2BBA9B1B0B632902E33101112B9B7111F1294E0080A0C829CA6926662C400000000000002204000000000000022020D0305A88A9F643F27E32B9969C2960E81F87FA0718D4DE3E87E32B9969C2960E85F9E5129FC49EA5FA7E
340
11
340
0
340
0
340
16
340
16
340
11
 94
        0
  0
ACAD_PROXY_OBJECT
  5
F5
102
{ACAD_REACTORS
330
EF
102
}
330
EF
100
AcDbProxyObject
 90
      499
 91
      506
 93
      444
310
42CC9915DA5C99599C985B59504902404333333333333E33F0000000000000F90107901411070040501600405405064090741402480A0340
1001
ACAD
1000
AcDbSavedByObjectVersion
1070
     0
  0
ACAD_PROXY_OBJECT
  5
F4
102
{ACAD_REACTORS
330
EF
102
}
330
EF
100
AcDbProxyObject
 90
      499
 91
      506
 93
      388
310
4150985CDA58D07406404333333333333E33F0000000000000F90107A41107004050150841D405064090741402480A0350
1001
ACAD
1000
AcDbSavedByObjectVersion
1070
     0
  0
ACAD_PROXY_OBJECT
  5
FB
102
{ACAD_REACTORS
330
EF
102
}
330
EF
100
AcDbProxyObject
 90
      499
 91
      506
 93
      436
310
42109C9A59DA1D195B90C40902404333333333333E33F0000000000000F9010790141107004050150841D405064090741402480A029950
1001
ACAD
1000
AcDbSavedByObjectVersion
1070
     0
  0
ACAD_PROXY_OBJECT
  5
FF
102
{ACAD_REACTORS
330
EF
102
}
330
EF
100
AcDbProxyObject
 90
      499
 91
      506
 93
      452
310
42D0DBDB1BDC90DA185B99D95104090240C333333333333E33F0000000000000F90108901411070040501508421405064090741402480A0350
1001
ACAD
1000
AcDbSavedByObjectVersion
1070
     0
  0
ACAD_PROXY_OBJECT
  5
F8
102
{ACAD_REACTORS
330
EF
102
}
330
EF
100
AcDbProxyObject
 90
      499
 91
      506
 93
      508
310
4290DBDB98D95C1D1D585B10940D02404333333333333E33F0000000000000F90107902409070040501000000000000111010841D405064090740C02480A0340
1001
ACAD
1000
AcDbSavedByObjectVersion
1070
     0
  0
ACAD_PROXY_OBJECT
  5
FA
102
{ACAD_REACTORS
330
EF
102
}
330
EF
100
AcDbProxyObject
 90
      499
 91
      506
 93
      420
310
40D11A5B50B40902404333333333333E33F0000000000000F9010790141107004050150841D405064090741402480A02677FFFFFD0
1001
ACAD
1000
AcDbSavedByObjectVersion
1070
     0
  0
ACAD_PROXY_OBJECT
  5
1E6
102
{ACAD_REACTORS
330
EF
102
}
330
EF
100
AcDbProxyObject
 90
      499
 91
      506
 93
      452
310
43115919D950DBDB1BDC93D999916409028333333333333E33F0000000000000F9010790141107004050150841D405064090741402480A0350
1001
ACAD
1000
AcDbSavedByObjectVersion
1070
     0
  0
ACAD_PROXY_OBJECT
  5
FE
102
{ACAD_REACTORS
330
EF
102
}
330
EF
100
AcDbProxyObject
 90
      499
 91
      506
 93
      452
310
42D19858D95C185D1D195C9B90F40902404333333333333E33F0000000000000F9010790141107004050150841D405064090741402480A0350
1001
ACAD
1000
AcDbSavedByObjectVersion
1070
     0
  0
ACAD_PROXY_OBJECT
  5
F0
102
{ACAD_REACTORS
330
EF
102
}
330
EF
100
AcDbProxyObject
 90
      499
 91
      506
 93
      380
310
41119B185D240901404333333333333E33F0000000000000F9010740A907004050150841D405064090741402480A1B50
1001
ACAD
1000
AcDbSavedByObjectVersion
1070
     0
  0
ACAD_PROXY_OBJECT
  5
F1
102
{ACAD_REACTORS
330
EF
102
}
330
EF
100
AcDbProxyObject
 90
      499
 91
      506
 93
      468
310
43519B185D15DA5D1A115919D95CD0140901404333333333333E33F0000000000000F90107409019070040501600405405064090741402480A1B50
1001
ACAD
1000
AcDbSavedByObjectVersion
1070
     0
  0
ACAD_PROXY_OBJECT
  5
F2
102
{ACAD_REACTORS
330
EF
102
}
330
EF
100
AcDbProxyObject
 90
      499
 91
      506
 93
      404
310
41D1DBDD5C985D5910240902404333333333333E33F0000000000000F9010740A9070040501641D405064090741402480A1B50
1001
ACAD
1000
AcDbSavedByObjectVersion
1070
     0
  0
ACAD_PROXY_OBJECT
  5
F3
102
{ACAD_REACTORS
330
EF
102
}
330
EF
100
AcDbProxyObject
 90
      499
 91
      506
 93
      492
310
4411DBDD5C985D5915DA5D1A115919D95CD0340902404333333333333E33F0000000000000F90107409019070040501600405405064090741402480A1B50
1001
ACAD
1000
AcDbSavedByObjectVersion
1070
     0
  0
ACAD_PROXY_OBJECT
  5
F7
102
{ACAD_REACTORS
330
EF
102
}
330
EF
100
AcDbProxyObject
 90
      499
 91
      506
 93
      476
310
41921A5919195B90640502408333333333333E33F0000000000000F901079024090700405020000000000001110200405405064090740C02480A0340
1001
ACAD
1000
AcDbSavedByObjectVersion
1070
     0
  0
ACAD_PROXY_OBJECT
  5
1E4
102
{ACAD_REACTORS
330
EF
102
}
330
EF
100
AcDbProxyObject
 90
      499
 91
      506
 93
      428
310
42529A5D1D195C93D999914409028333333333333E33F0000000000000F9010790141107004050150A41D405064090741402480A0350
1001
ACAD
1000
AcDbSavedByObjectVersion
1070
     0
  0
ACAD_PROXY_OBJECT
  5
FD
102
{ACAD_REACTORS
330
EF
102
}
330
EF
100
AcDbProxyObject
 90
      499
 91
      506
 93
      452
310
42D31A5B995C185D1D195C9B90E40902404333333333333E33F0000000000000F9010790141107004050750841D405064090741402483A0350
1001
ACAD
1000
AcDbSavedByObjectVersion
1070
     0
  0
ACAD_PROXY_OBJECT
  5
1E5
102
{ACAD_REACTORS
330
EF
102
}
330
EF
100
AcDbProxyObject
 90
      499
 91
      506
 93
      444
310
42D3DD995C9A185B99D3D999915409028333333333333E33F0000000000000F9010790141107004050150941D405064090741402480A0350
1001
ACAD
1000
AcDbSavedByObjectVersion
1070
     0
  0
ACAD_PROXY_OBJECT
  5
F9
102
{ACAD_REACTORS
330
EF
102
}
330
EF
100
AcDbProxyObject
 90
      499
 91
      506
 93
      428
310
425499585B1A5CDD1A58D08409038333333333333E33F0000000000000F9010740A907004050150800405405064090740C02480A1B40
1001
ACAD
1000
AcDbSavedByObjectVersion
1070
     0
  0
ACAD_PROXY_OBJECT
  5
1F3
102
{ACAD_REACTORS
330
EF
102
}
330
EF
100
AcDbProxyObject
 90
      499
 91
      506
 93
      420
310
4194DA1859195911B40902404333333333333E33F0000000000000F9010740A41107004050150800405405064090840C02480A0B40
1001
ACAD
1000
AcDbSavedByObjectVersion
1070
     0
  0
ACAD_PROXY_OBJECT
  5
1F2
102
{ACAD_REACTORS
330
EF
102
}
330
EF
100
AcDbProxyObject
 90
      499
 91
      506
 93
      516
310
4454DA18591959081DDA5D1A08195919D95CD1A40902404333333333333E33F0000000000000F901074090140907004050250800405405064090740C02480A0B40
1001
ACAD
1000
AcDbSavedByObjectVersion
1070
     0
  0
ACAD_PROXY_OBJECT
  5
1EF
102
{ACAD_REACTORS
330
EF
102
}
330
EF
100
AcDbProxyObject
 90
      499
 91
      506
 93
      532
310
4394DA1859195CC81BD98811DC985E5174090240C333333333333E33F0000000000000F901079024090741D01000000000000111010841D405064090740C02480A0340
1001
ACAD
1000
AcDbSavedByObjectVersion
1070
     0
  0
ACAD_PROXY_OBJECT
  5
1F0
102
{ACAD_REACTORS
330
EF
102
}
330
EF
100
AcDbProxyObject
 90
      499
 91
      506
 93
      476
310
41D4DAD95D18DA1E51840502408333333333333E33F0000000000000F901079024090741D01000000000000111010B41D405064090741802480A0340
1001
ACAD
1000
AcDbSavedByObjectVersion
1070
     0
  0
ACAD_PROXY_OBJECT
  5
FC
102
{ACAD_REACTORS
330
EF
102
}
330
EF
100
AcDbProxyObject
 90
      499
 91
      506
 93
      420
310
41D51A1A58DAD95B90D40902404333333333333E33F0000000000000F9010790141107004050150C41D405064090741402480A0350
1001
ACAD
1000
AcDbSavedByObjectVersion
1070
     0
  0
ACAD_PROXY_OBJECT
  5
F6
102
{ACAD_REACTORS
330
EF
102
}
330
EF
100
AcDbProxyObject
 90
      499
 91
      506
 93
      420
310
4255DA5C99599C985B595059028333333333333E33F0000000000000F90107901411070040501600405405064090740C02480A0340
1001
ACAD
1000
AcDbSavedByObjectVersion
1070
     0
  0
ACAD_PROXY_OBJECT
  5
1F1
102
{ACAD_REACTORS
330
EF
102
}
330
EF
100
AcDbProxyObject
 90
      499
 91
      506
 93
      404
310
41560B54985E51940902404000000000000E03F0000000000000F9010740501907004050150841D405064090740C02480A1B40
1001
ACAD
1000
AcDbSavedByObjectVersion
1070
     0
  0
XRECORD
  5
859
102
{ACAD_REACTORS
330
84F
102
}
330
84F
100
AcDbXrecord
340
0
  0
XRECORD
  5
858
102
{ACAD_REACTORS
330
84F
102
}
330
84F
100
AcDbXrecord
 90
        0
  0
XRECORD
  5
872
102
{ACAD_REACTORS
330
84F
102
}
330
84F
100
AcDbXrecord
340
6B
  0
XRECORD
  5
86F
102
{ACAD_REACTORS
330
84F
102
}
330
84F
100
AcDbXrecord
1000
DSTYLE
1002
{
1070
   340
340
11
1002
}
  0
XRECORD
  5
85A
102
{ACAD_REACTORS
330
84F
102
}
330
84F
100
AcDbXrecord
  1
{4E882C43-C76C-764C-AAE5-27AE6895BDE8}
  0
XRECORD
  5
852
102
{ACAD_REACTORS
330
84F
102
}
330
84F
100
AcDbXrecord
  1

  0
XRECORD
  5
857
102
{ACAD_REACTORS
330
84F
102
}
330
84F
100
AcDbXrecord
 90
        4
  0
XRECORD
  5
854
102
{ACAD_REACTORS
330
84F
102
}
330
84F
100
AcDbXrecord
340
1A
  0
XRECORD
  5
856
102
{ACAD_REACTORS
330
84F
102
}
330
84F
100
AcDbXrecord
 90
    10781
  0
XRECORD
  5
873
102
{ACAD_REACTORS
330
84F
102
}
330
84F
100
AcDbXrecord
340
6A
  0
XRECORD
  5
855
102
{ACAD_REACTORS
330
84F
102
}
330
84F
100
AcDbXrecord
340
19
  0
XRECORD
  5
85C
102
{ACAD_REACTORS
330
84F
102
}
330
84F
100
AcDbXrecord
 40
0.0
  0
XRECORD
  5
85F
102
{ACAD_REACTORS
330
84F
102
}
330
84F
100
AcDbXrecord
340
0
  0
XRECORD
  5
865
102
{ACAD_REACTORS
330
84F
102
}
330
84F
100
AcDbXrecord
 10
0.0
 20
0.0
 30
0.0
  0
XRECORD
  5
861
102
{ACAD_REACTORS
330
84F
102
}
330
84F
100
AcDbXrecord
 10
0.0
 20
0.0
 30
0.0
  0
XRECORD
  5
864
102
{ACAD_REACTORS
330
84F
102
}
330
84F
100
AcDbXrecord
 10
0.0
 20
0.0
 30
0.0
  0
XRECORD
  5
862
102
{ACAD_REACTORS
330
84F
102
}
330
84F
100
AcDbXrecord
 10
0.0
 20
0.0
 30
0.0
  0
XRECORD
  5
863
102
{ACAD_REACTORS
330
84F
102
}
330
84F
100
AcDbXrecord
 10
0.0
 20
0.0
 30
0.0
  0
XRECORD
  5
860
102
{ACAD_REACTORS
330
84F
102
}
330
84F
100
AcDbXrecord
 10
0.0
 20
0.0
 30
0.0
  0
XRECORD
  5
85D
102
{ACAD_REACTORS
330
84F
102
}
330
84F
100
AcDbXrecord
340
0
  0
XRECORD
  5
85E
102
{ACAD_REACTORS
330
84F
102
}
330
84F
100
AcDbXrecord
 70
     0
  0
XRECORD
  5
853
102
{ACAD_REACTORS
330
84F
102
}
330
84F
100
AcDbXrecord
  1

  0
XRECORD
  5
850
102
{ACAD_REACTORS
330
84F
102
}
330
84F
100
AcDbXrecord
 90
        1
  0
XRECORD
  5
851
102
{ACAD_REACTORS
330
84F
102
}
330
84F
100
AcDbXrecord
 90
       70
  0
XRECORD
  5
868
102
{ACAD_REACTORS
330
84F
102
}
330
84F
100
AcDbXrecord
340
0
  0
XRECORD
  5
86E
102
{ACAD_REACTORS
330
84F
102
}
330
84F
100
AcDbXrecord
 10
0.0
 20
0.0
 30
0.0
  0
XRECORD
  5
86A
102
{ACAD_REACTORS
330
84F
102
}
330
84F
100
AcDbXrecord
 10
0.0
 20
0.0
 30
0.0
  0
XRECORD
  5
86D
102
{ACAD_REACTORS
330
84F
102
}
330
84F
100
AcDbXrecord
 10
0.0
 20
0.0
 30
0.0
  0
XRECORD
  5
86B
102
{ACAD_REACTORS
330
84F
102
}
330
84F
100
AcDbXrecord
 10
0.0
 20
0.0
 30
0.0
  0
XRECORD
  5
86C
102
{ACAD_REACTORS
330
84F
102
}
330
84F
100
AcDbXrecord
 10
0.0
 20
0.0
 30
0.0
  0
XRECORD
  5
869
102
{ACAD_REACTORS
330
84F
102
}
330
84F
100
AcDbXrecord
 10
0.0
 20
0.0
 30
0.0
  0
XRECORD
  5
866
102
{ACAD_REACTORS
330
84F
102
}
330
84F
100
AcDbXrecord
340
0
  0
XRECORD
  5
867
102
{ACAD_REACTORS
330
84F
102
}
330
84F
100
AcDbXrecord
 70
     0
  0
XRECORD
  5
85B
102
{ACAD_REACTORS
330
84F
102
}
330
84F
100
AcDbXrecord
  1
{B111C69F-238A-7941-BD28-D5CC27F6AE46}
  0
DICTIONARYVAR
  5
314
102
{ACAD_REACTORS
330
313
102
}
330
313
100
DictionaryVariables
280
     0
  1
14.341106
  0
DICTIONARYVAR
  5
315
102
{ACAD_REACTORS
330
313
102
}
330
313
100
DictionaryVariables
280
     0
  1
1
  0
DICTIONARYVAR
  5
316
102
{ACAD_REACTORS
330
313
102
}
330
313
100
DictionaryVariables
280
     0
  1
1:1
  0
DICTIONARYVAR
  5
317
102
{ACAD_REACTORS
330
313
102
}
330
313
100
DictionaryVariables
280
     0
  1
2.000000
  0
DICTIONARYVAR
  5
318
102
{ACAD_REACTORS
330
313
102
}
330
313
100
DictionaryVariables
280
     0
  1
Standard
  0
DICTIONARYVAR
  5
319
102
{ACAD_REACTORS
330
313
102
}
330
313
100
DictionaryVariables
280
     0
  1
Standard
  0
DICTIONARYVAR
  5
31A
102
{ACAD_REACTORS
330
313
102
}
330
313
100
DictionaryVariables
280
     0
  1
Metric50
  0
DICTIONARYVAR
  5
31B
102
{ACAD_REACTORS
330
313
102
}
330
313
100
DictionaryVariables
280
     0
  1
Metric50
  0
DICTIONARYVAR
  5
31C
102
{ACAD_REACTORS
330
313
102
}
330
313
100
DictionaryVariables
280
     0
  1
0
  0
DICTIONARYVAR
  5
31D
102
{ACAD_REACTORS
330
313
102
}
330
313
100
DictionaryVariables
280
     0
  1
0
  0
DICTIONARYVAR
  5
31E
102
{ACAD_REACTORS
330
313
102
}
330
313
100
DictionaryVariables
280
     0
  1
2
  0
DICTIONARYVAR
  5
31F
102
{ACAD_REACTORS
330
313
102
}
330
313
100
DictionaryVariables
280
     0
  1
2
  0
DICTIONARYVAR
  5
320
102
{ACAD_REACTORS
330
313
102
}
330
313
100
DictionaryVariables
280
     0
  1
1
  0
DICTIONARYVAR
  5
321
102
{ACAD_REACTORS
330
313
102
}
330
313
100
DictionaryVariables
280
     0
  1
1
  0
DICTIONARYVAR
  5
322
102
{ACAD_REACTORS
330
313
102
}
330
313
100
DictionaryVariables
280
     0
  1
1
  0
DICTIONARYVAR
  5
323
102
{ACAD_REACTORS
330
313
102
}
330
313
100
DictionaryVariables
280
     0
  1
0
  0
DICTIONARYVAR
  5
324
102
{ACAD_REACTORS
330
313
102
}
330
313
100
DictionaryVariables
280
     0
  1
AR3-WALL HATCH
  0
DICTIONARYVAR
  5
325
102
{ACAD_REACTORS
330
313
102
}
330
313
100
DictionaryVariables
280
     0
  1
ByLayer
  0
DICTIONARYVAR
  5
326
102
{ACAD_REACTORS
330
313
102
}
330
313
100
DictionaryVariables
280
     0
  1
0
  0
DICTIONARYVAR
  5
327
102
{ACAD_REACTORS
330
313
102
}
330
313
100
DictionaryVariables
280
     0
  1
0
  0
DICTIONARYVAR
  5
328
102
{ACAD_REACTORS
330
313
102
}
330
313
100
DictionaryVariables
280
     0
  1
0
  0
DICTIONARYVAR
  5
329
102
{ACAD_REACTORS
330
313
102
}
330
313
100
DictionaryVariables
280
     0
  1
2
  0
DICTIONARYVAR
  5
32A
102
{ACAD_REACTORS
330
313
102
}
330
313
100
DictionaryVariables
280
     0
  1
1.000000
  0
DICTIONARYVAR
  5
32B
102
{ACAD_REACTORS
330
313
102
}
330
313
100
DictionaryVariables
280
     0
  1
1
  0
DICTIONARYVAR
  5
32C
102
{ACAD_REACTORS
330
313
102
}
330
313
100
DictionaryVariables
280
     0
  1
2
  0
DICTIONARYVAR
  5
32D
102
{ACAD_REACTORS
330
313
102
}
330
313
100
DictionaryVariables
280
     0
  1
1
  0
DICTIONARYVAR
  5
871
102
{ACAD_REACTORS
330
313
102
}
330
313
100
DictionaryVariables
280
     0
  1
80.000000
  0
DICTIONARYVAR
  5
870
102
{ACAD_REACTORS
330
313
102
}
330
313
100
DictionaryVariables
280
     0
  1
5.000000
  0
DICTIONARYVAR
  5
32E
102
{ACAD_REACTORS
330
313
102
}
330
313
100
DictionaryVariables
280
     0
  1
0
  0
DICTIONARYVAR
  5
32F
102
{ACAD_REACTORS
330
313
102
}
330
313
100
DictionaryVariables
280
     0
  1
127
  0
DICTIONARYVAR
  5
330
102
{ACAD_REACTORS
330
313
102
}
330
313
100
DictionaryVariables
280
     0
  1
0
  0
DICTIONARY
  5
1F9
330
ED
100
AcDbDictionary
280
     1
  3
ACAD_XREC_ROUNDTRIP
360
87B
  3
FBXASSET
360
1FA
  0
DICTIONARY
  5
1F7
330
EC
100
AcDbDictionary
280
     1
  3
ACAD_XREC_ROUNDTRIP
360
87C
  3
FBXASSET
360
1F8
  0
DICTIONARY
  5
173
330
EE
100
AcDbDictionary
280
     1
  3
ACAD_XREC_ROUNDTRIP
360
87D
  3
FBXASSET
360
1FB
  0
XRECORD
  5
87B
102
{ACAD_REACTORS
330
1F9
102
}
330
1F9
100
AcDbXrecord
102
MATERIAL
148
0.0
149
0.0
149
0.0
 93
        0
 94
       63
282
     0
 72
     1
 77
     1
171
     1
175
     1
179
     1
273
     0
  0
XRECORD
  5
1FA
102
{ACAD_REACTORS
330
1F9
102
}
330
1F9
100
AcDbXrecord
 70
     1
 90
429727718
  1
D62C5603-E3A1-4AEA-B7FB-FE5D8D0755AF
310
504B03040A0000080000CC70623B3DEE336E79000000790000001B0000006175746F6465736B2D64657369676E2D7061636B6167652E786D6C3C3F786D6C2076657273696F6E3D22312E302220656E636F64696E673D227574662D3822203F3E3C666F726D6174733E3C666F726D61743E687474703A2F2F736368656D612E
310
6175746F6465736B2E636F6D2F64657369676E2D7061636B6167652F323030393C2F666F726D61743E3C2F666F726D6174733E504B0304140006080800CC70623BD486FD9CA0000000F4000000130000005B436F6E74656E745F54797065735D2E786D6C7D8EC10E82300C865F65E91D8A1E8C310C0EEA1BF002731658846E
310
D98AC1B77784ABF1D8FE5FBFBF75BBCE937A534CCEB38643598122B6FEE978D0B0485F9C41B54DDD7D022595594E1A469170414C76A4D9A4D207E29CF43ECE46F218070CC6BECC4078ACAA135ACF422C856C0E68EA1BF5669944DDD7BCDE7B1F8E415D77AECB980613C2E4AC91FC167A2B244592486606FC29C8FD7F045B9A
310
EF7053A7E60B504B0304140006080800CC70623B853B8169EB0000007C01000008000000636F72652E786D6C8D90416EC3201045AF62CDB6C206821CC7C244919D9CA01740401C94182C03558F5F9C3852BBEB6A467FFE9B197D7EFC9E1EC5975982F5AE035262288C535E5B377690E21535501C055FBC8FBF6C503839990E
310
5619041F179FE64D52DE45E362569DD7661365082642A11EB9E920A89B99642953CC8E702F67A9EE7234257977194EC9EAE275C4EABCCF5EAD5940D4AC6F0E35A568B8F43562CD7046CD199FD07E60174276A7BE677B5EADB0E0D14EEFFB6A31321A0D82627C4084204C3F096B71DD52F6819B16635EADF63F509AF53FA164
310
5DDCD1EDDD17164090FCC8732078B56691CB33A85CD7DCC40F504B0304140006080800CC70623B55019EA25F0000007C00000007000000636E782E786D6C4DCB3B0E80201045D1AD90E915ED2CF8AC45050C11660C8261F98AB1B07AC9C97D42D718D865D3E909258CFD00CCE24AC6E326A164D74DC0B4128928FF32603847
310
2BA13128B1252AC747C6BAB984FC68F0B87FE8960A5C09FE86CFB69FBA01504B0304140006080800CC70623BDBABAAF470010000D40300000C0000006662782F636F72652E786D6CC553D16E823014FD95A6AF4B694182CC941A83FA05FB810A9511A125A5257EFE2E82712ECEB8A7F100CD39F7F69E734AF9FADC366850B6
310
AF8DCE7018308C942E4C59EB2AC3DE1D498AD15A706B8CFB56869196ADCAF00863C12B6B7C374385D14E6907A836A59A41D9F7CA615434B0C8705F7CAA5606D23BA8E84F41278B93AC54100640439DE0BDB320004D43C63716C7C399D30917DCFBBA9CD9BA8469F5B156168B24CED3F7248AC8769F27244EB73B92EED8862C
310
B7F13E0C179B3C8F979C8ECD82BBBABDAA2BAC924E9558448CBD9330242CFA08E3154B5651FCC6D215639C8EE5774DBE2B5F6CF2B5768B68963BB5F5588420E442FC700B1139D4CB01F450C1E918227C2E09DF070D8140C84E1E9AAB8F1340832A9CB13130A5F1376A908D57309505ECF2A0DF179C4E9D30F5B239B87E3823
310
7A79C6F31DE1A8A5AEC08474B03C7837EAE4938639B44E5932B833D2C6B6B279CDC613877FA26EE21F4A2A4C63EC7F29A2F301D1F9F7A0E37D145F504B0304140006080800CC70623B9C113CC27E0000009D0000000B0000006662782F636E782E786D6C4DCCDF0A83201C86E15B91DFB94BFB330DD428C8FB886521330DA7
310
6397BF1A1DECE883878F57749FCDA1B7892F1BBC047A23808C7F84D9FA55424E0BE6803A256208E9EF06C84F9B91703228B1C690F78B66B34CD9A5439DF5CF0BFBF65E35BCA1B8D6A5C6F540381E886698B5741C695F9503EBA150A2F8958E3DC3EA0B504B0304140006080800CC70623B7DF2F77C2A010000120200003100
310
00006662782F41393633353835312D344632462D344230382D423046372D3739314545314133324237412F636F72652E786D6C8D51DB8EC22014FC15C2939B0D2DB4B45643319AE817EC0F6041255A68B86CFCFC856D4D76DF7CE190393373060EDB3DC707F856CE6B6B7A480A0C81328395DA5C7B18C3057510EC3873D686
310
3F34088C18550F330C39BB3A1BA7051AAC09CA84841A2BD5020AEF55806078A44B0FFD7053A328440C89E1EFC52486BBB8AA8214A99D789CF9E05200300FC927E4FB4D5B375D43103D5527440FB843077C5AA3F5861C8F645F5787F59E95B390B318B55CE45AA638FAA2957BD7248B390B7A7CC51F9C124149C82B8C378810
310
84AB2F42B7B8DD56F413775B8C5999E9FF4471926F8AA236A1AE96B8B3CC434E5839373893369E1FAF30EA395917409EB7F26AF8801C171837A4A6AC9C89E9F9C9B1A58BA30FD6A5EF5DDDCF894B9AD9B6A59C957943A9FCAE2FD5BC4DFE03504B0304140006080800CC70623BAD7543B64E01000033030000300000006662
310
782F41393633353835312D344632462D344230382D423046372D3739314545314133324237412F636E782E786D6CD593CD6EC32010845F0571AD6CE3D48AD20813A9873E410FBD12D82434182C7EAAE6EDBB2424CD25871E7B41D6EC30B3FA84F9E67BB2E40B4234DE8DB46F1925E094D7C6ED479AD3AE5951B2113C789FEE
310
6C943839C1488B4C05DF079FE72A69D8C96C13AAD6B8631503449F83828872B949AC57D26200B826A308D316B4064D6E46FCDA41C05550DC9E483A00797BFD207EFB092A45DE9514C1BBD22178396BD39D891265658C238DEA00936C654E5E433CB65A26D9F6EDB5EBC14EBF49A45CB856E66048291F6939A9A81BB5C89177
310
38143CA680F4AA299D66A042CEB3354A2684DC9D8D178FE0D9B8B41CAAD720F880EE7EF93C0C18769E099ECC04D5A102C8049A8A05632F4DDF376CF1DE0F6BB65C2F8627B65A33C6BB62177CEBBDAD973006829F89F22E814B54F4BC2BE347F8AA8F681390B50FA73F804400B5F542E796F19FF974E7F78DB802FE05E20750
310
4B0304140006080800CC70623BE75B7789680500003C100000340000006662782F41393633353835312D344632462D344230382D423046372D3739314545314133324237412F6F626A656374732E786D6CAD575B8F9B3818FD2B887D06C22499CB8AA1CA655245D5B455A356FB305264C061D8018C6C3393D95FBFC7600890
310
A4CD5EF210B0B1BFEBF98E3F7B1FF6596ABC522E1296DF9BAE3D320D9A872C4AF2F8DE2CE5CEBA358D0FBEC719939D65A691938CDE9B6ADAF4BD98B3B2D05311DD91329583D9D5FC0F438434A7A611A644887B5384CF34233629258BA878B12322891DEFF6B66BD70BFB62634E8AE781D082709A4B588AF91C528CDA28B73F
310
1C998EEF39EABBEFA97FBD6A7C7E9553F9D3D79FE442923C3C523610337627CB87ABE99D359D4CC6D6E4FACAB5E6ABF9D2726FC6A3C5F56271377BB88362213924694B38DD99FE47C48627A1E7D49F5A8BB5E1A74C0A599ED3B0F21F1E56366B89112D681E218F0915D0D6F17AD41FBA2A369DCF6335D62ABBD39779D5DDD1
310
11D4D8DE3CBB96B2E04FB8202E41051754A1AA8E8F76B4C6DFE810B580B1547F4B84911149794252234D024EF8BBE963A95AE27B3D310A9D5C215C7960FAEE415ED75694C6AFB17BCACA5D99A60A9AA65F217B0BFC53292ACB92BF283FAD0D3621576592CB5BED907C2FA8E9DF794E35E97BEA31BED21FEB401ABB94C44839
310
DCACBF0E1C5DA8DA5B2F4DFFD32AD86F543D9E565E7056502E157C00AD2671CD534549AB752FCA9CDA00677A313F04E51B22FF19E57B300579E3C97EB29F682D92935CEC18CF901B7B54FD8C51F362B56FC72FE0B3C1EAE335EDCCBF5AEC39ADB17DC238973F804BA5E6F6BFE7AF1FB32E523BE9F3BD571418E3631DCA4D48
310
5250CF639223210A9446CA30052EDF057BD35F8329C1ECD84552BF0DC8D18BE7BCE23BFE6BD960AB4A7DE79923A103BEBD80F911CBAA2C60DB19B01CF164A5583B772EE6D3FFA56666CBCDA74DC97724A48F9A58967497E489C4D979006FD7A05E227A1EBDD0F737C623387A9C844D3709995625106D157315F8B8392CD4E0
310
A0B9A720C4BE9829CEF37EA1E13111214D53925356365ADA634861B52519DD27A00AEB808EAF0628E6F435519D446F45CF2C9CF5214F0A15B2F6D06B79DA3EE3CBF7F56780D2F4E7EF73A0F5E5B02A38D07DC852C6B7C1FBB6664213E0C39E3EBA7FF4E1AD23EA2829407C85E586727488B751B2DB9502BC7B228A3FD68B6E
310
A65A22397E690AA8D158D7E404EC8CDA235CC3B7D1898680131CEC2CDF2638C65196279577750F15884AEE19F94199155B92B13297978469D4F8D358DF0AEF7631E28DC8F0D9F437D5D39A83B2231A1D52D543813A824EF8D44BCFF2FA6A31BD1E8DAD87F1CCB526B3879935BF59CDADD5C37479BB1CDD4CA7B3556B516589
310
EF352754B706114D9C885EC9131DE6EFEB43D99AFE2391C2F958179413D7CFEF6B1B6DB1E7600F00DE6E5C67454A339A4BA2E0FBA85ED26F045D454F463DBFCE484C2F90F2E5E3666003662ED8F755951A7D1BECD5B30B550B2785C8E7320B7292A4838DDA71BBC863ED7613CAF659337A3354231D4FF4A182A54904C2898C
310
98B28C4AD0CE056CCF332A80986E571EE9DBC305BB5FEB7E509220A58D25CF042D712A806AC0AD0C657FDEF80D2D9CEAA2EE4D1C76F60BFE74219A06527D6F82DF6412526107381E55E353090704D085B52408A8913C4ED159D79BDA71BB4BC506F4831350EB6F975CD22D69BF7AC49B91A2C0A9DDA3D5CA36AD20FC478E37
310
E61844E2352865EBCB61A275A65283CAAA9DD27703B4102F5AF51EF5F573B75CBB5AD38BC845F7A49F82A0966A49C2E3EA5EA0ECD326CD965F1DB402C6FA8B51A4658C5C5E2EC9E214602E55810345408596591009A82E7E7FFACA19EEA299B14A0081A705CB3296EBC14CDF658DCD336EA6D1136881AAEB87B81AB9EE53D5
310
F5EB8BC8362082DA24122F98680A4E7930C01A0079749CEA14382A0783E5EBA5A10F8C098456A03D6A4AEB6BB881E2513747552A5DB22C7EDAF83BD5528081A365F7FF06504B0304140006080000CC70623B000000000000000000000000350000006662782F41393633353835312D344632462D344230382D423046372D37
310
39314545314133324237412F76657274696365732E62696E504B0304140006080800CC70623BF270F1330600000004000000360000006662782F41393633353835312D344632462D344230382D423046372D3739314545314133324237412F747269616E676C65732E62696E636660600000504B0304140006080000CC7062
310
3B000000000000000000000000370000006662782F41393633353835312D344632462D344230382D423046372D3739314545314133324237412F617474726962757465732E62696E504B0304140006080800CC70623B08DA0BD19000000041010000360000006662782F41393633353835312D344632462D344230382D4230
310
46372D3739314545314133324237412F6469726563746F72792E786D6C858F410AC3201045AF22B36F53E9A60B35CBEEBAE80D244E44489C6234F4F835464A48035D0DF398FF9F8AF63D0E6CC63039F212F8F9020C7D47C6792B21C5FE7403D62A1188E2E60C98D7234A5830286103A55745067B9D86B8A3CF9C7F90C11DE6
310
07FB144396D7B6A82D282E9A152AD114D5EF2CB866EEE831B8EEA07A7BB5A8D7D61A2BAAEB7FD5F70921FF497D00504B0304140006080800CC70623BEDD1DC58FD000000A00100003B0000006662782F41393633353835312D344632462D344230382D423046372D3739314545314133324237412F7265736F75726365732F
310
636F72652E786D6C8D504B6E833010BD0A9A6D65B00922041947112427E8052C33A156828DFCA97AFC9A40A576D7CDCCE87D344F8F9FBFE667F689CE6B6B3A6039850C8DB2A336530731DC4903D95970676DF82583CCC8193B5861107C72362E3BA4AC096842428D1D7107A5F7182053CF7474E0D507CE32973124857FE48B
310
540F3961CEF244279DE03EB81420DB9EAC1384436FA353E879B1B182C7A8C75DA3C7F453DF353A1075D537A7BA6464B8F535A99AE14A9A2BBD90E350DD183B5CFABE3AF262350B1EF4FC9351399401471025A527C218A1E53BAB5A5AB765F5469B96525EACF23FA6B88CFF34456DC2A1DCE36E360F82A5202F42F062ED2BAD
310
579969AFDD8A6F504B010214000A0000080000CC70623B3DEE336E79000000790000001B00000000000000000000000000000000006175746F6465736B2D64657369676E2D7061636B6167652E786D6C504B01021400140006080800CC70623BD486FD9CA0000000F40000001300000000000000000000000000B20000005B
310
436F6E74656E745F54797065735D2E786D6C504B01021400140006080800CC70623B853B8169EB0000007C010000080000000000000000000000000083010000636F72652E786D6C504B01021400140006080800CC70623B55019EA25F0000007C000000070000000000000000000000000094020000636E782E786D6C504B
310
01021400140006080800CC70623BDBABAAF470010000D40300000C00000000000000000000000000180300006662782F636F72652E786D6C504B01021400140006080800CC70623B9C113CC27E0000009D0000000B00000000000000000000000000B20400006662782F636E782E786D6C504B01021400140006080800CC70
310
623B7DF2F77C2A010000120200003100000000000000000000000000590500006662782F41393633353835312D344632462D344230382D423046372D3739314545314133324237412F636F72652E786D6C504B01021400140006080800CC70623BAD7543B64E010000330300003000000000000000000000000000D2060000
310
6662782F41393633353835312D344632462D344230382D423046372D3739314545314133324237412F636E782E786D6C504B01021400140006080800CC70623BE75B7789680500003C10000034000000000000000000000000006E0800006662782F41393633353835312D344632462D344230382D423046372D3739314545
310
314133324237412F6F626A656374732E786D6C504B01021400140006080000CC70623B0000000000000000000000003500000000000000000000000000280E00006662782F41393633353835312D344632462D344230382D423046372D3739314545314133324237412F76657274696365732E62696E504B01021400140006
310
080800CC70623BF270F133060000000400000036000000000000000000000000007B0E00006662782F41393633353835312D344632462D344230382D423046372D3739314545314133324237412F747269616E676C65732E62696E504B01021400140006080000CC70623B0000000000000000000000003700000000000000
310
000000000000D50E00006662782F41393633353835312D344632462D344230382D423046372D3739314545314133324237412F617474726962757465732E62696E504B01021400140006080800CC70623B08DA0BD1900000004101000036000000000000000000000000002A0F00006662782F41393633353835312D344632
310
462D344230382D423046372D3739314545314133324237412F6469726563746F72792E786D6C504B01021400140006080800CC70623BEDD1DC58FD000000A00100003B000000000000000000000000000E1000006662782F41393633353835312D344632462D344230382D423046372D3739314545314133324237412F7265
310
736F75726365732F636F72652E786D6C504B0506000000000E000E0080040000641100000000
  0
XRECORD
  5
87C
102
{ACAD_REACTORS
330
1F7
102
}
330
1F7
100
AcDbXrecord
102
MATERIAL
148
0.0
149
0.0
149
0.0
 93
        0
 94
       63
282
     0
 72
     1
 77
     1
171
     1
175
     1
179
     1
273
     0
  0
XRECORD
  5
1F8
102
{ACAD_REACTORS
330
1F7
102
}
330
1F7
100
AcDbXrecord
 70
     1
 90
429727718
  1
30362254-06B7-45E0-A893-8CFA70E3D6BC
310
504B03040A0000080000CC70623B3DEE336E79000000790000001B0000006175746F6465736B2D64657369676E2D7061636B6167652E786D6C3C3F786D6C2076657273696F6E3D22312E302220656E636F64696E673D227574662D3822203F3E3C666F726D6174733E3C666F726D61743E687474703A2F2F736368656D612E
310
6175746F6465736B2E636F6D2F64657369676E2D7061636B6167652F323030393C2F666F726D61743E3C2F666F726D6174733E504B0304140006080800CC70623BD486FD9CA0000000F4000000130000005B436F6E74656E745F54797065735D2E786D6C7D8EC10E82300C865F65E91D8A1E8C310C0EEA1BF002731658846E
310
D98AC1B77784ABF1D8FE5FBFBF75BBCE937A534CCEB38643598122B6FEE978D0B0485F9C41B54DDD7D022595594E1A469170414C76A4D9A4D207E29CF43ECE46F218070CC6BECC4078ACAA135ACF422C856C0E68EA1BF5669944DDD7BCDE7B1F8E415D77AECB980613C2E4AC91FC167A2B244592486606FC29C8FD7F045B9A
310
EF7053A7E60B504B0304140006080800CC70623B1EC5D7A3EB0000007C01000008000000636F72652E786D6C8D90416EC3201045AF82665B6103C6756C6122AB4D4ED00B204C5C94182C03558F5F9C3852BBEB6A467FFE9B197D71FC9E6FE8CBACC17AD7032D0820E3B41FAD9B7A48F1820F808E52ACDEC75F36404ECDA687
310
4D0629A6D5A76597B477D1B89855E747B38B2A041301E95B6E7A08FAD3CCAA50296647B8168BD2573599823EBB0CA76447F43862C7BCCF5EAC59410E4DDD9C7973C2755553CCCFA4C603E3040F1565ED3B1FDE4E432BCA0D9622DAF9795FAF464533826484B498524CD807E51D79ED187F21878E10516EF63F505AC67F42C9
310
BA58B1FDDD071640D2FCC87D2045B96591CB3DA85CB7DCE40F504B0304140006080800CC70623B55019EA25F0000007C00000007000000636E782E786D6C4DCB3B0E80201045D1AD90E915ED2CF8AC45050C11660C8261F98AB1B07AC9C97D42D718D865D3E909258CFD00CCE24AC6E326A164D74DC0B4128928FF32603847
310
2BA13128B1252AC747C6BAB984FC68F0B87FE8960A5C09FE86CFB69FBA01504B0304140006080800CC70623B8C9102E971010000D40300000C0000006662782F636F72652E786D6CC5535B6E833010BC8AE5DF0A6C08340F1947A84D4ED00B38C6A128602363A31CBFCB234A53A551FA553EC09AD9F5CE8C31DB9E9B1AF5CA
310
7695D1198E428A91D2D214952E33ECDD315861B4E5CC1AE3BE9561A445A3323CC098B3D21ADFCE9034DA29ED00D5A6503328BA4E398C640D8B0C77F253352214DE4145770A5B214FA2546114020D759C75CE8200340D19DE981F0F6746269C33EFAB6266AB02A655C74A59CCF365BADC27CB5D902ED22848F6340DF238A141
310
BE88E2F57B92BFEDF23523433367AE6A2EEAA455C2A902F398D2751045018D3FA264435F3771F242571B4A1919CA6F9A7C5B3CD9E42BED16F12C776AEB308F40C848FC700B1139D4891EF410CEC810227CC6846F8386402064270EF5C5C709A05E49676C024C61FC95EA45ED154CA5211D1FF4FB8291A913A68E9B83EBBB33
310
E2A7673CDE118E5AE8124C0807CB8377834E366998436B950D7A7746DAD846D4CFD978E0F04FD455FC5D49D2D4C6FE9722321F10997F0F32DC47FE05504B0304140006080800CC70623BFFEA85907E0000009D0000000B0000006662782F636E782E786D6C4DCCD10A83201886E15B91FFDC95D95A811AB6F23E625948A6C3
310
E9D8E5AF46073BFAE0E1E365ED67B3E8ADC3CB78C7815C7240DA3DFC64DCC221C519D7805AC182F7F1EF06C88D9BE6703008B6049F9E274D7A1E938DBB5AE3D6131B2589BA0D3D965551E0B2EA732C9B9A624AAEB41E3A557677029960D9AFB4EF11165F504B0304140006080800CC70623B4FEEA4082C0100001202000031
310
0000006662782F39464131463745442D413632322D343644302D413938332D3331353338454246344243312F636F72652E786D6C8D515B6EC32010BC0AE2AB55850DD871ED0813254D72825EC00192A2C460F1A872FC42ED48ED5F7E00CDCECCCEB26C731F6FE05B39AFADE921293004CA082BB5B9F43086336A21D870E6AC
310
0D7F68109861543DCC30E4ECE26C9C164858139409093556AA051CBC570102714B8F1E7AF1A5C6A11862480C7F2DA6415C878B2A4891CA89C7990F2E050073937C42DE1DB7E4F87ED8A36D4329AA9B3D46DBAEAD504556557BD81DEBDD0761E52CE42C462D17B996298E3E6BE59E35C962CE821E1FF18553435012728A7187
310
0841987E927A8D9B35ADDF70BBC6989599FE4F1427F9A4286A132ABAC49D651EF234CD5CE04CDA78BA3DC2A8FB645D00B9DF8B57E215725C60BCA2A463E54C4CE327C7A65E1C7DB02E7DEFCBF594B864C5CA6CDBD49C957943E9FA5D5FBAF336F90F504B0304140006080800CC70623BAD7543B64E01000033030000300000
310
006662782F39464131463745442D413632322D343644302D413938332D3331353338454246344243312F636E782E786D6CD593CD6EC32010845F0571AD6CE3D48AD20813A9873E410FBD12D82434182C7EAAE6EDBB2424CD25871E7B41D6EC30B3FA84F9E67BB2E40B4234DE8DB46F1925E094D7C6ED479AD3AE5951B2113C
310
789FEE6C943839C1488B4C05DF079FE72A69D8C96C13AAD6B8631503449F83828872B949AC57D26200B826A308D316B4064D6E46FCDA41C05550DC9E483A00797BFD207EFB092A45DE9514C1BBD22178396BD39D891265658C238DEA00936C654E5E433CB65A26D9F6EDB5EBC14EBF49A45CB856E66048291F6939A9A81BB5
310
C8917738143CA680F4AA299D66A042CEB3354A2684DC9D8D178FE0D9B8B41CAAD720F880EE7EF93C0C18769E099ECC04D5A102C8049A8A05632F4DDF376CF1DE0F6BB65C2F8627B65A33C6BB62177CEBBDAD973006829F89F22E814B54F4BC2BE347F8AA8F681390B50FA73F804400B5F542E796F19FF974E7F78DB802FE05
310
E207504B0304140006080800CC70623B16AB87BA640500003C100000340000006662782F39464131463745442D413632322D343644302D413938332D3331353338454246344243312F6F626A656374732E786D6CAD575B6FA33818FD2B887DE6924B3BED8A326A92B68A663B534DD4D13E548A0C38942D60649B369D5FBFC7
310
600890A493BDE42160637FD7F31D7FF63E6FB3D478A55C242CBF3247B66B1A340F5994E4F19559CA8D75611A9F7D8F33263BCB4C232719BD32D5B4E97B316765A1A722BA21652A07B3B7B33F0D11D29C9A46981221AE4C113ED38CD8A4942CA2E2C58E882476BCD9DA23BB5ED8171B73523C0F841684D35CC252CCE79062D4
310
468DFA43D7747CCF51DF7D4FFDEB5593E3AB9CCA9FBEFE241792E4E19EB28198C968BAB8199F5D5A67D3E9C49A9E8F47D6EC76B6B0469F26EEFC7C3EBFBCBEB98462213924694B38DD98FE1D62C393D073EA4FADC5DAF04326852CCF6958F90F0F2B9BB5C48816348F90C7840A68EB78EDF68723159BCEE7891A6B95DDE9D3
310
BCEAEEE8086A6C6F9E5D4B59F0175C10A7A0820BAA5055C7473B5AE3CFDD452D602CD5DF12616444529E90D448938013FE6EFA58AA96F85E4F8C42275708571E98FE6827AF6B2B4AE3D7D83D64E5A64C53054DD3AF90BD06FEA9149565C94FCA0F6B834DC85599E4F2423B24DF0B6AFA979E534DFA9E7A4CC6FA631D486393
310
921829879BF5D781A373557BCB85E97FB90DB62B558F8795179C15944B051F40AB495CF35451D26A4727654E6D8033BD98EF82F21D91FF8AF2DD9982BCF1643BDD4EB516C9492E368C67C88DED563FC36D5EACF66DFF057C3658BDBFA69DF9578B3DA735B64F18C7F20770A9D45CFCF7FCF563D6456A277DBEF78A02637CA2
310
43B90A490AEAB94F72244481D24819A6C0E59B606BFA4B3025981DBB48EAB701D97BF19C577CC77F2D1B6C55A9EF3C732474C0B727303F625995056C3B02963D9EAC146BE78EC5FCEC7FA999EBC5EACBAAE41B12D27B4D2C0BBA49F244E2ECDC81B76B502F113D8F5EE8FB1BE3111CDD4FC2AA9B844CAB1288B68AB90A7CDC
310
1C166AB0D3DC5310625FCC14E779BFD0709F8890A629C9292B1B2DED31A4B0DA928CEE135085754027E3018A397D4D5427D15BD1330B677DC8934285AC3DF45A9EB68FF8F2B8FC0A509AFEECFD0FF2DE25CC6047F7214B195F07EFEB9A094D800F7BFAE8FED187B78EA8A3A400F115961BCAD1215E47C966530AF0EE8128FE
310
58CEBB996A8964FFA529A046635D9353B0336A8F700DDF46271A024E70B0B37C9DE01847591E54DED53D54202AB947E4076556AC49C6CA5C9E1226B7F1A7B1BE15DEED62C41B91E1B3E9AFAAA735036547343A925075041DF0A9979E893B391F8FCFA6967B3EFB644DCF6E5CEBFAE272625DCC6FAF3FB93793C5F90CE1EF57
310
407342756B10D1C489E8953CD1617E5CEECAD6F4EF8914CE5D5D504E5C3F1F9736DA62CFC11E00BCDDB8CC8A9466349744C1F75EBDA4DF09BA8A9E8C7A7E9991989E20E5DBDD6A6003664ED8F7A04A8DBE0DF6EAD9B9AA858342E47399053949D2C146EDB85DE4B176BB0965FBAC19BD19AA918E27FA50C1D22402E144464C
310
59462568E704B6E71915404CB72B8FF4EDE184DDAF753F284990D2C6926782963815403548A70C657FDEF80D2D9CEAA2AE4C1C76F60BFE74219A06527D6582DF6412526107381E55E353090704D085B52408D0933C4ED159D79BDA71BB4BC506F4831350EB6F979CD22D69BF7AC49B91A2C0A9DDA3D5CA36AD20FC478E37E6
310
1844E2352865EBCB6EA275A652E3836BE04EFB400BF1A2556F515F1FBB35B2AB35BD889C744FFA1004B5544B121E57F70215746DD2F5E2C1412B602CBF19455AC6C8E5E9922C4E01E65215385004546899059180EAFCF7A707CE7017CD8CDB0410789AB32C63B91E5CEBBBACB17AC6CD347A022D5075FD106377347AAABA7E
310
7D11590744509B44E205134DC1290F06580320F78E537D3D73540E06CB970B431F185308AD40BBD794D6D77003C5A36E8EAA54BA64597CD8F83BD552A080A365F7FF06504B0304140006080000CC70623B000000000000000000000000350000006662782F39464131463745442D413632322D343644302D413938332D3331
310
353338454246344243312F76657274696365732E62696E504B0304140006080800CC70623BF270F1330600000004000000360000006662782F39464131463745442D413632322D343644302D413938332D3331353338454246344243312F747269616E676C65732E62696E636660600000504B0304140006080000CC70623B
310
000000000000000000000000370000006662782F39464131463745442D413632322D343644302D413938332D3331353338454246344243312F617474726962757465732E62696E504B0304140006080800CC70623B08DA0BD19000000041010000360000006662782F39464131463745442D413632322D343644302D413938
310
332D3331353338454246344243312F6469726563746F72792E786D6C858F410AC3201045AF22B36F53E9A60B35CBEEBAE80D244E44489C6234F4F835464A48035D0DF398FF9F8AF63D0E6CC63039F212F8F9020C7D47C6792B21C5FE7403D62A1188E2E60C98D7234A5830286103A55745067B9D86B8A3CF9C7F90C11DE607
310
FB144396D7B6A82D282E9A152AD114D5EF2CB866EEE831B8EEA07A7BB5A8D7D61A2BAAEB7FD5F70921FF497D00504B0304140006080800CC70623B0D6EF93BFE000000A00100003B0000006662782F39464131463745442D413632322D343644302D413938332D3331353338454246344243312F7265736F75726365732F63
310
6F72652E786D6C8D50596E833010BD0A9ADFCA60B334011947A8694ED00B586642AC041B79A97AFC9A40A5F6AF3F33A3B7689E1E3F7DCD8FEC139DD7D6F4C0720A191A65476DA61E62B892236427C19DB5E1970C322367EC618541F0C9D9B8EC90B226A009093576C41D94DE63804C3DD2D18357379C652E63480A7FCF17A9
310
EE72C29CE5894E3AC17D702940B63D59270887DE46A7D0F36263058F518FBB468FE9A7BE6A7420864373B8D4873369AA8691FA421B3294352543C5CAF65C0F6FEF43CB8BD52C78D0F34F46E550061C419494B6843142CB0F5677F4B52BEB177AEC28E5C52AFF638ACBF84F53D42654E51E77B379102C05791282176B5F693D
310
CB4C7BED567C03504B010214000A0000080000CC70623B3DEE336E79000000790000001B00000000000000000000000000000000006175746F6465736B2D64657369676E2D7061636B6167652E786D6C504B01021400140006080800CC70623BD486FD9CA0000000F40000001300000000000000000000000000B20000005B
310
436F6E74656E745F54797065735D2E786D6C504B01021400140006080800CC70623B1EC5D7A3EB0000007C010000080000000000000000000000000083010000636F72652E786D6C504B01021400140006080800CC70623B55019EA25F0000007C000000070000000000000000000000000094020000636E782E786D6C504B
310
01021400140006080800CC70623B8C9102E971010000D40300000C00000000000000000000000000180300006662782F636F72652E786D6C504B01021400140006080800CC70623BFFEA85907E0000009D0000000B00000000000000000000000000B30400006662782F636E782E786D6C504B01021400140006080800CC70
310
623B4FEEA4082C0100001202000031000000000000000000000000005A0500006662782F39464131463745442D413632322D343644302D413938332D3331353338454246344243312F636F72652E786D6C504B01021400140006080800CC70623BAD7543B64E010000330300003000000000000000000000000000D5060000
310
6662782F39464131463745442D413632322D343644302D413938332D3331353338454246344243312F636E782E786D6C504B01021400140006080800CC70623B16AB87BA640500003C1000003400000000000000000000000000710800006662782F39464131463745442D413632322D343644302D413938332D3331353338
310
454246344243312F6F626A656374732E786D6C504B01021400140006080000CC70623B0000000000000000000000003500000000000000000000000000270E00006662782F39464131463745442D413632322D343644302D413938332D3331353338454246344243312F76657274696365732E62696E504B01021400140006
310
080800CC70623BF270F133060000000400000036000000000000000000000000007A0E00006662782F39464131463745442D413632322D343644302D413938332D3331353338454246344243312F747269616E676C65732E62696E504B01021400140006080000CC70623B0000000000000000000000003700000000000000
310
000000000000D40E00006662782F39464131463745442D413632322D343644302D413938332D3331353338454246344243312F617474726962757465732E62696E504B01021400140006080800CC70623B08DA0BD190000000410100003600000000000000000000000000290F00006662782F39464131463745442D413632
310
322D343644302D413938332D3331353338454246344243312F6469726563746F72792E786D6C504B01021400140006080800CC70623B0D6EF93BFE000000A00100003B000000000000000000000000000D1000006662782F39464131463745442D413632322D343644302D413938332D3331353338454246344243312F7265
310
736F75726365732F636F72652E786D6C504B0506000000000E000E0080040000641100000000
  0
XRECORD
  5
87D
102
{ACAD_REACTORS
330
173
102
}
330
173
100
AcDbXrecord
102
MATERIAL
148
0.0
149
0.0
149
0.0
 93
        0
 94
       63
282
     0
 72
     1
 77
     1
171
     1
175
     1
179
     1
273
     0
  0
XRECORD
  5
1FB
102
{ACAD_REACTORS
330
173
102
}
330
173
100
AcDbXrecord
 70
     0
 90
1673772943
  1
ECE7A1D2-D628-4531-984C-D00F80459256
310
504B03040A0000080000CC70623B3DEE336E79000000790000001B0000006175746F6465736B2D64657369676E2D7061636B6167652E786D6C3C3F786D6C2076657273696F6E3D22312E302220656E636F64696E673D227574662D3822203F3E3C666F726D6174733E3C666F726D61743E687474703A2F2F736368656D612E
310
6175746F6465736B2E636F6D2F64657369676E2D7061636B6167652F323030393C2F666F726D61743E3C2F666F726D6174733E504B0304140006080800CC70623BD486FD9CA0000000F4000000130000005B436F6E74656E745F54797065735D2E786D6C7D8EC10E82300C865F65E91D8A1E8C310C0EEA1BF002731658846E
310
D98AC1B77784ABF1D8FE5FBFBF75BBCE937A534CCEB38643598122B6FEE978D0B0485F9C41B54DDD7D022595594E1A469170414C76A4D9A4D207E29CF43ECE46F218070CC6BECC4078ACAA135ACF422C856C0E68EA1BF5669944DDD7BCDE7B1F8E415D77AECB980613C2E4AC91FC167A2B244592486606FC29C8FD7F045B9A
310
EF7053A7E60B504B0304140006080800CC70623BD9DDAED0EC0000007C01000008000000636F72652E786D6C8D90416EC3201045AF82665B61836D9CD8C2444DD39CA01740405C94182C03558F5F9C3852BBEB6A467FFE9B197D7EF89E6EE8CB2CC17A37002D0820E394D7D68D03A478C17B4007C117EFE32F1B20272733C0
310
2A83E0E3E2D3BC49CABB685CCCAAF3DA6CA20CC14440EA969B0182FA34932C648AD911AEC52CD5558EA6A0CF2EC329598D1E47ACCEFBECC59A050463A7EA5833865FEBDD0E37353BE3EE8DBDE3F6786A48D375FBF6CC78B9C282473B3DEFABC5C86834888A900E538A49F5419B9EB47DD5BC907D4F082F57FB1F28CDFA9F50
310
B22ED6D5F6EE030B20687EE43E10BC5CB3C8E51E54AE6B6EE207504B0304140006080800CC70623B55019EA25F0000007C00000007000000636E782E786D6C4DCB3B0E80201045D1AD90E915ED2CF8AC45050C11660C8261F98AB1B07AC9C97D42D718D865D3E909258CFD00CCE24AC6E326A164D74DC0B4128928FF326038
310
472BA13128B1252AC747C6BAB984FC68F0B87FE8960A5C09FE86CFB69FBA01504B0304140006080800CC70623BA24EB22D72010000D40300000C0000006662782F636F72652E786D6CC5535B6E833010BC8AE5DF0A6C5E49888CA3A6694ED00B38E05014B091B1518EDFE511A5A9D228FD2A1F60CDEC7A67C6986DCE4D8D7A
310
69BA4AAB0C073EC548AA5C17952A33ECECD15B61B4E1CC686DBF9561A44423333CC098B3D268D7CE50AE9595CA02AA74216750749DB418E5352C32DCE59FB211BE70162ABA93DF8AFC244AE9073ED050C759670D0840D390E18DF9F1706664C23973AE2A66B62A605A75ACA4C13C4976E1364A12EF355A2EBD384AF65EFA96
310
BC7B8BED2EA6719AAE16FB8491A199335B351775B991C2CA02F390D2D40B028F861F41BCA68B7518BFD0D59A524686F29B26D7164F36B94AD9289CE54E6D1DE6010819891F6E21228B3AD1831EC219194284CF98F06DD01008846CC5A1BEF83801D4CBDC6A1303536877A57A513B0953A94FC707FDBE6064EA84A9E3E6E0FA
310
EE8CF0E9198F7784A316AA0413C2C2F2E0ECA0934D1AE6D05A69BCDE9E91D2A611F573361E38FC1375157F5752AE6B6DFE4B11990F88CCBF0719EE23FF02504B0304140006080800CC70623B408A7D3B7C0000009D0000000B0000006662782F636E782E786D6C4DCCD10A83201886E15B91FFDC552A92A0064DBC8F581632
310
D3703A76F9ABD1C18E3E78F878E5F0D9027ABBFCF2292AE86E2D20171F69F6715550CB827B40839639A5F2770314A7CD293819B45C73AAFB45B35BA61ACAA1C1C7E7855C58C15BC331339661262CC762340413D68D77DA5B42298546CBE6573AF60CEB2F504B0304140006080800CC70623B449FB9BD290100001202000031
310
0000006662782F36394639363044362D344446342D343946362D394244322D3234314243333846323333332F636F72652E786D6C8D515B6EC32010BC0AE22B55850D98B871848994463E412FE002495162B07854397EA176A4F62F3F2C9A9D991D587EB84F37F0AD7D30CEF6905418026DA553C65E7A98E219ED203808EE9D
310
8B7F6810D871D23D2C3014FCE25D9A57483A1BB58D19B54EE9151C43D0110279CB971E06F9A5A7B11A53CC8C70ADE6515EC78BAE4895DB992778883E0700CB907242D17643D7E2538BD869608875438BBAE38922CAC8F1BDD90DB4691A5E2F42C153326A951B95E398B3D1FE599322163C9AE9115F7A3D46ADA0A018778810
310
84E907617BDCEE297BC5BB3DC6BC2EF47FA234AB2745C9D8D8D035EE220B50105E2F0DC1954B9FB747187D9F9D8FA0CCDB042D5FA0C015C65B42DF78BD10F3F3B363CB56C7109DCFDFBBB97E662ED92EB62D13BC2E1BCAE5777DB9966D8A1F504B0304140006080800CC70623BAD7543B64E01000033030000300000006662
310
782F36394639363044362D344446342D343946362D394244322D3234314243333846323333332F636E782E786D6CD593CD6EC32010845F0571AD6CE3D48AD20813A9873E410FBD12D82434182C7EAAE6EDBB2424CD25871E7B41D6EC30B3FA84F9E67BB2E40B4234DE8DB46F1925E094D7C6ED479AD3AE5951B2113C789FEE
310
6C943839C1488B4C05DF079FE72A69D8C96C13AAD6B8631503449F83828872B949AC57D26200B826A308D316B4064D6E46FCDA41C05550DC9E483A00797BFD207EFB092A45DE9514C1BBD22178396BD39D891265658C238DEA00936C654E5E433CB65A26D9F6EDB5EBC14EBF49A45CB856E66048291F6939A9A81BB5C89177
310
38143CA680F4AA299D66A042CEB3354A2684DC9D8D178FE0D9B8B41CAAD720F880EE7EF93C0C18769E099ECC04D5A102C8049A8A05632F4DDF376CF1DE0F6BB65C2F8627B65A33C6BB62177CEBBDAD973006829F89F22E814B54F4BC2BE347F8AA8F681390B50FA73F804400B5F542E796F19FF974E7F78DB802FE05E20750
310
4B0304140006080800CC70623B8D05915C650500003B100000340000006662782F36394639363044362D344446342D343946362D394244322D3234314243333846323333332F6F626A656374732E786D6CAD575B6FA33814FE2B887D06429276DA1565D4266D158D3A339A6846FB502932E050B66023DB74D2FDF5FB190C01
310
9276B2973C046C8ECFF53B17071F77456EBD502133CEAE6CDF9DD81665314F32965ED995DA3A17B6F5310C04E7AA47665B8C14F4CAD6DB7618A48257A5D94AE89654B91AEDDEDDFC61C998326A5B714EA4BCB265FC440BE2924AF184CA6737218AB8E976E7FA6E4338649B0A523E8D98964450A6A029F619B8588D52FE7039
310
B1BD30F0F4F730D0FF866AF6369557DB33949F31A9088B0F848DD8CCFCF9F2767A76E99CCDE733677E3EF59D9BBB9BA5E37F984D16E78BC5E5F5ED25044B25C0C96822E8D60EEFE11B91C581D77CEA34368A1F5329E68CD1B8B61F16D63A1B8E092D294B10C78C4A48EB593D192E7DED9BDEE7995E1B91FDEDD3ACEA9FE831
310
6A756F9F7D4D79F4274C90A7A04248AA51D5F8C718DAE06FB2F75AC4796EBE65D22A88A22223B995679120E2D50E41AA49C260C046A35368846B0BECD0DFF3EBEB8AD4F835768F69B9ADF25C43D30E6B646F807FAA64AD59F61715C7A54127C4AACA98BA3006A9D792DAE165E0D59B61A01FB3A9F9D838D2DAE62445C86166
310
F37564E842E7DE6A69879FEEA2DD5AE7E371E1A5E025154AC307D06A03D73EB5978C58FFA4C8E9033066E0F3BD53BEC1F39F91BE7B55103791EDE6BBB991A2046172CB4581D8B893FA674DDA17A77B3B7C413D1B511FD2743BFF8A38F03A658705E3ADF8015C3A3417FF3D7E439FF591DA0B5F18BC20C1B8981957AE6392A3
310
F43C640C01D1A0B4728E2DD4F26DB4B3C3152A252A3B4E913CEC1C72F012782FF88EFF8637AA552DBEF76408E8A8DE9E50F9E1CB3A2DA0DB1B6039A893B56063DC5B3E3FFB5F72E67AB9FEB4AEC496C4F4C1149625DD662C53E89D7BF0F6151A046260D1337DFDC94502430F83B0EE07A130A224BCAD7DAE1D9FB6CD422FF6
310
920702629C4BB9AE79C12F243C6432A6794E18E5552BA56B431AAB5D91317302B2B071E86C3A42B1A02F999E24061403B5D0EB639195DA655DD3EBEAB4FB862DDF579F014AD0E73C22F99E28DA57FB98E75C6CA2D74D53086D600F4786E0FE3144B771A8A7B900F03594DB8A633CBC49B2EDB69228BB479CF863B5E807AAAB
310
23872F6DFEB4129B949CA33823F58830E86D65621E10047D9DB34D862E8EAC3C2ABC2F7B2C40D67CDFE01F5545B92105AF983AC54D93D69E56FB8E797F88913F898A9FEC705D3F9D1B54EC8426FB500D40A03BD0119B06E1B95DDC7EB8F6975367793EBD70E66733DFB9BC982F9CE564727731999F5D4ECFCE3B8D6A4DC2A0
310
6D50FD148437D110834A64C6CDDF57FBACB5C307A2A477DFE4939736CFEF2B175371E0E10CF0DD1D5C15654E0BCA14D1E87DD02FF93782A162C0A3D95F1524A52770F972BF1EE9809D13CE7DD599467F8ECE9ADD85CE85A34CD45355448C64F9E8A031DC2D596ACC6E5DD93D9B82DE2EF5CAF81363A8E47996A0DE24564A79
310
4115AACE09C55E14540231FDA13C319787134EBF34E3A022514E5B4D9E0826E25C02D5805B15ABE1BEF51B26383D445DD9E875EE33FE4C22DA16427D65A3BCA92CA6D28DD01DF5DC53330704308475351050232CCD31583787BA75774AFB06E5070DD0C8EF484E19968C5D83BA5B90B244D31E54D55A372320FE4786B7EA58
310
44E135AA5467CB7EA333A61683CC6A8C3257034C10CF46F40EF9F5BE59BE5BD30C3C72D235E95D10345C1D45445A5F0BB47E46A5EBE5570F9380B5FA629579952296A773720405982B9DE04011506178964401AA8BDF1FBF0A8EAB6861DD6580C0E38217056766716DAEB2D6FA0917D3E4116581EADB879C4E7CFFB11EFACD
310
3D641311495D92C8676CB409A72D18610D803CE8A626049E8EC1887CB5B44CC39883690DDA8399B4B9855B481E7D71D4A9D22F96E5BB73BF5793020C02137BF837504B0304140006080000CC70623B000000000000000000000000350000006662782F36394639363044362D344446342D343946362D394244322D32343142
310
43333846323333332F76657274696365732E62696E504B0304140006080800CC70623BF270F1330600000004000000360000006662782F36394639363044362D344446342D343946362D394244322D3234314243333846323333332F747269616E676C65732E62696E636660600000504B0304140006080000CC70623B0000
310
00000000000000000000370000006662782F36394639363044362D344446342D343946362D394244322D3234314243333846323333332F617474726962757465732E62696E504B0304140006080800CC70623B08DA0BD19000000041010000360000006662782F36394639363044362D344446342D343946362D394244322D
310
3234314243333846323333332F6469726563746F72792E786D6C858F410AC3201045AF22B36F53E9A60B35CBEEBAE80D244E44489C6234F4F835464A48035D0DF398FF9F8AF63D0E6CC63039F212F8F9020C7D47C6792B21C5FE7403D62A1188E2E60C98D7234A5830286103A55745067B9D86B8A3CF9C7F90C11DE607FB14
310
4396D7B6A82D282E9A152AD114D5EF2CB866EEE831B8EEA07A7BB5A8D7D61A2BAAEB7FD5F70921FF497D00504B0304140006080800CC70623BCA768048FE000000A00100003B0000006662782F36394639363044362D344446342D343946362D394244322D3234314243333846323333332F7265736F75726365732F636F72
310
652E786D6C8D50596E833010BD0A9ADFCA60D600328E9AA639412F609909B1126CE4A5EAF16B0295DABFFECC8CDEA2797AECF8353F924FB44E193D409E5248504B332A3D0D10FC95B4901C39B3C6F85F3248B49871801506CE266BC2B243D2688FDA47549B11775038871E12F988C7004EDE7016A9083E2ADC3D5D84BC8B09
310
D33C8D74D471E6BC8D0192EDC93A815B742658898E651BCB59086ADC356A8C3FD555A1055ED7E7E254D615792D0F075295F585746FF53B694EE78A565DD736979A65AB9933AFE69F8CD2A2F038022F28ED489E135A7CE4554F9BBEA85E68DB53CAB255FEC71496F19FA6A0B42F8B3DEE6673C0F318E4497096AD7DC5F52C33
310
EEB55BFE0D504B010214000A0000080000CC70623B3DEE336E79000000790000001B00000000000000000000000000000000006175746F6465736B2D64657369676E2D7061636B6167652E786D6C504B01021400140006080800CC70623BD486FD9CA0000000F40000001300000000000000000000000000B20000005B436F
310
6E74656E745F54797065735D2E786D6C504B01021400140006080800CC70623BD9DDAED0EC0000007C010000080000000000000000000000000083010000636F72652E786D6C504B01021400140006080800CC70623B55019EA25F0000007C000000070000000000000000000000000095020000636E782E786D6C504B0102
310
1400140006080800CC70623BA24EB22D72010000D40300000C00000000000000000000000000190300006662782F636F72652E786D6C504B01021400140006080800CC70623B408A7D3B7C0000009D0000000B00000000000000000000000000B50400006662782F636E782E786D6C504B01021400140006080800CC70623B
310
449FB9BD290100001202000031000000000000000000000000005A0500006662782F36394639363044362D344446342D343946362D394244322D3234314243333846323333332F636F72652E786D6C504B01021400140006080800CC70623BAD7543B64E010000330300003000000000000000000000000000D20600006662
310
782F36394639363044362D344446342D343946362D394244322D3234314243333846323333332F636E782E786D6C504B01021400140006080800CC70623B8D05915C650500003B10000034000000000000000000000000006E0800006662782F36394639363044362D344446342D343946362D394244322D32343142433338
310
46323333332F6F626A656374732E786D6C504B01021400140006080000CC70623B0000000000000000000000003500000000000000000000000000250E00006662782F36394639363044362D344446342D343946362D394244322D3234314243333846323333332F76657274696365732E62696E504B010214001400060808
310
00CC70623BF270F13306000000040000003600000000000000000000000000780E00006662782F36394639363044362D344446342D343946362D394244322D3234314243333846323333332F747269616E676C65732E62696E504B01021400140006080000CC70623B00000000000000000000000037000000000000000000
310
00000000D20E00006662782F36394639363044362D344446342D343946362D394244322D3234314243333846323333332F617474726962757465732E62696E504B01021400140006080800CC70623B08DA0BD190000000410100003600000000000000000000000000270F00006662782F36394639363044362D344446342D
310
343946362D394244322D3234314243333846323333332F6469726563746F72792E786D6C504B01021400140006080800CC70623BCA768048FE000000A00100003B000000000000000000000000000B1000006662782F36394639363044362D344446342D343946362D394244322D3234314243333846323333332F7265736F
310
75726365732F636F72652E786D6C504B0506000000000E000E0080040000621100000000
  0
ENDSEC
  0
EOF
