  0
SECTION
  2
HEADER
  9
$ACADVER
  1
AC1014
  9
$ACADMAINTVER
 70
     9
  9
$DWGCODEPAGE
  3
ANSI_1252
  9
$INSBASE
 10
0.0
 20
0.0
 30
0.0
  9
$EXTMIN
 10
3304.690242522964
 20
1106.219757129051
 30
-55.42394024607775
  9
$EXTMAX
 10
3322.750242523244
 20
1133.560266103861
 30
73.6750895199794
  9
$LIMMIN
 10
0.0
 20
0.0
  9
$LIMMAX
 10
420.0
 20
297.0
  9
$ORTHOMODE
 70
     0
  9
$REGENMODE
 70
     1
  9
$FILLMODE
 70
     1
  9
$QTEXTMODE
 70
     0
  9
$MIRRTEXT
 70
     0
  9
$DRAGMODE
 70
     2
  9
$LTSCALE
 40
1.0
  9
$OSMODE
 70
    37
  9
$ATTMODE
 70
     1
  9
$TEXTSIZE
 40
2.5
  9
$TRACEWID
 40
1.0
  9
$TEXTSTYLE
  7
STANDARD
  9
$CLAYER
  8
0
  9
$CELTYPE
  6
BYLAYER
  9
$CECOLOR
 62
   256
  9
$CELTSCALE
 40
1.0
  9
$DELOBJ
 70
     1
  9
$DISPSILH
 70
     0
  9
$DIMSCALE
 40
1.0
  9
$DIMASZ
 40
2.5
  9
$DIMEXO
 40
0.625
  9
$DIMDLI
 40
3.75
  9
$DIMRND
 40
0.0
  9
$DIMDLE
 40
0.0
  9
$DIMEXE
 40
1.25
  9
$DIMTP
 40
0.0
  9
$DIMTM
 40
0.0
  9
$DIMTXT
 40
2.5
  9
$DIMCEN
 40
2.5
  9
$DIMTSZ
 40
0.0
  9
$DIMTOL
 70
     0
  9
$DIMLIM
 70
     0
  9
$DIMTIH
 70
     0
  9
$DIMTOH
 70
     0
  9
$DIMSE1
 70
     0
  9
$DIMSE2
 70
     0
  9
$DIMTAD
 70
     1
  9
$DIMZIN
 70
     8
  9
$DIMBLK
  1

  9
$DIMASO
 70
     1
  9
$DIMSHO
 70
     1
  9
$DIMPOST
  1

  9
$DIMAPOST
  1

  9
$DIMALT
 70
     0
  9
$DIMALTD
 70
     3
  9
$DIMALTF
 40
0.03937007874016
  9
$DIMLFAC
 40
1.0
  9
$DIMTOFL
 70
     1
  9
$DIMTVP
 40
0.0
  9
$DIMTIX
 70
     0
  9
$DIMSOXD
 70
     0
  9
$DIMSAH
 70
     0
  9
$DIMBLK1
  1

  9
$DIMBLK2
  1

  9
$DIMSTYLE
  2
ISO-25
  9
$DIMCLRD
 70
     0
  9
$DIMCLRE
 70
     0
  9
$DIMCLRT
 70
     0
  9
$DIMTFAC
 40
1.0
  9
$DIMGAP
 40
0.625
  9
$DIMJUST
 70
     0
  9
$DIMSD1
 70
     0
  9
$DIMSD2
 70
     0
  9
$DIMTOLJ
 70
     0
  9
$DIMTZIN
 70
     8
  9
$DIMALTZ
 70
     0
  9
$DIMALTTZ
 70
     0
  9
$DIMFIT
 70
     3
  9
$DIMUPT
 70
     0
  9
$DIMUNIT
 70
     2
  9
$DIMDEC
 70
     2
  9
$DIMTDEC
 70
     2
  9
$DIMALTU
 70
     2
  9
$DIMALTTD
 70
     3
  9
$DIMTXSTY
  7
STANDARD
  9
$DIMAUNIT
 70
     0
  9
$LUNITS
 70
     2
  9
$LUPREC
 70
     4
  9
$SKETCHINC
 40
1.0
  9
$FILLETRAD
 40
0.0
  9
$AUNITS
 70
     0
  9
$AUPREC
 70
     0
  9
$MENU
  1
.
  9
$ELEVATION
 40
0.0
  9
$PELEVATION
 40
0.0
  9
$THICKNESS
 40
0.0
  9
$LIMCHECK
 70
     0
  9
$CHAMFERA
 40
0.0
  9
$CHAMFERB
 40
0.0
  9
$CHAMFERC
 40
0.0
  9
$CHAMFERD
 40
0.0
  9
$SKPOLY
 70
     0
  9
$TDCREATE
 40
2460873.292766204
  9
$TDUPDATE
 40
2460942.909014086
  9
$TDINDWG
 40
0.0001736111
  9
$TDUSRTIMER
 40
0.0001736111
  9
$USRTIMER
 70
     1
  9
$ANGBASE
 50
0.0
  9
$ANGDIR
 70
     0
  9
$PDMODE
 70
     0
  9
$PDSIZE
 40
0.0
  9
$PLINEWID
 40
0.0
  9
$COORDS
 70
     1
  9
$SPLFRAME
 70
     0
  9
$SPLINETYPE
 70
     6
  9
$SPLINESEGS
 70
     8
  9
$ATTDIA
 70
     0
  9
$ATTREQ
 70
     1
  9
$HANDLING
 70
     1
  9
$HANDSEED
  5
717
  9
$SURFTAB1
 70
     6
  9
$SURFTAB2
 70
     6
  9
$SURFTYPE
 70
     6
  9
$SURFU
 70
     6
  9
$SURFV
 70
     6
  9
$UCSNAME
  2

  9
$UCSORG
 10
0.0
 20
0.0
 30
0.0
  9
$UCSXDIR
 10
1.0
 20
0.0
 30
0.0
  9
$UCSYDIR
 10
0.0
 20
1.0
 30
0.0
  9
$PUCSNAME
  2

  9
$PUCSORG
 10
0.0
 20
0.0
 30
0.0
  9
$PUCSXDIR
 10
1.0
 20
0.0
 30
0.0
  9
$PUCSYDIR
 10
0.0
 20
1.0
 30
0.0
  9
$USERI1
 70
     0
  9
$USERI2
 70
     0
  9
$USERI3
 70
     0
  9
$USERI4
 70
     0
  9
$USERI5
 70
     0
  9
$USERR1
 40
0.0
  9
$USERR2
 40
0.0
  9
$USERR3
 40
0.0
  9
$USERR4
 40
0.0
  9
$USERR5
 40
0.0
  9
$WORLDVIEW
 70
     1
  9
$SHADEDGE
 70
     3
  9
$SHADEDIF
 70
    70
  9
$TILEMODE
 70
     1
  9
$MAXACTVP
 70
    64
  9
$PINSBASE
 10
0.0
 20
0.0
 30
0.0
  9
$PLIMCHECK
 70
     0
  9
$PEXTMIN
 10
0.0
 20
0.0
 30
0.0
  9
$PEXTMAX
 10
0.0
 20
0.0
 30
0.0
  9
$PLIMMIN
 10
0.0
 20
0.0
  9
$PLIMMAX
 10
12.0
 20
9.0
  9
$UNITMODE
 70
     0
  9
$VISRETAIN
 70
     1
  9
$PLINEGEN
 70
     0
  9
$PSLTSCALE
 70
     1
  9
$TREEDEPTH
 70
  3020
  9
$PICKSTYLE
 70
     1
  9
$CMLSTYLE
  2
STANDARD
  9
$CMLJUST
 70
     0
  9
$CMLSCALE
 40
20.0
  9
$PROXYGRAPHICS
 70
     1
  9
$MEASUREMENT
 70
     1
  0
ENDSEC
  0
SECTION
  2
CLASSES
  0
CLASS
  1
ACDBDICTIONARYWDFLT
  2
AcDbDictionaryWithDefault
  3
ObjectDBX Classes
 90
        0
280
     0
281
     0
  0
CLASS
  1
ACDBPLACEHOLDER
  2
AcDbPlaceHolder
  3
ObjectDBX Classes
 90
        0
280
     0
281
     0
  0
CLASS
  1
LAYOUT
  2
AcDbLayout
  3
ObjectDBX Classes
 90
        0
280
     0
281
     0
  0
CLASS
  1
DICTIONARYVAR
  2
AcDbDictionaryVar
  3
ObjectDBX Classes
 90
        0
280
     0
281
     0
  0
CLASS
  1
TABLESTYLE
  2
AcDbTableStyle
  3
ObjectDBX Classes
 90
     4095
280
     0
281
     0
  0
CLASS
  1
MATERIAL
  2
AcDbMaterial
  3
ObjectDBX Classes
 90
     1153
280
     0
281
     0
  0
CLASS
  1
VISUALSTYLE
  2
AcDbVisualStyle
  3
ObjectDBX Classes
 90
     4095
280
     0
281
     0
  0
CLASS
  1
SCALE
  2
AcDbScale
  3
ObjectDBX Classes
 90
     1153
280
     0
281
     0
  0
CLASS
  1
MLEADERSTYLE
  2
AcDbMLeaderStyle
  3
ACDB_MLEADERSTYLE_CLASS
 90
     4095
280
     0
281
     0
  0
CLASS
  1
CELLSTYLEMAP
  2
AcDbCellStyleMap
  3
ObjectDBX Classes
 90
     1152
280
     0
281
     0
  0
CLASS
  1
EXACXREFPANELOBJECT
  2
ExAcXREFPanelObject
  3
EXAC_ESW
 90
     1025
280
     1
281
     0
  0
CLASS
  1
NPOCOLLECTION
  2
AcDbImpNonPersistentObjectsCollection
  3
ObjectDBX Classes
 90
     1153
280
     1
281
     0
  0
CLASS
  1
LAYER_INDEX
  2
AcDbLayerIndex
  3
ObjectDBX Classes
 90
        0
280
     0
281
     0
  0
CLASS
  1
SPATIAL_INDEX
  2
AcDbSpatialIndex
  3
AutoCAD 2000
 90
        0
280
     0
281
     0
  0
CLASS
  1
IDBUFFER
  2
AcDbIdBuffer
  3
ObjectDBX Classes
 90
        0
280
     0
281
     0
  0
CLASS
  1
ACDBSECTIONVIEWSTYLE
  2
AcDbSectionViewStyle
  3
ObjectDBX Classes
 90
     1025
280
     0
281
     0
  0
CLASS
  1
ACDBDETAILVIEWSTYLE
  2
AcDbDetailViewStyle
  3
ObjectDBX Classes
 90
     1025
280
     0
281
     0
  0
CLASS
  1
SORTENTSTABLE
  2
AcDbSortentsTable
  3
ObjectDBX Classes
 90
        0
280
     0
281
     0
  0
CLASS
  1
DIMASSOC
  2
AcDbDimAssoc
  3
"AcDbDimAssoc|Product Desc:     AcDim ARX App For Dimension|Company:          Autodesk, Inc.|WEB Address:      www.autodesk.com"
 90
        0
280
     0
281
     0
  0
CLASS
  1
WIPEOUTVARIABLES
  2
AcDbWipeoutVariables
  3
WipeOut|AutoCAD Express Tool|expresstools@autodesk.com
 90
        0
280
     0
281
     0
  0
CLASS
  1
XRECORD
  2
AcDbXrecord
  3
ObjectDBX Classes
 90
        0
280
     0
281
     0
  0
CLASS
  1
LWPOLYLINE
  2
AcDbPolyline
  3
ObjectDBX Classes
 90
        0
280
     0
281
     1
  0
CLASS
  1
HATCH
  2
AcDbHatch
  3
ObjectDBX Classes
 90
        0
280
     0
281
     1
  0
ENDSEC
  0
SECTION
  2
TABLES
  0
TABLE
  2
VPORT
  5
8
102
{ACAD_XDICTIONARY
360
711
102
}
330
0
100
AcDbSymbolTable
 70
     1
  0
VPORT
  5
EA
330
8
100
AcDbSymbolTableRecord
100
AcDbViewportTableRecord
  2
*ACTIVE
 70
     0
 10
0.0
 20
0.0
 11
1.0
 21
1.0
 12
3312.678203286905
 22
1115.735802350025
 13
0.0
 23
0.0
 14
10.0
 24
10.0
 15
10.0
 25
10.0
 16
0.0
 26
0.0
 36
1.0
 17
0.0
 27
0.0
 37
0.0
 40
41.10125885501952
 41
2.57085020242915
 42
50.0
 43
0.0
 44
0.0
 50
0.0
 51
0.0
 71
     0
 72
  1000
 73
     1
 74
     3
 75
     0
 76
     1
 77
     0
 78
     0
1001
ACAD_NAV_VCDISPLAY
1070
     3
  0
ENDTAB
  0
TABLE
  2
LTYPE
  5
5
330
0
100
AcDbSymbolTable
 70
     1
  0
LTYPE
  5
14
330
5
100
AcDbSymbolTableRecord
100
AcDbLinetypeTableRecord
  2
BYBLOCK
 70
     0
  3

 72
    65
 73
     0
 40
0.0
  0
LTYPE
  5
15
330
5
100
AcDbSymbolTableRecord
100
AcDbLinetypeTableRecord
  2
BYLAYER
 70
     0
  3

 72
    65
 73
     0
 40
0.0
  0
LTYPE
  5
16
330
5
100
AcDbSymbolTableRecord
100
AcDbLinetypeTableRecord
  2
CONTINUOUS
 70
     0
  3
Solid line
 72
    65
 73
     0
 40
0.0
  0
ENDTAB
  0
TABLE
  2
LAYER
  5
2
102
{ACAD_XDICTIONARY
360
1FF
102
}
330
0
100
AcDbSymbolTable
 70
     5
  0
LAYER
  5
10
330
2
100
AcDbSymbolTableRecord
100
AcDbLayerTableRecord
  2
0
 70
     0
 62
     7
  6
CONTINUOUS
  0
LAYER
  5
314
330
2
100
AcDbSymbolTableRecord
100
AcDbLayerTableRecord
  2
DEFPOINTS
 70
     0
 62
     7
  6
CONTINUOUS
  0
LAYER
  5
315
330
2
100
AcDbSymbolTableRecord
100
AcDbLayerTableRecord
  2
WALL
 70
     0
 62
     7
  6
CONTINUOUS
1001
RAK
1000
{ACET-LAYISO
1070
     0
1070
     7
1000
Continuous
1071
       -3
1071
        1
1005
F
1000
ACET-LAYISO}
  0
LAYER
  5
317
330
2
100
AcDbSymbolTableRecord
100
AcDbLayerTableRecord
  2
TEXT
 70
     0
 62
   255
  6
CONTINUOUS
1001
RAK
1000
{ACET-LAYISO
1070
     0
1070
   184
1000
Continuous
1071
       -3
1071
        1
1005
F
1000
ACET-LAYISO}
  0
LAYER
  5
319
330
2
100
AcDbSymbolTableRecord
100
AcDbLayerTableRecord
  2
TEXT_
 70
     0
 62
   255
  6
CONTINUOUS
1001
ACAECLAYERSTANDARD
1000

1000

1001
RAK
1000
{ACET-LAYISO
1070
     0
1070
    13
1000
Continuous
1071
       20
1071
        1
1005
F
1000
ACET-LAYISO}
  0
ENDTAB
  0
TABLE
  2
STYLE
  5
3
330
0
100
AcDbSymbolTable
 70
     3
  0
STYLE
  5
11
330
3
100
AcDbSymbolTableRecord
100
AcDbTextStyleTableRecord
  2
STANDARD
 70
     0
 40
0.0
 41
1.0
 50
0.0
 71
     0
 42
2.5
  3
arial.ttf
  4

1001
ACAD
1000
Arial
1071
       34
  0
STYLE
  5
132
330
3
100
AcDbSymbolTableRecord
100
AcDbTextStyleTableRecord
  2
ANNOTATIVE
 70
     0
 40
0.0
 41
1.0
 50
0.0
 71
     0
 42
2.5
  3
arial.ttf
  4

1001
ACADANNOTATIVE
1000
AnnotativeData
1002
{
1070
     1
1070
     1
1002
}
1001
ACAD
1000
Arial
1071
       34
  0
STYLE
  5
31A
330
3
100
AcDbSymbolTableRecord
100
AcDbTextStyleTableRecord
  2
AN
 70
     0
 40
0.0
 41
1.0
 50
0.0
 71
     0
 42
0.8
  3
ARIALN.TTF
  4

1001
ACAD
1000
Arial Narrow
1071
       34
  0
ENDTAB
  0
TABLE
  2
VIEW
  5
6
330
0
100
AcDbSymbolTable
 70
     0
  0
ENDTAB
  0
TABLE
  2
UCS
  5
7
330
0
100
AcDbSymbolTable
 70
     0
  0
ENDTAB
  0
TABLE
  2
APPID
  5
9
330
0
100
AcDbSymbolTable
 70
    13
  0
APPID
  5
12
330
9
100
AcDbSymbolTableRecord
100
AcDbRegAppTableRecord
  2
ACAD
 70
     0
  0
APPID
  5
9E
330
9
100
AcDbSymbolTableRecord
100
AcDbRegAppTableRecord
  2
ACAD_PSEXT
 70
     0
  0
APPID
  5
133
330
9
100
AcDbSymbolTableRecord
100
AcDbRegAppTableRecord
  2
ACADANNOPO
 70
     0
  0
APPID
  5
134
330
9
100
AcDbSymbolTableRecord
100
AcDbRegAppTableRecord
  2
ACADANNOTATIVE
 70
     0
  0
APPID
  5
135
330
9
100
AcDbSymbolTableRecord
100
AcDbRegAppTableRecord
  2
ACAD_DSTYLE_DIMJAG
 70
     0
  0
APPID
  5
136
330
9
100
AcDbSymbolTableRecord
100
AcDbRegAppTableRecord
  2
ACAD_DSTYLE_DIMTALN
 70
     0
  0
APPID
  5
165
330
9
100
AcDbSymbolTableRecord
100
AcDbRegAppTableRecord
  2
ACAD_MLEADERVER
 70
     0
  0
APPID
  5
217
330
9
100
AcDbSymbolTableRecord
100
AcDbRegAppTableRecord
  2
ACAD_NAV_VCDISPLAY
 70
     0
  0
APPID
  5
31C
330
9
100
AcDbSymbolTableRecord
100
AcDbRegAppTableRecord
  2
GRADIENTCOLOR1ACI
 70
     0
  0
APPID
  5
31D
330
9
100
AcDbSymbolTableRecord
100
AcDbRegAppTableRecord
  2
GRADIENTCOLOR2ACI
 70
     0
  0
APPID
  5
31E
330
9
100
AcDbSymbolTableRecord
100
AcDbRegAppTableRecord
  2
RAK
 70
     0
  0
APPID
  5
31F
330
9
100
AcDbSymbolTableRecord
100
AcDbRegAppTableRecord
  2
ACAD_DSTYLE_DIMJOGGED_JOGA
 70
     0
  0
APPID
  5
320
330
9
100
AcDbSymbolTableRecord
100
AcDbRegAppTableRecord
  2
ACAECLAYERSTANDARD
 70
     0
  0
ENDTAB
  0
TABLE
  2
DIMSTYLE
  5
A
330
0
100
AcDbSymbolTable
 70
     4
  0
DIMSTYLE
105
1B0
330
A
100
AcDbSymbolTableRecord
100
AcDbDimStyleTableRecord
  2
STANDARD
 70
     0
  3

  4

  5

  6

  7

 40
1.0
 41
0.18
 42
0.0625
 43
0.38
 44
0.18
 45
0.0
 46
0.0
 47
0.0
 48
0.0
140
0.18
141
0.09
142
0.0
143
25.4
144
1.0
145
0.0
146
1.0
147
0.09
 71
     0
 72
     0
 73
     1
 74
     1
 75
     0
 76
     0
 77
     0
 78
     0
170
     0
171
     2
172
     0
173
     0
174
     0
175
     0
176
     0
177
     0
178
     0
270
     2
271
     4
272
     4
273
     2
274
     2
340
11
275
     0
280
     0
281
     0
282
     0
283
     1
284
     0
285
     0
286
     0
287
     3
288
     0
  0
DIMSTYLE
105
137
330
A
100
AcDbSymbolTableRecord
100
AcDbDimStyleTableRecord
  2
ANNOTATIVE
 70
     0
  3

  4

  5

  6

  7

 40
0.0
 41
2.5
 42
0.625
 43
3.75
 44
1.25
 45
0.0
 46
0.0
 47
0.0
 48
0.0
140
2.5
141
2.5
142
0.0
143
0.03937007874016
144
1.0
145
0.0
146
1.0
147
0.625
 71
     0
 72
     0
 73
     0
 74
     0
 75
     0
 76
     0
 77
     1
 78
     8
170
     0
171
     3
172
     1
173
     0
174
     0
175
     0
176
     0
177
     0
178
     0
270
     2
271
     2
272
     2
273
     2
274
     3
340
11
275
     0
280
     0
281
     0
282
     0
283
     0
284
     8
285
     0
286
     0
287
     3
288
     0
1001
ACADANNOTATIVE
1000
AnnotativeData
1002
{
1070
     1
1070
     1
1002
}
1001
ACAD_DSTYLE_DIMJAG
1070
   388
1040
1.5
1001
ACAD_DSTYLE_DIMTALN
1070
   392
1070
     0
  0
DIMSTYLE
105
27
330
A
100
AcDbSymbolTableRecord
100
AcDbDimStyleTableRecord
  2
ISO-25
 70
     0
  3

  4

  5

  6

  7

 40
1.0
 41
2.5
 42
0.625
 43
3.75
 44
1.25
 45
0.0
 46
0.0
 47
0.0
 48
0.0
140
2.5
141
2.5
142
0.0
143
0.03937007874016
144
1.0
145
0.0
146
1.0
147
0.625
 71
     0
 72
     0
 73
     0
 74
     0
 75
     0
 76
     0
 77
     1
 78
     8
170
     0
171
     3
172
     1
173
     0
174
     0
175
     0
176
     0
177
     0
178
     0
270
     2
271
     2
272
     2
273
     2
274
     3
340
11
275
     0
280
     0
281
     0
282
     0
283
     0
284
     8
285
     0
286
     0
287
     3
288
     0
  0
DIMSTYLE
105
31B
102
{ACAD_REACTORS
330
609
330
60C
330
620
330
627
330
65D
330
660
330
663
102
}
330
A
100
AcDbSymbolTableRecord
100
AcDbDimStyleTableRecord
  2
DIM
 70
     0
  3

  4

  5

  6
OBLIQUE
  7
OBLIQUE
 40
1.0
 41
0.06
 42
0.3
 43
0.05
 44
0.05
 45
0.0
 46
0.0
 47
0.0
 48
0.0
140
0.2
141
0.001
142
0.0
143
0.0394
144
-1.0
145
0.0
146
1.0
147
0.05
 71
     0
 72
     0
 73
     0
 74
     0
 75
     1
 76
     1
 77
     0
 78
     1
170
     0
171
     4
172
     0
173
     1
174
     0
175
     0
176
   252
177
   256
178
     1
179
     4
270
     2
271
     3
272
     3
273
     1
274
     4
340
31A
275
     0
280
     0
281
     0
282
     0
283
     1
284
     1
285
     1
286
     1
287
     5
288
     0
1001
ACAD_DSTYLE_DIMJOGGED_JOGA
1070
   384
1040
1.570796326794896
1001
ACAD_DSTYLE_DIMJAG
1070
   388
1040
1.5
1001
ACAD_DSTYLE_DIMTALN
1070
   392
1070
     0
  0
ENDTAB
  0
TABLE
  2
BLOCK_RECORD
  5
1
330
0
100
AcDbSymbolTable
 70
     8
  0
BLOCK_RECORD
  5
1F
330
1
100
AcDbSymbolTableRecord
100
AcDbBlockTableRecord
  2
*MODEL_SPACE
  0
BLOCK_RECORD
  5
D2
330
1
100
AcDbSymbolTableRecord
100
AcDbBlockTableRecord
  2
*PAPER_SPACE
  0
BLOCK_RECORD
  5
2C1
102
{ACAD_XDICTIONARY
360
2C2
102
}
330
1
100
AcDbSymbolTableRecord
100
AcDbBlockTableRecord
  2
_OBLIQUE
  0
BLOCK_RECORD
  5
66D
330
1
100
AcDbSymbolTableRecord
100
AcDbBlockTableRecord
  2
*D10
  0
BLOCK_RECORD
  5
678
330
1
100
AcDbSymbolTableRecord
100
AcDbBlockTableRecord
  2
*D11
  0
BLOCK_RECORD
  5
683
330
1
100
AcDbSymbolTableRecord
100
AcDbBlockTableRecord
  2
*D12
  0
BLOCK_RECORD
  5
68E
330
1
100
AcDbSymbolTableRecord
100
AcDbBlockTableRecord
  2
*D13
  0
BLOCK_RECORD
  5
699
330
1
100
AcDbSymbolTableRecord
100
AcDbBlockTableRecord
  2
*D14
  0
BLOCK_RECORD
  5
6A4
330
1
100
AcDbSymbolTableRecord
100
AcDbBlockTableRecord
  2
*D15
  0
BLOCK_RECORD
  5
6AF
330
1
100
AcDbSymbolTableRecord
100
AcDbBlockTableRecord
  2
*D16
  0
ENDTAB
  0
ENDSEC
  0
SECTION
  2
BLOCKS
  0
BLOCK
  5
20
330
1F
100
AcDbEntity
  8
0
100
AcDbBlockBegin
  2
*MODEL_SPACE
 70
     0
 10
0.0
 20
0.0
 30
0.0
  3
*MODEL_SPACE
  1

  0
ENDBLK
  5
21
330
1F
100
AcDbEntity
  8
0
100
AcDbBlockEnd
  0
BLOCK
  5
D4
330
D2
100
AcDbEntity
 67
     1
  8
0
100
AcDbBlockBegin
  2
*PAPER_SPACE
 70
     0
 10
0.0
 20
0.0
 30
0.0
  3
*PAPER_SPACE
  1

  0
ENDBLK
  5
D5
330
D2
100
AcDbEntity
 67
     1
  8
0
100
AcDbBlockEnd
  0
BLOCK
  5
2C4
330
2C1
100
AcDbEntity
  8
0
100
AcDbBlockBegin
  2
_OBLIQUE
 70
     0
 10
0.0
 20
0.0
 30
0.0
  3
_OBLIQUE
  1

  0
LINE
  5
2C5
330
2C1
100
AcDbEntity
  8
0
  6
BYBLOCK
 62
     0
100
AcDbLine
 10
-0.5
 20
-0.5
 30
0.0
 11
0.5
 21
0.5
 31
0.0
  0
ENDBLK
  5
2C6
330
2C1
100
AcDbEntity
  8
0
100
AcDbBlockEnd
  0
BLOCK
  5
66E
330
66D
100
AcDbEntity
  8
0
100
AcDbBlockBegin
  2
*D10
 70
     1
 10
0.0
 20
0.0
 30
0.0
  3
*D10
  1

  0
LINE
  5
6CA
330
66D
100
AcDbEntity
  8
0
 62
   252
100
AcDbLine
 10
3304.720242523242
 20
1128.513536946802
 30
0.0
 11
3305.692337356704
 21
1128.513536946802
 31
0.0
  0
LINE
  5
6CB
330
66D
100
AcDbEntity
  8
0
 62
   252
100
AcDbLine
 10
3307.32009385456
 20
1128.513536946801
 30
0.0
 11
3306.347999021097
 21
1128.513536946802
 31
0.0
  0
INSERT
  5
6CC
330
66D
100
AcDbEntity
  8
0
 62
   252
100
AcDbBlockReference
  2
_OBLIQUE
 10
3304.720242523242
 20
1128.513536946802
 30
0.0
 41
0.06
 42
0.06
 43
0.06
 50
179.9999999999895
  0
INSERT
  5
6CD
330
66D
100
AcDbEntity
  8
0
 62
   252
100
AcDbBlockReference
  2
_OBLIQUE
 10
3307.32009385456
 20
1128.513536946801
 30
0.0
 41
0.06
 42
0.06
 43
0.06
  0
MTEXT
  5
6CE
330
66D
100
AcDbEntity
  8
0
 62
     1
100
AcDbMText
 10
3306.020168188901
 20
1128.513536946802
 30
0.0
 40
0.2
 41
0.0
 71
     5
 72
     1
  1
\A1;2.600
  7
AN
  0
POINT
  5
6CF
330
66D
100
AcDbEntity
  8
DEFPOINTS
 62
     0
100
AcDbPoint
 10
3304.720242523034
 20
1128.497714531427
 30
0.0
  0
POINT
  5
6D0
330
66D
100
AcDbEntity
  8
DEFPOINTS
 62
     0
100
AcDbPoint
 10
3307.320093854352
 20
1128.497724324505
 30
0.0000000000002718
  0
POINT
  5
6D1
330
66D
100
AcDbEntity
  8
DEFPOINTS
 62
     0
100
AcDbPoint
 10
3307.320093854352
 20
1128.513536947409
 30
0.0
  0
ENDBLK
  5
66F
330
66D
100
AcDbEntity
  8
0
100
AcDbBlockEnd
  0
BLOCK
  5
679
330
678
100
AcDbEntity
  8
0
100
AcDbBlockBegin
  2
*D11
 70
     1
 10
0.0
 20
0.0
 30
0.0
  3
*D11
  1

  0
LINE
  5
6BA
330
678
100
AcDbEntity
  8
0
 62
   252
100
AcDbLine
 10
3320.120090506543
 20
1127.458935838621
 30
0.0
 11
3321.092335682697
 21
1127.458935838621
 31
0.0
  0
LINE
  5
6BB
330
678
100
AcDbEntity
  8
0
 62
   252
100
AcDbLine
 10
3322.720242523244
 20
1127.458935838621
 30
0.0
 11
3321.74799734709
 21
1127.458935838621
 31
0.0
  0
INSERT
  5
6BC
330
678
100
AcDbEntity
  8
0
 62
   252
100
AcDbBlockReference
  2
_OBLIQUE
 10
3320.120090506543
 20
1127.458935838621
 30
0.0
 41
0.06
 42
0.06
 43
0.06
 50
179.9999999999895
  0
INSERT
  5
6BD
330
678
100
AcDbEntity
  8
0
 62
   252
100
AcDbBlockReference
  2
_OBLIQUE
 10
3322.720242523244
 20
1127.458935838621
 30
0.0
 41
0.06
 42
0.06
 43
0.06
  0
MTEXT
  5
6BE
330
678
100
AcDbEntity
  8
0
 62
     1
100
AcDbMText
 10
3321.420166514893
 20
1127.458935838621
 30
0.0
 40
0.2
 41
0.0
 71
     5
 72
     1
  1
\A1;2.600
  7
AN
  0
POINT
  5
6BF
330
678
100
AcDbEntity
  8
DEFPOINTS
 62
     0
100
AcDbPoint
 10
3320.120090506336
 20
1127.813817112506
 30
-31.96927622246645
  0
POINT
  5
6C0
330
678
100
AcDbEntity
  8
DEFPOINTS
 62
     0
100
AcDbPoint
 10
3322.720242523036
 20
1127.813817112511
 30
0.0
  0
POINT
  5
6C1
330
678
100
AcDbEntity
  8
DEFPOINTS
 62
     0
100
AcDbPoint
 10
3322.720242523036
 20
1127.458935839232
 30
0.0
  0
ENDBLK
  5
67A
330
678
100
AcDbEntity
  8
0
100
AcDbBlockEnd
  0
BLOCK
  5
684
330
683
100
AcDbEntity
  8
0
100
AcDbBlockBegin
  2
*D12
 70
     1
 10
0.0
 20
0.0
 30
0.0
  3
*D12
  1

  0
LINE
  5
6D2
330
683
100
AcDbEntity
  8
0
 62
   252
100
AcDbLine
 10
3313.720242523292
 20
1110.223764212448
 30
0.0
 11
3313.720242523292
 21
1109.551598504809
 31
0.0
  0
LINE
  5
6D3
330
683
100
AcDbEntity
  8
0
 62
   252
100
AcDbLine
 10
3313.720242523292
 20
1108.223771132778
 30
0.0
 11
3313.720242523292
 21
1108.895936840416
 31
0.0
  0
INSERT
  5
6D4
330
683
100
AcDbEntity
  8
0
 62
   252
100
AcDbBlockReference
  2
_OBLIQUE
 10
3313.720242523292
 20
1110.223764212448
 30
0.0
 41
0.06
 42
0.06
 43
0.06
 50
89.99999999998946
  0
INSERT
  5
6D5
330
683
100
AcDbEntity
  8
0
 62
   252
100
AcDbBlockReference
  2
_OBLIQUE
 10
3313.720242523292
 20
1108.223771132778
 30
0.0
 41
0.06
 42
0.06
 43
0.06
 50
269.9999999999894
  0
MTEXT
  5
6D6
330
683
100
AcDbEntity
  8
0
 62
     1
100
AcDbMText
 10
3313.720242523292
 20
1109.223767672613
 30
0.0
 40
0.2
 41
0.0
 71
     5
 72
     1
  1
\A1;2.000
  7
AN
 11
1.839141652178833E-13
 21
1.0
 31
0.0
  0
POINT
  5
6D7
330
683
100
AcDbEntity
  8
DEFPOINTS
 62
     0
100
AcDbPoint
 10
3313.700092042023
 20
1110.223764213058
 30
-0.0000000000001812
  0
POINT
  5
6D8
330
683
100
AcDbEntity
  8
DEFPOINTS
 62
     0
100
AcDbPoint
 10
3313.720242523078
 20
1108.223771133388
 30
0.0000000000000018
  0
POINT
  5
6D9
330
683
100
AcDbEntity
  8
DEFPOINTS
 62
     0
100
AcDbPoint
 10
3313.720242523088
 20
1108.223771133388
 30
0.0
  0
ENDBLK
  5
685
330
683
100
AcDbEntity
  8
0
100
AcDbBlockEnd
  0
BLOCK
  5
68F
330
68E
100
AcDbEntity
  8
0
100
AcDbBlockBegin
  2
*D13
 70
     1
 10
0.0
 20
0.0
 30
0.0
  3
*D13
  1

  0
LINE
  5
6DA
330
68E
100
AcDbEntity
  8
0
 62
   252
100
AcDbLine
 10
3314.03029045933
 20
1133.223771132778
 30
0.0
 11
3314.03029045933
 21
1132.251601964974
 31
0.0
  0
LINE
  5
6DB
330
68E
100
AcDbEntity
  8
0
 62
   252
100
AcDbLine
 10
3314.03029045933
 20
1130.623771132777
 30
0.0
 11
3314.03029045933
 21
1131.595940300581
 31
0.0
  0
INSERT
  5
6DC
330
68E
100
AcDbEntity
  8
0
 62
   252
100
AcDbBlockReference
  2
_OBLIQUE
 10
3314.03029045933
 20
1133.223771132778
 30
0.0
 41
0.06
 42
0.06
 43
0.06
 50
89.99999999998946
  0
INSERT
  5
6DD
330
68E
100
AcDbEntity
  8
0
 62
   252
100
AcDbBlockReference
  2
_OBLIQUE
 10
3314.03029045933
 20
1130.623771132777
 30
0.0
 41
0.06
 42
0.06
 43
0.06
 50
269.9999999999894
  0
MTEXT
  5
6DE
330
68E
100
AcDbEntity
  8
0
 62
     1
100
AcDbMText
 10
3314.03029045933
 20
1131.923771132777
 30
0.0
 40
0.2
 41
0.0
 71
     5
 72
     1
  1
\A1;2.600
  7
AN
 11
1.839141652178833E-13
 21
1.0
 31
0.0
  0
POINT
  5
6DF
330
68E
100
AcDbEntity
  8
DEFPOINTS
 62
     0
100
AcDbPoint
 10
3314.016937519842
 20
1133.223771133388
 30
0.0
  0
POINT
  5
6E0
330
68E
100
AcDbEntity
  8
DEFPOINTS
 62
     0
100
AcDbPoint
 10
3314.016937519847
 20
1130.623771133388
 30
0.0
  0
POINT
  5
6E1
330
68E
100
AcDbEntity
  8
DEFPOINTS
 62
     0
100
AcDbPoint
 10
3314.030290459123
 20
1130.623771133388
 30
0.0
  0
ENDBLK
  5
690
330
68E
100
AcDbEntity
  8
0
100
AcDbBlockEnd
  0
BLOCK
  5
69A
330
699
100
AcDbEntity
  8
0
100
AcDbBlockBegin
  2
*D14
 70
     1
 10
0.0
 20
0.0
 30
0.0
  3
*D14
  1

  0
LINE
  5
69C
330
699
100
AcDbEntity
  8
0
 62
   252
100
AcDbLine
 10
3312.750098646293
 20
1117.582310380978
 30
0.0
 11
3313.381340120637
 21
1117.582310380978
 31
0.0
  0
LINE
  5
69D
330
699
100
AcDbEntity
  8
0
 62
   252
100
AcDbLine
 10
3314.650098648186
 20
1117.582310380978
 30
0.0
 11
3314.018857173842
 21
1117.582310380978
 31
0.0
  0
INSERT
  5
69E
330
699
100
AcDbEntity
  8
0
 62
   252
100
AcDbBlockReference
  2
_OBLIQUE
 10
3312.750098646293
 20
1117.582310380978
 30
0.0
 41
0.06
 42
0.06
 43
0.06
 50
179.9999999999895
  0
INSERT
  5
69F
330
699
100
AcDbEntity
  8
0
 62
   252
100
AcDbBlockReference
  2
_OBLIQUE
 10
3314.650098648186
 20
1117.582310380978
 30
0.0
 41
0.06
 42
0.06
 43
0.06
  0
MTEXT
  5
6A0
330
699
100
AcDbEntity
  8
0
 62
     1
100
AcDbMText
 10
3313.700098647239
 20
1117.582310380978
 30
0.0
 40
0.2
 41
0.0
 71
     5
 72
     1
  1
\A1;1.900
  7
AN
  0
POINT
  5
6A1
330
699
100
AcDbEntity
  8
DEFPOINTS
 62
     0
100
AcDbPoint
 10
3312.750098646087
 20
1117.588852112158
 30
0.0000000000005045
  0
POINT
  5
6A2
330
699
100
AcDbEntity
  8
DEFPOINTS
 62
     0
100
AcDbPoint
 10
3314.65009864798
 20
1117.608488892426
 30
8.410987558920272
  0
POINT
  5
6A3
330
699
100
AcDbEntity
  8
DEFPOINTS
 62
     0
100
AcDbPoint
 10
3314.65009864798
 20
1117.582310381587
 30
0.0
  0
ENDBLK
  5
69B
330
699
100
AcDbEntity
  8
0
100
AcDbBlockEnd
  0
BLOCK
  5
6A5
330
6A4
100
AcDbEntity
  8
0
100
AcDbBlockBegin
  2
*D15
 70
     1
 10
0.0
 20
0.0
 30
0.0
  3
*D15
  1

  0
LINE
  5
6C2
330
6A4
100
AcDbEntity
  8
0
 62
   252
100
AcDbLine
 10
3312.750063271505
 20
1124.811241350915
 30
0.0
 11
3313.106428128843
 21
1124.811241350915
 31
0.0
  0
LINE
  5
6C3
330
6A4
100
AcDbEntity
  8
0
 62
   252
100
AcDbLine
 10
3314.100310039385
 20
1124.811241350914
 30
0.0
 11
3313.743945182048
 21
1124.811241350915
 31
0.0
  0
INSERT
  5
6C4
330
6A4
100
AcDbEntity
  8
0
 62
   252
100
AcDbBlockReference
  2
_OBLIQUE
 10
3312.750063271505
 20
1124.811241350915
 30
0.0
 41
0.06
 42
0.06
 43
0.06
 50
179.9999999999895
  0
INSERT
  5
6C5
330
6A4
100
AcDbEntity
  8
0
 62
   252
100
AcDbBlockReference
  2
_OBLIQUE
 10
3314.100310039385
 20
1124.811241350914
 30
0.0
 41
0.06
 42
0.06
 43
0.06
  0
MTEXT
  5
6C6
330
6A4
100
AcDbEntity
  8
0
 62
     1
100
AcDbMText
 10
3313.425186655445
 20
1124.811241350915
 30
0.0
 40
0.2
 41
0.0
 71
     5
 72
     1
  1
\A1;1.350
  7
AN
  0
POINT
  5
6C7
330
6A4
100
AcDbEntity
  8
DEFPOINTS
 62
     0
100
AcDbPoint
 10
3312.750063271299
 20
1124.791376830378
 30
0.0008666611722692
  0
POINT
  5
6C8
330
6A4
100
AcDbEntity
  8
DEFPOINTS
 62
     0
100
AcDbPoint
 10
3314.100310039179
 20
1124.837729598222
 30
1.670680726271353
  0
POINT
  5
6C9
330
6A4
100
AcDbEntity
  8
DEFPOINTS
 62
     0
100
AcDbPoint
 10
3314.100310039179
 20
1124.811241351524
 30
0.0
  0
ENDBLK
  5
6A6
330
6A4
100
AcDbEntity
  8
0
100
AcDbBlockEnd
  0
BLOCK
  5
6B0
330
6AF
100
AcDbEntity
  8
0
100
AcDbBlockBegin
  2
*D16
 70
     1
 10
0.0
 20
0.0
 30
0.0
  3
*D16
  1

  0
LINE
  5
6E2
330
6AF
100
AcDbEntity
  8
0
 62
   252
100
AcDbLine
 10
3312.750098646301
 20
1121.871819883146
 30
0.0
 11
3313.039074539395
 21
1121.871819883146
 31
0.0
  0
LINE
  5
6E3
330
6AF
100
AcDbEntity
  8
0
 62
   252
100
AcDbLine
 10
3313.965976762639
 20
1121.871819883146
 30
0.0
 11
3313.677000869544
 21
1121.871819883146
 31
0.0
  0
INSERT
  5
6E4
330
6AF
100
AcDbEntity
  8
0
 62
   252
100
AcDbBlockReference
  2
_OBLIQUE
 10
3312.750098646301
 20
1121.871819883146
 30
0.0
 41
0.06
 42
0.06
 43
0.06
 50
179.9999999999895
  0
INSERT
  5
6E5
330
6AF
100
AcDbEntity
  8
0
 62
   252
100
AcDbBlockReference
  2
_OBLIQUE
 10
3313.965976762639
 20
1121.871819883146
 30
0.0
 41
0.06
 42
0.06
 43
0.06
  0
MTEXT
  5
6E6
330
6AF
100
AcDbEntity
  8
0
 62
     1
100
AcDbMText
 10
3313.35803770447
 20
1121.871819883146
 30
0.0
 40
0.2
 41
0.0
 71
     5
 72
     1
  1
\A1;1.216
  7
AN
  0
POINT
  5
6E7
330
6AF
100
AcDbEntity
  8
DEFPOINTS
 62
     0
100
AcDbPoint
 10
3312.750098646094
 20
1121.850184080417
 30
-0.0000000000000515
  0
POINT
  5
6E8
330
6AF
100
AcDbEntity
  8
DEFPOINTS
 62
     0
100
AcDbPoint
 10
3313.965976762432
 20
1121.850184080416
 30
-0.0000000000001332
  0
POINT
  5
6E9
330
6AF
100
AcDbEntity
  8
DEFPOINTS
 62
     0
100
AcDbPoint
 10
3313.965976762432
 20
1121.871819883755
 30
0.0
  0
ENDBLK
  5
6B1
330
6AF
100
AcDbEntity
  8
0
100
AcDbBlockEnd
  0
ENDSEC
  0
SECTION
  2
ENTITIES
  0
MTEXT
  5
4DA
330
1F
100
AcDbEntity
  8
0
100
AcDbMText
 10
3313.919000853033
 20
1107.532853991273
 30
9.736537075048584
 40
1.0
 41
51.16912520840924
 71
     2
 72
     5
  1
{\fArial Narrow|b1|i0|c0|p34;12.00 M. WIDE ROAD}
  7
AN
1001
ACAD
1000
ACAD_MTEXT_DEFINED_HEIGHT_BEGIN
1070
    46
1040
1.153487949067758
1000
ACAD_MTEXT_DEFINED_HEIGHT_END
  0
LINE
  5
4DB
102
{ACAD_REACTORS
330
622
102
}
330
1F
100
AcDbEntity
  8
0
100
AcDbLine
 10
3304.720242523075
 20
1108.223771133369
 30
9.736537075048584
 11
3322.720242523075
 21
1108.223771133405
 31
9.736537075048584
  0
LINE
  5
4DC
102
{ACAD_REACTORS
330
60E
102
}
330
1F
100
AcDbEntity
  8
0
100
AcDbLine
 10
3322.720242523075
 20
1108.223771133405
 30
9.736537075048584
 11
3322.720242523025
 21
1133.223771133405
 31
9.736537075048584
  0
LINE
  5
4DD
102
{ACAD_REACTORS
330
629
102
}
330
1F
100
AcDbEntity
  8
0
100
AcDbLine
 10
3322.720242523025
 20
1133.223771133405
 30
9.736537075048584
 11
3304.720242523025
 21
1133.223771133369
 31
9.736537075048584
  0
LINE
  5
4DE
330
1F
100
AcDbEntity
  8
0
100
AcDbLine
 10
3320.120087499268
 20
1129.6237711334
 30
9.736537075048584
 11
3318.12806753392
 21
1129.623771133396
 31
9.736537075048584
  0
LINE
  5
4DF
102
{ACAD_REACTORS
330
629
102
}
330
1F
100
AcDbEntity
  8
0
100
AcDbLine
 10
3317.228062195863
 20
1130.623771133394
 30
9.736537075048584
 11
3311.02806219571
 21
1130.623771133382
 31
9.736537075048584
  0
LINE
  5
4E0
330
1F
100
AcDbEntity
  8
0
100
AcDbLine
 10
3311.02806219571
 20
1130.623771133382
 30
9.736537075048584
 11
3308.320085845994
 21
1130.623771133377
 31
9.736537075048584
  0
LINE
  5
4E1
330
1F
100
AcDbEntity
  8
0
100
AcDbLine
 10
3319.971606463732
 20
1129.4737711334
 30
9.736537075048647
 11
3318.128068334638
 21
1129.473771133396
 31
9.736537075048636
  0
LINE
  5
4E2
330
1F
100
AcDbEntity
  8
0
100
AcDbLine
 10
3317.128068676559
 20
1130.473771133394
 30
9.736537075048632
 11
3311.128062976399
 21
1130.473771133382
 31
9.736537075048602
  0
LINE
  5
4E3
330
1F
100
AcDbEntity
  8
0
100
AcDbLine
 10
3311.378071658664
 20
1128.673771133383
 30
9.736537075048604
 11
3311.128072344655
 21
1128.673771133382
 31
9.736537075048602
  0
LINE
  5
4E4
330
1F
100
AcDbEntity
  8
0
100
AcDbLine
 10
3311.378072184383
 20
1128.573771133383
 30
9.736537075048604
 11
3311.028072865113
 21
1128.573771133382
 31
9.736537075048602
  0
LINE
  5
4E5
330
1F
100
AcDbEntity
  8
0
100
AcDbLine
 10
3310.128068180972
 20
1129.47377113338
 30
9.736537075048597
 11
3310.128062976387
 21
1129.47377113338
 31
9.736537075048597
  0
LINE
  5
4E6
330
1F
100
AcDbEntity
  8
0
100
AcDbLine
 10
3311.028062976398
 20
1130.473771133381
 30
9.736537075048602
 11
3308.470086211397
 21
1130.473771133377
 31
9.73653707504859
  0
LINE
  5
4E7
330
1F
100
AcDbEntity
  8
0
 62
     1
100
AcDbLine
 10
3308.320086211396
 20
1130.473771133376
 30
9.736537075048588
 11
3307.470086211397
 21
1130.473771133374
 31
9.736537075048584
  0
LINE
  5
4E8
102
{ACAD_REACTORS
330
60B
102
}
330
1F
100
AcDbEntity
  8
0
100
AcDbLine
 10
3304.720242523025
 20
1133.223771133369
 30
9.736537075048584
 11
3304.720242523075
 21
1108.223771133369
 31
9.736537075048584
  0
LINE
  5
4E9
330
1F
100
AcDbEntity
  8
0
  6
CONTINUOUS
 62
     0
100
AcDbLine
 39
31.96927622246645
 10
3313.650098642479
 20
1114.973764213065
 30
11.10350127424324
 11
3313.650098646045
 21
1110.373764213057
 31
9.777960232599868
  0
LINE
  5
4EA
330
1F
100
AcDbEntity
  8
0
  6
CONTINUOUS
 62
     0
100
AcDbLine
 39
31.96927622246645
 10
3313.750098642492
 20
1114.973764213066
 30
11.10350127424321
 11
3313.650098642497
 21
1114.973764213065
 31
11.10350127424321
  0
LINE
  5
4EB
330
1F
100
AcDbEntity
  8
0
  6
CONTINUOUS
 62
     0
100
AcDbLine
 39
31.96927622246645
 10
3313.750098642496
 20
1114.973764213066
 30
11.10350127424324
 11
3313.750098645967
 21
1110.373764213058
 31
9.736537075048606
  0
LINE
  5
4EC
330
1F
100
AcDbEntity
  8
TEXT
  6
CONTINUOUS
100
AcDbLine
 39
31.96927622246645
 10
3307.320098644276
 20
1114.073764213062
 30
-22.23273914741786
 11
3307.320098644272
 21
1111.22376421306
 31
-22.23273914741786
  0
LINE
  5
4ED
330
1F
100
AcDbEntity
  8
TEXT
  6
CONTINUOUS
100
AcDbLine
 39
31.96927622246645
 10
3307.470098644279
 20
1114.073764213062
 30
-22.23273914741786
 11
3307.470098644269
 21
1111.373764213061
 31
-22.23273914741786
  0
LINE
  5
4EE
330
1F
100
AcDbEntity
  8
0
  6
CONTINUOUS
 62
     0
100
AcDbLine
 39
31.96927622246645
 10
3310.250098646078
 20
1116.423764212722
 30
9.736537075049364
 11
3307.470098644288
 21
1116.423764212638
 31
9.736537075049416
  0
LINE
  5
4EF
330
1F
100
AcDbEntity
  8
0
  6
CONTINUOUS
 62
     0
100
AcDbLine
 39
31.96927622246645
 10
3312.750098647858
 20
1116.423764212724
 30
9.73653707504916
 11
3312.750098647852
 21
1114.873764212761
 31
11.10350127424324
  0
LINE
  5
4F0
330
1F
100
AcDbEntity
  8
0
  6
CONTINUOUS
 62
     0
100
AcDbLine
 39
31.96927622246645
 10
3310.650098646092
 20
1114.173764212757
 30
9.73653707504849
 11
3310.650098646077
 21
1110.37376421306
 31
9.736537075048492
  0
LINE
  5
4F1
330
1F
100
AcDbEntity
  8
0
  6
CONTINUOUS
 62
     0
100
AcDbLine
 39
31.96927622246645
 10
3312.650098647852
 20
1116.423764212399
 30
10.60469671755824
 11
3312.650098647852
 21
1114.973764212762
 31
29.54625404364943
  0
LINE
  5
4F2
330
1F
100
AcDbEntity
  8
0
  6
CONTINUOUS
 62
     0
100
AcDbLine
 39
31.96927622246645
 10
3311.250098647854
 20
1119.123478140239
 30
-37.25753454946164
 11
3311.25009864787
 21
1116.523764212724
 31
7.014361647299074
  0
LINE
  5
4F3
330
1F
100
AcDbEntity
  8
0
  6
CONTINUOUS
 62
     0
100
AcDbLine
 39
31.96927622246645
 10
3311.25009864787
 20
1116.423764212723
 30
8.337169659625856
 11
3311.250098647863
 21
1115.723764212752
 31
-3.550077241489179
  0
LINE
  5
4F4
330
1F
100
AcDbEntity
  8
0
  6
CONTINUOUS
 62
     0
100
AcDbLine
 39
31.96927622246645
 10
3311.150098647851
 20
1119.123478140239
 30
-43.93867823311834
 11
3311.15009864786
 21
1115.723764212752
 31
-5.879455551955687
  0
LINE
  5
4F5
330
1F
100
AcDbEntity
  8
0
  6
CONTINUOUS
 62
     0
100
AcDbLine
 39
31.96927622246645
 10
3310.400098647859
 20
1119.123478140235
 30
-30.0536199192256
 11
3310.400098647855
 21
1119.023478140234
 31
-29.13862030537287
  0
LINE
  5
4F6
330
1F
100
AcDbEntity
  8
0
  6
CONTINUOUS
 62
     0
100
AcDbLine
 39
31.96927622246645
 10
3310.400098647875
 20
1116.523764212694
 30
15.99467080414945
 11
3310.400098647871
 21
1116.423764212722
 31
17.62806259073945
  0
LINE
  5
4F7
330
1F
100
AcDbEntity
  8
0
  6
CONTINUOUS
 62
     0
100
AcDbLine
 39
31.96927622246645
 10
3310.550098646075
 20
1114.17376421276
 30
10.75497211487965
 11
3310.550098646075
 21
1110.22376421306
 31
41.70581329751295
  0
LINE
  5
4F8
330
1F
100
AcDbEntity
  8
0
  6
CONTINUOUS
 62
     0
100
AcDbLine
 39
31.96927622246645
 10
3309.650098646074
 20
1114.173764213059
 30
12.62664094316754
 11
3309.650098646079
 21
1114.073764213059
 31
13.67758780430275
  0
LINE
  5
4F9
330
1F
100
AcDbEntity
  8
0
  6
CONTINUOUS
 62
     0
100
AcDbLine
 39
31.96927622246645
 10
3310.150098646078
 20
1119.325750276217
 30
9.736537075048602
 11
3310.150098646076
 21
1116.52376421306
 31
9.736537075049249
  0
LINE
  5
4FA
330
1F
100
AcDbEntity
  8
0
  6
CONTINUOUS
 62
     0
100
AcDbLine
 39
31.96927622246645
 10
3309.650098646072
 20
1111.223764213061
 30
9.736537075048584
 11
3307.320098644272
 21
1111.223764213062
 31
9.736537075048584
  0
LINE
  5
4FB
330
1F
100
AcDbEntity
  8
0
  6
CONTINUOUS
 62
     0
100
AcDbLine
 39
31.96927622246645
 10
3309.650098646072
 20
1111.37376421306
 30
9.736537075048584
 11
3307.470098644269
 21
1111.373764213061
 31
9.736537075048584
  0
LINE
  5
4FC
330
1F
100
AcDbEntity
  8
0
  6
CONTINUOUS
 62
     0
100
AcDbLine
 39
31.96927622246645
 10
3309.650098646075
 20
1114.073764213059
 30
9.736537075048584
 11
3307.470098644279
 21
1114.073764213068
 31
9.736537075048588
  0
LINE
  5
4FD
330
1F
100
AcDbEntity
  8
0
  6
CONTINUOUS
 62
     0
100
AcDbLine
 39
31.96927622246645
 10
3309.650098646074
 20
1114.173764213059
 30
9.736537075048584
 11
3307.470098644274
 21
1114.173764213062
 31
9.736537075048584
  0
LINE
  5
4FE
330
1F
100
AcDbEntity
  8
0
  6
CONTINUOUS
 62
     0
100
AcDbLine
 39
31.96927622246645
 10
3312.650098647852
 20
1114.973764212762
 30
11.10350127424333
 11
3310.850098646074
 21
1114.97376421275
 31
36.63962051880571
  0
LINE
  5
4FF
330
1F
100
AcDbEntity
  8
0
  6
CONTINUOUS
 62
     0
100
AcDbLine
 39
31.96927622246645
 10
3311.250098647866
 20
1115.723764212752
 30
9.208329430689597
 11
3311.150098647857
 21
1115.723764212752
 31
10.62700272078684
  0
LINE
  5
500
330
1F
100
AcDbEntity
  8
0
  6
CONTINUOUS
 62
     0
100
AcDbLine
 39
31.96927622246645
 10
3310.400098647868
 20
1116.423764212721
 30
9.736537075049352
 11
3310.250098646062
 21
1116.423764212722
 31
9.736537075049366
  0
LINE
  5
501
330
1F
100
AcDbEntity
  8
0
  6
CONTINUOUS
 62
     0
100
AcDbLine
 39
31.96927622246645
 10
3310.400098647871
 20
1116.523764212694
 30
10.63900983303145
 11
3310.250098646196
 21
1116.523764212689
 31
10.81950438664069
  0
LINE
  5
502
330
1F
100
AcDbEntity
  8
0
  6
CONTINUOUS
 62
     0
100
AcDbLine
 39
31.96927622246645
 10
3312.750098647858
 20
1116.423764212723
 30
9.736537075049206
 11
3311.15009864786
 21
1116.423764212723
 31
9.736537075049354
  0
LINE
  5
503
330
1F
100
AcDbEntity
  8
0
  6
CONTINUOUS
 62
     0
100
AcDbLine
 39
31.96927622246645
 10
3312.650098647859
 20
1116.523764212723
 30
9.736537075049215
 11
3311.25009864783
 21
1116.523764212724
 31
9.736537075049068
  0
LINE
  5
504
330
1F
100
AcDbEntity
  8
0
  6
CONTINUOUS
 62
     0
100
AcDbLine
 39
31.96927622246645
 10
3307.320098644243
 20
1114.073764213061
 30
9.736537075048584
 11
3307.32009864424
 21
1119.51575027622
 31
9.736537075048783
  0
LINE
  5
505
330
1F
100
AcDbEntity
  8
0
  6
CONTINUOUS
 62
     1
100
AcDbLine
 39
31.96927622246645
 10
3312.75009864609
 20
1114.973764213064
 30
11.10350127424306
 11
3313.650098646091
 21
1114.973764213065
 31
11.10350127424324
  0
LINE
  5
506
330
1F
100
AcDbEntity
  8
0
  6
CONTINUOUS
 62
     0
100
AcDbLine
 39
31.96927622246645
 10
3313.650098642504
 20
1114.973764213065
 30
11.10350127424321
 11
3313.750098642499
 21
1114.973764213066
 31
11.10350127424321
  0
LINE
  5
507
330
1F
100
AcDbEntity
  8
0
  6
CONTINUOUS
 62
     0
100
AcDbLine
 39
31.96927622246645
 10
3307.470098646063
 20
1116.523764213053
 30
9.736537075048803
 11
3310.150098646076
 21
1116.52376421306
 31
9.73653707504872
  0
LINE
  5
508
330
1F
100
AcDbEntity
  8
0
  6
CONTINUOUS
 62
     0
100
AcDbLine
 39
31.96927622246645
 10
3313.650098646059
 20
1114.973764213065
 30
11.10350127424321
 11
3313.750098646054
 21
1114.973764213065
 31
11.10350127424321
  0
LINE
  5
509
330
1F
100
AcDbEntity
  8
0
  6
CONTINUOUS
 62
     0
100
AcDbLine
 39
31.96927622246645
 10
3313.750098646046
 20
1114.973764213066
 30
11.10350127424321
 11
3313.650098646051
 21
1114.973764213065
 31
11.10350127424321
  0
MTEXT
  5
50A
330
1F
100
AcDbEntity
  8
0
  6
CONTINUOUS
100
AcDbMText
 10
3308.784861065653
 20
1115.187136273272
 30
9.736537075048851
 40
0.1999999999999999
 41
2.117382832190486
 71
     5
 72
     5
  1
KITCHEN\P3.68X2.25\P(12'1''X7'6")
  7
AN
1001
ACAD
1000
ACAD_MTEXT_DEFINED_HEIGHT_BEGIN
1070
    46
1040
0.4832423829005998
1000
ACAD_MTEXT_DEFINED_HEIGHT_END
  0
LINE
  5
50B
330
1F
100
AcDbEntity
  8
TEXT
  6
CONTINUOUS
100
AcDbLine
 39
31.96927622246645
 10
3320.12009865511
 20
1116.375764213068
 30
-22.23273914741786
 11
3320.12024057376
 21
1111.223771133399
 31
-22.23273914741786
  0
LINE
  5
50C
330
1F
100
AcDbEntity
  8
TEXT
  6
CONTINUOUS
100
AcDbLine
 39
31.96927622246645
 10
3319.97024057375
 20
1114.073764213081
 30
-22.23273914741786
 11
3319.970240573755
 21
1111.373771133397
 31
-22.23273914741786
  0
LINE
  5
50D
330
1F
100
AcDbEntity
  8
0
  6
CONTINUOUS
 62
     0
100
AcDbLine
 39
31.96927622246645
 10
3316.750620659812
 20
1114.273764212997
 30
14.72508916156583
 11
3316.750105260984
 21
1110.373764213055
 31
9.799683303992232
  0
LINE
  5
50E
330
1F
100
AcDbEntity
  8
0
  6
CONTINUOUS
 62
     0
100
AcDbLine
 39
31.96927622246645
 10
3316.850620659832
 20
1114.273764212997
 30
10.25856500170496
 11
3316.850085437967
 21
1110.223764213054
 31
41.69854346248485
  0
LINE
  5
50F
330
1F
100
AcDbEntity
  8
0
  6
CONTINUOUS
 62
     0
100
AcDbLine
 39
31.96927622246645
 10
3317.750098653312
 20
1114.173764213072
 30
12.62664094315798
 11
3317.750098653316
 21
1114.073764213074
 31
13.67758780428363
  0
LINE
  5
510
330
1F
100
AcDbEntity
  8
0
  6
CONTINUOUS
 62
     0
100
AcDbLine
 39
31.96927622246645
 10
3316.850098653318
 20
1111.22376421307
 30
9.736537075048489
 11
3316.850217591514
 21
1111.223764213322
 31
9.73653707504849
  0
LINE
  5
511
330
1F
100
AcDbEntity
  8
0
  6
CONTINUOUS
 62
     0
100
AcDbLine
 39
31.96927622246645
 10
3317.750104684533
 20
1111.223766117677
 30
9.736537075048515
 11
3320.12024057376
 21
1111.223771133399
 31
9.736537075048584
  0
LINE
  5
512
330
1F
100
AcDbEntity
  8
0
  6
CONTINUOUS
 62
     0
100
AcDbLine
 39
31.96927622246645
 10
3316.850098653314
 20
1111.37376421307
 30
9.736537075048489
 11
3316.850237414546
 21
1111.373764213378
 31
9.73653707504849
  0
LINE
  5
513
330
1F
100
AcDbEntity
  8
0
  6
CONTINUOUS
 62
     0
100
AcDbLine
 39
31.96927622246645
 10
3317.7501043671
 20
1111.37376620924
 30
9.736537075048517
 11
3319.970240573755
 21
1111.373771133397
 31
9.736537075048584
  0
LINE
  5
514
330
1F
100
AcDbEntity
  8
0
  6
CONTINUOUS
 62
     0
100
AcDbLine
 39
31.96927622246645
 10
3317.75009865332
 20
1114.073764213074
 30
9.736537075048584
 11
3319.97024057375
 21
1114.073764213081
 31
9.736537075048584
  0
LINE
  5
515
330
1F
100
AcDbEntity
  8
0
  6
CONTINUOUS
 62
     0
100
AcDbLine
 39
31.96927622246645
 10
3317.750098653316
 20
1114.173764213073
 30
9.736537075048584
 11
3319.960098658658
 21
1114.173764213081
 31
9.736537075048584
  0
LINE
  5
516
330
1F
100
AcDbEntity
  8
0
  6
CONTINUOUS
 62
     0
100
AcDbLine
 39
31.96927622246645
 10
3314.750098647939
 20
1114.973764213
 30
9.878404328345699
 11
3316.750620659857
 21
1114.973764212913
 31
29.4560957563672
  0
LINE
  5
517
330
1F
100
AcDbEntity
  8
0
  6
CONTINUOUS
 62
     0
100
AcDbLine
 39
31.96927622246645
 10
3314.750098647952
 20
1116.27576421302
 30
-9.934010351833848
 11
3316.850620659872
 21
1116.274323508551
 31
-2.005808759781557
  0
LINE
  5
518
330
1F
100
AcDbEntity
  8
0
  6
CONTINUOUS
 62
     0
100
AcDbLine
 39
31.96927622246645
 10
3317.661787858186
 20
1116.2737671458
 30
1.055857357779413
 11
3319.961673729256
 21
1116.272189701798
 31
9.736537075048656
  0
LINE
  5
519
330
1F
100
AcDbEntity
  8
0
  6
CONTINUOUS
 62
     0
100
AcDbLine
 39
31.96927622246645
 10
3314.750098647953
 20
1116.375764213524
 30
10.56713212307407
 11
3316.850620659873
 21
1116.375764213346
 31
10.23290992954737
  0
LINE
  5
51A
330
1F
100
AcDbEntity
  8
0
  6
CONTINUOUS
 62
     0
100
AcDbLine
 39
31.96927622246645
 10
3316.750620659883
 20
1117.125764213355
 30
10.24882131689837
 11
3316.850620659937
 21
1117.125764213346
 31
10.23290992954737
  0
LINE
  5
51B
330
1F
100
AcDbEntity
  8
0
  6
CONTINUOUS
 62
     0
100
AcDbLine
 39
31.96927622246645
 10
3317.661835078707
 20
1116.375764213277
 30
10.1038344611902
 11
3320.12009865511
 21
1116.375764213069
 31
9.712690621654307
  0
LINE
  5
51C
330
1F
100
AcDbEntity
  8
0
  6
CONTINUOUS
 62
     0
100
AcDbLine
 39
31.96927622246645
 10
3317.66183507877
 20
1117.125764213277
 30
10.1038344611902
 11
3317.762182309123
 21
1117.125764213268
 31
10.08786782468149
  0
LINE
  5
51D
330
1F
100
AcDbEntity
  8
0
  6
CONTINUOUS
 62
     0
100
AcDbLine
 39
31.96927622246645
 10
3314.650098647919
 20
1114.873764212999
 30
9.767911599748665
 11
3316.850620659859
 21
1114.873764212924
 31
14.72508916156573
  0
LINE
  5
51E
330
1F
100
AcDbEntity
  8
0
  6
CONTINUOUS
 62
     0
100
AcDbLine
 39
31.96927622246645
 10
3316.750620659815
 20
1114.273764212997
 30
14.72508916156583
 11
3316.850620659814
 21
1114.273764212997
 31
14.72508916156583
  0
LINE
  5
51F
330
1F
100
AcDbEntity
  8
0
  6
CONTINUOUS
 62
     0
100
AcDbLine
 39
31.96927622246645
 10
3312.750098646093
 20
1122.57575027621
 30
9.736537075048538
 11
3312.750093045586
 21
1124.526112392094
 31
9.736537075048496
  0
LINE
  5
520
330
1F
100
AcDbEntity
  8
0
  6
CONTINUOUS
 62
     0
100
AcDbLine
 39
31.96927622246645
 10
3312.128078459134
 20
1127.824112392088
 30
-6.860944732500659
 11
3312.128076125495
 21
1127.824112392088
 31
-6.860936403102048
  0
LINE
  5
521
330
1F
100
AcDbEntity
  8
0
  6
CONTINUOUS
 62
     0
100
AcDbLine
 39
31.96927622246645
 10
3311.378076125485
 20
1127.824112392086
 30
-4.183979511492453
 11
3311.128076766778
 21
1127.824112392085
 31
-2.934735251042028
  0
LINE
  5
522
330
1F
100
AcDbEntity
  8
0
  6
CONTINUOUS
 62
     0
100
AcDbLine
 39
31.96927622246645
 10
3312.128078459131
 20
1128.426112392088
 30
-6.860944732500659
 11
3312.128075455235
 21
1128.426112392088
 31
-6.860934010767455
  0
LINE
  5
523
330
1F
100
AcDbEntity
  8
0
  6
CONTINUOUS
 62
     0
100
AcDbLine
 39
31.96927622246645
 10
3310.228076766765
 20
1127.824112392262
 30
4.135927223912942
 11
3307.320092666003
 21
1127.824112392071
 31
10.30007915684958
  0
LINE
  5
524
330
1F
100
AcDbEntity
  8
0
  6
CONTINUOUS
 62
     0
100
AcDbLine
 39
31.96927622246645
 10
3308.470090587311
 20
1128.724112392149
 30
7.775577003166983
 11
3308.32009047359
 21
1128.724112392139
 31
8.104860737602134
  0
LINE
  5
525
330
1F
100
AcDbEntity
  8
0
  6
CONTINUOUS
 62
     0
100
AcDbLine
 39
31.96927622246645
 10
3315.92808883458
 20
1125.62711239209
 30
9.8524274489333
 11
3314.100036356391
 21
1125.627112392092
 31
9.786273168459495
  0
LINE
  5
526
330
1F
100
AcDbEntity
  8
0
  6
CONTINUOUS
 62
     0
100
AcDbLine
 39
31.96927622246645
 10
3315.928089271988
 20
1125.527112392089
 30
9.85242746407406
 11
3314.200044068248
 21
1125.525949785899
 31
9.786563255267124
  0
LINE
  5
527
330
1F
100
AcDbEntity
  8
0
  6
CONTINUOUS
 62
     0
100
AcDbLine
 39
31.96927622246645
 10
3314.100071026869
 20
1125.527112392092
 30
9.786320234401911
 11
3311.128088721714
 21
1125.527112392095
 31
9.67522712013023
  0
LINE
  5
528
330
1F
100
AcDbEntity
  8
0
  6
CONTINUOUS
 62
     0
100
AcDbLine
 39
31.96927622246645
 10
3312.128078992945
 20
1127.724112392241
 30
-12.35700332413564
 11
3312.128076651215
 21
1127.724112392241
 31
-12.35698970389529
  0
LINE
  5
529
330
1F
100
AcDbEntity
  8
0
  6
CONTINUOUS
 62
     0
100
AcDbLine
 39
31.96927622246645
 10
3311.378076651205
 20
1127.724112392103
 30
-7.994753779741465
 11
3311.228077287236
 21
1127.724112392057
 31
-6.540678837743968
  0
LINE
  5
52A
330
1F
100
AcDbEntity
  8
0
  6
CONTINUOUS
 62
     0
100
AcDbLine
 39
31.96927622246645
 10
3310.228077287224
 20
1127.724112391872
 30
5.38098281881293
 11
3307.470093081821
 21
1127.724112391383
 31
14.73530192213243
  0
LINE
  5
52B
330
1F
100
AcDbEntity
  8
0
  6
CONTINUOUS
 62
     0
100
AcDbLine
 39
31.96927622246645
 10
3312.750093045586
 20
1124.526112392094
 30
10.62474809597923
 11
3307.470100702283
 21
1124.525165975016
 31
9.999911828080318
  0
LINE
  5
52C
330
1F
100
AcDbEntity
  8
0
  6
CONTINUOUS
 62
     0
100
AcDbLine
 39
31.96927622246645
 10
3312.750093045586
 20
1125.426112392094
 30
10.62474809597923
 11
3312.650001200891
 21
1125.426112392094
 31
10.60467974565876
  0
LINE
  5
52D
330
1F
100
AcDbEntity
  8
0
  6
CONTINUOUS
 62
     0
100
AcDbLine
 39
31.96927622246645
 10
3312.650098644116
 20
1124.426112392049
 30
9.73653707504857
 11
3307.320100945883
 21
1124.425166768557
 31
10.0004357666668
  0
MTEXT
  5
52E
330
1F
100
AcDbEntity
  8
0
  6
CONTINUOUS
100
AcDbMText
 10
3308.640904414246
 20
1117.97172942601
 30
9.736537075048576
 40
0.1999999999999999
 41
2.21738283219048
 71
     5
 72
     5
  1
BED\P2.70X2.70\P(9'0''X9'0")
  7
AN
1001
ACAD
1000
ACAD_MTEXT_DEFINED_HEIGHT_BEGIN
1070
    46
1040
0.4832423829005998
1000
ACAD_MTEXT_DEFINED_HEIGHT_END
  0
LINE
  5
52F
330
1F
100
AcDbEntity
  8
0
  6
CONTINUOUS
 62
     0
100
AcDbLine
 39
31.96927622246645
 10
3310.850098646086
 20
1121.6757502762
 30
9.736537075048599
 11
3310.850098646089
 21
1121.575931026737
 31
9.7365370750486
  0
HATCH
  5
530
330
1F
100
AcDbEntity
  8
0
  6
CONTINUOUS
 62
     1
100
AcDbHatch
 10
0.0
 20
0.0
 30
9.736537075048911
210
0.0
220
0.0
230
1.0
  2
SOLID
 70
     1
 71
     1
 91
        1
 92
        7
 72
     0
 73
     1
 93
       12
 10
3310.8500986461
 20
1119.675750276202
 10
3312.750098646105
 20
1119.675750276215
 10
3312.75009864609
 20
1120.125750276212
 10
3312.600098646092
 20
1120.125750276212
 10
3312.6000986461
 20
1119.825750276213
 10
3311.000098646095
 20
1119.825750276201
 10
3311.000098646084
 20
1121.525750276201
 10
3312.600098646097
 20
1121.525750276213
 10
3312.600098646087
 20
1121.025750276214
 10
3312.750098646088
 20
1121.025750276214
 10
3312.750098646095
 20
1121.675750276211
 10
3310.850098646089
 20
1121.6757502762
 97
       12
330
557
330
54E
330
553
330
550
330
556
330
551
330
54C
330
54F
330
554
330
54D
330
54B
330
552
 75
     1
 76
     1
 47
0.0037350207708328
 98
        1
 10
3311.620211444271
 20
1121.55492564971
1001
GRADIENTCOLOR1ACI
1070
     5
1001
GRADIENTCOLOR2ACI
1070
     2
1001
ACAD
1010
0.0
1020
0.0
1030
0.0
  0
LINE
  5
531
330
1F
100
AcDbEntity
  8
0
  6
CONTINUOUS
 62
     0
100
AcDbLine
 39
31.96927622246645
 10
3308.470098644751
 20
1124.426112392071
 30
9.736537075048583
 11
3308.47009864511
 21
1122.575750276219
 31
9.736537075048583
  0
LINE
  5
532
330
1F
100
AcDbEntity
  8
0
  6
CONTINUOUS
 62
     0
100
AcDbLine
 39
31.96927622246645
 10
3307.470098645632
 20
1119.22575027622
 30
9.736537075048584
 11
3307.470098646085
 21
1116.523764213053
 31
9.736537075048586
  0
LINE
  5
533
330
1F
100
AcDbEntity
  8
0
  6
CONTINUOUS
 62
     0
100
AcDbLine
 39
31.96927622246645
 10
3307.470098646107
 20
1116.423764212638
 30
9.736537075048586
 11
3307.470098646468
 21
1114.173764213062
 31
9.736537075048586
  0
LINE
  5
534
330
1F
100
AcDbEntity
  8
0
  6
CONTINUOUS
 62
     0
100
AcDbLine
 39
31.96927622246645
 10
3307.320098644243
 20
1121.67575027622
 30
9.73653707504831
 11
3309.950098646085
 21
1121.675750276217
 31
9.736537075048549
  0
LINE
  5
535
330
1F
100
AcDbEntity
  8
0
  6
CONTINUOUS
 62
     0
100
AcDbLine
 39
31.96927622246645
 10
3308.320098644243
 20
1122.575750276219
 30
9.7365370750484
 11
3308.47009864511
 21
1122.575750276219
 31
9.736537075048414
  0
LINE
  5
536
330
1F
100
AcDbEntity
  8
0
  6
CONTINUOUS
 62
     0
100
AcDbLine
 39
31.96927622246645
 10
3310.850098646086
 20
1121.675750276216
 30
9.736537075048632
 11
3312.750098646095
 21
1121.675750276214
 31
9.736537075048806
  0
LINE
  5
537
330
1F
100
AcDbEntity
  8
0
  6
CONTINUOUS
 62
     0
100
AcDbLine
 39
31.96927622246645
 10
3307.470098645616
 20
1121.575750276221
 30
9.73653707504831
 11
3309.950098646093
 21
1121.575750276217
 31
9.736537075048549
  0
LINE
  5
538
330
1F
100
AcDbEntity
  8
0
  6
CONTINUOUS
 62
     0
100
AcDbLine
 39
31.96927622246645
 10
3307.470098645614
 20
1119.325750276219
 30
9.736537075048586
 11
3309.650098644279
 21
1119.325750276225
 31
9.73653707504831
  0
LINE
  5
539
330
1F
100
AcDbEntity
  8
0
  6
CONTINUOUS
 62
     0
100
AcDbLine
 39
31.96927622246645
 10
3311.250098647863
 20
1118.225750275893
 30
9.736537075048822
 11
3312.750098646111
 21
1118.225750275883
 31
9.736537075048968
  0
LINE
  5
53A
330
1F
100
AcDbEntity
  8
0
  6
CONTINUOUS
 62
     0
100
AcDbLine
 39
31.96927622246645
 10
3310.250098647031
 20
1119.023478140235
 30
10.81950438663989
 11
3310.400098647855
 21
1119.023478140234
 31
10.81950438663989
  0
LINE
  5
53B
330
1F
100
AcDbEntity
  8
0
  6
CONTINUOUS
 62
     0
100
AcDbLine
 39
31.96927622246645
 10
3310.250098646949
 20
1119.123478140234
 30
10.81950438663989
 11
3310.400098647859
 21
1119.123478140235
 31
10.81950438663989
  0
LINE
  5
53C
330
1F
100
AcDbEntity
  8
0
  6
CONTINUOUS
 62
     0
100
AcDbLine
 39
31.96927622246645
 10
3307.470098645632
 20
1119.225750276221
 30
9.73653707504831
 11
3309.650098644275
 21
1119.225750276225
 31
9.73653707504831
  0
LINE
  5
53D
330
1F
100
AcDbEntity
  8
0
  6
CONTINUOUS
 62
     0
100
AcDbLine
 39
31.96927622246645
 10
3311.250098647866
 20
1118.125750275893
 30
9.736537075048812
 11
3312.650098646117
 21
1118.125750275882
 31
9.736537075048947
  0
LINE
  5
53E
330
1F
100
AcDbEntity
  8
0
  6
CONTINUOUS
 62
     0
100
AcDbLine
 39
31.96927622246645
 10
3312.650098647859
 20
1116.523764212723
 30
9.736537075049215
 11
3312.650098646848
 21
1118.125750275882
 31
9.736537075048933
  0
LINE
  5
53F
330
1F
100
AcDbEntity
  8
0
  6
CONTINUOUS
 62
     0
100
AcDbLine
 39
31.96927622246645
 10
3312.6500986468
 20
1118.225750275884
 30
9.736537075048933
 11
3312.650098646784
 21
1119.675750276214
 31
9.736537075048513
  0
LINE
  5
540
330
1F
100
AcDbEntity
  8
0
  6
CONTINUOUS
 62
     0
100
AcDbLine
 39
31.96927622246645
 10
3312.650098645092
 20
1122.57575027621
 30
9.73653707504844
 11
3312.650098644116
 21
1124.426112392095
 31
9.73653707504857
  0
LINE
  5
541
330
1F
100
AcDbEntity
  8
0
  6
CONTINUOUS
 62
     0
100
AcDbLine
 39
31.96927622246645
 10
3310.250098646082
 20
1116.423764212719
 30
9.736537075049366
 11
3310.250098646855
 21
1119.023478140235
 31
9.73653707504822
  0
LINE
  5
542
330
1F
100
AcDbEntity
  8
0
  6
CONTINUOUS
 62
     0
100
AcDbLine
 39
31.96927622246645
 10
3310.250098646886
 20
1119.123478140234
 30
9.736537075048176
 11
3310.250098646975
 21
1119.325750276218
 31
9.736537075048043
  0
LINE
  5
543
330
1F
100
AcDbEntity
  8
0
  6
CONTINUOUS
 62
     0
100
AcDbLine
 39
31.96927622246645
 10
3309.650098644275
 20
1119.225750276225
 30
9.73653707504831
 11
3309.650098644279
 21
1119.325750276225
 31
9.73653707504831
  0
LINE
  5
544
330
1F
100
AcDbEntity
  8
0
  6
CONTINUOUS
 62
     0
100
AcDbLine
 39
31.96927622246645
 10
3309.950098646093
 20
1121.575750276217
 30
9.73653707504855
 11
3309.950098646085
 21
1121.675750276231
 31
9.73653707504855
  0
LINE
  5
545
102
{ACAD_REACTORS
330
65F
102
}
330
1F
100
AcDbEntity
  8
0
  6
CONTINUOUS
 62
     0
100
AcDbLine
 39
31.96927622246645
 10
3312.750098646086
 20
1116.423764212776
 30
9.736537075049249
 11
3312.750098646091
 21
1121.675750276214
 31
9.736537075048531
  0
LINE
  5
546
330
1F
100
AcDbEntity
  8
0
  6
CONTINUOUS
 62
     0
100
AcDbLine
 39
31.96927622246645
 10
3312.750098646098
 20
1119.776659203949
 30
9.736537075048538
 11
3312.750098646087
 21
1121.675750276211
 31
9.736537075048538
  0
LINE
  5
547
330
1F
100
AcDbEntity
  8
0
  6
CONTINUOUS
 62
     1
100
AcDbLine
 39
31.96927622246645
 10
3310.870098644295
 20
1120.825750276232
 30
9.736537075048316
 11
3310.870098644289
 21
1121.575750276231
 31
9.736537075048316
  0
MTEXT
  5
548
330
1F
100
AcDbEntity
  8
0
  6
CONTINUOUS
100
AcDbMText
 10
3310.464291915223
 20
1123.326893575465
 30
9.736537075048576
 40
0.1999999999999999
 41
2.147382832190487
 71
     5
 72
     5
  1
LIVING\P4.18X2.75\P(14'0''X9'0")
  7
AN
1001
ACAD
1000
ACAD_MTEXT_DEFINED_HEIGHT_BEGIN
1070
    46
1040
0.6332423829006908
1000
ACAD_MTEXT_DEFINED_HEIGHT_END
  0
LINE
  5
549
330
1F
100
AcDbEntity
  8
0
  6
CONTINUOUS
 62
     0
100
AcDbLine
 39
31.96927622246645
 10
3319.961676180939
 20
1116.275764213082
 30
9.73653707504865
 11
3319.960098658658
 21
1114.173764213081
 31
9.73653707504865
  0
LINE
  5
54A
330
1F
100
AcDbEntity
  8
TEXT
  6
CONTINUOUS
 62
     1
100
AcDbLine
 39
31.96927622246645
 10
3309.650098644279
 20
1119.325750276225
 30
9.73653707504831
 11
3310.150098646096
 21
1119.325750276217
 31
9.736537075048606
  0
LINE
  5
54B
102
{ACAD_REACTORS
330
530
102
}
330
1F
100
AcDbEntity
  8
WALL
  6
CONTINUOUS
100
AcDbLine
 39
31.96927622246645
 10
3310.8500986461
 20
1119.675750276202
 30
-22.23273914741789
 11
3312.750098646105
 21
1119.675750276215
 31
-22.23273914741792
  0
LINE
  5
54C
102
{ACAD_REACTORS
330
530
102
}
330
1F
100
AcDbEntity
  8
WALL
  6
CONTINUOUS
100
AcDbLine
 39
31.96927622246645
 10
3311.000098646095
 20
1119.825750276201
 30
-22.23273914741789
 11
3312.6000986461
 21
1119.825750276213
 31
-22.23273914741792
  0
LINE
  5
54D
102
{ACAD_REACTORS
330
530
102
}
330
1F
100
AcDbEntity
  8
WALL
  6
CONTINUOUS
100
AcDbLine
 39
31.96927622246645
 10
3312.750098646105
 20
1119.675750276215
 30
-22.23273914741792
 11
3312.75009864609
 21
1120.125750276212
 31
-22.23273914741792
  0
LINE
  5
54E
102
{ACAD_REACTORS
330
530
102
}
330
1F
100
AcDbEntity
  8
WALL
  6
CONTINUOUS
100
AcDbLine
 39
31.96927622246645
 10
3312.750098646088
 20
1121.025750276214
 30
-22.23273914741792
 11
3312.750098646095
 21
1121.675750276214
 31
-22.23273914741792
  0
LINE
  5
54F
102
{ACAD_REACTORS
330
530
102
}
330
1F
100
AcDbEntity
  8
WALL
  6
CONTINUOUS
100
AcDbLine
 39
31.96927622246645
 10
3312.6000986461
 20
1119.825750276213
 30
-22.23273914741792
 11
3312.600098646092
 21
1120.125750276212
 31
-22.23273914741792
  0
LINE
  5
550
102
{ACAD_REACTORS
330
530
102
}
330
1F
100
AcDbEntity
  8
WALL
  6
CONTINUOUS
100
AcDbLine
 39
31.96927622246645
 10
3312.600098646087
 20
1121.025750276214
 30
-22.23273914741792
 11
3312.600098646097
 21
1121.525750276213
 31
-22.23273914741792
  0
LINE
  5
551
102
{ACAD_REACTORS
330
530
102
}
330
1F
100
AcDbEntity
  8
WALL
  6
CONTINUOUS
100
AcDbLine
 39
31.96927622246645
 10
3311.000098646084
 20
1121.525750276201
 30
-22.23273914741789
 11
3311.000098646095
 21
1119.825750276201
 31
-22.23273914741789
  0
LINE
  5
552
102
{ACAD_REACTORS
330
530
102
}
330
1F
100
AcDbEntity
  8
WALL
  6
CONTINUOUS
100
AcDbLine
 39
31.96927622246645
 10
3310.850098646089
 20
1121.675750276201
 30
-22.23273914741789
 11
3310.8500986461
 21
1119.675750276202
 31
-22.23273914741789
  0
LINE
  5
553
102
{ACAD_REACTORS
330
530
102
}
330
1F
100
AcDbEntity
  8
WALL
  6
CONTINUOUS
100
AcDbLine
 39
31.96927622246645
 10
3312.600098646087
 20
1121.025750276214
 30
-22.23273914741792
 11
3312.750098646088
 21
1121.025750276214
 31
-22.23273914741792
  0
LINE
  5
554
102
{ACAD_REACTORS
330
530
102
}
330
1F
100
AcDbEntity
  8
WALL
  6
CONTINUOUS
100
AcDbLine
 39
31.96927622246645
 10
3312.600098646092
 20
1120.125750276212
 30
-22.23273914741792
 11
3312.75009864609
 21
1120.125750276212
 31
-22.23273914741792
  0
LINE
  5
555
330
1F
100
AcDbEntity
  8
TEXT
  6
CONTINUOUS
 62
     1
100
AcDbLine
 39
31.96927622246645
 10
3312.750098646088
 20
1121.025750276214
 30
-22.23273914741792
 11
3312.75009864609
 21
1120.125750276212
 31
-22.23273914741792
  0
LINE
  5
556
102
{ACAD_REACTORS
330
530
102
}
330
1F
100
AcDbEntity
  8
WALL
  6
CONTINUOUS
 62
     0
100
AcDbLine
 39
31.96927622246645
 10
3312.600098646097
 20
1121.525750276213
 30
-22.23273914741792
 11
3311.000098646091
 21
1121.525750276201
 31
-22.23273914741789
  0
LINE
  5
557
102
{ACAD_REACTORS
330
530
102
}
330
1F
100
AcDbEntity
  8
WALL
  6
CONTINUOUS
 62
     0
100
AcDbLine
 39
31.96927622246645
 10
3312.750098646095
 20
1121.675750276211
 30
-22.23273914741791
 11
3310.850098646089
 21
1121.6757502762
 31
-22.23273914741788
  0
LINE
  5
558
330
1F
100
AcDbEntity
  8
WALL
  6
CONTINUOUS
 62
     0
100
AcDbLine
 39
31.96927622246645
 10
3312.750098646089
 20
1122.57575027621
 30
-22.23273914741791
 11
3312.650098645092
 21
1122.57575027621
 31
-22.23273914741791
  0
MTEXT
  5
559
330
1F
100
AcDbEntity
  8
0
  6
CONTINUOUS
100
AcDbMText
 10
3311.829148694922
 20
1120.653842715129
 30
9.736537075048561
 40
0.1999999999999999
 41
2.397382832208677
 71
     5
 72
     5
  1
LIFT\P1.60X1.70\P(5'2''X5'6")
  7
AN
1001
ACAD
1000
ACAD_MTEXT_DEFINED_HEIGHT_BEGIN
1070
    46
1040
0.4832423829005998
1000
ACAD_MTEXT_DEFINED_HEIGHT_END
  0
LINE
  5
55A
330
1F
100
AcDbEntity
  8
0
  6
CONTINUOUS
 62
     0
100
AcDbLine
 39
31.96927622246645
 10
3310.850098646071
 20
1114.87376421275
 30
11.10350127424329
 11
3310.850098646074
 21
1114.973764212751
 31
11.10350127424329
  0
LINE
  5
55B
330
1F
100
AcDbEntity
  8
TEXT
  6
CONTINUOUS
100
AcDbLine
 39
31.96927622246645
 10
3319.120103457453
 20
1116.375764213154
 30
-22.23273914741821
 11
3319.120099917784
 21
1119.27572609178
 31
-22.2327391474176
  0
LINE
  5
55C
330
1F
100
AcDbEntity
  8
TEXT
  6
CONTINUOUS
100
AcDbLine
 39
31.96927622246645
 10
3320.120098820009
 20
1120.175726091783
 30
-22.23273914741741
 11
3320.120095792396
 21
1122.915726091783
 31
-22.23273914741754
  0
LINE
  5
55D
102
{ACAD_REACTORS
330
60E
102
}
330
1F
100
AcDbEntity
  8
TEXT
  6
CONTINUOUS
100
AcDbLine
 39
31.96927622246645
 10
3320.120098644052
 20
1122.915726091783
 30
-22.23273914741774
 11
3320.120087499268
 21
1129.6237711334
 31
-22.23273914741792
  0
LINE
  5
55E
330
1F
100
AcDbEntity
  8
0
  6
CONTINUOUS
 62
     0
100
AcDbLine
 39
31.96927622246645
 10
3314.650098647919
 20
1114.873764212999
 30
17.42101739873663
 11
3314.650098648019
 21
1119.275726091769
 31
-32.86904620571863
  0
LINE
  5
55F
330
1F
100
AcDbEntity
  8
0
  6
CONTINUOUS
 62
     0
100
AcDbLine
 39
31.96927622246645
 10
3314.750098647939
 20
1114.973764213
 30
11.03877653940557
 11
3314.750098648003
 21
1119.275726091769
 31
8.319067855578336
  0
LINE
  5
560
330
1F
100
AcDbEntity
  8
0
  6
CONTINUOUS
 62
     0
100
AcDbLine
 39
31.96927622246645
 10
3316.750620659857
 20
1114.973764212914
 30
-11.74652412233769
 11
3316.750620659874
 21
1116.275764213006
 31
-0.5379704547810888
  0
LINE
  5
561
330
1F
100
AcDbEntity
  8
0
  6
CONTINUOUS
 62
     0
100
AcDbLine
 39
31.96927622246645
 10
3316.750620659883
 20
1117.125764213355
 30
7.401421729540903
 11
3316.750620659885
 21
1117.375764213155
 31
9.73653707504832
  0
LINE
  5
562
330
1F
100
AcDbEntity
  8
0
  6
CONTINUOUS
 62
     0
100
AcDbLine
 39
31.96927622246645
 10
3316.850620659856
 20
1114.873764212924
 30
-13.17872820183011
 11
3316.850620659873
 21
1116.375764213346
 31
0.1885098788107111
  0
LINE
  5
563
330
1F
100
AcDbEntity
  8
0
  6
CONTINUOUS
 62
     0
100
AcDbLine
 39
31.96927622246645
 10
3316.850620659881
 20
1117.125764213346
 30
7.349530277372914
 11
3316.850620659883
 21
1117.375764213153
 31
9.73653707504832
  0
LINE
  5
564
330
1F
100
AcDbEntity
  8
0
  6
CONTINUOUS
 62
     0
100
AcDbLine
 39
31.96927622246645
 10
3316.850620659883
 20
1117.475764213153
 30
9.736537075048227
 11
3320.120098643973
 21
1117.475764213088
 31
9.73653707504849
  0
LINE
  5
565
330
1F
100
AcDbEntity
  8
0
  6
CONTINUOUS
 62
     0
100
AcDbLine
 39
31.96927622246645
 10
3314.75009864797
 20
1117.375764213256
 30
-8.706215694357493
 11
3316.750620659885
 21
1117.375764213156
 31
8.706215694357475
  0
LINE
  5
566
330
1F
100
AcDbEntity
  8
0
  6
CONTINUOUS
 62
     0
100
AcDbLine
 39
31.96927622246645
 10
3316.850620659883
 20
1117.375764213057
 30
9.736537075048293
 11
3317.662298038307
 21
1117.375764212933
 31
9.73653707504835
  0
LINE
  5
567
330
1F
100
AcDbEntity
  8
0
  6
CONTINUOUS
 62
     0
100
AcDbLine
 39
31.96927622246645
 10
3317.762298049023
 20
1117.375764212918
 30
9.736537075048357
 11
3320.120098655108
 21
1117.375764212556
 31
9.736537075048522
  0
LINE
  5
568
330
1F
100
AcDbEntity
  8
0
  6
CONTINUOUS
 62
     0
100
AcDbLine
 39
31.96927622246645
 10
3314.750098647975
 20
1117.475764213255
 30
-7.868107614957562
 11
3316.850620659883
 21
1117.475764213153
 31
9.73653707504832
  0
LINE
  5
569
330
1F
100
AcDbEntity
  8
0
  6
CONTINUOUS
 62
     0
100
AcDbLine
 39
31.96927622246645
 10
3313.965976762416
 20
1122.81863991316
 30
9.736537075048526
 11
3316.818039813672
 21
1122.814854813299
 31
9.736537075048556
  0
LINE
  5
56A
330
1F
100
AcDbEntity
  8
0
  6
CONTINUOUS
 62
     0
100
AcDbLine
 39
31.96927622246645
 10
3319.971606463732
 20
1129.4737711334
 30
9.736537075048647
 11
3319.968433203651
 21
1126.717112392511
 31
9.736537075048647
  0
LINE
  5
56B
330
1F
100
AcDbEntity
  8
0
  6
CONTINUOUS
 62
     0
100
AcDbLine
 39
31.96927622246645
 10
3319.96835808354
 20
1126.617112392096
 30
9.736537075048648
 11
3319.966333634894
 21
1123.916773795983
 31
9.736537075048648
  0
LINE
  5
56C
330
1F
100
AcDbEntity
  8
0
  6
CONTINUOUS
 62
     0
100
AcDbLine
 39
31.96927622246645
 10
3316.968406803019
 20
1122.915726091774
 30
9.736537075048547
 11
3316.963964626675
 21
1120.175726091775
 31
9.736537075048545
  0
LINE
  5
56D
330
1F
100
AcDbEntity
  8
0
  6
CONTINUOUS
 62
     0
100
AcDbLine
 39
31.96927622246645
 10
3317.864127932676
 20
1120.275726091777
 30
9.736537075048545
 11
3317.863963443901
 21
1120.174266984675
 31
9.736537075048545
  0
LINE
  5
56E
330
1F
100
AcDbEntity
  8
0
  6
CONTINUOUS
 62
     1
100
AcDbLine
 39
31.96927622246645
 10
3309.650098646075
 20
1114.073764213059
 30
9.736537075048584
 11
3310.55009864608
 21
1114.073764213061
 31
9.736537075048584
  0
LINE
  5
56F
330
1F
100
AcDbEntity
  8
0
  6
CONTINUOUS
 62
     1
100
AcDbLine
 39
31.96927622246645
 10
3310.400098647868
 20
1116.423764212721
 30
9.736537075049352
 11
3311.150098647868
 21
1116.423764212723
 31
9.736537075049352
  0
LINE
  5
570
102
{ACAD_REACTORS
330
662
102
}
330
1F
100
AcDbEntity
  8
0
  6
CONTINUOUS
 62
     0
100
AcDbLine
 39
31.96927622246645
 10
3314.100976762422
 20
1122.914700890907
 30
9.736537075048595
 11
3314.100036356391
 21
1125.627112392092
 31
12.09301443781883
  0
LINE
  5
571
330
1F
100
AcDbEntity
  8
0
  6
CONTINUOUS
 62
     0
100
AcDbLine
 39
31.96927622246645
 10
3313.200070972777
 20
1125.527112392092
 30
12.0064079496628
 11
3313.200036410483
 21
1125.626800357808
 31
12.09301443781883
  0
LINE
  5
572
330
1F
100
AcDbEntity
  8
0
  6
CONTINUOUS
 62
     0
100
AcDbLine
 39
31.96927622246645
 10
3314.200981408274
 20
1122.911634505066
 30
-3.105860051888836
 11
3314.200043651404
 21
1125.527112392092
 31
9.792296615461527
  0
LINE
  5
573
330
1F
100
AcDbEntity
  8
0
  6
CONTINUOUS
 62
     0
100
AcDbLine
 39
31.96927622246645
 10
3315.928101792529
 20
1122.91466965235
 30
-55.42394024607775
 11
3315.928085160358
 21
1126.917111955031
 31
12.76120025073093
  0
LINE
  5
574
330
1F
100
AcDbEntity
  8
0
  6
CONTINUOUS
 62
     0
100
AcDbLine
 39
31.96927622246645
 10
3315.1780855759
 20
1126.817112392502
 30
11.05767245515241
 11
3315.178085160363
 21
1126.917108838401
 31
12.76120025073093
  0
LINE
  5
575
330
1F
100
AcDbEntity
  8
0
  6
CONTINUOUS
 62
     0
100
AcDbLine
 39
31.96927622246645
 10
3316.028101792523
 20
1122.914675959305
 30
-55.42353145855479
 11
3316.028085160362
 21
1126.917111955031
 31
12.76123184843615
  0
LINE
  5
576
330
1F
100
AcDbEntity
  8
0
  6
CONTINUOUS
 62
     0
100
AcDbLine
 39
31.96927622246645
 10
3316.778085575917
 20
1126.817112392505
 30
11.05760460350291
 11
3316.778085160356
 21
1126.917115071662
 31
12.76123184843615
  0
LINE
  5
577
330
1F
100
AcDbEntity
  8
0
  6
CONTINUOUS
 62
     0
100
AcDbLine
 39
31.96927622246645
 10
3316.028077389645
 20
1124.917112392093
 30
9.73653707504866
 11
3317.128077391448
 21
1124.917112392092
 31
9.736537075048737
  0
LINE
  5
578
330
1F
100
AcDbEntity
  8
0
  6
CONTINUOUS
 62
     0
100
AcDbLine
 39
31.96927622246645
 10
3316.028077389649
 20
1124.817112392093
 30
9.736537075048659
 11
3317.128077392452
 21
1124.817112392028
 31
9.736537075048778
  0
LINE
  5
579
330
1F
100
AcDbEntity
  8
0
  6
CONTINUOUS
 62
     0
100
AcDbLine
 39
31.96927622246645
 10
3319.965283199293
 20
1123.815064674687
 30
9.76778658255844
 11
3317.838098647921
 21
1123.816773795981
 31
9.736537075048334
  0
LINE
  5
57A
330
1F
100
AcDbEntity
  8
0
  6
CONTINUOUS
 62
     0
100
AcDbLine
 39
31.96927622246645
 10
3318.764936297377
 20
1123.066028870996
 30
9.750161680872658
 11
3318.664936323858
 21
1123.066109217614
 31
9.748692626426259
  0
LINE
  5
57B
330
1F
100
AcDbEntity
  8
0
  6
CONTINUOUS
 62
     0
100
AcDbLine
 39
31.96927622246645
 10
3319.966333634894
 20
1123.916773795983
 30
9.736537075048334
 11
3317.838098647862
 21
1123.91677379598
 31
9.736537075048334
  0
LINE
  5
57C
330
1F
100
AcDbEntity
  8
0
  6
CONTINUOUS
 62
     0
100
AcDbLine
 39
31.96927622246645
 10
3316.968406803019
 20
1122.915726091774
 30
10.56273179826661
 11
3314.200981408278
 21
1122.911776687541
 31
10.56273179826684
  0
LINE
  5
57D
330
1F
100
AcDbEntity
  8
0
  6
CONTINUOUS
 62
     0
100
AcDbLine
 39
31.96927622246645
 10
3317.128067990925
 20
1130.473771133394
 30
9.736537075048632
 11
3317.128080819848
 21
1127.817112392505
 31
9.736537075049807
  0
LINE
  5
57E
330
1F
100
AcDbEntity
  8
0
  6
CONTINUOUS
 62
     0
100
AcDbLine
 39
31.96927622246645
 10
3317.128085390736
 20
1126.817112392505
 30
9.736537075049428
 11
3317.128099794281
 21
1123.665964252079
 31
9.736537075048238
  0
LINE
  5
57F
330
1F
100
AcDbEntity
  8
0
  6
CONTINUOUS
 62
     0
100
AcDbLine
 39
31.96927622246645
 10
3317.228062195863
 20
1130.623757914277
 30
9.73653707504957
 11
3317.228077178061
 21
1127.817112392506
 31
9.736537075049046
  0
LINE
  5
580
330
1F
100
AcDbEntity
  8
0
  6
CONTINUOUS
 62
     0
100
AcDbLine
 39
31.96927622246645
 10
3318.12806753392
 20
1129.623771133396
 30
9.736537075049384
 11
3318.128068334638
 21
1129.473771133396
 31
9.736537075049355
  0
LINE
  5
581
330
1F
100
AcDbEntity
  8
0
  6
CONTINUOUS
 62
     0
100
AcDbLine
 39
31.96927622246645
 10
3317.228081982364
 20
1126.917112392506
 30
9.73653707504888
 11
3317.228099336573
 21
1123.666112869089
 31
9.736537075048272
  0
LINE
  5
582
330
1F
100
AcDbEntity
  8
0
  6
CONTINUOUS
 62
     0
100
AcDbLine
 39
31.96927622246645
 10
3315.028062956422
 20
1130.47377113339
 30
9.736537075049544
 11
3315.028076428417
 21
1127.817112392502
 31
9.736537075049073
  0
LINE
  5
583
330
1F
100
AcDbEntity
  8
0
  6
CONTINUOUS
 62
     0
100
AcDbLine
 39
31.96927622246645
 10
3315.028081499447
 20
1126.817112392502
 30
9.736537075048895
 11
3315.028087533972
 21
1125.627112392091
 31
9.736537075048684
  0
LINE
  5
584
330
1F
100
AcDbEntity
  8
0
  6
CONTINUOUS
 62
     0
100
AcDbLine
 39
31.96927622246645
 10
3314.92806295642
 20
1130.47377113339
 30
9.736537075049544
 11
3314.928076428416
 21
1127.817112392502
 31
9.736537075049073
  0
LINE
  5
585
330
1F
100
AcDbEntity
  8
0
  6
CONTINUOUS
 62
     0
100
AcDbLine
 39
31.96927622246645
 10
3314.928080992342
 20
1126.917112392502
 30
9.736537075048647
 11
3314.925200488336
 21
1125.627112392091
 31
9.8161345318902
  0
LINE
  5
586
330
1F
100
AcDbEntity
  8
0
  6
CONTINUOUS
 62
     0
100
AcDbLine
 39
31.96927622246645
 10
3312.228062952983
 20
1130.473771133384
 30
9.736537075049544
 11
3312.228086917316
 21
1125.626795552313
 31
9.736537075048705
  0
LINE
  5
587
330
1F
100
AcDbEntity
  8
0
  6
CONTINUOUS
 62
     0
100
AcDbLine
 39
31.96927622246645
 10
3312.128062195725
 20
1130.473771133384
 30
9.736537075048608
 11
3312.128082420025
 21
1126.626795057885
 31
9.736537075048648
  0
LINE
  5
588
330
1F
100
AcDbEntity
  8
0
  6
CONTINUOUS
 62
     0
100
AcDbLine
 39
31.96927622246645
 10
3312.128082945745
 20
1126.526795057886
 30
9.73653707504865
 11
3312.128087677219
 21
1125.626795057899
 31
9.73653707504866
  0
LINE
  5
589
330
1F
100
AcDbEntity
  8
0
  6
CONTINUOUS
 62
     0
100
AcDbLine
 39
31.96927622246645
 10
3311.378071658663
 20
1128.673771133383
 30
9.736537075048627
 11
3311.378072184383
 21
1128.573771133383
 31
9.736537075048629
  0
LINE
  5
58A
330
1F
100
AcDbEntity
  8
0
  6
CONTINUOUS
 62
     0
100
AcDbLine
 39
31.96927622246645
 10
3311.378076125485
 20
1127.824112392086
 30
9.736537075048636
 11
3311.378076651205
 21
1127.724112392103
 31
9.736537075048638
  0
LINE
  5
58B
330
1F
100
AcDbEntity
  8
0
  6
CONTINUOUS
 62
     0
100
AcDbLine
 39
31.96927622246645
 10
3311.128062976399
 20
1130.473771133382
 30
9.736537075048602
 11
3311.128072344655
 21
1128.673771133382
 31
9.736537075049002
  0
LINE
  5
58C
330
1F
100
AcDbEntity
  8
0
  6
CONTINUOUS
 62
     0
100
AcDbLine
 39
31.96927622246645
 10
3311.228077287236
 20
1127.724112392057
 30
9.736537075049181
 11
3311.228082998347
 21
1126.626790113706
 31
9.736537075049412
  0
LINE
  5
58D
330
1F
100
AcDbEntity
  8
0
  6
CONTINUOUS
 62
     0
100
AcDbLine
 39
31.96927622246645
 10
3311.228083518805
 20
1126.526790113707
 30
9.736537075049434
 11
3311.228088202933
 21
1125.626790113719
 31
9.736537075049622
  0
LINE
  5
58E
330
1F
100
AcDbEntity
  8
0
  6
CONTINUOUS
 62
     0
100
AcDbLine
 39
31.96927622246645
 10
3311.02806219571
 20
1130.623771133382
 30
9.736537075048584
 11
3311.028072865113
 21
1128.573771133382
 31
9.736537075049005
  0
LINE
  5
58F
330
1F
100
AcDbEntity
  8
0
  6
CONTINUOUS
 62
     0
100
AcDbLine
 39
31.96927622246645
 10
3311.128076766778
 20
1127.824112392085
 30
9.736537075049158
 11
3311.128088721714
 21
1125.527112392095
 31
9.736537075049629
  0
LINE
  5
590
330
1F
100
AcDbEntity
  8
0
  6
CONTINUOUS
 62
     0
100
AcDbLine
 39
31.96927622246645
 10
3310.228076766765
 20
1127.824112392262
 30
10.02558467574093
 11
3310.228077287247
 21
1127.72410770791
 31
10.02558467574091
  0
LINE
  5
591
330
1F
100
AcDbEntity
  8
0
  6
CONTINUOUS
 62
     0
100
AcDbLine
 39
31.96927622246645
 10
3317.228102766507
 20
1122.915726091775
 30
9.736537075048151
 11
3317.228103223595
 21
1122.815726091776
 31
9.736537075048135
  0
LINE
  5
592
330
1F
100
AcDbEntity
  8
0
  6
CONTINUOUS
 62
     0
100
AcDbLine
 39
31.96927622246645
 10
3317.838098647859
 20
1123.91677379598
 30
9.736537075048334
 11
3317.838098647921
 21
1123.816773796555
 31
9.736537075048297
  0
LINE
  5
593
330
1F
100
AcDbEntity
  8
0
  6
CONTINUOUS
 62
     1
100
AcDbLine
 39
31.96927622246645
 10
3315.215976762431
 20
1120.275726091769
 30
9.7365370750485
 11
3315.215976762433
 21
1121.441118515901
 31
9.7365370750485
  0
LINE
  5
594
330
1F
100
AcDbEntity
  8
0
  6
CONTINUOUS
 62
     1
100
AcDbLine
 39
31.96927622246645
 10
3315.215976762433
 20
1121.690346349211
 30
9.7365370750485
 11
3315.215976762433
 21
1122.816980982505
 31
9.7365370750485
  0
LINE
  5
595
330
1F
100
AcDbEntity
  8
0
  6
CONTINUOUS
 62
     1
100
AcDbLine
 39
31.96927622246645
 10
3314.965976762431
 20
1120.275726091768
 30
9.7365370750485
 11
3314.965976762433
 21
1121.441118515901
 31
9.7365370750485
  0
LINE
  5
596
330
1F
100
AcDbEntity
  8
0
  6
CONTINUOUS
 62
     1
100
AcDbLine
 39
31.96927622246645
 10
3314.965976762433
 20
1121.690500718536
 30
9.7365370750485
 11
3314.965976762433
 21
1122.817312768636
 31
9.7365370750485
  0
LINE
  5
597
330
1F
100
AcDbEntity
  8
0
  6
CONTINUOUS
 62
     1
100
AcDbLine
 39
31.96927622246645
 10
3314.715976762431
 20
1120.275726091767
 30
9.7365370750485
 11
3314.715976762433
 21
1121.441118515902
 31
9.7365370750485
  0
LINE
  5
598
330
1F
100
AcDbEntity
  8
0
  6
CONTINUOUS
 62
     1
100
AcDbLine
 39
31.96927622246645
 10
3314.715976762433
 20
1121.69065508786
 30
9.7365370750485
 11
3314.715976762433
 21
1122.817644554767
 31
9.7365370750485
  0
LINE
  5
599
330
1F
100
AcDbEntity
  8
0
  6
CONTINUOUS
 62
     1
100
AcDbLine
 39
31.96927622246645
 10
3314.465976762431
 20
1120.275726091767
 30
9.7365370750485
 11
3314.465976762433
 21
1121.441118515902
 31
9.7365370750485
  0
LINE
  5
59A
330
1F
100
AcDbEntity
  8
0
  6
CONTINUOUS
 62
     1
100
AcDbLine
 39
31.96927622246645
 10
3314.465976762433
 20
1121.690809457184
 30
9.7365370750485
 11
3314.465976762433
 21
1122.817976340898
 31
9.7365370750485
  0
LINE
  5
59B
330
1F
100
AcDbEntity
  8
0
  6
CONTINUOUS
 62
     0
100
AcDbLine
 39
31.96927622246645
 10
3313.965976762431
 20
1120.275726091767
 30
9.736537075048494
 11
3316.813976762425
 21
1120.275726091774
 31
9.736537075048545
  0
LINE
  5
59C
330
1F
100
AcDbEntity
  8
0
  6
CONTINUOUS
 62
     0
100
AcDbLine
 39
31.96927622246645
 10
3313.965976762439
 20
1120.175726091767
 30
9.736537075048451
 11
3316.963964626675
 21
1120.175726091775
 31
9.736537075048577
  0
LINE
  5
59D
330
1F
100
AcDbEntity
  8
0
  6
CONTINUOUS
 62
     0
100
AcDbLine
 39
31.96927622246645
 10
3314.650098648019
 20
1119.275726091769
 30
9.73653707504848
 11
3314.750098648003
 21
1119.275726091769
 31
9.736537075048485
  0
LINE
  5
59E
330
1F
100
AcDbEntity
  8
0
  6
CONTINUOUS
 62
     0
100
AcDbLine
 39
31.96927622246645
 10
3317.863965809452
 20
1120.175726091777
 30
9.736537075048615
 11
3320.120098820009
 21
1120.175726091783
 31
9.73653707504871
  0
LINE
  5
59F
330
1F
100
AcDbEntity
  8
0
  6
CONTINUOUS
 62
     0
100
AcDbLine
 39
31.96927622246645
 10
3318.963178709133
 20
1119.275726091779
 30
9.73653707504866
 11
3319.120099917784
 21
1119.27572609178
 31
9.736537075048668
  0
LINE
  5
5A0
330
1F
100
AcDbEntity
  8
0
  6
CONTINUOUS
 62
     0
100
AcDbLine
 39
31.96927622246645
 10
3317.864127932676
 20
1120.275726091777
 30
9.736537075048593
 11
3319.963641668733
 21
1120.275726091782
 31
9.736537075048702
  0
LINE
  5
5A1
330
1F
100
AcDbEntity
  8
0
  6
CONTINUOUS
 62
     0
100
AcDbLine
 39
31.96927622246645
 10
3316.964129142597
 20
1122.815726091775
 30
9.736537075048547
 11
3317.228103223595
 21
1122.815726091776
 31
9.736537075048561
  0
LINE
  5
5A2
330
1F
100
AcDbEntity
  8
0
  6
CONTINUOUS
 62
     0
100
AcDbLine
 39
31.96927622246645
 10
3318.127635312221
 20
1122.815726091777
 30
9.736537075048608
 11
3319.964817192351
 21
1122.81487555079
 31
9.767786531840446
  0
LINE
  5
5A3
330
1F
100
AcDbEntity
  8
0
  6
CONTINUOUS
 62
     0
100
AcDbLine
 39
31.96927622246645
 10
3316.964129142597
 20
1122.915726091774
 30
9.736537075048547
 11
3317.228102766507
 21
1122.915726091775
 31
9.736537075048561
  0
LINE
  5
5A4
330
1F
100
AcDbEntity
  8
0
  6
CONTINUOUS
 62
     0
100
AcDbLine
 39
31.96927622246645
 10
3318.127681608181
 20
1122.915726091778
 30
9.736537075048608
 11
3318.664866587411
 21
1122.915477396834
 31
9.736537075048526
  0
LINE
  5
5A5
330
1F
100
AcDbEntity
  8
0
  6
CONTINUOUS
 62
     0
100
AcDbLine
 39
31.96927622246645
 10
3318.764866576694
 20
1122.91543110088
 30
9.736537075048512
 11
3319.964866448096
 21
1122.914875549419
 31
9.736537075048329
  0
LINE
  5
5A6
330
1F
100
AcDbEntity
  8
0
  6
CONTINUOUS
 62
     1
100
AcDbLine
 39
31.96927622246645
 10
3315.465976762433
 20
1122.816510940032
 30
9.7365370750485
 11
3315.465976762433
 21
1121.690191979887
 31
9.7365370750485
  0
LINE
  5
5A7
330
1F
100
AcDbEntity
  8
0
  6
CONTINUOUS
 62
     1
100
AcDbLine
 39
31.96927622246645
 10
3315.465976762433
 20
1121.441118515901
 30
9.7365370750485
 11
3315.465976762431
 21
1120.27572609177
 31
9.7365370750485
  0
LINE
  5
5A8
330
1F
100
AcDbEntity
  8
0
  6
CONTINUOUS
 62
     1
100
AcDbLine
 39
31.96927622246645
 10
3315.715976762433
 20
1122.816510940032
 30
9.7365370750485
 11
3315.715976762431
 21
1120.27572609177
 31
9.7365370750485
  0
LINE
  5
5A9
330
1F
100
AcDbEntity
  8
0
  6
CONTINUOUS
 62
     1
100
AcDbLine
 39
31.96927622246645
 10
3313.965976762433
 20
1121.515726091734
 30
9.736537075048384
 11
3313.965976762425
 21
1121.515726091759
 31
9.736537075048384
  0
LINE
  5
5AA
330
1F
100
AcDbEntity
  8
TEXT
  6
CONTINUOUS
 62
     1
100
AcDbLine
 39
31.96927622246645
 10
3314.200043651405
 20
1125.527112392091
 30
9.792296615461668
 11
3315.928103290174
 21
1122.914533778963
 31
10.56273179826668
  0
LINE
  5
5AB
330
1F
100
AcDbEntity
  8
TEXT
  6
CONTINUOUS
 62
     1
100
AcDbLine
 39
31.96927622246645
 10
3314.200981408278
 20
1122.911634505068
 30
10.56273179826684
 11
3315.928089271988
 21
1125.527112392089
 31
9.85242746407406
  0
LINE
  5
5AC
330
1F
100
AcDbEntity
  8
TEXT
  6
CONTINUOUS
 62
     1
100
AcDbLine
 39
31.96927622246645
 10
3311.250098647866
 20
1118.125750275893
 30
9.736537075048812
 11
3312.650098646091
 21
1116.523764212775
 31
9.736537075048938
  0
LINE
  5
5AD
330
1F
100
AcDbEntity
  8
TEXT
  6
CONTINUOUS
 62
     1
100
AcDbLine
 39
31.96927622246645
 10
3311.250098647866
 20
1116.523764212776
 30
9.736537075049068
 11
3312.650098646113
 21
1118.125750275882
 31
9.736537075048947
  0
LINE
  5
5AE
330
1F
100
AcDbEntity
  8
0
  6
CONTINUOUS
 62
     0
100
AcDbLine
 39
31.96927622246645
 10
3313.965976762439
 20
1120.175726091767
 30
9.736537075048451
 11
3313.965976762431
 21
1120.275726091767
 31
9.736537075048451
  0
LINE
  5
5AF
330
1F
100
AcDbEntity
  8
0
  6
CONTINUOUS
 62
     0
100
AcDbLine
 39
31.96927622246645
 10
3314.100976762422
 20
1122.914700890907
 30
9.736537075048556
 11
3314.10075195839
 21
1122.818285301185
 31
9.73653707504853
  0
LINE
  5
5B0
330
1F
100
AcDbEntity
  8
0
  6
CONTINUOUS
 62
     0
100
AcDbLine
 39
31.96927622246645
 10
3316.818039813672
 20
1122.8148548133
 30
9.736537075048556
 11
3316.813976762425
 21
1120.275726091774
 31
9.736537075048545
  0
LINE
  5
5B1
330
1F
100
AcDbEntity
  8
0
  6
CONTINUOUS
 62
     1
100
AcDbLine
 39
31.96927622246645
 10
3311.150098647857
 20
1115.723764212752
 30
10.62700272078684
 11
3311.150098647854
 21
1114.973764212752
 31
11.43920725274959
  0
MTEXT
  5
5B2
330
1F
100
AcDbEntity
  8
0
  6
CONTINUOUS
100
AcDbMText
 10
3311.879741864383
 20
1115.681262571559
 30
14.45182379959477
 40
0.15
 41
2.397382832208677
 71
     5
 72
     5
  1
BATH\P1.40X1.50\P(4'9''X5'0")
  7
AN
1001
ACAD
1000
ACAD_MTEXT_DEFINED_HEIGHT_BEGIN
1070
    46
1040
0.4832423829005998
1000
ACAD_MTEXT_DEFINED_HEIGHT_END
  0
LINE
  5
5B3
330
1F
100
AcDbEntity
  8
0
  6
CONTINUOUS
 62
     0
100
AcDbLine
 39
31.96927622246645
 10
3310.850098646071
 20
1114.87376421275
 30
11.10350127424329
 11
3312.750098647852
 21
1114.873764212686
 31
11.10350127424324
  0
LINE
  5
5B4
330
1F
100
AcDbEntity
  8
0
  6
CONTINUOUS
 62
     0
100
AcDbLine
 39
31.96927622246645
 10
3310.550098646075
 20
1114.17376421276
 30
11.10350127424329
 11
3310.650098646092
 21
1114.173764212757
 31
11.10350127424329
  0
MTEXT
  5
5B5
330
1F
100
AcDbEntity
  8
0
  6
CONTINUOUS
100
AcDbMText
 10
3310.669673247152
 20
1117.2409003343
 30
15.53479111118656
 40
0.15
 41
2.397382832208677
 71
     5
 72
     5
  1
WC\P0.90X1.20\P(3'0''X4'0")
  7
AN
1001
ACAD
1000
ACAD_MTEXT_DEFINED_HEIGHT_BEGIN
1070
    46
1040
0.4832423829005998
1000
ACAD_MTEXT_DEFINED_HEIGHT_END
  0
MTEXT
  5
5B6
330
1F
100
AcDbEntity
  8
0
  6
CONTINUOUS
100
AcDbMText
 10
3310.716989725841
 20
1118.384413917806
 30
15.53479111118656
 40
0.15
 41
2.397382832214287
 71
     5
 72
     5
  1
WC\P0.90X1.20\P(3'0''X4'0")
  7
AN
1001
ACAD
1000
ACAD_MTEXT_DEFINED_HEIGHT_BEGIN
1070
    46
1040
0.8632423832369946
1000
ACAD_MTEXT_DEFINED_HEIGHT_END
  0
LINE
  5
5B7
330
1F
100
AcDbEntity
  8
0
  6
CONTINUOUS
 62
     1
100
AcDbLine
 39
31.96927622246645
 10
3310.400098647859
 20
1119.123478140235
 30
10.81950438663989
 11
3311.250098647854
 21
1119.123478140239
 31
10.81950438663989
  0
LINE
  5
5B8
330
1F
100
AcDbEntity
  8
0
  6
CONTINUOUS
 62
     1
100
AcDbLine
 39
31.96927622246645
 10
3317.750098653316
 20
1114.073764213074
 30
13.67758780428363
 11
3316.850098653314
 21
1114.07376421307
 31
9.736537075048584
  0
MTEXT
  5
5B9
330
1F
100
AcDbEntity
  8
0
  6
CONTINUOUS
100
AcDbMText
 10
3318.301469637231
 20
1115.187136273291
 30
9.736537075048851
 40
0.1999999999999999
 41
1.867382832190486
 71
     5
 72
     5
  1
KITCHEN\P3.12X2.10\P(10'2''X7'0")
  7
AN
1001
ACAD
1000
ACAD_MTEXT_DEFINED_HEIGHT_BEGIN
1070
    46
1040
0.4832423829010611
1000
ACAD_MTEXT_DEFINED_HEIGHT_END
  0
MTEXT
  5
5BA
330
1F
100
AcDbEntity
  8
0
  6
CONTINUOUS
100
AcDbMText
 10
3316.749653851835
 20
1118.748128725485
 30
14.45182379959477
 40
0.1999999999999999
 41
1.847382832190489
 71
     5
 72
     5
  1
LIVING\P4.22X2.70\P(14'0''X9'0")
  7
AN
1001
ACAD
1000
ACAD_MTEXT_DEFINED_HEIGHT_BEGIN
1070
    46
1040
1.333242382900509
1000
ACAD_MTEXT_DEFINED_HEIGHT_END
  0
MTEXT
  5
5BB
330
1F
100
AcDbEntity
  8
0
  6
CONTINUOUS
100
AcDbMText
 10
3318.254356607084
 20
1121.506766018763
 30
14.45182379959477
 40
0.1999999999999999
 41
1.847382832190489
 71
     5
 72
     5
  1
KITCHEN\P3.00X2.54\P(10'0''X8'4")
  7
AN
1001
ACAD
1000
ACAD_MTEXT_DEFINED_HEIGHT_BEGIN
1070
    46
1040
0.7332423829005998
1000
ACAD_MTEXT_DEFINED_HEIGHT_END
  0
LINE
  5
5BC
330
1F
100
AcDbEntity
  8
TEXT
  6
CONTINUOUS
 62
     1
100
AcDbLine
 39
31.96927622246645
 10
3317.838098647921
 20
1123.816773795981
 30
9.736537075048334
 11
3317.228098647916
 21
1123.816773795406
 31
9.736537075048297
  0
MTEXT
  5
5BD
330
1F
100
AcDbEntity
  8
0
  6
CONTINUOUS
100
AcDbMText
 10
3318.606622313688
 20
1125.327229102277
 30
14.45182379959477
 40
0.1999999999999999
 41
2.147382832190114
 71
     5
 72
     5
  1
BED\P2.74X2.70\P(9'0''X9'0")
  7
AN
1001
ACAD
1000
ACAD_MTEXT_DEFINED_HEIGHT_BEGIN
1070
    46
1040
0.4832423829005998
1000
ACAD_MTEXT_DEFINED_HEIGHT_END
  0
MTEXT
  5
5BE
330
1F
100
AcDbEntity
  8
TEXT_
  6
CONTINUOUS
100
AcDbMText
 10
3311.657932478473
 20
1122.113938509156
 30
9.736537075048851
 40
0.1999999999999999
 41
1.445382832205723
 71
     5
 72
     5
  1
510.00 SQ.FT
  7
AN
1001
ACAD
1000
ACAD_MTEXT_DEFINED_HEIGHT_BEGIN
1070
    46
1040
0.9332423829013274
1000
ACAD_MTEXT_DEFINED_HEIGHT_END
  0
LWPOLYLINE
  5
5BF
330
1F
100
AcDbEntity
  8
0
 62
     1
100
AcDbPolyline
 90
        4
 70
     1
 43
0.0
 38
9.736537075048584
 10
3310.860594762165
 20
1121.901002545402
 10
3312.422799766162
 20
1121.901002545405
 10
3312.422799766168
 20
1122.331094037011
 10
3310.860594762168
 20
1122.331094037008
  0
LINE
  5
5C0
330
1F
100
AcDbEntity
  8
0
  6
CONTINUOUS
 62
     0
100
AcDbLine
 39
31.96927622246645
 10
3307.320098644243
 20
1119.515750276219
 30
9.736537075048785
 11
3307.320098644243
 21
1121.67575027622
 31
9.736537075048846
  0
LINE
  5
5C1
330
1F
100
AcDbEntity
  8
0
  6
CONTINUOUS
 62
     0
100
AcDbLine
 39
31.96927622246645
 10
3307.470098645616
 20
1121.575750276221
 30
9.73653707504831
 11
3307.470098645614
 21
1119.32575027622
 31
9.736537075048586
  0
LINE
  5
5C2
330
1F
100
AcDbEntity
  8
0
  6
CONTINUOUS
 62
     0
100
AcDbLine
 39
31.96927622246645
 10
3319.965283882675
 20
1123.81654079086
 30
9.736537075048323
 11
3319.96486673399
 21
1122.91549308669
 31
9.736537075048329
  0
LINE
  5
5C3
330
1F
100
AcDbEntity
  8
0
  6
CONTINUOUS
 62
     0
100
AcDbLine
 39
31.96927622246645
 10
3318.765284011273
 20
1123.817096342321
 30
9.736537075048323
 11
3318.76528351706
 21
1123.816028834101
 31
9.736537075048323
  0
LINE
  5
5C4
330
1F
100
AcDbEntity
  8
0
  6
CONTINUOUS
 62
     0
100
AcDbLine
 39
31.96927622246645
 10
3318.764936297377
 20
1123.066028870996
 30
9.736537075048329
 11
3318.764866576694
 21
1122.91543110088
 31
9.736537075048329
  0
LINE
  5
5C5
330
1F
100
AcDbEntity
  8
0
  6
CONTINUOUS
 62
     0
100
AcDbLine
 39
31.96927622246645
 10
3318.66528402199
 20
1123.817142638276
 30
9.736537075048323
 11
3318.665283543542
 21
1123.816109180718
 31
9.736537075048323
  0
LINE
  5
5C6
330
1F
100
AcDbEntity
  8
0
  6
CONTINUOUS
 62
     0
100
AcDbLine
 39
31.96927622246645
 10
3318.664936323858
 20
1123.066109217614
 30
9.736537075048329
 11
3318.664866587411
 21
1122.915477396835
 31
9.736537075048329
  0
LINE
  5
5C7
330
1F
100
AcDbEntity
  8
0
  6
CONTINUOUS
 62
     0
100
AcDbLine
 39
31.96927622246645
 10
3319.964817586117
 20
1122.815726091783
 30
9.767786531840448
 11
3319.963641668733
 21
1120.275726091782
 31
9.767786531840464
  0
LINE
  5
5C8
330
1F
100
AcDbEntity
  8
0
  6
CONTINUOUS
 62
     0
100
AcDbLine
 39
31.96927622246645
 10
3318.963178709133
 20
1119.27572609178
 30
9.767786531840471
 11
3318.961835218022
 21
1116.375764213167
 31
9.76778653184049
  0
LINE
  5
5C9
330
1F
100
AcDbEntity
  8
0
  6
CONTINUOUS
 62
     0
100
AcDbLine
 39
31.96927622246645
 10
3317.762298049023
 20
1117.375764212917
 30
9.767786531840484
 11
3317.762182309123
 21
1117.125764213268
 31
9.767786531840486
  0
LINE
  5
5CA
330
1F
100
AcDbEntity
  8
0
  6
CONTINUOUS
 62
     0
100
AcDbLine
 39
31.96927622246645
 10
3317.662298038307
 20
1117.375764212933
 30
9.767786531840484
 11
3317.662182298407
 21
1117.125764213277
 31
9.767786531840486
  0
LINE
  5
5CB
330
1F
100
AcDbEntity
  8
0
  6
CONTINUOUS
 62
     0
100
AcDbLine
 39
31.96927622246645
 10
3317.661835078707
 20
1116.375764213277
 30
9.76778653184049
 11
3317.661787858186
 21
1116.2737671458
 31
9.76778653184049
  0
LINE
  5
5CC
330
1F
100
AcDbEntity
  8
TEXT
  6
CONTINUOUS
100
AcDbLine
 39
31.96927622246645
 10
3320.120098643969
 20
1117.375764212556
 30
-22.2327391474178
 11
3320.120098643973
 21
1117.475764213088
 31
-22.2327391474178
  0
LINE
  5
5CD
330
1F
100
AcDbEntity
  8
0
  6
CONTINUOUS
 62
     1
100
AcDbLine
 39
31.96927622246645
 10
3314.215976762431
 20
1120.275726091767
 30
9.736537075048451
 11
3314.215976762433
 21
1121.441118515902
 31
9.736537075048451
  0
LINE
  5
5CE
330
1F
100
AcDbEntity
  8
0
  6
CONTINUOUS
 62
     1
100
AcDbLine
 39
31.96927622246645
 10
3314.215976762433
 20
1121.690963826508
 30
9.736537075048451
 11
3314.215976762433
 21
1122.818308127029
 31
9.736537075048451
  0
LINE
  5
5CF
102
{ACAD_REACTORS
330
665
102
}
330
1F
100
AcDbEntity
  8
0
  6
CONTINUOUS
 62
     1
100
AcDbLine
 39
31.96927622246645
 10
3313.965976762431
 20
1120.275726091767
 30
9.736537075048451
 11
3313.965976762433
 21
1122.81863991316
 31
9.736537075048451
  0
LINE
  5
5D0
330
1F
100
AcDbEntity
  8
0
  6
CONTINUOUS
 62
     1
100
AcDbLine
 39
31.96927622246645
 10
3316.850098653322
 20
1110.223764213054
 30
9.736537075048313
 11
3316.850085437967
 21
1110.223764213054
 31
9.736537075048313
  0
LINE
  5
5D1
102
{ACAD_REACTORS
330
622
102
}
330
1F
100
AcDbEntity
  8
0
  6
CONTINUOUS
 62
     7
100
AcDbLine
 39
31.96927622246645
 10
3316.850085437967
 20
1110.223764213054
 30
9.736537075048313
 11
3310.550098646075
 21
1110.223764213061
 31
9.736537075048492
  0
LINE
  5
5D2
330
1F
100
AcDbEntity
  8
0
  6
CONTINUOUS
 62
     7
100
AcDbLine
 39
31.96927622246645
 10
3316.750105260984
 20
1110.373764213055
 30
9.736537075048314
 11
3313.750098645967
 21
1110.373764213057
 31
9.736537075048401
  0
LINE
  5
5D3
330
1F
100
AcDbEntity
  8
0
  6
CONTINUOUS
 62
     7
100
AcDbLine
 39
31.96927622246645
 10
3313.650098646045
 20
1110.373764213057
 30
9.736537075048403
 11
3310.650098646077
 21
1110.37376421306
 31
9.736537075048489
  0
LINE
  5
5D4
330
1F
100
AcDbEntity
  8
0
  6
CONTINUOUS
 62
     1
100
AcDbLine
 39
31.96927622246645
 10
3310.550098646075
 20
1110.22376421306
 30
9.736537075048492
 11
3307.320098644271
 21
1110.223764213062
 31
9.736537075048584
  0
LINE
  5
5D5
330
1F
100
AcDbEntity
  8
0
  6
CONTINUOUS
 62
     1
100
AcDbLine
 39
31.96927622246645
 10
3310.550098646075
 20
1110.323764213059
 30
9.736537075048492
 11
3307.42009864427
 21
1110.323764213062
 31
9.736537075048581
  0
LINE
  5
5D6
330
1F
100
AcDbEntity
  8
0
  6
CONTINUOUS
 62
     1
100
AcDbLine
 39
31.96927622246645
 10
3316.850100602634
 20
1110.223764213072
 30
9.736537075048584
 11
3320.120242523071
 21
1110.223771133401
 31
9.736537075048584
  0
LINE
  5
5D7
330
1F
100
AcDbEntity
  8
0
  6
CONTINUOUS
 62
     1
100
AcDbLine
 39
31.96927622246645
 10
3316.850098653322
 20
1110.323764213068
 30
9.736537075048584
 11
3320.020242328141
 21
1110.323770921779
 31
9.736537075048584
  0
LINE
  5
5D8
330
1F
100
AcDbEntity
  8
0
 62
     1
100
AcDbLine
 10
3307.320098644272
 20
1111.22376421306
 30
9.736537075048588
 11
3307.320098644271
 21
1110.223764213062
 31
9.736537075048584
  0
LINE
  5
5D9
330
1F
100
AcDbEntity
  8
0
 62
     1
100
AcDbLine
 10
3307.420098644271
 20
1111.22376421306
 30
9.736537075048588
 11
3307.42009864427
 21
1110.323764213062
 31
9.736537075048584
  0
LINE
  5
5DA
330
1F
100
AcDbEntity
  8
0
100
AcDbLine
 10
3316.850100602633
 20
1111.223764213072
 30
9.736537075048584
 11
3316.850098420037
 21
1111.223764213069
 31
9.736537075048584
  0
LINE
  5
5DB
330
1F
100
AcDbEntity
  8
0
 62
     1
100
AcDbLine
 10
3320.120242523071
 20
1110.223771133401
 30
9.736537075048584
 11
3320.12024057376
 21
1111.223771130663
 31
9.736537075048584
  0
LINE
  5
5DC
330
1F
100
AcDbEntity
  8
0
 62
     1
100
AcDbLine
 10
3320.020242328141
 20
1110.323770921779
 30
9.736537075048584
 11
3320.020240573761
 21
1111.223770935732
 31
9.736537075048584
  0
LINE
  5
5DD
330
1F
100
AcDbEntity
  8
0
100
AcDbLine
 10
3310.150098646096
 20
1119.325750276217
 30
9.736537075048606
 11
3310.250098646975
 21
1119.325750276218
 31
9.736537075048606
  0
LINE
  5
5DE
330
1F
100
AcDbEntity
  8
0
  6
CONTINUOUS
 62
     1
100
AcDbLine
 39
31.96927622246645
 10
3315.715976762433
 20
1121.441118515901
 30
9.736537075048506
 11
3313.965976762433
 21
1121.441118515903
 31
9.736537075048451
  0
LINE
  5
5DF
330
1F
100
AcDbEntity
  8
0
  6
CONTINUOUS
 62
     1
100
AcDbLine
 39
31.96927622246645
 10
3315.715976762433
 20
1121.441118515901
 30
9.736537075048506
 11
3316.815838778417
 21
1121.43935854379
 31
9.73653707504855
  0
LINE
  5
5E0
330
1F
100
AcDbEntity
  8
0
  6
CONTINUOUS
 62
     1
100
AcDbLine
 39
31.96927622246645
 10
3313.965976762433
 20
1121.691118195833
 30
9.736537075048451
 11
3316.816238821748
 21
1121.68935822372
 31
9.73653707504855
  0
LINE
  5
5E1
330
1F
100
AcDbEntity
  8
0
  6
CONTINUOUS
 62
     1
100
AcDbLine
 39
31.96927622246645
 10
3313.965976762433
 20
1121.691118195833
 30
9.736537075048451
 11
3315.715976762433
 21
1121.441118515901
 31
9.736537075048506
  0
LINE
  5
5E2
330
1F
100
AcDbEntity
  8
0
  6
CONTINUOUS
 62
     1
100
AcDbLine
 39
31.96927622246645
 10
3313.965976762433
 20
1121.441118515903
 30
9.736537075048451
 11
3315.715976762433
 21
1121.690037610563
 31
9.736537075048512
  0
MTEXT
  5
5E3
330
1F
100
AcDbEntity
  8
0
  6
CONTINUOUS
100
AcDbMText
 10
3316.581771836189
 20
1125.752995798202
 30
9.736537075048584
 40
0.15
 41
2.397382832208899
 71
     5
 72
     5
  1
BATH\P1.10X1.90\P(3'7''X6'1")
  7
AN
1001
ACAD
1000
ACAD_MTEXT_DEFINED_HEIGHT_BEGIN
1070
    46
1040
0.4832423829005998
1000
ACAD_MTEXT_DEFINED_HEIGHT_END
  0
LINE
  5
5E4
330
1F
100
AcDbEntity
  8
0
100
AcDbLine
 10
3317.128099794281
 20
1123.665964252079
 30
9.736537075048238
 11
3317.228099336573
 21
1123.666112869089
 31
9.736537075048272
  0
LINE
  5
5E5
330
1F
100
AcDbEntity
  8
TEXT
  6
CONTINUOUS
 62
     1
100
AcDbLine
 39
31.96927622246645
 10
3317.228099336573
 20
1123.666112869089
 30
9.736537075048272
 11
3317.228102766507
 21
1122.915726091775
 31
9.736537075048561
  0
LINE
  5
5E6
330
1F
100
AcDbEntity
  8
0
100
AcDbLine
 10
3318.127635312221
 20
1122.815726091777
 30
9.736537075048608
 11
3318.127635312221
 21
1122.915726091778
 31
9.736537075048608
  0
LINE
  5
5E7
330
1F
100
AcDbEntity
  8
TEXT
  6
CONTINUOUS
 62
     1
100
AcDbLine
 39
31.96927622246645
 10
3318.664936323858
 20
1123.066109217614
 30
9.736537075048329
 11
3318.665283543542
 21
1123.816109180718
 31
9.736537075048323
  0
LINE
  5
5E8
330
1F
100
AcDbEntity
  8
0
  6
CONTINUOUS
 62
     1
100
AcDbLine
 39
31.96927622246645
 10
3320.120098820009
 20
1120.175726091783
 30
9.73653707504871
 11
3320.120098819934
 21
1117.475764213088
 31
9.73653707504849
  0
LINE
  5
5E9
330
1F
100
AcDbEntity
  8
0
  6
CONTINUOUS
 62
     1
100
AcDbLine
 39
31.96927622246645
 10
3320.020098820009
 20
1120.175726091786
 30
9.73653707504871
 11
3320.020098819934
 21
1117.475764213091
 31
9.73653707504849
  0
LINE
  5
5EA
330
1F
100
AcDbEntity
  8
0
100
AcDbLine
 10
3314.650098648019
 20
1119.275726091769
 30
9.73653707504848
 11
3314.650098648016
 21
1120.175726091769
 31
9.73653707504848
  0
LINE
  5
5EB
330
1F
100
AcDbEntity
  8
0
100
AcDbLine
 10
3319.120099917784
 20
1119.27572609178
 30
9.736537075048668
 11
3319.120099917782
 21
1120.175726091781
 31
9.736537075048668
  0
LINE
  5
5EC
330
1F
100
AcDbEntity
  8
TEXT
  6
CONTINUOUS
 62
     1
100
AcDbLine
 39
31.96927622246645
 10
3307.320098644243
 20
1121.67575027622
 30
9.736537075048846
 11
3307.320098644243
 21
1124.426112392065
 31
9.999690050998913
  0
LINE
  5
5ED
330
1F
100
AcDbEntity
  8
TEXT
  6
CONTINUOUS
 62
     1
100
AcDbLine
 39
31.96927622246645
 10
3307.470098644751
 20
1124.426112392066
 30
9.73653707504907
 11
3307.470098644747
 21
1121.67575027622
 31
9.736537075048322
  0
LINE
  5
5EE
330
1F
100
AcDbEntity
  8
0
100
AcDbLine
 10
3308.320098644243
 20
1122.575750276219
 30
9.7365370750484
 11
3308.320098644242
 21
1121.675750276219
 31
9.7365370750484
  0
LINE
  5
5EF
102
{ACAD_REACTORS
330
665
102
}
330
1F
100
AcDbEntity
  8
TEXT
  6
CONTINUOUS
 62
     1
100
AcDbLine
 39
31.96927622246645
 10
3312.750098646093
 20
1122.57575027621
 30
9.736537075048538
 11
3312.750098646095
 21
1121.675750276214
 31
9.736537075048531
  0
MTEXT
  5
5F0
330
1F
100
AcDbEntity
  8
0
  6
BYBLOCK
100
AcDbMText
 10
3307.710322890121
 20
1123.189344701608
 30
9.736537075048584
 40
0.2
 41
4.924804561597107
 71
     2
 72
     5
  1
3'3'' W. BALCONY
  7
AN
 11
-4.315135211452793E-12
 21
1.0
 31
0.0
1001
ACAD
1000
ACAD_MTEXT_DEFINED_HEIGHT_BEGIN
1070
    46
1040
0.6826164889145233
1000
ACAD_MTEXT_DEFINED_HEIGHT_END
  0
MTEXT
  5
5F1
330
1F
100
AcDbEntity
  8
0
  6
BYBLOCK
100
AcDbMText
 10
3319.4623860973
 20
1118.752706871641
 30
9.736537075048584
 40
0.2
 41
5.022804561597063
 71
     2
 72
     5
  1
3'3'' W. BALCONY
  7
AN
 11
-4.315135211452793E-12
 21
1.0
 31
0.0
1001
ACAD
1000
ACAD_MTEXT_DEFINED_HEIGHT_BEGIN
1070
    46
1040
0.6826164889145233
1000
ACAD_MTEXT_DEFINED_HEIGHT_END
  0
MTEXT
  5
5F2
330
1F
100
AcDbEntity
  8
0
  6
CONTINUOUS
100
AcDbMText
 10
3319.258200993151
 20
1123.372136826778
 30
9.736537075048584
 40
0.15
 41
2.376808897704906
 71
     5
 72
     5
  1
WC\P1.20X0.90\P(4'0''X3'0")
  7
AN
1001
ACAD
1000
ACAD_MTEXT_DEFINED_HEIGHT_BEGIN
1070
    46
1040
0.4832423829005998
1000
ACAD_MTEXT_DEFINED_HEIGHT_END
  0
MTEXT
  5
5F3
330
1F
100
AcDbEntity
  8
0
  6
CONTINUOUS
100
AcDbMText
 10
3308.984122035959
 20
1120.462074354753
 30
9.736537075048584
 40
0.1999999999999999
 41
2.147382832190487
 71
     5
 72
     5
  1
KITCHEN\P3.38X2.25\P(11'0''X7'6")
  7
AN
1001
ACAD
1000
ACAD_MTEXT_DEFINED_HEIGHT_BEGIN
1070
    46
1040
0.7332423829005998
1000
ACAD_MTEXT_DEFINED_HEIGHT_END
  0
MTEXT
  5
5F4
330
1F
100
AcDbEntity
  8
0
  6
CONTINUOUS
100
AcDbMText
 10
3308.784848267427
 20
1112.434008538083
 30
9.736537075048851
 40
0.1999999999999999
 41
2.117382832190486
 71
     5
 72
     5
  1
BED\P3.08X2.70\P(10'1''X9'0")
  7
AN
1001
ACAD
1000
ACAD_MTEXT_DEFINED_HEIGHT_BEGIN
1070
    46
1040
0.4832423829005998
1000
ACAD_MTEXT_DEFINED_HEIGHT_END
  0
MTEXT
  5
5F5
330
1F
100
AcDbEntity
  8
0
  6
CONTINUOUS
100
AcDbMText
 10
3318.391856583436
 20
1112.434008538102
 30
9.736537075048851
 40
0.1999999999999999
 41
2.117382832190486
 71
     5
 72
     5
  1
BED\P3.12X2.70\P(10'2''X9'0")
  7
AN
1001
ACAD
1000
ACAD_MTEXT_DEFINED_HEIGHT_BEGIN
1070
    46
1040
0.4832423829005998
1000
ACAD_MTEXT_DEFINED_HEIGHT_END
  0
MTEXT
  5
5F6
330
1F
100
AcDbEntity
  8
TEXT_
 62
     0
100
AcDbMText
 10
3308.944344076071
 20
1110.790628970661
 30
9.73653707504862
 40
0.1999999999999999
 41
3.755058910478651
 71
     5
 72
     5
  1
3'3'' WIDE BALCONY
  7
AN
 11
0.9999999998410581
 21
-1.782929240395552E-5
 31
0.0
1001
ACAD
1000
ACAD_MTEXT_DEFINED_HEIGHT_BEGIN
1070
    46
1040
0.3909419518327304
1000
ACAD_MTEXT_DEFINED_HEIGHT_END
  0
MTEXT
  5
5F7
330
1F
100
AcDbEntity
  8
TEXT_
 62
     0
100
AcDbMText
 10
3318.595152628131
 20
1110.79062897068
 30
9.73653707504862
 40
0.1999999999999999
 41
3.755058910478651
 71
     5
 72
     5
  1
3'3'' WIDE BALCONY
  7
AN
 11
0.9999999998410581
 21
-1.782929240395552E-5
 31
0.0
1001
ACAD
1000
ACAD_MTEXT_DEFINED_HEIGHT_BEGIN
1070
    46
1040
0.3909419518327304
1000
ACAD_MTEXT_DEFINED_HEIGHT_END
  0
MTEXT
  5
5F8
330
1F
100
AcDbEntity
  8
0
  6
CONTINUOUS
100
AcDbMText
 10
3311.879741864376
 20
1119.005728322238
 30
14.45182379959477
 40
0.15
 41
2.397382832208677
 71
     5
 72
     5
  1
BATH\P1.40X1.50\P(4'9''X5'0")
  7
AN
1001
ACAD
1000
ACAD_MTEXT_DEFINED_HEIGHT_BEGIN
1070
    46
1040
0.2332423829005998
1000
ACAD_MTEXT_DEFINED_HEIGHT_END
  0
LINE
  5
5F9
330
1F
100
AcDbEntity
  8
0
100
AcDbLine
 10
3314.750098647959
 20
1116.27576421302
 30
10.26207972142802
 11
3316.750620659857
 21
1114.973764212914
 31
4.238113988895532
  0
LINE
  5
5FA
330
1F
100
AcDbEntity
  8
0
100
AcDbLine
 10
3314.750098647939
 20
1114.973764213
 30
9.878404328345699
 11
3316.750620659874
 21
1116.275764213006
 31
-0.537970454781231
  0
LINE
  5
5FB
330
1F
100
AcDbEntity
  8
0
  6
CONTINUOUS
 62
     1
100
AcDbLine
 39
31.96927622246645
 10
3313.750098646054
 20
1114.973764213065
 30
11.10350127424321
 11
3314.65009864792
 21
1114.973764213068
 31
11.10350127424321
  0
LINE
  5
5FC
330
1F
100
AcDbEntity
  8
0
100
AcDbLine
 10
3317.661835078706
 20
1117.125764213277
 30
10.10383446120056
 11
3317.661835078707
 21
1116.375764213277
 31
9.76778653184049
  0
LINE
  5
5FD
330
1F
100
AcDbEntity
  8
0
100
AcDbLine
 10
3316.850620659881
 20
1117.125764213346
 30
7.349530277372914
 11
3316.850620659873
 21
1116.375764213346
 31
10.23290992954737
  0
MTEXT
  5
5FE
330
1F
100
AcDbEntity
  8
0
  6
CONTINUOUS
100
AcDbMText
 10
3318.348087579358
 20
1116.883806161088
 30
9.736537075048584
 40
0.15
 41
2.376808897704906
 71
     5
 72
     5
  1
WC\P1.20X0.90\P(4'0''X3'0")
  7
AN
1001
ACAD
1000
ACAD_MTEXT_DEFINED_HEIGHT_BEGIN
1070
    46
1040
0.4832423829005998
1000
ACAD_MTEXT_DEFINED_HEIGHT_END
  0
LINE
  5
5FF
330
1F
100
AcDbEntity
  8
0
100
AcDbLine
 10
3309.650098646072
 20
1111.37376421306
 30
9.736537075048584
 11
3309.650098646072
 21
1111.22376421306
 31
9.736537075048584
  0
LINE
  5
600
330
1F
100
AcDbEntity
  8
0
100
AcDbLine
 10
3309.650098646072
 20
1111.22376421306
 30
9.736537075048584
 11
3310.550096529858
 21
1111.223764213046
 31
9.736537075048584
  0
MTEXT
  5
601
330
1F
100
AcDbEntity
  8
0
  6
CONTINUOUS
100
AcDbMText
 10
3312.03620994972
 20
1112.542811409262
 30
9.736537075048378
 40
0.1999999999999999
 41
2.147382832190487
 71
     5
 72
     5
  1
LIVING\P3.00X4.50\P(10'0''X15'0")
  7
AN
1001
ACAD
1000
ACAD_MTEXT_DEFINED_HEIGHT_BEGIN
1070
    46
1040
0.4832423829005998
1000
ACAD_MTEXT_DEFINED_HEIGHT_END
  0
MTEXT
  5
602
330
1F
100
AcDbEntity
  8
0
  6
CONTINUOUS
100
AcDbMText
 10
3315.718391021387
 20
1116.909578012588
 30
9.736537075048584
 40
0.15
 41
2.376808897704906
 71
     5
 72
     5
  1
BATH\P2.00X1.00\P(6'6''X3'3")
  7
AN
1001
ACAD
1000
ACAD_MTEXT_DEFINED_HEIGHT_BEGIN
1070
    46
1040
0.4832423829005998
1000
ACAD_MTEXT_DEFINED_HEIGHT_END
  0
MTEXT
  5
603
330
1F
100
AcDbEntity
  8
TEXT_
  6
CONTINUOUS
100
AcDbMText
 10
3312.734340711861
 20
1114.488454393834
 30
9.736537075048584
 40
0.1999999999999999
 41
1.445382832205723
 71
     5
 72
     5
  1
565.00 SQ.FT
  7
AN
1001
ACAD
1000
ACAD_MTEXT_DEFINED_HEIGHT_BEGIN
1070
    46
1040
0.9332423829013274
1000
ACAD_MTEXT_DEFINED_HEIGHT_END
  0
LWPOLYLINE
  5
604
330
1F
100
AcDbEntity
  8
0
 62
     1
100
AcDbPolyline
 90
        4
 70
     1
 43
0.0
 38
9.736537075048584
 10
3311.937002995554
 20
1114.27551843008
 10
3313.499207999551
 20
1114.275518430083
 10
3313.499207999557
 20
1114.705609921688
 10
3311.937002995557
 20
1114.705609921686
  0
MTEXT
  5
605
330
1F
100
AcDbEntity
  8
TEXT_
  6
CONTINUOUS
100
AcDbMText
 10
3314.673690883676
 20
1114.488454393837
 30
9.736537075048584
 40
0.1999999999999999
 41
1.445382832205723
 71
     5
 72
     5
  1
560.00 SQ.FT
  7
AN
1001
ACAD
1000
ACAD_MTEXT_DEFINED_HEIGHT_BEGIN
1070
    46
1040
0.9332423829013274
1000
ACAD_MTEXT_DEFINED_HEIGHT_END
  0
LWPOLYLINE
  5
606
330
1F
100
AcDbEntity
  8
0
 62
     1
100
AcDbPolyline
 90
        4
 70
     1
 43
0.0
 38
9.736537075048584
 10
3313.876353167369
 20
1114.275518430084
 10
3315.438558171366
 20
1114.275518430087
 10
3315.438558171372
 20
1114.705609921693
 10
3313.876353167372
 20
1114.705609921689
  0
MTEXT
  5
607
330
1F
100
AcDbEntity
  8
TEXT_
  6
CONTINUOUS
100
AcDbMText
 10
3315.613308531328
 20
1119.73388523682
 30
9.736537075048584
 40
0.1999999999999999
 41
1.445382832205723
 71
     5
 72
     5
  1
530.00 SQ.FT
  7
AN
1001
ACAD
1000
ACAD_MTEXT_DEFINED_HEIGHT_BEGIN
1070
    46
1040
0.9332423829013274
1000
ACAD_MTEXT_DEFINED_HEIGHT_END
  0
LWPOLYLINE
  5
608
330
1F
100
AcDbEntity
  8
0
 62
     1
100
AcDbPolyline
 90
        4
 70
     1
 43
0.0
 38
9.736537075048584
 10
3314.815970815021
 20
1119.520949273066
 10
3316.378175819017
 20
1119.52094927307
 10
3316.378175819023
 20
1119.951040764675
 10
3314.815970815023
 20
1119.951040764672
  0
DIMENSION
  5
609
102
{ACAD_REACTORS
330
60B
102
}
102
{ACAD_XDICTIONARY
360
60A
102
}
330
1F
100
AcDbEntity
  8
0
100
AcDbDimension
  2
*D10
 10
3307.320093854352
 20
1128.513536947409
 30
9.736537075048584
 11
3306.020168188693
 21
1128.513536947409
 31
9.736537075048584
 70
    32
 51
0.000000000010534
  3
DIM
100
AcDbAlignedDimension
 13
3304.720242523034
 23
1128.497714531427
 33
9.736537075048584
 14
3307.320093854352
 24
1128.497724324505
 34
9.736537075048856
 50
0.0000000001042204
100
AcDbRotatedDimension
  0
DIMENSION
  5
60C
102
{ACAD_REACTORS
330
60E
102
}
102
{ACAD_XDICTIONARY
360
60D
102
}
330
1F
100
AcDbEntity
  8
0
100
AcDbDimension
  2
*D11
 10
3322.720242523036
 20
1127.458935839232
 30
9.736537075048584
 11
3321.420166514686
 21
1127.458935839232
 31
9.736537075048584
 70
    32
 51
0.000000000010534
  3
DIM
100
AcDbAlignedDimension
 13
3320.120090506336
 23
1127.813817112506
 33
-22.23273914741787
 14
3322.720242523036
 24
1127.813817112511
 34
9.736537075048584
 50
0.0000000001042204
100
AcDbRotatedDimension
  0
LINE
  5
60F
330
1F
100
AcDbEntity
  8
0
 62
     1
100
AcDbLine
 10
3320.120087499268
 20
1129.6237711334
 30
9.736537075048584
 11
3320.120087499266
 21
1130.6237711334
 31
9.736537075048584
  0
LINE
  5
610
330
1F
100
AcDbEntity
  8
0
 62
     1
100
AcDbLine
 10
3320.020087499268
 20
1129.6237711334
 30
9.736537075048584
 11
3320.020087499266
 21
1130.5237711334
 31
9.736537075048584
  0
LINE
  5
611
330
1F
100
AcDbEntity
  8
0
100
AcDbLine
 10
3319.968433203651
 20
1126.717112392511
 30
9.736537075048647
 11
3317.228083049987
 21
1126.717112392506
 31
9.736537075048647
  0
LINE
  5
612
330
1F
100
AcDbEntity
  8
0
100
AcDbLine
 10
3317.228081982364
 20
1126.917112392506
 30
9.736537075048647
 11
3316.778085160367
 21
1126.917112392505
 31
9.736537075048647
  0
LINE
  5
613
330
1F
100
AcDbEntity
  8
0
100
AcDbLine
 10
3315.178085160349
 20
1126.917112392502
 30
9.736537075048647
 11
3314.928080992342
 21
1126.917112392502
 31
9.736537075048647
  0
LINE
  5
614
330
1F
100
AcDbEntity
  8
0
100
AcDbLine
 10
3317.228077178061
 20
1127.817112392506
 30
9.736537075048647
 11
3317.128080819848
 21
1127.817112392505
 31
9.736537075048647
  0
LINE
  5
615
330
1F
100
AcDbEntity
  8
0
100
AcDbLine
 10
3315.028076428417
 20
1127.817112392502
 30
9.736537075048647
 11
3314.928076428416
 21
1127.817112392502
 31
9.736537075048647
  0
LINE
  5
616
330
1F
100
AcDbEntity
  8
0
100
AcDbLine
 10
3319.968433203651
 20
1126.617112392511
 30
9.736537075048647
 11
3317.228083583798
 21
1126.617112392506
 31
9.736537075048647
  0
LINE
  5
617
330
1F
100
AcDbEntity
  8
0
100
AcDbLine
 10
3317.128086304912
 20
1126.817112392505
 30
9.736537075048647
 11
3316.778085575917
 21
1126.817112392505
 31
9.736537075048647
  0
LINE
  5
618
330
1F
100
AcDbEntity
  8
0
100
AcDbLine
 10
3316.028085160362
 20
1126.917111955031
 30
12.76123184843615
 11
3315.928085160357
 21
1126.917111955031
 31
12.76123184843615
  0
LINE
  5
619
330
1F
100
AcDbEntity
  8
0
100
AcDbLine
 10
3315.1780855759
 20
1126.817112392502
 30
9.736537075048647
 11
3315.028081499447
 21
1126.817112392502
 31
9.736537075048647
  0
LINE
  5
61A
102
{ACAD_REACTORS
330
662
102
}
330
1F
100
AcDbEntity
  8
TEXT
  6
CONTINUOUS
 62
     1
100
AcDbLine
 39
31.96927622246645
 10
3312.750093045586
 20
1124.526112392094
 30
9.736537075048496
 11
3312.749980689547
 21
1125.527112392092
 31
9.739807501492166
  0
LINE
  5
61B
330
1F
100
AcDbEntity
  8
0
100
AcDbLine
 10
3312.650093046107
 20
1124.526102187186
 30
9.736537075048496
 11
3312.650093045066
 21
1124.526112392094
 31
9.736537105361304
  0
LINE
  5
61C
330
1F
100
AcDbEntity
  8
0
100
AcDbLine
 10
3312.650001200891
 20
1125.426112392094
 30
9.739210478476025
 11
3312.649980690067
 21
1125.527102187184
 31
9.739807501492166
  0
LINE
  5
61D
330
1F
100
AcDbEntity
  8
0
100
AcDbLine
 10
3308.320098644243
 20
1122.575750276219
 30
9.7365370750484
 11
3308.315671501725
 21
1124.42611239207
 31
9.735791746871817
  0
LINE
  5
61E
330
1F
100
AcDbEntity
  8
0
100
AcDbLine
 10
3310.250098644699
 20
1117.823485108077
 30
9.736537075050386
 11
3311.150098647857
 21
1117.823485108078
 31
9.736537075050386
  0
LINE
  5
61F
330
1F
100
AcDbEntity
  8
0
100
AcDbLine
 10
3310.2500986447
 20
1117.723485108077
 30
9.736537075050386
 11
3311.150098647857
 21
1117.723485108079
 31
9.736537075050386
  0
DIMENSION
  5
620
102
{ACAD_REACTORS
330
622
102
}
102
{ACAD_XDICTIONARY
360
621
102
}
330
1F
100
AcDbEntity
  8
0
100
AcDbDimension
  2
*D12
 10
3313.720242523088
 20
1108.223771133388
 30
9.736537075048584
 11
3313.720242523088
 21
1109.223767673222
 31
9.736537075048584
 70
    32
 51
0.000000000010534
  3
DIM
100
AcDbAlignedDimension
 13
3313.700092042021
 23
1110.223764213058
 33
9.736537075048403
 14
3313.720242523076
 24
1108.223771133387
 34
9.736537075048586
 50
90.00000000010422
100
AcDbRotatedDimension
  0
MTEXT
  5
623
330
1F
100
AcDbEntity
  8
0
  6
CONTINUOUS
100
AcDbMText
 10
3315.131001384138
 20
1112.542811409269
 30
9.736537075048378
 40
0.1999999999999999
 41
2.147382832190487
 71
     5
 72
     5
  1
LIVING\P3.00X4.50\P(10'0''X15'0")
  7
AN
1001
ACAD
1000
ACAD_MTEXT_DEFINED_HEIGHT_BEGIN
1070
    46
1040
0.4832423829005998
1000
ACAD_MTEXT_DEFINED_HEIGHT_END
  0
MTEXT
  5
624
330
1F
100
AcDbEntity
  8
0
  6
CONTINUOUS
100
AcDbMText
 10
3309.114128719764
 20
1126.036080450489
 30
9.736537075048584
 40
0.1999999999999999
 41
2.147382832190487
 71
     5
 72
     5
  1
LIVING\P3.66X3.20\P(12'1''X10'6")
  7
AN
1001
ACAD
1000
ACAD_MTEXT_DEFINED_HEIGHT_BEGIN
1070
    46
1040
0.6332423829006908
1000
ACAD_MTEXT_DEFINED_HEIGHT_END
  0
MTEXT
  5
625
330
1F
100
AcDbEntity
  8
0
  6
CONTINUOUS
100
AcDbMText
 10
3311.602453538231
 20
1129.447190243478
 30
9.736537075048584
 40
0.15
 41
2.397382832208899
 71
     5
 72
     5
  1
BATH\P1.00X1.80\P(3'3''X6'0")
  7
AN
1001
ACAD
1000
ACAD_MTEXT_DEFINED_HEIGHT_BEGIN
1070
    46
1040
0.4832423829005998
1000
ACAD_MTEXT_DEFINED_HEIGHT_END
  0
MTEXT
  5
626
330
1F
100
AcDbEntity
  8
0
  6
CONTINUOUS
100
AcDbMText
 10
3309.508861367847
 20
1129.264595420088
 30
9.736537075048584
 40
0.1999999999999999
 41
2.147382832190487
 71
     5
 72
     5
  1
KITCHEN\P2.56X2.65\P(8'6''X8'9")
  7
AN
1001
ACAD
1000
ACAD_MTEXT_DEFINED_HEIGHT_BEGIN
1070
    46
1040
0.6332423829006908
1000
ACAD_MTEXT_DEFINED_HEIGHT_END
  0
DIMENSION
  5
627
102
{ACAD_REACTORS
330
629
102
}
102
{ACAD_XDICTIONARY
360
628
102
}
330
1F
100
AcDbEntity
  8
0
100
AcDbDimension
  2
*D13
 10
3314.030290459123
 20
1130.623771133388
 30
9.736537075048584
 11
3314.030290459122
 21
1131.923771133387
 31
9.736537075048584
 70
    32
 51
0.000000000010534
  3
DIM
100
AcDbAlignedDimension
 13
3314.01693751984
 23
1133.223771133388
 33
9.736537075048584
 14
3314.016937519846
 24
1130.623771133387
 34
9.736537075048584
 50
90.00000000010422
100
AcDbRotatedDimension
  0
MTEXT
  5
62A
330
1F
100
AcDbEntity
  8
0
  6
CONTINUOUS
100
AcDbMText
 10
3316.581771836191
 20
1123.94744320218
 30
9.736537075048584
 40
0.15
 41
2.397382832208899
 71
     5
 72
     5
  1
BATH\P1.10X1.90\P(3'7''X6'1")
  7
AN
1001
ACAD
1000
ACAD_MTEXT_DEFINED_HEIGHT_BEGIN
1070
    46
1040
0.4832423829005998
1000
ACAD_MTEXT_DEFINED_HEIGHT_END
  0
LINE
  5
62B
330
1F
100
AcDbEntity
  8
0
100
AcDbLine
 10
3317.228062195863
 20
1130.623757914276
 30
9.73653707504957
 11
3317.228062195863
 21
1130.623771133394
 31
9.73653707504957
  0
LINE
  5
62C
330
1F
100
AcDbEntity
  8
0
 62
     1
100
AcDbLine
 10
3317.228062195863
 20
1130.623771133394
 30
9.736537075048584
 11
3320.120087499266
 21
1130.623771133399
 31
9.736537075048584
  0
LINE
  5
62D
330
1F
100
AcDbEntity
  8
0
 62
     1
100
AcDbLine
 10
3317.228062195863
 20
1130.523771133394
 30
9.736537075048584
 11
3320.020087499266
 21
1130.5237711334
 31
9.736537075048584
  0
LINE
  5
62E
330
1F
100
AcDbEntity
  8
0
100
AcDbLine
 10
3313.200036410483
 20
1125.626800357808
 30
12.09301443781883
 11
3312.228086917316
 21
1125.626795552313
 31
9.736537075049362
  0
LINE
  5
62F
330
1F
100
AcDbEntity
  8
0
100
AcDbLine
 10
3312.128087677219
 20
1125.626795057899
 30
9.49409037669801
 11
3311.227682544317
 21
1125.626790111714
 31
7.068622730636328
  0
LINE
  5
630
330
1F
100
AcDbEntity
  8
0
100
AcDbLine
 10
3312.128082945745
 20
1126.526795057886
 30
9.494089693694672
 11
3311.228083518805
 21
1126.526790113707
 31
7.069605675819862
  0
LINE
  5
631
330
1F
100
AcDbEntity
  8
0
100
AcDbLine
 10
3312.228081973133
 20
1126.626795552301
 30
9.736537075048261
 11
3311.128082998348
 21
1126.626789619287
 31
6.827157071963581
  0
LINE
  5
632
330
1F
100
AcDbEntity
  8
TEXT
  6
CONTINUOUS
 62
     1
100
AcDbLine
 39
31.96927622246645
 10
3313.200070972777
 20
1125.527112392092
 30
9.753773234151957
 11
3314.100071026869
 21
1125.527112392092
 31
9.786320234401911
  0
MTEXT
  5
633
330
1F
100
AcDbEntity
  8
0
  6
CONTINUOUS
100
AcDbMText
 10
3318.711026382143
 20
1127.912786487582
 30
9.736537075048584
 40
0.1999999999999999
 41
2.147382832190487
 71
     5
 72
     5
  1
BED\P2.74X2.75\P(9'1''X9'1")
  7
AN
1001
ACAD
1000
ACAD_MTEXT_DEFINED_HEIGHT_BEGIN
1070
    46
1040
0.6332423829006908
1000
ACAD_MTEXT_DEFINED_HEIGHT_END
  0
LINE
  5
634
330
1F
100
AcDbEntity
  8
TEXT
  6
CONTINUOUS
 62
     1
100
AcDbLine
 39
31.96927622246645
 10
3317.128080819848
 20
1127.817112392506
 30
9.736537075048647
 11
3317.128084933647
 21
1126.917112392506
 31
9.736537075048647
  0
LINE
  5
635
330
1F
100
AcDbEntity
  8
0
 62
     1
100
AcDbLine
 10
3307.320085845994
 20
1130.623771133374
 30
9.736537075048584
 11
3307.320092666003
 21
1127.824112392071
 31
9.855729434380462
  0
LINE
  5
636
330
1F
100
AcDbEntity
  8
0
100
AcDbLine
 10
3307.320092666003
 20
1127.824112392071
 30
9.855729434380464
 11
3307.320100945883
 21
1124.425166768557
 31
10.0004357666668
  0
LINE
  5
637
330
1F
100
AcDbEntity
  8
0
 62
     1
100
AcDbLine
 10
3307.470086211397
 20
1130.473771133374
 30
9.742923173893104
 11
3307.470092838219
 21
1127.824112392072
 31
9.876931246452974
  0
LINE
  5
638
330
1F
100
AcDbEntity
  8
0
100
AcDbLine
 10
3307.470093081821
 20
1127.724112391383
 30
9.881188635340909
 11
3307.470100702283
 21
1124.525165975016
 31
9.9961784271489
  0
LINE
  5
639
330
1F
100
AcDbEntity
  8
0
100
AcDbLine
 10
3307.470100945818
 20
1124.425193380862
 30
10.00043464923409
 11
3307.470100945882
 21
1124.425167133959
 31
10.0004357666668
  0
LINE
  5
63A
330
1F
100
AcDbEntity
  8
0
100
AcDbLine
 10
3308.320085845994
 20
1130.623771133377
 30
9.736537075048584
 11
3308.32009047359
 21
1128.724112392139
 31
9.817412934649996
  0
LINE
  5
63B
330
1F
100
AcDbEntity
  8
0
100
AcDbLine
 10
3308.470086211397
 20
1130.473771133377
 30
9.742923173893104
 11
3308.470090587311
 21
1128.724112392149
 31
9.831413209192563
  0
LINE
  5
63C
330
1F
100
AcDbEntity
  8
0
 62
     1
100
AcDbLine
 10
3307.320085845994
 20
1130.623771133374
 30
9.736537075048584
 11
3308.320085845994
 21
1130.623771133377
 31
9.736537075048584
  0
LINE
  5
63D
330
1F
100
AcDbEntity
  8
TEXT
  6
CONTINUOUS
 62
     1
100
AcDbLine
 39
31.96927622246645
 10
3308.32009047359
 20
1128.724112392139
 30
9.817412934649996
 11
3308.320090473591
 21
1127.824112392139
 31
9.817412934649996
  0
MTEXT
  5
63E
330
1F
100
AcDbEntity
  8
0
  6
BYBLOCK
100
AcDbMText
 10
3307.710322890111
 20
1129.307693198664
 30
9.736537075048584
 40
0.2
 41
4.924804561597107
 71
     2
 72
     5
  1
3'3'' W. BALCONY
  7
AN
 11
-4.315135211452793E-12
 21
1.0
 31
0.0
1001
ACAD
1000
ACAD_MTEXT_DEFINED_HEIGHT_BEGIN
1070
    46
1040
0.6826164889145233
1000
ACAD_MTEXT_DEFINED_HEIGHT_END
  0
LINE
  5
63F
330
1F
100
AcDbEntity
  8
TEXT
  6
CONTINUOUS
 62
     1
100
AcDbLine
 39
31.96927622246645
 10
3311.378072184383
 20
1128.573771133383
 30
9.736537075048604
 11
3312.128072184373
 21
1128.573775076279
 31
9.736537075048629
  0
LINE
  5
640
330
1F
100
AcDbEntity
  8
TEXT
  6
CONTINUOUS
 62
     1
100
AcDbLine
 39
31.96927622246645
 10
3311.378076125485
 20
1127.824112392086
 30
11.80065859974077
 11
3312.128076125495
 21
1127.824112392088
 31
9.736537075048636
  0
LINE
  5
641
330
1F
100
AcDbEntity
  8
TEXT
  6
CONTINUOUS
 62
     1
100
AcDbLine
 39
31.96927622246645
 10
3311.228083518805
 20
1126.526790113707
 30
7.069605675819862
 11
3312.128087677219
 21
1125.626795057899
 31
9.494090376697734
  0
LINE
  5
642
330
1F
100
AcDbEntity
  8
TEXT
  6
CONTINUOUS
 62
     1
100
AcDbLine
 39
31.96927622246645
 10
3311.228088202933
 20
1125.626790113719
 30
7.069606244032361
 11
3312.128082945745
 21
1126.526795057886
 31
9.494089693694397
  0
MTEXT
  5
643
330
1F
100
AcDbEntity
  8
0
  6
CONTINUOUS
100
AcDbMText
 10
3311.674433612215
 20
1127.263173520405
 30
9.736537075048584
 40
0.15
 41
2.397382832208899
 71
     5
 72
     5
  1
WC\P1.00X1.10\P(3'3''X3'7")
  7
AN
1001
ACAD
1000
ACAD_MTEXT_DEFINED_HEIGHT_BEGIN
1070
    46
1040
0.4832423829005998
1000
ACAD_MTEXT_DEFINED_HEIGHT_END
  0
MTEXT
  5
644
330
1F
100
AcDbEntity
  8
0
  6
CONTINUOUS
100
AcDbMText
 10
3313.347351169921
 20
1127.661239853877
 30
9.736537075048584
 40
0.1999999999999999
 41
2.147382832190487
 71
     5
 72
     5
  1
LIVING\P2.70X4.85\P(9'0''X16'6")
  7
AN
1001
ACAD
1000
ACAD_MTEXT_DEFINED_HEIGHT_BEGIN
1070
    46
1040
0.6332423829006908
1000
ACAD_MTEXT_DEFINED_HEIGHT_END
  0
MTEXT
  5
645
330
1F
100
AcDbEntity
  8
0
  6
CONTINUOUS
100
AcDbMText
 10
3316.044094535024
 20
1128.358278919145
 30
9.736537075048584
 40
0.1999999999999999
 41
2.147382832190487
 71
     5
 72
     5
  1
KITCHEN\P2.10X3.56\P(7'0''X11'9")
  7
AN
1001
ACAD
1000
ACAD_MTEXT_DEFINED_HEIGHT_BEGIN
1070
    46
1040
0.6332423829006908
1000
ACAD_MTEXT_DEFINED_HEIGHT_END
  0
MTEXT
  5
646
330
1F
100
AcDbEntity
  8
0
  6
CONTINUOUS
100
AcDbMText
 10
3315.495313628757
 20
1126.249158927168
 30
9.736537075048584
 40
0.15
 41
2.397382832208899
 71
     5
 72
     5
  1
WC\P0.90X1.19\P(3'0''X4'0")
  7
AN
1001
ACAD
1000
ACAD_MTEXT_DEFINED_HEIGHT_BEGIN
1070
    46
1040
0.4832423829005998
1000
ACAD_MTEXT_DEFINED_HEIGHT_END
  0
LINE
  5
647
330
1F
100
AcDbEntity
  8
TEXT
  6
CONTINUOUS
 62
     1
100
AcDbLine
 39
31.96927622246645
 10
3315.178085160349
 20
1126.917112392502
 30
9.736537075048647
 11
3315.928085160356
 21
1126.917112392504
 31
9.736537075048647
  0
LINE
  5
648
330
1F
100
AcDbEntity
  8
TEXT
  6
CONTINUOUS
 62
     1
100
AcDbLine
 39
31.96927622246645
 10
3316.028085160362
 20
1126.917111955031
 30
12.76123184843615
 11
3316.778085160368
 21
1126.917111955031
 31
12.76123184843615
  0
LINE
  5
649
330
1F
100
AcDbEntity
  8
0
100
AcDbLine
 10
3318.12806753392
 20
1129.623771133396
 30
9.736537075049384
 11
3317.128072095549
 21
1129.623771133394
 31
9.736537075048584
  0
MTEXT
  5
64A
330
1F
100
AcDbEntity
  8
TEXT_
 62
     0
100
AcDbMText
 10
3318.573356136877
 20
1130.074842928213
 30
9.736537075048584
 40
0.1999999999999999
 41
3.755058910478651
 71
     5
 72
     5
  1
3'3'' WIDE BALCONY
  7
AN
 11
0.9999999998410581
 21
-1.782929240395552E-5
 31
0.0
1001
ACAD
1000
ACAD_MTEXT_DEFINED_HEIGHT_BEGIN
1070
    46
1040
0.3909419518327304
1000
ACAD_MTEXT_DEFINED_HEIGHT_END
  0
LINE
  5
64B
330
1F
100
AcDbEntity
  8
0
100
AcDbLine
 10
3317.7501043671
 20
1111.37376620924
 30
9.736537075048584
 11
3317.750104684533
 21
1111.223766117677
 31
9.736537075048584
  0
LINE
  5
64C
330
1F
100
AcDbEntity
  8
0
100
AcDbLine
 10
3317.750104684534
 20
1111.223766117677
 30
9.736537075048584
 11
3316.850098420038
 21
1111.223764213069
 31
9.736537075048584
  0
MTEXT
  5
64D
330
1F
100
AcDbEntity
  8
TEXT_
  6
CONTINUOUS
100
AcDbMText
 10
3311.466119897303
 20
1124.993923088958
 30
9.736537075048584
 40
0.1999999999999999
 41
1.445382832205723
 71
     5
 72
     5
  1
412.00 SQ.FT
  7
AN
1001
ACAD
1000
ACAD_MTEXT_DEFINED_HEIGHT_BEGIN
1070
    46
1040
0.9332423829013274
1000
ACAD_MTEXT_DEFINED_HEIGHT_END
  0
LWPOLYLINE
  5
64E
330
1F
100
AcDbEntity
  8
0
 62
     1
100
AcDbPolyline
 90
        4
 70
     1
 43
0.0
 38
9.736537075048584
 10
3310.668782180996
 20
1124.780987125204
 10
3312.230987184992
 20
1124.780987125207
 10
3312.230987184999
 20
1125.211078616813
 10
3310.668782180999
 20
1125.21107861681
  0
MTEXT
  5
64F
330
1F
100
AcDbEntity
  8
TEXT_
  6
CONTINUOUS
100
AcDbMText
 10
3313.740299736901
 20
1125.985867308638
 30
9.736537075048584
 40
0.1999999999999999
 41
1.445382832205723
 71
     5
 72
     5
  1
535.00 SQ.FT
  7
AN
1001
ACAD
1000
ACAD_MTEXT_DEFINED_HEIGHT_BEGIN
1070
    46
1040
0.9332423829013274
1000
ACAD_MTEXT_DEFINED_HEIGHT_END
  0
LWPOLYLINE
  5
650
330
1F
100
AcDbEntity
  8
0
 62
     1
100
AcDbPolyline
 90
        4
 70
     1
 43
0.0
 38
9.736537075048584
 10
3312.942962020594
 20
1125.772931344884
 10
3314.50516702459
 20
1125.772931344887
 10
3314.505167024598
 20
1126.203022836492
 10
3312.942962020597
 20
1126.20302283649
  0
LWPOLYLINE
  5
651
330
1F
100
AcDbEntity
  8
0
 62
     1
100
AcDbPolyline
 90
       10
 70
     1
 43
0.0
 38
9.739210478476025
 10
3312.650001200891
 20
1125.426112392094
 10
3312.74999202617
 20
1125.426112392095
 10
3312.750093045588
 20
1124.526112375891
 10
3307.470100702283
 20
1124.525165975016
 10
3307.470100702271
 20
1130.473771133375
 10
3312.128062195725
 20
1130.473771133384
 10
3312.128082420025
 20
1126.626795057884
 10
3311.128082998348
 20
1126.626789619287
 10
3311.128088721714
 20
1125.527112392095
 10
3312.649980690067
 20
1125.527102187184
  0
LWPOLYLINE
  5
652
330
1F
100
AcDbEntity
  8
0
 62
     1
100
AcDbPolyline
 90
       17
 70
     1
 43
0.0
 38
12.09301443781883
 10
3313.200036410483
 20
1125.626800357808
 10
3313.200070972777
 20
1125.527112392092
 10
3314.100071026869
 20
1125.527112392092
 10
3314.100036356391
 20
1125.627112392092
 10
3315.928090520958
 20
1125.62711239209
 10
3316.028090520967
 20
1125.62711239209
 10
3316.028077389646
 20
1124.917112392093
 10
3317.128077391448
 20
1124.917112392092
 10
3317.128085847825
 20
1126.717112392506
 10
3319.968429439941
 20
1126.713842800661
 10
3319.968429439934
 20
1129.6237711334
 10
3320.020087499268
 20
1129.6237711334
 10
3320.020087499266
 20
1130.5237711334
 10
3317.228062729684
 20
1130.52375622925
 10
3317.228062729684
 20
1130.473756229251
 10
3312.22806295318
 20
1130.473731508339
 10
3312.228086917316
 20
1125.626795552313
  0
LWPOLYLINE
  5
653
330
1F
100
AcDbEntity
  8
0
 62
     1
100
AcDbPolyline
 90
       15
 70
     1
 43
0.0
 38
9.736537075048584
 10
3314.750098648003
 20
1119.275726091769
 10
3314.650098648019
 20
1119.275726091768
 10
3314.650098648017
 20
1120.175726091769
 10
3316.963958544939
 20
1120.1719747875
 10
3316.963958544932
 20
1122.815726091775
 10
3316.963815843868
 20
1122.915719539998
 10
3316.028101792522
 20
1122.914675959305
 10
3316.028101792635
 20
1124.817112392093
 10
3317.228093192371
 20
1124.817118797785
 10
3317.228083583798
 20
1126.617112392506
 10
3319.968356543362
 20
1126.615058004997
 10
3319.96835654338
 20
1120.175726091783
 10
3320.020098820009
 20
1120.175726091781
 10
3320.020098819934
 20
1117.475764213091
 10
3314.750098647975
 20
1117.475764213255
  0
LWPOLYLINE
  5
654
330
1F
100
AcDbEntity
  8
0
 62
     1
100
AcDbPolyline
 90
       16
 70
     1
 43
0.0
 38
11.10350127424321
 10
3313.750098642493
 20
1114.973764213066
 10
3314.65009864792
 20
1114.973764213068
 10
3314.650098647919
 20
1114.873764212999
 10
3316.850620659856
 20
1114.873764212924
 10
3316.850620659873
 20
1116.375764213346
 10
3314.750098647953
 20
1116.375764213524
 10
3314.750098647974
 20
1117.375764213256
 10
3318.962297592856
 20
1117.373812790419
 10
3318.972862829069
 20
1116.272867906679
 10
3319.961673450373
 20
1116.272125817818
 10
3319.961684133787
 20
1111.223770797859
 10
3320.020240573762
 20
1111.223770912003
 10
3320.020242328141
 20
1110.323770921779
 10
3316.850098653322
 20
1110.323764213068
 10
3316.850098653322
 20
1110.373764213068
 10
3313.750098645967
 20
1110.373764213058
  0
LWPOLYLINE
  5
655
330
1F
100
AcDbEntity
  8
0
 62
     1
100
AcDbPolyline
 90
       16
 70
     1
 43
0.0
 38
11.10350127424324
 10
3312.750098647852
 20
1114.873764212686
 10
3312.750098647852
 20
1114.973764213064
 10
3313.65009864248
 20
1114.973764213708
 10
3313.650098642474
 20
1110.373764213058
 10
3310.550098646075
 20
1110.374684941607
 10
3310.550098646075
 20
1110.323764213059
 10
3307.420098644271
 20
1110.323764213062
 10
3307.420098644272
 20
1111.223764213062
 10
3307.470098644271
 20
1111.223764213063
 10
3307.470098646107
 20
1116.423764212638
 10
3310.250098646082
 20
1116.42376421181
 10
3310.250098646468
 20
1117.723485108077
 10
3311.150098647858
 20
1117.723485108079
 10
3311.150098647858
 20
1116.423764212723
 10
3312.650098647852
 20
1116.423764212399
 10
3312.650098647799
 20
1114.873764212689
  0
LWPOLYLINE
  5
656
330
1F
100
AcDbEntity
  8
0
 62
     1
100
AcDbPolyline
 90
       16
 70
     1
 43
0.0
 38
9.736537075048584
 10
3312.650098645092
 20
1122.57575027621
 10
3312.750098646089
 20
1122.575750276211
 10
3312.750098646091
 20
1121.675750276215
 10
3310.850098646086
 20
1121.675750276212
 10
3310.8500986461
 20
1119.675750276202
 10
3312.650098646784
 20
1119.675750276214
 10
3312.650098646785
 20
1118.225750275885
 10
3311.150098647854
 20
1118.227438583945
 10
3311.150098647857
 20
1117.823485108078
 10
3310.250098646498
 20
1117.823485108077
 10
3310.150098646076
 20
1117.823485108077
 10
3310.150098646081
 20
1116.52376421306
 10
3307.470098646085
 20
1116.523764213053
 10
3307.47009864609
 20
1121.67575027622
 10
3307.470100945882
 20
1124.425167133959
 10
3312.650098644116
 20
1124.426112392095
  0
MTEXT
  5
657
330
1F
100
AcDbEntity
  8
TEXT_
  6
CONTINUOUS
100
AcDbMText
 10
3313.740299736887
 20
1133.397578518594
 30
9.736537075048584
 40
0.1999999999999999
 41
1.445382832205723
 71
     5
 72
     5
  1
18.00 M.
  7
AN
1001
ACAD
1000
ACAD_MTEXT_DEFINED_HEIGHT_BEGIN
1070
    46
1040
0.9332423829013274
1000
ACAD_MTEXT_DEFINED_HEIGHT_END
  0
MTEXT
  5
658
330
1F
100
AcDbEntity
  8
TEXT_
  6
CONTINUOUS
100
AcDbMText
 10
3322.47575591317
 20
1120.398429788589
 30
9.736537075048584
 40
0.1999999999999999
 41
1.445382832205723
 71
     5
 72
     5
  1
25.00 M.
  7
AN
 11
-1.784537715929950E-12
 21
1.0
 31
0.0
1001
ACAD
1000
ACAD_MTEXT_DEFINED_HEIGHT_BEGIN
1070
    46
1040
0.9332423829013274
1000
ACAD_MTEXT_DEFINED_HEIGHT_END
  0
LINE
  5
659
330
1F
100
AcDbEntity
  8
0
100
AcDbLine
 10
3311.150098647851
 20
1119.123478140239
 30
10.81950438663989
 11
3311.150098647848
 21
1119.675750276203
 31
9.736537075048584
  0
MTEXT
  5
65A
330
1F
100
AcDbEntity
  8
0
  6
CONTINUOUS
100
AcDbMText
 10
3319.12934291876
 20
1109.485568535756
 30
9.736537075048584
 40
0.3783982934277036
 41
11.64281114881495
 71
     5
 72
     5
  1
TYPICAL 1ST TO 6TH  FLOOR
  7
AN
 11
0.9999999998410585
 21
-1.782927866569790E-5
 31
0.0
1001
ACAD
1000
ACAD_MTEXT_DEFINED_HEIGHT_BEGIN
1070
    46
1040
0.9332423829013274
1000
ACAD_MTEXT_DEFINED_HEIGHT_END
  0
LINE
  5
65B
330
1F
100
AcDbEntity
  8
0
  6
CONTINUOUS
100
AcDbLine
 39
31.96927622246645
 10
3315.980435802594
 20
1109.217407028206
 30
9.736537075048584
 11
3322.312222601526
 21
1109.217407028219
 31
9.736537075048584
  0
MTEXT
  5
65C
330
1F
100
AcDbEntity
  8
0
  6
CONTINUOUS
100
AcDbMText
 10
3319.129342918761
 20
1108.868965523493
 30
9.736537075048584
 40
0.32
 41
11.64281114881495
 71
     5
 72
     5
  1
3112 X 6 = 18672.00
  7
AN
 11
0.9999999998410585
 21
-1.782927866569790E-5
 31
0.0
1001
ACAD
1000
ACAD_MTEXT_DEFINED_HEIGHT_BEGIN
1070
    46
1040
0.9332423829013274
1000
ACAD_MTEXT_DEFINED_HEIGHT_END
  0
DIMENSION
  5
65D
102
{ACAD_REACTORS
330
65F
102
}
102
{ACAD_XDICTIONARY
360
65E
102
}
330
1F
100
AcDbEntity
  8
0
100
AcDbDimension
  2
*D14
 10
3314.65009864798
 20
1117.582310381587
 30
9.736537075048584
 11
3313.700098647034
 21
1117.582310381587
 31
9.736537075048584
 70
    32
 51
0.000000000010534
  3
DIM
100
AcDbAlignedDimension
 13
3312.750098646087
 23
1117.588852112158
 33
9.736537075049089
 14
3314.65009864798
 24
1117.608488892426
 34
18.14752463396886
 50
0.0000000001042204
100
AcDbRotatedDimension
  0
DIMENSION
  5
660
102
{ACAD_REACTORS
330
662
102
}
102
{ACAD_XDICTIONARY
360
661
102
}
330
1F
100
AcDbEntity
  8
0
100
AcDbDimension
  2
*D15
 10
3314.100310039179
 20
1124.811241351524
 30
9.736537075048584
 11
3313.425186655239
 21
1124.811241351524
 31
9.736537075048584
 70
    32
 51
0.000000000010534
  3
DIM
100
AcDbAlignedDimension
 13
3312.750063271299
 23
1124.791376830378
 33
9.737403736220854
 14
3314.100310039179
 24
1124.837729598222
 34
11.40721780131994
 50
0.0000000001042204
100
AcDbRotatedDimension
  0
DIMENSION
  5
663
102
{ACAD_REACTORS
330
665
102
}
102
{ACAD_XDICTIONARY
360
664
102
}
330
1F
100
AcDbEntity
  8
0
100
AcDbDimension
  2
*D16
 10
3313.965976762432
 20
1121.871819883755
 30
9.736537075048584
 11
3313.358037704263
 21
1121.871819883755
 31
9.736537075048584
 70
    32
 51
0.000000000010534
  3
DIM
100
AcDbAlignedDimension
 13
3312.750098646094
 23
1121.850184080417
 33
9.736537075048533
 14
3313.965976762432
 24
1121.850184080416
 34
9.736537075048451
 50
0.0000000001042204
100
AcDbRotatedDimension
  0
LWPOLYLINE
  5
666
330
1F
100
AcDbEntity
  8
0
100
AcDbPolyline
 90
        4
 70
     1
 43
0.0
 38
9.736537075048584
 10
3304.720242523025
 20
1133.223771133369
 10
3322.720242523028
 20
1133.223771133404
 10
3322.720242523075
 20
1108.223771133405
 10
3304.720242523073
 20
1108.223771133371
  0
LWPOLYLINE
  5
667
330
1F
100
AcDbEntity
  8
0
100
AcDbPolyline
 90
        4
 70
     1
 43
0.0
 38
9.736537075048812
 10
3311.250098647861
 20
1118.1257502759
 10
3312.650098647856
 20
1118.125750275903
 10
3312.650098647859
 20
1116.523764210753
 10
3311.250098647864
 20
1116.52376421075
  0
LWPOLYLINE
  5
668
330
1F
100
AcDbEntity
  8
0
100
AcDbPolyline
 90
        4
 70
     1
 43
0.0
 38
6.050627759399376
 10
3314.750098647952
 20
1116.27576421302
 10
3316.750620659855
 20
1116.275764213023
 10
3316.750620659857
 20
1114.973764212913
 10
3314.750098647954
 20
1114.97376421291
  0
LWPOLYLINE
  5
669
330
1F
100
AcDbEntity
  8
0
100
AcDbPolyline
 90
        4
 70
     1
 43
0.0
 38
-6.248101036184664
 10
3311.000098646091
 20
1121.525750276201
 10
3312.600098646097
 20
1121.525750276205
 10
3312.6000986461
 20
1119.825750276213
 10
3311.000098646095
 20
1119.82575027621
  0
LWPOLYLINE
  5
66A
330
1F
100
AcDbEntity
  8
0
100
AcDbPolyline
 90
        4
 70
     1
 43
0.0
 38
9.736537075048451
 10
3313.965976762433
 20
1121.691118195833
 10
3315.715976762432
 20
1121.691118195836
 10
3315.715976762433
 20
1121.441118515901
 10
3313.965976762433
 20
1121.441118515897
  0
LWPOLYLINE
  5
66B
330
1F
100
AcDbEntity
  8
0
100
AcDbPolyline
 90
        4
 70
     1
 43
0.0
 38
9.786563255267135
 10
3314.200044068248
 20
1125.525949785899
 10
3315.928103290169
 20
1125.525949785903
 10
3315.928103290174
 20
1122.914533778963
 10
3314.200044068252
 20
1122.91453377896
  0
LWPOLYLINE
  5
66C
330
1F
100
AcDbEntity
  8
0
100
AcDbPolyline
 90
        4
 70
     1
 43
0.0
 38
7.069605675819862
 10
3311.228083518805
 20
1126.526790113707
 10
3312.128087677217
 20
1126.526790113709
 10
3312.128087677219
 20
1125.626795057899
 10
3311.228083518807
 20
1125.626795057897
  0
ENDSEC
  0
SECTION
  2
OBJECTS
  0
DICTIONARY
  5
C
330
0
100
AcDbDictionary
  3
ACAD_CIP_PREVIOUS_PRODUCT_INFO
350
216
  3
ACAD_COLOR
350
6B
  3
ACAD_DETAILVIEWSTYLE
350
21B
  3
ACAD_GROUP
350
D
  3
ACAD_LAST_SAVED_VERSION_INFO
350
6EA
  3
ACAD_LAYOUT
350
1A
  3
ACAD_MATERIAL
350
6A
  3
ACAD_MLEADERSTYLE
350
12D
  3
ACAD_MLINESTYLE
350
17
  3
ACAD_PLOTSETTINGS
350
19
  3
ACAD_SCALELIST
350
10C
  3
ACAD_SECTIONVIEWSTYLE
350
219
  3
ACAD_VISUALSTYLE
350
EF
  3
ACAD_WIPEOUT_VARS
350
716
  3
ACDBHEADERROUNDTRIPXREC
350
6EB
  3
ACDBVARIABLEDICTIONARY
350
321
  3
DWGPROPS
350
710
  0
DICTIONARY
  5
711
330
8
100
AcDbDictionary
280
     1
  3
ACAD_XREC_ROUNDTRIP
360
712
  0
DICTIONARY
  5
1FF
330
2
100
AcDbDictionary
280
     1
  3
ACAD_LAYERSTATES
360
200
  0
DICTIONARY
  5
2C2
330
2C1
100
AcDbDictionary
280
     1
  3
ACAD_SORTENTS
360
2C3
  0
DICTIONARY
  5
60A
330
609
100
AcDbDictionary
280
     1
  3
ACAD_DIMASSOC
360
60B
  0
DICTIONARY
  5
60D
330
60C
100
AcDbDictionary
280
     1
  3
ACAD_DIMASSOC
360
60E
  0
DICTIONARY
  5
621
330
620
100
AcDbDictionary
280
     1
  3
ACAD_DIMASSOC
360
622
  0
DICTIONARY
  5
628
330
627
100
AcDbDictionary
280
     1
  3
ACAD_DIMASSOC
360
629
  0
DICTIONARY
  5
65E
330
65D
100
AcDbDictionary
280
     1
  3
ACAD_DIMASSOC
360
65F
  0
DICTIONARY
  5
661
330
660
100
AcDbDictionary
280
     1
  3
ACAD_DIMASSOC
360
662
  0
DICTIONARY
  5
664
330
663
100
AcDbDictionary
280
     1
  3
ACAD_DIMASSOC
360
665
  0
XRECORD
  5
216
102
{ACAD_REACTORS
330
C
102
}
330
C
100
AcDbXrecord
300
ACD
300
2025
300

  0
DICTIONARY
  5
6B
102
{ACAD_REACTORS
330
C
102
}
330
C
100
AcDbDictionary
  0
DICTIONARY
  5
21B
102
{ACAD_REACTORS
330
C
102
}
330
C
100
AcDbDictionary
  3
METRIC50
350
21C
  0
DICTIONARY
  5
D
102
{ACAD_REACTORS
330
C
102
}
330
C
100
AcDbDictionary
  0
XRECORD
  5
6EA
102
{ACAD_REACTORS
330
C
102
}
330
C
100
AcDbXrecord
300
{B42B20C8-8D33-3E4A-BEFE-A67A47E2B7A0}
301
{EDC2743A-41FB-0B4D-B144-97D3AE2115DC}
302
{B42B20C8-8D33-3E4A-BEFE-A67A47E2B7A0}
303
C:\Users\sushi\Desktop\PROJECT A-16\Plans\15.dwg
  0
DICTIONARY
  5
1A
102
{ACAD_REACTORS
330
C
102
}
330
C
100
AcDbDictionary
  0
DICTIONARY
  5
6A
102
{ACAD_REACTORS
330
C
102
}
330
C
100
AcDbDictionary
  3
BYBLOCK
350
ED
  3
BYLAYER
350
EC
  3
GLOBAL
350
EE
  0
DICTIONARY
  5
12D
102
{ACAD_REACTORS
330
C
102
}
330
C
100
AcDbDictionary
  3
ANNOTATIVE
350
13B
  3
STANDARD
350
12E
  0
DICTIONARY
  5
17
102
{ACAD_REACTORS
330
C
102
}
330
C
100
AcDbDictionary
  3
STANDARD
350
18
  0
DICTIONARY
  5
19
102
{ACAD_REACTORS
330
C
102
}
330
C
100
AcDbDictionary
  0
DICTIONARY
  5
10C
102
{ACAD_REACTORS
330
C
102
}
330
C
100
AcDbDictionary
  3
A0
350
10D
  3
A1
350
1BE
  3
A2
350
1BF
  3
A3
350
1C0
  3
A4
350
1C1
  3
A5
350
1C2
  3
A6
350
1C3
  3
A7
350
1C4
  3
A8
350
1C5
  3
A9
350
1C6
  3
B0
350
1C7
  3
B1
350
1C8
  3
B2
350
1C9
  3
B3
350
1CA
  3
B4
350
1CB
  3
B5
350
1CC
  3
B6
350
1CD
  0
DICTIONARY
  5
219
102
{ACAD_REACTORS
330
C
102
}
330
C
100
AcDbDictionary
  3
METRIC50
350
21A
  0
DICTIONARY
  5
EF
102
{ACAD_REACTORS
330
C
102
}
330
C
100
AcDbDictionary
  3
2DWIREFRAME
350
F5
  3
BASIC
350
F4
  3
BRIGHTEN
350
FB
  3
COLORCHANGE
350
FF
  3
CONCEPTUAL
350
F8
  3
DIM
350
FA
  3
EDGECOLOROFF
350
1E6
  3
FACEPATTERN
350
FE
  3
FLAT
350
F0
  3
FLATWITHEDGES
350
F1
  3
GOURAUD
350
F2
  3
GOURAUDWITHEDGES
350
F3
  3
HIDDEN
350
F7
  3
JITTEROFF
350
1E4
  3
LINEPATTERN
350
FD
  3
OVERHANGOFF
350
1E5
  3
REALISTIC
350
F9
  3
SHADED
350
1F3
  3
SHADED_WITH_EDGES
350
1F2
  3
SHADES_OF_GRAY
350
1EF
  3
SKETCHY
350
1F0
  3
THICKEN
350
FC
  3
WIREFRAME
350
F6
  3
X-RAY
350
1F1
  0
WIPEOUTVARIABLES
  5
716
102
{ACAD_REACTORS
330
C
102
}
330
C
100
AcDbWipeoutVariables
 70
     0
  0
DICTIONARY
  5
6EB
102
{ACAD_REACTORS
330
C
102
}
330
C
100
AcDbDictionary
  3
CEPSNID
350
6F5
  3
CEPSNTYPE
350
6F4
  3
COLORDICT
350
70E
  3
DIMSTYLEDATA
350
70B
  3
FINGERPRINTGUID
350
6F6
  3
HYPERLINKBASE
350
6EE
  3
INSUNITS
350
6F3
  3
LAYOUTDICT
350
6F0
  3
LWETCUNION
350
6F2
  3
MATERIALDICT
350
70F
  3
PLOTSETDICT
350
6F1
  3
PSVPSCALE
350
6F8
  3
PUCSBASE
350
6FB
  3
PUCSORGBACK
350
701
  3
PUCSORGBOTTOM
350
6FD
  3
PUCSORGFRONT
350
700
  3
PUCSORGLEFT
350
6FE
  3
PUCSORGRIGHT
350
6FF
  3
PUCSORGTOP
350
6FC
  3
PUCSORTHOREF
350
6F9
  3
PUCSORTHOVIEW
350
6FA
  3
STYLESHEET
350
6EF
  3
TSTACKALIGN
350
6EC
  3
TSTACKSIZE
350
6ED
  3
UCSBASE
350
704
  3
UCSORGBACK
350
70A
  3
UCSORGBOTTOM
350
706
  3
UCSORGFRONT
350
709
  3
UCSORGLEFT
350
707
  3
UCSORGRIGHT
350
708
  3
UCSORGTOP
350
705
  3
UCSORTHOREF
350
702
  3
UCSORTHOVIEW
350
703
  3
VERSIONGUID
350
6F7
  0
DICTIONARY
  5
321
102
{ACAD_REACTORS
330
C
102
}
330
C
100
AcDbDictionary
  3
#REVCLOUDAPPROXARCLEN
350
322
  3
ANNOALLVISIBLE
350
323
  3
CANNOSCALE
350
324
  3
CENTEREXE
350
325
  3
CMLEADERSTYLE
350
326
  3
CTABLESTYLE
350
327
  3
CVIEWDETAILSTYLE
350
328
  3
CVIEWSECTIONSTYLE
350
329
  3
DGNFRAME
350
32A
  3
DIMADEC
350
32B
  3
DIMASSOC
350
32C
  3
DWFFRAME
350
32D
  3
EXPORTPAPERSPACE
350
32E
  3
HIDETEXT
350
32F
  3
HPCOLOR
350
330
  3
HPINHERIT
350
331
  3
HPLAYER
350
332
  3
HPTRANSPARENCY
350
333
  3
INDEXCTL
350
334
  3
LAYEREVAL
350
335
  3
LAYERNOTIFY
350
336
  3
LIGHTINGUNITS
350
337
  3
MLEADERSCALE
350
338
  3
MSLTSCALE
350
339
  3
OLEFRAME
350
33A
  3
PDFFRAME
350
33B
  3
PSOLHEIGHT
350
70D
  3
PSOLWIDTH
350
70C
  3
SOLIDHIST
350
33C
  3
SORTENTS
350
33D
  3
WIPEOUTFRAME
350
33E
  0
XRECORD
  5
710
102
{ACAD_REACTORS
330
C
102
}
330
C
100
AcDbXrecord
  1
DWGPROPS COOKIE
  2

  3

  4

  6

  7

  8
cmdrun
  9

300
=
301
=
302
=
303
=
304
=
305
=
306
=
307
=
308
=
309
=
 40
0.0
 41
2460873.251099537
 42
2460942.867347419
  1

 90
        0
  0
XRECORD
  5
712
102
{ACAD_REACTORS
330
711
102
}
330
711
100
AcDbXrecord
102
VTR_0.000_0.000_1.000_1.000_VISUALSTYLE
340
F5
102
VTR_0.000_0.000_1.000_1.000_GRIDDISPLAY
 70
     3
102
VTR_0.000_0.000_1.000_1.000_GRIDMAJOR
 70
     5
102
VTR_0.000_0.000_1.000_1.000_DEFAULTLIGHTING
280
     1
102
VTR_0.000_0.000_1.000_1.000_DEFAULTLIGHTINGTYPE
 70
     1
102
VTR_0.000_0.000_1.000_1.000_BRIGHTNESS
141
0.0
102
VTR_0.000_0.000_1.000_1.000_CONTRAST
142
0.0
  0
DICTIONARY
  5
200
102
{ACAD_REACTORS
330
1FF
102
}
330
1FF
100
AcDbDictionary
  0
SORTENTSTABLE
  5
2C3
102
{ACAD_REACTORS
330
2C2
102
}
330
2C2
100
AcDbSortentsTable
330
2C1
  0
ACAD_PROXY_OBJECT
  5
60B
102
{ACAD_REACTORS
330
60A
102
}
330
60A
100
AcDbProxyObject
 90
      499
 91
      518
 93
      563
310
4040088A0B1A23127B9B730B82837B4B73A2932B3042028150907FC6E51265907F5511416344624F736E6170506F696E7452656600A00B91EC3671C6010020D4E88C02404A4080
330
609
330
4E8
 94
        0
  0
ACAD_PROXY_OBJECT
  5
60E
102
{ACAD_REACTORS
330
60D
102
}
330
60D
100
AcDbProxyObject
 90
      499
 91
      518
 93
      772
310
40C0088A0B1A23127B9B730B82837B4B73A2932B3052028150ADCE87954ABBCE7F5111416344624F736E6170506F696E745265660840502A2A4529D046053ACFEAA2282C688C49EE6DCC2E0A0DED2DCE8A4CACC1480A0542B73A1E552AEF39FD40
330
60C
330
55D
330
4DC
330
55D
 94
        0
  0
ACAD_PROXY_OBJECT
  5
622
102
{ACAD_REACTORS
330
621
102
}
330
621
100
AcDbProxyObject
 90
      499
 91
      518
 93
      521
310
40C0088A0B1A23127B9B730B82837B4B73A2932B3012028150B7FFFFFFFFFFBE7F5111416344624F736E6170506F696E745265660240502A0E4000000000380FEA00
330
620
330
5D1
330
4DB
 94
        0
  0
ACAD_PROXY_OBJECT
  5
629
102
{ACAD_REACTORS
330
628
102
}
330
628
100
AcDbProxyObject
 90
      499
 91
      518
 93
      772
310
40C0088A0B1A23127B9B730B82837B4B73A2932B305202815000F81A1DE3E3BC7F5111416344624F736E6170506F696E745265660840502A3DCD5F4BD17A78CFEAA2282C688C49EE6DCC2E0A0DED2DCE8A4CACC1480A054003E068778F8EF1FD40
330
627
330
4DD
330
4DF
330
4DD
 94
        0
  0
ACAD_PROXY_OBJECT
  5
65F
102
{ACAD_REACTORS
330
65E
102
}
330
65E
100
AcDbProxyObject
 90
      499
 91
      518
 93
      270
310
4040088A0B1A23127B9B730B82837B4B73A2932B30520281515200331058CB987F50
330
65D
330
545
 94
        0
  0
ACAD_PROXY_OBJECT
  5
662
102
{ACAD_REACTORS
330
661
102
}
330
661
100
AcDbProxyObject
 90
      499
 91
      518
 93
      521
310
40C0088A0B1A23127B9B730B82837B4B73A2932B30520281511645A66981EBA07F5111416344624F736E6170506F696E745265660A40502A2104CBF5BA6BF98FEA00
330
660
330
61A
330
570
 94
        0
  0
ACAD_PROXY_OBJECT
  5
665
102
{ACAD_REACTORS
330
664
102
}
330
664
100
AcDbProxyObject
 90
      499
 91
      518
 93
      772
310
40C0088A0B1A23127B9B730B82837B4B73A2932B305202815025FD738C8799D27F5111416344624F736E6170506F696E745265660840502A3088B692C7B438CFEAA2282C688C49EE6DCC2E0A0DED2DCE8A4CACC1480A054097F5CE321E6749FD40
330
663
330
5EF
330
5CF
330
5EF
 94
        0
  0
ACAD_PROXY_OBJECT
  5
21C
102
{ACAD_REACTORS
330
21B
102
}
330
21B
100
AcDbProxyObject
 90
      499
 91
      516
 93
      877
310
9084D65747269633530481E0000000000000A20500E0000000000000A20233E0000000000000A20400000000000017202029B929E2E20B1AB30B9102B34B2BBA232BA30B4B624B21F129014129E2E20B1AB30B9102B34B2BBA9B1B0B632902E33101112B9B7111F1294A33A33800
340
11
340
0
340
16
340
11
340
16
340
16
 94
        0
  0
MATERIAL
  5
ED
102
{ACAD_REACTORS
330
6A
102
}
102
{ACAD_XDICTIONARY
360
1F9
102
}
330
6A
100
AcDbMaterial
  1
BYBLOCK
 73
     2
 78
     2
172
     2
176
     2
270
     2
274
     2
  0
MATERIAL
  5
EC
102
{ACAD_REACTORS
330
6A
102
}
102
{ACAD_XDICTIONARY
360
1F7
102
}
330
6A
100
AcDbMaterial
  1
BYLAYER
 73
     2
 78
     2
172
     2
176
     2
270
     2
274
     2
  0
MATERIAL
  5
EE
102
{ACAD_REACTORS
330
6A
102
}
102
{ACAD_XDICTIONARY
360
173
102
}
330
6A
100
AcDbMaterial
  1
GLOBAL
 73
     2
 43
0.0007999999797903
 43
0.0
 43
0.0
 43
0.0
 43
0.0
 43
0.0007999999797903
 43
0.0
 43
0.0
 43
0.0
 43
0.0
 43
1.0
 43
0.0
 43
0.0
 43
0.0
 43
0.0
 43
1.0
 78
     2
172
     2
 49
0.0007999999797903
 49
0.0
 49
0.0
 49
0.0
 49
0.0
 49
0.0007999999797903
 49
0.0
 49
0.0
 49
0.0
 49
0.0
 49
1.0
 49
0.0
 49
0.0
 49
0.0
 49
0.0
 49
1.0
176
     2
142
0.0007999999797903
142
0.0
142
0.0
142
0.0
142
0.0
142
0.0007999999797903
142
0.0
142
0.0
142
0.0
142
0.0
142
1.0
142
0.0
142
0.0
142
0.0
142
0.0
142
1.0
270
     2
144
0.0007999999797903
144
0.0
144
0.0
144
0.0
144
0.0
144
0.0007999999797903
144
0.0
144
0.0
144
0.0
144
0.0
144
1.0
144
0.0
144
0.0
144
0.0
144
0.0
144
1.0
274
     2
1001
ACAD
1070
    -1
1070
     3
1070
     0
1000

1071
        0
1070
     0
  0
ACAD_PROXY_OBJECT
  5
13B
102
{ACAD_REACTORS
330
12D
102
}
330
12D
100
AcDbProxyObject
 90
      499
 91
      508
 93
      610
310
40901902A4063FBFFFFFE0000000000000020400000000000020404214DD185B99185C990000000000000104090140501A00000000000004100000000000000041025766000000000000039000
340
14
340
0
340
11
340
0
 94
        0
1001
ACAD_MLEADERVER
1070
     2
  0
ACAD_PROXY_OBJECT
  5
12E
102
{ACAD_REACTORS
330
12D
102
}
330
12D
100
AcDbProxyObject
 90
      499
 91
      508
 93
      610
310
40901902A4063FBFFFFFE0000000000000020400000000000020404214DD185B99185C990000000000000104090140501A00000000000004100000000000000041025764000000000000039000
340
14
340
0
340
11
340
0
 94
        0
1001
ACAD_MLEADERVER
1070
     2
  0
MLINESTYLE
  5
18
102
{ACAD_REACTORS
330
17
102
}
330
17
100
AcDbMlineStyle
  2
STANDARD
 70
     0
  3

 62
   256
 51
90.0
 52
90.0
 71
     2
 49
0.5
 62
   256
  6
BYLAYER
 49
-0.5
 62
   256
  6
BYLAYER
  0
ACAD_PROXY_OBJECT
  5
10D
102
{ACAD_REACTORS
330
10C
102
}
330
10C
100
AcDbProxyObject
 90
      499
 91
      507
 93
       41
310
903313A31580
  0
ACAD_PROXY_OBJECT
  5
1BE
102
{ACAD_REACTORS
330
10C
102
}
330
10C
100
AcDbProxyObject
 90
      499
 91
      507
 93
      105
310
903313A324000000000000004000
  0
ACAD_PROXY_OBJECT
  5
1BF
102
{ACAD_REACTORS
330
10C
102
}
330
10C
100
AcDbProxyObject
 90
      499
 91
      507
 93
      105
310
903313A344000000000000104000
  0
ACAD_PROXY_OBJECT
  5
1C0
102
{ACAD_REACTORS
330
10C
102
}
330
10C
100
AcDbProxyObject
 90
      499
 91
      507
 93
      105
310
903313A354000000000000144000
  0
ACAD_PROXY_OBJECT
  5
1C1
102
{ACAD_REACTORS
330
10C
102
}
330
10C
100
AcDbProxyObject
 90
      499
 91
      507
 93
      105
310
903313A384000000000000204000
  0
ACAD_PROXY_OBJECT
  5
1C2
102
{ACAD_REACTORS
330
10C
102
}
330
10C
100
AcDbProxyObject
 90
      499
 91
      507
 93
      113
310
904313A31304000000000000244000
  0
ACAD_PROXY_OBJECT
  5
1C3
102
{ACAD_REACTORS
330
10C
102
}
330
10C
100
AcDbProxyObject
 90
      499
 91
      507
 93
      113
310
904313A31364000000000000304000
  0
ACAD_PROXY_OBJECT
  5
1C4
102
{ACAD_REACTORS
330
10C
102
}
330
10C
100
AcDbProxyObject
 90
      499
 91
      507
 93
      113
310
904313A32304000000000000344000
  0
ACAD_PROXY_OBJECT
  5
1C5
102
{ACAD_REACTORS
330
10C
102
}
330
10C
100
AcDbProxyObject
 90
      499
 91
      507
 93
      113
310
904313A333040000000000003E4000
  0
ACAD_PROXY_OBJECT
  5
1C6
102
{ACAD_REACTORS
330
10C
102
}
330
10C
100
AcDbProxyObject
 90
      499
 91
      507
 93
      113
310
904313A34304000000000000444000
  0
ACAD_PROXY_OBJECT
  5
1C7
102
{ACAD_REACTORS
330
10C
102
}
330
10C
100
AcDbProxyObject
 90
      499
 91
      507
 93
      113
310
904313A35304000000000000494000
  0
ACAD_PROXY_OBJECT
  5
1C8
102
{ACAD_REACTORS
330
10C
102
}
330
10C
100
AcDbProxyObject
 90
      499
 91
      507
 93
      121
310
905313A3130304000000000000594000
  0
ACAD_PROXY_OBJECT
  5
1C9
102
{ACAD_REACTORS
330
10C
102
}
330
10C
100
AcDbProxyObject
 90
      499
 91
      507
 93
      105
310
903323A310000000000000010100
  0
ACAD_PROXY_OBJECT
  5
1CA
102
{ACAD_REACTORS
330
10C
102
}
330
10C
100
AcDbProxyObject
 90
      499
 91
      507
 93
      105
310
903343A310000000000000410100
  0
ACAD_PROXY_OBJECT
  5
1CB
102
{ACAD_REACTORS
330
10C
102
}
330
10C
100
AcDbProxyObject
 90
      499
 91
      507
 93
      105
310
903383A310000000000000810100
  0
ACAD_PROXY_OBJECT
  5
1CC
102
{ACAD_REACTORS
330
10C
102
}
330
10C
100
AcDbProxyObject
 90
      499
 91
      507
 93
      113
310
90431303A310000000000000910100
  0
ACAD_PROXY_OBJECT
  5
1CD
102
{ACAD_REACTORS
330
10C
102
}
330
10C
100
AcDbProxyObject
 90
      499
 91
      507
 93
      121
310
9053130303A310000000000001650100
  0
ACAD_PROXY_OBJECT
  5
21A
102
{ACAD_REACTORS
330
219
102
}
330
219
100
AcDbProxyObject
 90
      499
 91
      515
 93
     2015
310
9084D657472696335304B360000000000000A2060000000000000A202209258409E5840A25840A65840B05840B40000000000001220233A65800000000000028800000000000000A2060000000000000A2040000000000001720202AC929E2E20B1AB30B9102B34B2BBA9B2B1BA34B7B729BA30B93A24B21F1296929E2E20B
310
1AB30B9102B34B2BBA9B2B1BA34B7B722B73224B21F129014129E2E20B1AB30B9102B34B2BBA9B1B0B632902E33101112B9B7111F1294E0080A0C829CA6926662C400000000000002204000000000000022020D0305A88A9F643F27E32B9969C2960E81F87FA0718D4DE3E87E32B9969C2960E85F9E5129FC49EA5FA7E
340
11
340
0
340
0
340
16
340
16
340
11
 94
        0
  0
ACAD_PROXY_OBJECT
  5
F5
102
{ACAD_REACTORS
330
EF
102
}
330
EF
100
AcDbProxyObject
 90
      499
 91
      506
 93
      444
310
42CC9915DA5C99599C985B59504902404333333333333E33F0000000000000F90107901411070040501600405405064090741402480A0340
1001
ACAD
1000
AcDbSavedByObjectVersion
1070
     0
  0
ACAD_PROXY_OBJECT
  5
F4
102
{ACAD_REACTORS
330
EF
102
}
330
EF
100
AcDbProxyObject
 90
      499
 91
      506
 93
      388
310
4150985CDA58D07406404333333333333E33F0000000000000F90107A41107004050150841D405064090741402480A0350
1001
ACAD
1000
AcDbSavedByObjectVersion
1070
     0
  0
ACAD_PROXY_OBJECT
  5
FB
102
{ACAD_REACTORS
330
EF
102
}
330
EF
100
AcDbProxyObject
 90
      499
 91
      506
 93
      436
310
42109C9A59DA1D195B90C40902404333333333333E33F0000000000000F9010790141107004050150841D405064090741402480A029950
1001
ACAD
1000
AcDbSavedByObjectVersion
1070
     0
  0
ACAD_PROXY_OBJECT
  5
FF
102
{ACAD_REACTORS
330
EF
102
}
330
EF
100
AcDbProxyObject
 90
      499
 91
      506
 93
      452
310
42D0DBDB1BDC90DA185B99D95104090240C333333333333E33F0000000000000F90108901411070040501508421405064090741402480A0350
1001
ACAD
1000
AcDbSavedByObjectVersion
1070
     0
  0
ACAD_PROXY_OBJECT
  5
F8
102
{ACAD_REACTORS
330
EF
102
}
330
EF
100
AcDbProxyObject
 90
      499
 91
      506
 93
      508
310
4290DBDB98D95C1D1D585B10940D02404333333333333E33F0000000000000F90107902409070040501000000000000111010841D405064090740C02480A0340
1001
ACAD
1000
AcDbSavedByObjectVersion
1070
     0
  0
ACAD_PROXY_OBJECT
  5
FA
102
{ACAD_REACTORS
330
EF
102
}
330
EF
100
AcDbProxyObject
 90
      499
 91
      506
 93
      420
310
40D11A5B50B40902404333333333333E33F0000000000000F9010790141107004050150841D405064090741402480A02677FFFFFD0
1001
ACAD
1000
AcDbSavedByObjectVersion
1070
     0
  0
ACAD_PROXY_OBJECT
  5
1E6
102
{ACAD_REACTORS
330
EF
102
}
330
EF
100
AcDbProxyObject
 90
      499
 91
      506
 93
      452
310
43115919D950DBDB1BDC93D999916409028333333333333E33F0000000000000F9010790141107004050150841D405064090741402480A0350
1001
ACAD
1000
AcDbSavedByObjectVersion
1070
     0
  0
ACAD_PROXY_OBJECT
  5
FE
102
{ACAD_REACTORS
330
EF
102
}
330
EF
100
AcDbProxyObject
 90
      499
 91
      506
 93
      452
310
42D19858D95C185D1D195C9B90F40902404333333333333E33F0000000000000F9010790141107004050150841D405064090741402480A0350
1001
ACAD
1000
AcDbSavedByObjectVersion
1070
     0
  0
ACAD_PROXY_OBJECT
  5
F0
102
{ACAD_REACTORS
330
EF
102
}
330
EF
100
AcDbProxyObject
 90
      499
 91
      506
 93
      380
310
41119B185D240901404333333333333E33F0000000000000F9010740A907004050150841D405064090741402480A1B50
1001
ACAD
1000
AcDbSavedByObjectVersion
1070
     0
  0
ACAD_PROXY_OBJECT
  5
F1
102
{ACAD_REACTORS
330
EF
102
}
330
EF
100
AcDbProxyObject
 90
      499
 91
      506
 93
      468
310
43519B185D15DA5D1A115919D95CD0140901404333333333333E33F0000000000000F90107409019070040501600405405064090741402480A1B50
1001
ACAD
1000
AcDbSavedByObjectVersion
1070
     0
  0
ACAD_PROXY_OBJECT
  5
F2
102
{ACAD_REACTORS
330
EF
102
}
330
EF
100
AcDbProxyObject
 90
      499
 91
      506
 93
      404
310
41D1DBDD5C985D5910240902404333333333333E33F0000000000000F9010740A9070040501641D405064090741402480A1B50
1001
ACAD
1000
AcDbSavedByObjectVersion
1070
     0
  0
ACAD_PROXY_OBJECT
  5
F3
102
{ACAD_REACTORS
330
EF
102
}
330
EF
100
AcDbProxyObject
 90
      499
 91
      506
 93
      492
310
4411DBDD5C985D5915DA5D1A115919D95CD0340902404333333333333E33F0000000000000F90107409019070040501600405405064090741402480A1B50
1001
ACAD
1000
AcDbSavedByObjectVersion
1070
     0
  0
ACAD_PROXY_OBJECT
  5
F7
102
{ACAD_REACTORS
330
EF
102
}
330
EF
100
AcDbProxyObject
 90
      499
 91
      506
 93
      476
310
41921A5919195B90640502408333333333333E33F0000000000000F901079024090700405020000000000001110200405405064090740C02480A0340
1001
ACAD
1000
AcDbSavedByObjectVersion
1070
     0
  0
ACAD_PROXY_OBJECT
  5
1E4
102
{ACAD_REACTORS
330
EF
102
}
330
EF
100
AcDbProxyObject
 90
      499
 91
      506
 93
      428
310
42529A5D1D195C93D999914409028333333333333E33F0000000000000F9010790141107004050150A41D405064090741402480A0350
1001
ACAD
1000
AcDbSavedByObjectVersion
1070
     0
  0
ACAD_PROXY_OBJECT
  5
FD
102
{ACAD_REACTORS
330
EF
102
}
330
EF
100
AcDbProxyObject
 90
      499
 91
      506
 93
      452
310
42D31A5B995C185D1D195C9B90E40902404333333333333E33F0000000000000F9010790141107004050750841D405064090741402483A0350
1001
ACAD
1000
AcDbSavedByObjectVersion
1070
     0
  0
ACAD_PROXY_OBJECT
  5
1E5
102
{ACAD_REACTORS
330
EF
102
}
330
EF
100
AcDbProxyObject
 90
      499
 91
      506
 93
      444
310
42D3DD995C9A185B99D3D999915409028333333333333E33F0000000000000F9010790141107004050150941D405064090741402480A0350
1001
ACAD
1000
AcDbSavedByObjectVersion
1070
     0
  0
ACAD_PROXY_OBJECT
  5
F9
102
{ACAD_REACTORS
330
EF
102
}
330
EF
100
AcDbProxyObject
 90
      499
 91
      506
 93
      428
310
425499585B1A5CDD1A58D08409038333333333333E33F0000000000000F9010740A907004050150800405405064090740C02480A1B40
1001
ACAD
1000
AcDbSavedByObjectVersion
1070
     0
  0
ACAD_PROXY_OBJECT
  5
1F3
102
{ACAD_REACTORS
330
EF
102
}
330
EF
100
AcDbProxyObject
 90
      499
 91
      506
 93
      420
310
4194DA1859195911B40902404333333333333E33F0000000000000F9010740A41107004050150800405405064090840C02480A0B40
1001
ACAD
1000
AcDbSavedByObjectVersion
1070
     0
  0
ACAD_PROXY_OBJECT
  5
1F2
102
{ACAD_REACTORS
330
EF
102
}
330
EF
100
AcDbProxyObject
 90
      499
 91
      506
 93
      516
310
4454DA18591959081DDA5D1A08195919D95CD1A40902404333333333333E33F0000000000000F901074090140907004050250800405405064090740C02480A0B40
1001
ACAD
1000
AcDbSavedByObjectVersion
1070
     0
  0
ACAD_PROXY_OBJECT
  5
1EF
102
{ACAD_REACTORS
330
EF
102
}
330
EF
100
AcDbProxyObject
 90
      499
 91
      506
 93
      532
310
4394DA1859195CC81BD98811DC985E5174090240C333333333333E33F0000000000000F901079024090741D01000000000000111010841D405064090740C02480A0340
1001
ACAD
1000
AcDbSavedByObjectVersion
1070
     0
  0
ACAD_PROXY_OBJECT
  5
1F0
102
{ACAD_REACTORS
330
EF
102
}
330
EF
100
AcDbProxyObject
 90
      499
 91
      506
 93
      476
310
41D4DAD95D18DA1E51840502408333333333333E33F0000000000000F901079024090741D01000000000000111010B41D405064090741802480A0340
1001
ACAD
1000
AcDbSavedByObjectVersion
1070
     0
  0
ACAD_PROXY_OBJECT
  5
FC
102
{ACAD_REACTORS
330
EF
102
}
330
EF
100
AcDbProxyObject
 90
      499
 91
      506
 93
      420
310
41D51A1A58DAD95B90D40902404333333333333E33F0000000000000F9010790141107004050150C41D405064090741402480A0350
1001
ACAD
1000
AcDbSavedByObjectVersion
1070
     0
  0
ACAD_PROXY_OBJECT
  5
F6
102
{ACAD_REACTORS
330
EF
102
}
330
EF
100
AcDbProxyObject
 90
      499
 91
      506
 93
      420
310
4255DA5C99599C985B595059028333333333333E33F0000000000000F90107901411070040501600405405064090740C02480A0340
1001
ACAD
1000
AcDbSavedByObjectVersion
1070
     0
  0
ACAD_PROXY_OBJECT
  5
1F1
102
{ACAD_REACTORS
330
EF
102
}
330
EF
100
AcDbProxyObject
 90
      499
 91
      506
 93
      404
310
41560B54985E51940902404000000000000E03F0000000000000F9010740501907004050150841D405064090740C02480A1B40
1001
ACAD
1000
AcDbSavedByObjectVersion
1070
     0
  0
XRECORD
  5
6F5
102
{ACAD_REACTORS
330
6EB
102
}
330
6EB
100
AcDbXrecord
340
0
  0
XRECORD
  5
6F4
102
{ACAD_REACTORS
330
6EB
102
}
330
6EB
100
AcDbXrecord
 90
        0
  0
XRECORD
  5
70E
102
{ACAD_REACTORS
330
6EB
102
}
330
6EB
100
AcDbXrecord
340
6B
  0
XRECORD
  5
70B
102
{ACAD_REACTORS
330
6EB
102
}
330
6EB
100
AcDbXrecord
1000
DSTYLE
1002
{
1070
   340
340
11
1002
}
  0
XRECORD
  5
6F6
102
{ACAD_REACTORS
330
6EB
102
}
330
6EB
100
AcDbXrecord
  1
{CE84A14A-6D2A-964F-91EF-63C74EFE3637}
  0
XRECORD
  5
6EE
102
{ACAD_REACTORS
330
6EB
102
}
330
6EB
100
AcDbXrecord
  1

  0
XRECORD
  5
6F3
102
{ACAD_REACTORS
330
6EB
102
}
330
6EB
100
AcDbXrecord
 90
        4
  0
XRECORD
  5
6F0
102
{ACAD_REACTORS
330
6EB
102
}
330
6EB
100
AcDbXrecord
340
1A
  0
XRECORD
  5
6F2
102
{ACAD_REACTORS
330
6EB
102
}
330
6EB
100
AcDbXrecord
 90
    10781
  0
XRECORD
  5
70F
102
{ACAD_REACTORS
330
6EB
102
}
330
6EB
100
AcDbXrecord
340
6A
  0
XRECORD
  5
6F1
102
{ACAD_REACTORS
330
6EB
102
}
330
6EB
100
AcDbXrecord
340
19
  0
XRECORD
  5
6F8
102
{ACAD_REACTORS
330
6EB
102
}
330
6EB
100
AcDbXrecord
 40
0.0
  0
XRECORD
  5
6FB
102
{ACAD_REACTORS
330
6EB
102
}
330
6EB
100
AcDbXrecord
340
0
  0
XRECORD
  5
701
102
{ACAD_REACTORS
330
6EB
102
}
330
6EB
100
AcDbXrecord
 10
0.0
 20
0.0
 30
0.0
  0
XRECORD
  5
6FD
102
{ACAD_REACTORS
330
6EB
102
}
330
6EB
100
AcDbXrecord
 10
0.0
 20
0.0
 30
0.0
  0
XRECORD
  5
700
102
{ACAD_REACTORS
330
6EB
102
}
330
6EB
100
AcDbXrecord
 10
0.0
 20
0.0
 30
0.0
  0
XRECORD
  5
6FE
102
{ACAD_REACTORS
330
6EB
102
}
330
6EB
100
AcDbXrecord
 10
0.0
 20
0.0
 30
0.0
  0
XRECORD
  5
6FF
102
{ACAD_REACTORS
330
6EB
102
}
330
6EB
100
AcDbXrecord
 10
0.0
 20
0.0
 30
0.0
  0
XRECORD
  5
6FC
102
{ACAD_REACTORS
330
6EB
102
}
330
6EB
100
AcDbXrecord
 10
0.0
 20
0.0
 30
0.0
  0
XRECORD
  5
6F9
102
{ACAD_REACTORS
330
6EB
102
}
330
6EB
100
AcDbXrecord
340
0
  0
XRECORD
  5
6FA
102
{ACAD_REACTORS
330
6EB
102
}
330
6EB
100
AcDbXrecord
 70
     0
  0
XRECORD
  5
6EF
102
{ACAD_REACTORS
330
6EB
102
}
330
6EB
100
AcDbXrecord
  1

  0
XRECORD
  5
6EC
102
{ACAD_REACTORS
330
6EB
102
}
330
6EB
100
AcDbXrecord
 90
        1
  0
XRECORD
  5
6ED
102
{ACAD_REACTORS
330
6EB
102
}
330
6EB
100
AcDbXrecord
 90
       70
  0
XRECORD
  5
704
102
{ACAD_REACTORS
330
6EB
102
}
330
6EB
100
AcDbXrecord
340
0
  0
XRECORD
  5
70A
102
{ACAD_REACTORS
330
6EB
102
}
330
6EB
100
AcDbXrecord
 10
0.0
 20
0.0
 30
0.0
  0
XRECORD
  5
706
102
{ACAD_REACTORS
330
6EB
102
}
330
6EB
100
AcDbXrecord
 10
0.0
 20
0.0
 30
0.0
  0
XRECORD
  5
709
102
{ACAD_REACTORS
330
6EB
102
}
330
6EB
100
AcDbXrecord
 10
0.0
 20
0.0
 30
0.0
  0
XRECORD
  5
707
102
{ACAD_REACTORS
330
6EB
102
}
330
6EB
100
AcDbXrecord
 10
0.0
 20
0.0
 30
0.0
  0
XRECORD
  5
708
102
{ACAD_REACTORS
330
6EB
102
}
330
6EB
100
AcDbXrecord
 10
0.0
 20
0.0
 30
0.0
  0
XRECORD
  5
705
102
{ACAD_REACTORS
330
6EB
102
}
330
6EB
100
AcDbXrecord
 10
0.0
 20
0.0
 30
0.0
  0
XRECORD
  5
702
102
{ACAD_REACTORS
330
6EB
102
}
330
6EB
100
AcDbXrecord
340
0
  0
XRECORD
  5
703
102
{ACAD_REACTORS
330
6EB
102
}
330
6EB
100
AcDbXrecord
 70
     0
  0
XRECORD
  5
6F7
102
{ACAD_REACTORS
330
6EB
102
}
330
6EB
100
AcDbXrecord
  1
{B42B20C8-8D33-3E4A-BEFE-A67A47E2B7A0}
  0
DICTIONARYVAR
  5
322
102
{ACAD_REACTORS
330
321
102
}
330
321
100
DictionaryVariables
280
     0
  1
14.341106
  0
DICTIONARYVAR
  5
323
102
{ACAD_REACTORS
330
321
102
}
330
321
100
DictionaryVariables
280
     0
  1
1
  0
DICTIONARYVAR
  5
324
102
{ACAD_REACTORS
330
321
102
}
330
321
100
DictionaryVariables
280
     0
  1
1:1
  0
DICTIONARYVAR
  5
325
102
{ACAD_REACTORS
330
321
102
}
330
321
100
DictionaryVariables
280
     0
  1
2.000000
  0
DICTIONARYVAR
  5
326
102
{ACAD_REACTORS
330
321
102
}
330
321
100
DictionaryVariables
280
     0
  1
Standard
  0
DICTIONARYVAR
  5
327
102
{ACAD_REACTORS
330
321
102
}
330
321
100
DictionaryVariables
280
     0
  1
Standard
  0
DICTIONARYVAR
  5
328
102
{ACAD_REACTORS
330
321
102
}
330
321
100
DictionaryVariables
280
     0
  1
Metric50
  0
DICTIONARYVAR
  5
329
102
{ACAD_REACTORS
330
321
102
}
330
321
100
DictionaryVariables
280
     0
  1
Metric50
  0
DICTIONARYVAR
  5
32A
102
{ACAD_REACTORS
330
321
102
}
330
321
100
DictionaryVariables
280
     0
  1
0
  0
DICTIONARYVAR
  5
32B
102
{ACAD_REACTORS
330
321
102
}
330
321
100
DictionaryVariables
280
     0
  1
0
  0
DICTIONARYVAR
  5
32C
102
{ACAD_REACTORS
330
321
102
}
330
321
100
DictionaryVariables
280
     0
  1
2
  0
DICTIONARYVAR
  5
32D
102
{ACAD_REACTORS
330
321
102
}
330
321
100
DictionaryVariables
280
     0
  1
2
  0
DICTIONARYVAR
  5
32E
102
{ACAD_REACTORS
330
321
102
}
330
321
100
DictionaryVariables
280
     0
  1
1
  0
DICTIONARYVAR
  5
32F
102
{ACAD_REACTORS
330
321
102
}
330
321
100
DictionaryVariables
280
     0
  1
1
  0
DICTIONARYVAR
  5
330
102
{ACAD_REACTORS
330
321
102
}
330
321
100
DictionaryVariables
280
     0
  1
1
  0
DICTIONARYVAR
  5
331
102
{ACAD_REACTORS
330
321
102
}
330
321
100
DictionaryVariables
280
     0
  1
0
  0
DICTIONARYVAR
  5
332
102
{ACAD_REACTORS
330
321
102
}
330
321
100
DictionaryVariables
280
     0
  1
AR3-WALL HATCH
  0
DICTIONARYVAR
  5
333
102
{ACAD_REACTORS
330
321
102
}
330
321
100
DictionaryVariables
280
     0
  1
ByLayer
  0
DICTIONARYVAR
  5
334
102
{ACAD_REACTORS
330
321
102
}
330
321
100
DictionaryVariables
280
     0
  1
0
  0
DICTIONARYVAR
  5
335
102
{ACAD_REACTORS
330
321
102
}
330
321
100
DictionaryVariables
280
     0
  1
0
  0
DICTIONARYVAR
  5
336
102
{ACAD_REACTORS
330
321
102
}
330
321
100
DictionaryVariables
280
     0
  1
0
  0
DICTIONARYVAR
  5
337
102
{ACAD_REACTORS
330
321
102
}
330
321
100
DictionaryVariables
280
     0
  1
2
  0
DICTIONARYVAR
  5
338
102
{ACAD_REACTORS
330
321
102
}
330
321
100
DictionaryVariables
280
     0
  1
1.000000
  0
DICTIONARYVAR
  5
339
102
{ACAD_REACTORS
330
321
102
}
330
321
100
DictionaryVariables
280
     0
  1
1
  0
DICTIONARYVAR
  5
33A
102
{ACAD_REACTORS
330
321
102
}
330
321
100
DictionaryVariables
280
     0
  1
2
  0
DICTIONARYVAR
  5
33B
102
{ACAD_REACTORS
330
321
102
}
330
321
100
DictionaryVariables
280
     0
  1
1
  0
DICTIONARYVAR
  5
70D
102
{ACAD_REACTORS
330
321
102
}
330
321
100
DictionaryVariables
280
     0
  1
80.000000
  0
DICTIONARYVAR
  5
70C
102
{ACAD_REACTORS
330
321
102
}
330
321
100
DictionaryVariables
280
     0
  1
5.000000
  0
DICTIONARYVAR
  5
33C
102
{ACAD_REACTORS
330
321
102
}
330
321
100
DictionaryVariables
280
     0
  1
0
  0
DICTIONARYVAR
  5
33D
102
{ACAD_REACTORS
330
321
102
}
330
321
100
DictionaryVariables
280
     0
  1
127
  0
DICTIONARYVAR
  5
33E
102
{ACAD_REACTORS
330
321
102
}
330
321
100
DictionaryVariables
280
     0
  1
0
  0
DICTIONARY
  5
1F9
330
ED
100
AcDbDictionary
280
     1
  3
ACAD_XREC_ROUNDTRIP
360
713
  3
FBXASSET
360
1FA
  0
DICTIONARY
  5
1F7
330
EC
100
AcDbDictionary
280
     1
  3
ACAD_XREC_ROUNDTRIP
360
714
  3
FBXASSET
360
1F8
  0
DICTIONARY
  5
173
330
EE
100
AcDbDictionary
280
     1
  3
ACAD_XREC_ROUNDTRIP
360
715
  3
FBXASSET
360
1FB
  0
XRECORD
  5
713
102
{ACAD_REACTORS
330
1F9
102
}
330
1F9
100
AcDbXrecord
102
MATERIAL
148
0.0
149
0.0
149
0.0
 93
        0
 94
       63
282
     0
 72
     1
 77
     1
171
     1
175
     1
179
     1
273
     0
  0
XRECORD
  5
1FA
102
{ACAD_REACTORS
330
1F9
102
}
330
1F9
100
AcDbXrecord
 70
     1
 90
429727718
  1
D62C5603-E3A1-4AEA-B7FB-FE5D8D0755AF
310
504B03040A0000080000CC70623B3DEE336E79000000790000001B0000006175746F6465736B2D64657369676E2D7061636B6167652E786D6C3C3F786D6C2076657273696F6E3D22312E302220656E636F64696E673D227574662D3822203F3E3C666F726D6174733E3C666F726D61743E687474703A2F2F736368656D612E
310
6175746F6465736B2E636F6D2F64657369676E2D7061636B6167652F323030393C2F666F726D61743E3C2F666F726D6174733E504B0304140006080800CC70623BD486FD9CA0000000F4000000130000005B436F6E74656E745F54797065735D2E786D6C7D8EC10E82300C865F65E91D8A1E8C310C0EEA1BF002731658846E
310
D98AC1B77784ABF1D8FE5FBFBF75BBCE937A534CCEB38643598122B6FEE978D0B0485F9C41B54DDD7D022595594E1A469170414C76A4D9A4D207E29CF43ECE46F218070CC6BECC4078ACAA135ACF422C856C0E68EA1BF5669944DDD7BCDE7B1F8E415D77AECB980613C2E4AC91FC167A2B244592486606FC29C8FD7F045B9A
310
EF7053A7E60B504B0304140006080800CC70623B853B8169EB0000007C01000008000000636F72652E786D6C8D90416EC3201045AF62CDB6C206821CC7C244919D9CA01740401C94182C03558F5F9C3852BBEB6A467FFE9B197D7EFC9E1EC5975982F5AE035262288C535E5B377690E21535501C055FBC8FBF6C503839990E
310
5619041F179FE64D52DE45E362569DD7661365082642A11EB9E920A89B99642953CC8E702F67A9EE7234257977194EC9EAE275C4EABCCF5EAD5940D4AC6F0E35A568B8F43562CD7046CD199FD07E60174276A7BE677B5EADB0E0D14EEFFB6A31321A0D82627C4084204C3F096B71DD52F6819B16635EADF63F509AF53FA164
310
5DDCD1EDDD17164090FCC8732078B56691CB33A85CD7DCC40F504B0304140006080800CC70623B55019EA25F0000007C00000007000000636E782E786D6C4DCB3B0E80201045D1AD90E915ED2CF8AC45050C11660C8261F98AB1B07AC9C97D42D718D865D3E909258CFD00CCE24AC6E326A164D74DC0B4128928FF32603847
310
2BA13128B1252AC747C6BAB984FC68F0B87FE8960A5C09FE86CFB69FBA01504B0304140006080800CC70623BDBABAAF470010000D40300000C0000006662782F636F72652E786D6CC553D16E823014FD95A6AF4B694182CC941A83FA05FB810A9511A125A5257EFE2E82712ECEB8A7F100CD39F7F69E734AF9FADC366850B6
310
AF8DCE7018308C942E4C59EB2AC3DE1D498AD15A706B8CFB56869196ADCAF00863C12B6B7C374385D14E6907A836A59A41D9F7CA615434B0C8705F7CAA5606D23BA8E84F41278B93AC54100640439DE0BDB320004D43C63716C7C399D30917DCFBBA9CD9BA8469F5B156168B24CED3F7248AC8769F27244EB73B92EED8862C
310
B7F13E0C179B3C8F979C8ECD82BBBABDAA2BAC924E9558448CBD9330242CFA08E3154B5651FCC6D215639C8EE5774DBE2B5F6CF2B5768B68963BB5F5588420E442FC700B1139D4CB01F450C1E918227C2E09DF070D8140C84E1E9AAB8F1340832A9CB13130A5F1376A908D57309505ECF2A0DF179C4E9D30F5B239B87E3823
310
7A79C6F31DE1A8A5AEC08474B03C7837EAE4938639B44E5932B833D2C6B6B279CDC613877FA26EE21F4A2A4C63EC7F29A2F301D1F9F7A0E37D145F504B0304140006080800CC70623B9C113CC27E0000009D0000000B0000006662782F636E782E786D6C4DCCDF0A83201C86E15B91DFB94BFB330DD428C8FB886521330DA7
310
6397BF1A1DECE883878F57749FCDA1B7892F1BBC047A23808C7F84D9FA55424E0BE6803A256208E9EF06C84F9B91703228B1C690F78B66B34CD9A5439DF5CF0BFBF65E35BCA1B8D6A5C6F540381E886698B5741C695F9503EBA150A2F8958E3DC3EA0B504B0304140006080800CC70623B7DF2F77C2A010000120200003100
310
00006662782F41393633353835312D344632462D344230382D423046372D3739314545314133324237412F636F72652E786D6C8D51DB8EC22014FC15C2939B0D2DB4B45643319AE817EC0F6041255A68B86CFCFC856D4D76DF7CE190393373060EDB3DC707F856CE6B6B7A480A0C81328395DA5C7B18C3057510EC3873D686
310
3F34088C18550F330C39BB3A1BA7051AAC09CA84841A2BD5020AEF55806078A44B0FFD7053A328440C89E1EFC52486BBB8AA8214A99D789CF9E05200300FC927E4FB4D5B375D43103D5527440FB843077C5AA3F5861C8F645F5787F59E95B390B318B55CE45AA638FAA2957BD7248B390B7A7CC51F9C124149C82B8C378810
310
84AB2F42B7B8DD56F413775B8C5999E9FF4471926F8AA236A1AE96B8B3CC434E5839373893369E1FAF30EA395917409EB7F26AF8801C171837A4A6AC9C89E9F9C9B1A58BA30FD6A5EF5DDDCF894B9AD9B6A59C957943A9FCAE2FD5BC4DFE03504B0304140006080800CC70623BAD7543B64E01000033030000300000006662
310
782F41393633353835312D344632462D344230382D423046372D3739314545314133324237412F636E782E786D6CD593CD6EC32010845F0571AD6CE3D48AD20813A9873E410FBD12D82434182C7EAAE6EDBB2424CD25871E7B41D6EC30B3FA84F9E67BB2E40B4234DE8DB46F1925E094D7C6ED479AD3AE5951B2113C789FEE
310
6C943839C1488B4C05DF079FE72A69D8C96C13AAD6B8631503449F83828872B949AC57D26200B826A308D316B4064D6E46FCDA41C05550DC9E483A00797BFD207EFB092A45DE9514C1BBD22178396BD39D891265658C238DEA00936C654E5E433CB65A26D9F6EDB5EBC14EBF49A45CB856E66048291F6939A9A81BB5C89177
310
38143CA680F4AA299D66A042CEB3354A2684DC9D8D178FE0D9B8B41CAAD720F880EE7EF93C0C18769E099ECC04D5A102C8049A8A05632F4DDF376CF1DE0F6BB65C2F8627B65A33C6BB62177CEBBDAD973006829F89F22E814B54F4BC2BE347F8AA8F681390B50FA73F804400B5F542E796F19FF974E7F78DB802FE05E20750
310
4B0304140006080800CC70623BE75B7789680500003C100000340000006662782F41393633353835312D344632462D344230382D423046372D3739314545314133324237412F6F626A656374732E786D6CAD575B8F9B3818FD2B887D06C22499CB8AA1CA655245D5B455A356FB305264C061D8018C6C3393D95FBFC7600890
310
A4CD5EF210B0B1BFEBF98E3F7B1FF6596ABC522E1296DF9BAE3D320D9A872C4AF2F8DE2CE5CEBA358D0FBEC719939D65A691938CDE9B6ADAF4BD98B3B2D05311DD91329583D9D5FC0F438434A7A611A644887B5384CF34233629258BA878B12322891DEFF6B66BD70BFB62634E8AE781D082709A4B588AF91C528CDA28B73F
310
1C998EEF39EABBEFA97FBD6A7C7E9553F9D3D79FE442923C3C523610337627CB87ABE99D359D4CC6D6E4FACAB5E6ABF9D2726FC6A3C5F56271377BB88362213924694B38DD99FE47C48627A1E7D49F5A8BB5E1A74C0A599ED3B0F21F1E56366B89112D681E218F0915D0D6F17AD41FBA2A369DCF6335D62ABBD39779D5DDD1
310
11D4D8DE3CBB96B2E04FB8202E41051754A1AA8E8F76B4C6DFE810B580B1547F4B84911149794252234D024EF8BBE963A95AE27B3D310A9D5C215C7960FAEE415ED75694C6AFB17BCACA5D99A60A9AA65F217B0BFC53292ACB92BF283FAD0D3621576592CB5BED907C2FA8E9DF794E35E97BEA31BED21FEB401ABB94C44839
310
DCACBF0E1C5DA8DA5B2F4DFFD32AD86F543D9E565E7056502E157C00AD2671CD534549AB752FCA9CDA00677A313F04E51B22FF19E57B300579E3C97EB29F682D92935CEC18CF901B7B54FD8C51F362B56FC72FE0B3C1EAE335EDCCBF5AEC39ADB17DC238973F804BA5E6F6BFE7AF1FB32E523BE9F3BD571418E3631DCA4D48
310
5250CF639223210A9446CA30052EDF057BD35F8329C1ECD84552BF0DC8D18BE7BCE23BFE6BD960AB4A7DE79923A103BEBD80F911CBAA2C60DB19B01CF164A5583B772EE6D3FFA56666CBCDA74DC97724A48F9A58967497E489C4D979006FD7A05E227A1EBDD0F737C623387A9C844D3709995625106D157315F8B8392CD4E0
310
A0B9A720C4BE9829CEF37EA1E13111214D53925356365ADA634861B52519DD27A00AEB808EAF0628E6F435519D446F45CF2C9CF5214F0A15B2F6D06B79DA3EE3CBF7F56780D2F4E7EF73A0F5E5B02A38D07DC852C6B7C1FBB6664213E0C39E3EBA7FF4E1AD23EA2829407C85E586727488B751B2DB9502BC7B228A3FD68B6E
310
A65A22397E690AA8D158D7E404EC8CDA235CC3B7D1898680131CEC2CDF2638C65196279577750F15884AEE19F94199155B92B13297978469D4F8D358DF0AEF7631E28DC8F0D9F437D5D39A83B2231A1D52D543813A824EF8D44BCFF2FA6A31BD1E8DAD87F1CCB526B3879935BF59CDADD5C37479BB1CDD4CA7B3556B516589
310
EF352754B706114D9C885EC9131DE6EFEB43D99AFE2391C2F958179413D7CFEF6B1B6DB1E7600F00DE6E5C67454A339A4BA2E0FBA85ED26F045D454F463DBFCE484C2F90F2E5E3666003662ED8F755951A7D1BECD5B30B550B2785C8E7320B7292A4838DDA71BBC863ED7613CAF659337A3354231D4FF4A182A54904C2898C
310
98B28C4AD0CE056CCF332A80986E571EE9DBC305BB5FEB7E509220A58D25CF042D712A806AC0AD0C657FDEF80D2D9CEAA2EE4D1C76F60BFE74219A06527D6F82DF6412526107381E55E353090704D085B52408A8913C4ED159D79BDA71BB4BC506F4831350EB6F975CD22D69BF7AC49B91A2C0A9DDA3D5CA36AD20FC478E37
310
E61844E2352865EBCB61A275A65283CAAA9DD27703B4102F5AF51EF5F573B75CBB5AD38BC845F7A49F82A0966A49C2E3EA5EA0ECD326CD965F1DB402C6FA8B51A4658C5C5E2EC9E214602E55810345408596591009A82E7E7FFACA19EEA299B14A0081A705CB3296EBC14CDF658DCD336EA6D1136881AAEB87B81AB9EE53D5
310
F5EB8BC8362082DA24122F98680A4E7930C01A0079749CEA14382A0783E5EBA5A10F8C098456A03D6A4AEB6BB881E2513747552A5DB22C7EDAF83BD5528081A365F7FF06504B0304140006080000CC70623B000000000000000000000000350000006662782F41393633353835312D344632462D344230382D423046372D37
310
39314545314133324237412F76657274696365732E62696E504B0304140006080800CC70623BF270F1330600000004000000360000006662782F41393633353835312D344632462D344230382D423046372D3739314545314133324237412F747269616E676C65732E62696E636660600000504B0304140006080000CC7062
310
3B000000000000000000000000370000006662782F41393633353835312D344632462D344230382D423046372D3739314545314133324237412F617474726962757465732E62696E504B0304140006080800CC70623B08DA0BD19000000041010000360000006662782F41393633353835312D344632462D344230382D4230
310
46372D3739314545314133324237412F6469726563746F72792E786D6C858F410AC3201045AF22B36F53E9A60B35CBEEBAE80D244E44489C6234F4F835464A48035D0DF398FF9F8AF63D0E6CC63039F212F8F9020C7D47C6792B21C5FE7403D62A1188E2E60C98D7234A5830286103A55745067B9D86B8A3CF9C7F90C11DE6
310
07FB144396D7B6A82D282E9A152AD114D5EF2CB866EEE831B8EEA07A7BB5A8D7D61A2BAAEB7FD5F70921FF497D00504B0304140006080800CC70623BEDD1DC58FD000000A00100003B0000006662782F41393633353835312D344632462D344230382D423046372D3739314545314133324237412F7265736F75726365732F
310
636F72652E786D6C8D504B6E833010BD0A9A6D65B00922041947112427E8052C33A156828DFCA97AFC9A40A576D7CDCCE87D344F8F9FBFE667F689CE6B6B3A6039850C8DB2A336530731DC4903D95970676DF82583CCC8193B5861107C72362E3BA4AC096842428D1D7107A5F7182053CF7474E0D507CE32973124857FE48B
310
540F3961CEF244279DE03EB81420DB9EAC1384436FA353E879B1B182C7A8C75DA3C7F453DF353A1075D537A7BA6464B8F535A99AE14A9A2BBD90E350DD183B5CFABE3AF262350B1EF4FC9351399401471025A527C218A1E53BAB5A5AB765F5469B96525EACF23FA6B88CFF34456DC2A1DCE36E360F82A5202F42F062ED2BAD
310
579969AFDD8A6F504B010214000A0000080000CC70623B3DEE336E79000000790000001B00000000000000000000000000000000006175746F6465736B2D64657369676E2D7061636B6167652E786D6C504B01021400140006080800CC70623BD486FD9CA0000000F40000001300000000000000000000000000B20000005B
310
436F6E74656E745F54797065735D2E786D6C504B01021400140006080800CC70623B853B8169EB0000007C010000080000000000000000000000000083010000636F72652E786D6C504B01021400140006080800CC70623B55019EA25F0000007C000000070000000000000000000000000094020000636E782E786D6C504B
310
01021400140006080800CC70623BDBABAAF470010000D40300000C00000000000000000000000000180300006662782F636F72652E786D6C504B01021400140006080800CC70623B9C113CC27E0000009D0000000B00000000000000000000000000B20400006662782F636E782E786D6C504B01021400140006080800CC70
310
623B7DF2F77C2A010000120200003100000000000000000000000000590500006662782F41393633353835312D344632462D344230382D423046372D3739314545314133324237412F636F72652E786D6C504B01021400140006080800CC70623BAD7543B64E010000330300003000000000000000000000000000D2060000
310
6662782F41393633353835312D344632462D344230382D423046372D3739314545314133324237412F636E782E786D6C504B01021400140006080800CC70623BE75B7789680500003C10000034000000000000000000000000006E0800006662782F41393633353835312D344632462D344230382D423046372D3739314545
310
314133324237412F6F626A656374732E786D6C504B01021400140006080000CC70623B0000000000000000000000003500000000000000000000000000280E00006662782F41393633353835312D344632462D344230382D423046372D3739314545314133324237412F76657274696365732E62696E504B01021400140006
310
080800CC70623BF270F133060000000400000036000000000000000000000000007B0E00006662782F41393633353835312D344632462D344230382D423046372D3739314545314133324237412F747269616E676C65732E62696E504B01021400140006080000CC70623B0000000000000000000000003700000000000000
310
000000000000D50E00006662782F41393633353835312D344632462D344230382D423046372D3739314545314133324237412F617474726962757465732E62696E504B01021400140006080800CC70623B08DA0BD1900000004101000036000000000000000000000000002A0F00006662782F41393633353835312D344632
310
462D344230382D423046372D3739314545314133324237412F6469726563746F72792E786D6C504B01021400140006080800CC70623BEDD1DC58FD000000A00100003B000000000000000000000000000E1000006662782F41393633353835312D344632462D344230382D423046372D3739314545314133324237412F7265
310
736F75726365732F636F72652E786D6C504B0506000000000E000E0080040000641100000000
  0
XRECORD
  5
714
102
{ACAD_REACTORS
330
1F7
102
}
330
1F7
100
AcDbXrecord
102
MATERIAL
148
0.0
149
0.0
149
0.0
 93
        0
 94
       63
282
     0
 72
     1
 77
     1
171
     1
175
     1
179
     1
273
     0
  0
XRECORD
  5
1F8
102
{ACAD_REACTORS
330
1F7
102
}
330
1F7
100
AcDbXrecord
 70
     1
 90
429727718
  1
30362254-06B7-45E0-A893-8CFA70E3D6BC
310
504B03040A0000080000CC70623B3DEE336E79000000790000001B0000006175746F6465736B2D64657369676E2D7061636B6167652E786D6C3C3F786D6C2076657273696F6E3D22312E302220656E636F64696E673D227574662D3822203F3E3C666F726D6174733E3C666F726D61743E687474703A2F2F736368656D612E
310
6175746F6465736B2E636F6D2F64657369676E2D7061636B6167652F323030393C2F666F726D61743E3C2F666F726D6174733E504B0304140006080800CC70623BD486FD9CA0000000F4000000130000005B436F6E74656E745F54797065735D2E786D6C7D8EC10E82300C865F65E91D8A1E8C310C0EEA1BF002731658846E
310
D98AC1B77784ABF1D8FE5FBFBF75BBCE937A534CCEB38643598122B6FEE978D0B0485F9C41B54DDD7D022595594E1A469170414C76A4D9A4D207E29CF43ECE46F218070CC6BECC4078ACAA135ACF422C856C0E68EA1BF5669944DDD7BCDE7B1F8E415D77AECB980613C2E4AC91FC167A2B244592486606FC29C8FD7F045B9A
310
EF7053A7E60B504B0304140006080800CC70623B1EC5D7A3EB0000007C01000008000000636F72652E786D6C8D90416EC3201045AF82665B6103C6756C6122AB4D4ED00B204C5C94182C03558F5F9C3852BBEB6A467FFE9B197D71FC9E6FE8CBACC17AD7032D0820E3B41FAD9B7A48F1820F808E52ACDEC75F36404ECDA687
310
4D0629A6D5A76597B477D1B89855E747B38B2A041301E95B6E7A08FAD3CCAA50296647B8168BD2573599823EBB0CA76447F43862C7BCCF5EAC59410E4DDD9C7973C2755553CCCFA4C603E3040F1565ED3B1FDE4E432BCA0D9622DAF9795FAF464533826484B498524CD807E51D79ED187F21878E10516EF63F505AC67F42C9
310
BA58B1FDDD071640D2FCC87D2045B96591CB3DA85CB7DCE40F504B0304140006080800CC70623B55019EA25F0000007C00000007000000636E782E786D6C4DCB3B0E80201045D1AD90E915ED2CF8AC45050C11660C8261F98AB1B07AC9C97D42D718D865D3E909258CFD00CCE24AC6E326A164D74DC0B4128928FF32603847
310
2BA13128B1252AC747C6BAB984FC68F0B87FE8960A5C09FE86CFB69FBA01504B0304140006080800CC70623B8C9102E971010000D40300000C0000006662782F636F72652E786D6CC5535B6E833010BC8AE5DF0A6C08340F1947A84D4ED00B38C6A128602363A31CBFCB234A53A551FA553EC09AD9F5CE8C31DB9E9B1AF5CA
310
7695D1198E428A91D2D214952E33ECDD315861B4E5CC1AE3BE9561A445A3323CC098B3D21ADFCE9034DA29ED00D5A6503328BA4E398C640D8B0C77F253352214DE4145770A5B214FA2546114020D759C75CE8200340D19DE981F0F6746269C33EFAB6266AB02A655C74A59CCF365BADC27CB5D902ED22848F6340DF238A141
310
BE88E2F57B92BFEDF23523433367AE6A2EEAA455C2A902F398D2751045018D3FA264435F3771F242571B4A1919CA6F9A7C5B3CD9E42BED16F12C776AEB308F40C848FC700B1139D4891EF410CEC810227CC6846F8386402064270EF5C5C709A05E49676C024C61FC95EA45ED154CA5211D1FF4FB8291A913A68E9B83EBBB33
310
E2A7673CDE118E5AE8124C0807CB8377834E366998436B950D7A7746DAD846D4CFD978E0F04FD455FC5D49D2D4C6FE9722321F10997F0F32DC47FE05504B0304140006080800CC70623BFFEA85907E0000009D0000000B0000006662782F636E782E786D6C4DCCD10A83201886E15B91FFDC95D95A811AB6F23E625948A6C3
310
E9D8E5AF46073BFAE0E1E365ED67B3E8ADC3CB78C7815C7240DA3DFC64DCC221C519D7805AC182F7F1EF06C88D9BE6703008B6049F9E274D7A1E938DBB5AE3D6131B2589BA0D3D965551E0B2EA732C9B9A624AAEB41E3A557677029960D9AFB4EF11165F504B0304140006080800CC70623B4FEEA4082C0100001202000031
310
0000006662782F39464131463745442D413632322D343644302D413938332D3331353338454246344243312F636F72652E786D6C8D515B6EC32010BC0AE2AB55850DD871ED0813254D72825EC00192A2C460F1A872FC42ED48ED5F7E00CDCECCCEB26C731F6FE05B39AFADE921293004CA082BB5B9F43086336A21D870E6AC
310
0D7F68109861543DCC30E4ECE26C9C164858139409093556AA051CBC570102714B8F1E7AF1A5C6A11862480C7F2DA6415C878B2A4891CA89C7990F2E050073937C42DE1DB7E4F87ED8A36D4329AA9B3D46DBAEAD504556557BD81DEBDD0761E52CE42C462D17B996298E3E6BE59E35C962CE821E1FF18553435012728A7187
310
0841987E927A8D9B35ADDF70BBC6989599FE4F1427F9A4286A132ABAC49D651EF234CD5CE04CDA78BA3DC2A8FB645D00B9DF8B57E215725C60BCA2A463E54C4CE327C7A65E1C7DB02E7DEFCBF594B864C5CA6CDBD49C957943E9FA5D5FBAF336F90F504B0304140006080800CC70623BAD7543B64E01000033030000300000
310
006662782F39464131463745442D413632322D343644302D413938332D3331353338454246344243312F636E782E786D6CD593CD6EC32010845F0571AD6CE3D48AD20813A9873E410FBD12D82434182C7EAAE6EDBB2424CD25871E7B41D6EC30B3FA84F9E67BB2E40B4234DE8DB46F1925E094D7C6ED479AD3AE5951B2113C
310
789FEE6C943839C1488B4C05DF079FE72A69D8C96C13AAD6B8631503449F83828872B949AC57D26200B826A308D316B4064D6E46FCDA41C05550DC9E483A00797BFD207EFB092A45DE9514C1BBD22178396BD39D891265658C238DEA00936C654E5E433CB65A26D9F6EDB5EBC14EBF49A45CB856E66048291F6939A9A81BB5
310
C8917738143CA680F4AA299D66A042CEB3354A2684DC9D8D178FE0D9B8B41CAAD720F880EE7EF93C0C18769E099ECC04D5A102C8049A8A05632F4DDF376CF1DE0F6BB65C2F8627B65A33C6BB62177CEBBDAD973006829F89F22E814B54F4BC2BE347F8AA8F681390B50FA73F804400B5F542E796F19FF974E7F78DB802FE05
310
E207504B0304140006080800CC70623B16AB87BA640500003C100000340000006662782F39464131463745442D413632322D343644302D413938332D3331353338454246344243312F6F626A656374732E786D6CAD575B6FA33818FD2B887DE6924B3BED8A326A92B68A663B534DD4D13E548A0C38942D60649B369D5FBFC7
310
600890A493BDE42160637FD7F31D7FF63E6FB3D478A55C242CBF3247B66B1A340F5994E4F19559CA8D75611A9F7D8F33263BCB4C232719BD32D5B4E97B316765A1A722BA21652A07B3B7B33F0D11D29C9A46981221AE4C113ED38CD8A4942CA2E2C58E882476BCD9DA23BB5ED8171B73523C0F841684D35CC252CCE79062D4
310
468DFA43D7747CCF51DF7D4FFDEB5593E3AB9CCA9FBEFE241792E4E19EB28198C968BAB8199F5D5A67D3E9C49A9E8F47D6EC76B6B0469F26EEFC7C3EBFBCBEB98462213924694B38DD98FE1D62C393D073EA4FADC5DAF04326852CCF6958F90F0F2B9BB5C48816348F90C7840A68EB78EDF68723159BCEE7891A6B95DDE9D3
310
BCEAEEE8086A6C6F9E5D4B59F0175C10A7A0820BAA5055C7473B5AE3CFDD452D602CD5DF12616444529E90D448938013FE6EFA58AA96F85E4F8C42275708571E98FE6827AF6B2B4AE3D7D83D64E5A64C53054DD3AF90BD06FEA9149565C94FCA0F6B834DC85599E4F2423B24DF0B6AFA979E534DFA9E7A4CC6FA631D486393
310
921829879BF5D781A373557BCB85E97FB90DB62B558F8795179C15944B051F40AB495CF35451D26A4727654E6D8033BD98EF82F21D91FF8AF2DD9982BCF1643BDD4EB516C9492E368C67C88DED563FC36D5EACF66DFF057C3658BDBFA69DF9578B3DA735B64F18C7F20770A9D45CFCF7FCF563D6456A277DBEF78A02637CA2
310
43B90A490AEAB94F72244481D24819A6C0E59B606BFA4B3025981DBB48EAB701D97BF19C577CC77F2D1B6C55A9EF3C732474C0B727303F625995056C3B02963D9EAC146BE78EC5FCEC7FA999EBC5EACBAAE41B12D27B4D2C0BBA49F244E2ECDC81B76B502F113D8F5EE8FB1BE3111CDD4FC2AA9B844CAB1288B68AB90A7CDC
310
1C166AB0D3DC5310625FCC14E779BFD0709F8890A629C9292B1B2DED31A4B0DA928CEE135085754027E3018A397D4D5427D15BD1330B677DC8934285AC3DF45A9EB68FF8F2B8FC0A509AFEECFD0FF2DE25CC6047F7214B195F07EFEB9A094D800F7BFAE8FED187B78EA8A3A400F115961BCAD1215E47C966530AF0EE8128FE
310
58CEBB996A8964FFA529A046635D9353B0336A8F700DDF46271A024E70B0B37C9DE01847591E54DED53D54202AB947E4076556AC49C6CA5C9E1226B7F1A7B1BE15DEED62C41B91E1B3E9AFAAA735036547343A925075041DF0A9979E893B391F8FCFA6967B3EFB644DCF6E5CEBFAE272625DCC6FAF3FB93793C5F90CE1EF57
310
407342756B10D1C489E8953CD1617E5CEECAD6F4EF8914CE5D5D504E5C3F1F9736DA62CFC11E00BCDDB8CC8A9466349744C1F75EBDA4DF09BA8A9E8C7A7E9991989E20E5DBDD6A6003664ED8F7A04A8DBE0DF6EAD9B9AA858342E47399053949D2C146EDB85DE4B176BB0965FBAC19BD19AA918E27FA50C1D22402E144464C
310
59462568E704B6E71915404CB72B8FF4EDE184DDAF753F284990D2C6926782963815403548A70C657FDEF80D2D9CEAA2AE4C1C76F60BFE74219A06527D6582DF6412526107381E55E353090704D085B52408D0933C4ED159D79BDA71BB4BC506F4831350EB6F979CD22D69BF7AC49B91A2C0A9DDA3D5CA36AD20FC478E37E6
310
1844E2352865EBCB6EA275A652E3836BE04EFB400BF1A2556F515F1FBB35B2AB35BD889C744FFA1004B5544B121E57F70215746DD2F5E2C1412B602CBF19455AC6C8E5E9922C4E01E65215385004546899059180EAFCF7A707CE7017CD8CDB0410789AB32C63B91E5CEBBBACB17AC6CD347A022D5075FD106377347AAABA7E
310
7D11590744509B44E205134DC1290F06580320F78E537D3D73540E06CB970B431F185308AD40BBD794D6D77003C5A36E8EAA54BA64597CD8F83BD552A080A365F7FF06504B0304140006080000CC70623B000000000000000000000000350000006662782F39464131463745442D413632322D343644302D413938332D3331
310
353338454246344243312F76657274696365732E62696E504B0304140006080800CC70623BF270F1330600000004000000360000006662782F39464131463745442D413632322D343644302D413938332D3331353338454246344243312F747269616E676C65732E62696E636660600000504B0304140006080000CC70623B
310
000000000000000000000000370000006662782F39464131463745442D413632322D343644302D413938332D3331353338454246344243312F617474726962757465732E62696E504B0304140006080800CC70623B08DA0BD19000000041010000360000006662782F39464131463745442D413632322D343644302D413938
310
332D3331353338454246344243312F6469726563746F72792E786D6C858F410AC3201045AF22B36F53E9A60B35CBEEBAE80D244E44489C6234F4F835464A48035D0DF398FF9F8AF63D0E6CC63039F212F8F9020C7D47C6792B21C5FE7403D62A1188E2E60C98D7234A5830286103A55745067B9D86B8A3CF9C7F90C11DE607
310
FB144396D7B6A82D282E9A152AD114D5EF2CB866EEE831B8EEA07A7BB5A8D7D61A2BAAEB7FD5F70921FF497D00504B0304140006080800CC70623B0D6EF93BFE000000A00100003B0000006662782F39464131463745442D413632322D343644302D413938332D3331353338454246344243312F7265736F75726365732F63
310
6F72652E786D6C8D50596E833010BD0A9ADFCA60B334011947A8694ED00B586642AC041B79A97AFC9A40A5F6AF3F33A3B7689E1E3F7DCD8FEC139DD7D6F4C0720A191A65476DA61E62B892236427C19DB5E1970C322367EC618541F0C9D9B8EC90B226A009093576C41D94DE63804C3DD2D18357379C652E63480A7FCF17A9
310
EE72C29CE5894E3AC17D702940B63D59270887DE46A7D0F36263058F518FBB468FE9A7BE6A7420864373B8D4873369AA8691FA421B3294352543C5CAF65C0F6FEF43CB8BD52C78D0F34F46E550061C419494B6843142CB0F5677F4B52BEB177AEC28E5C52AFF638ACBF84F53D42654E51E77B379102C05791282176B5F693D
310
CB4C7BED567C03504B010214000A0000080000CC70623B3DEE336E79000000790000001B00000000000000000000000000000000006175746F6465736B2D64657369676E2D7061636B6167652E786D6C504B01021400140006080800CC70623BD486FD9CA0000000F40000001300000000000000000000000000B20000005B
310
436F6E74656E745F54797065735D2E786D6C504B01021400140006080800CC70623B1EC5D7A3EB0000007C010000080000000000000000000000000083010000636F72652E786D6C504B01021400140006080800CC70623B55019EA25F0000007C000000070000000000000000000000000094020000636E782E786D6C504B
310
01021400140006080800CC70623B8C9102E971010000D40300000C00000000000000000000000000180300006662782F636F72652E786D6C504B01021400140006080800CC70623BFFEA85907E0000009D0000000B00000000000000000000000000B30400006662782F636E782E786D6C504B01021400140006080800CC70
310
623B4FEEA4082C0100001202000031000000000000000000000000005A0500006662782F39464131463745442D413632322D343644302D413938332D3331353338454246344243312F636F72652E786D6C504B01021400140006080800CC70623BAD7543B64E010000330300003000000000000000000000000000D5060000
310
6662782F39464131463745442D413632322D343644302D413938332D3331353338454246344243312F636E782E786D6C504B01021400140006080800CC70623B16AB87BA640500003C1000003400000000000000000000000000710800006662782F39464131463745442D413632322D343644302D413938332D3331353338
310
454246344243312F6F626A656374732E786D6C504B01021400140006080000CC70623B0000000000000000000000003500000000000000000000000000270E00006662782F39464131463745442D413632322D343644302D413938332D3331353338454246344243312F76657274696365732E62696E504B01021400140006
310
080800CC70623BF270F133060000000400000036000000000000000000000000007A0E00006662782F39464131463745442D413632322D343644302D413938332D3331353338454246344243312F747269616E676C65732E62696E504B01021400140006080000CC70623B0000000000000000000000003700000000000000
310
000000000000D40E00006662782F39464131463745442D413632322D343644302D413938332D3331353338454246344243312F617474726962757465732E62696E504B01021400140006080800CC70623B08DA0BD190000000410100003600000000000000000000000000290F00006662782F39464131463745442D413632
310
322D343644302D413938332D3331353338454246344243312F6469726563746F72792E786D6C504B01021400140006080800CC70623B0D6EF93BFE000000A00100003B000000000000000000000000000D1000006662782F39464131463745442D413632322D343644302D413938332D3331353338454246344243312F7265
310
736F75726365732F636F72652E786D6C504B0506000000000E000E0080040000641100000000
  0
XRECORD
  5
715
102
{ACAD_REACTORS
330
173
102
}
330
173
100
AcDbXrecord
102
MATERIAL
148
0.0
149
0.0
149
0.0
 93
        0
 94
       63
282
     0
 72
     1
 77
     1
171
     1
175
     1
179
     1
273
     0
  0
XRECORD
  5
1FB
102
{ACAD_REACTORS
330
173
102
}
330
173
100
AcDbXrecord
 70
     0
 90
1673772943
  1
ECE7A1D2-D628-4531-984C-D00F80459256
310
504B03040A0000080000CC70623B3DEE336E79000000790000001B0000006175746F6465736B2D64657369676E2D7061636B6167652E786D6C3C3F786D6C2076657273696F6E3D22312E302220656E636F64696E673D227574662D3822203F3E3C666F726D6174733E3C666F726D61743E687474703A2F2F736368656D612E
310
6175746F6465736B2E636F6D2F64657369676E2D7061636B6167652F323030393C2F666F726D61743E3C2F666F726D6174733E504B0304140006080800CC70623BD486FD9CA0000000F4000000130000005B436F6E74656E745F54797065735D2E786D6C7D8EC10E82300C865F65E91D8A1E8C310C0EEA1BF002731658846E
310
D98AC1B77784ABF1D8FE5FBFBF75BBCE937A534CCEB38643598122B6FEE978D0B0485F9C41B54DDD7D022595594E1A469170414C76A4D9A4D207E29CF43ECE46F218070CC6BECC4078ACAA135ACF422C856C0E68EA1BF5669944DDD7BCDE7B1F8E415D77AECB980613C2E4AC91FC167A2B244592486606FC29C8FD7F045B9A
310
EF7053A7E60B504B0304140006080800CC70623BD9DDAED0EC0000007C01000008000000636F72652E786D6C8D90416EC3201045AF82665B61836D9CD8C2444DD39CA01740405C94182C03558F5F9C3852BBEB6A467FFE9B197D7EF89E6EE8CB2CC17A37002D0820E394D7D68D03A478C17B4007C117EFE32F1B20272733C0
310
2A83E0E3E2D3BC49CABB685CCCAAF3DA6CA20CC14440EA969B0182FA34932C648AD911AEC52CD5558EA6A0CF2EC329598D1E47ACCEFBECC59A050463A7EA5833865FEBDD0E37353BE3EE8DBDE3F6786A48D375FBF6CC78B9C282473B3DEFABC5C86834888A900E538A49F5419B9EB47DD5BC907D4F082F57FB1F28CDFA9F50
310
B22ED6D5F6EE030B20687EE43E10BC5CB3C8E51E54AE6B6EE207504B0304140006080800CC70623B55019EA25F0000007C00000007000000636E782E786D6C4DCB3B0E80201045D1AD90E915ED2CF8AC45050C11660C8261F98AB1B07AC9C97D42D718D865D3E909258CFD00CCE24AC6E326A164D74DC0B4128928FF326038
310
472BA13128B1252AC747C6BAB984FC68F0B87FE8960A5C09FE86CFB69FBA01504B0304140006080800CC70623BA24EB22D72010000D40300000C0000006662782F636F72652E786D6CC5535B6E833010BC8AE5DF0A6C5E49888CA3A6694ED00B38E05014B091B1518EDFE511A5A9D228FD2A1F60CDEC7A67C6986DCE4D8D7A
310
69BA4AAB0C073EC548AA5C17952A33ECECD15B61B4E1CC686DBF9561A44423333CC098B3D268D7CE50AE9595CA02AA74216750749DB418E5352C32DCE59FB211BE70162ABA93DF8AFC244AE9073ED050C759670D0840D390E18DF9F1706664C23973AE2A66B62A605A75ACA4C13C4976E1364A12EF355A2EBD384AF65EFA96
310
BC7B8BED2EA6719AAE16FB8491A199335B351775B991C2CA02F390D2D40B028F861F41BCA68B7518BFD0D59A524686F29B26D7164F36B94AD9289CE54E6D1DE6010819891F6E21228B3AD1831EC219194284CF98F06DD01008846CC5A1BEF83801D4CBDC6A1303536877A57A513B0953A94FC707FDBE6064EA84A9E3E6E0FA
310
EE8CF0E9198F7784A316AA0413C2C2F2E0ECA0934D1AE6D05A69BCDE9E91D2A611F573361E38FC1375157F5752AE6B6DFE4B11990F88CCBF0719EE23FF02504B0304140006080800CC70623B408A7D3B7C0000009D0000000B0000006662782F636E782E786D6C4DCCD10A83201886E15B91FFDC552A92A0064DBC8F581632
310
D3703A76F9ABD1C18E3E78F878E5F0D9027ABBFCF2292AE86E2D20171F69F6715550CB827B40839639A5F2770314A7CD293819B45C73AAFB45B35BA61ACAA1C1C7E7855C58C15BC331339661262CC762340413D68D77DA5B42298546CBE6573AF60CEB2F504B0304140006080800CC70623B449FB9BD290100001202000031
310
0000006662782F36394639363044362D344446342D343946362D394244322D3234314243333846323333332F636F72652E786D6C8D515B6EC32010BC0AE22B55850D98B871848994463E412FE002495162B07854397EA176A4F62F3F2C9A9D991D587EB84F37F0AD7D30CEF6905418026DA553C65E7A98E219ED203808EE9D
310
8B7F6810D871D23D2C3014FCE25D9A57483A1BB58D19B54EE9151C43D0110279CB971E06F9A5A7B11A53CC8C70ADE6515EC78BAE4895DB992778883E0700CB907242D17643D7E2538BD869608875438BBAE38922CAC8F1BDD90DB4691A5E2F42C153326A951B95E398B3D1FE599322163C9AE9115F7A3D46ADA0A018778810
310
84E907617BDCEE297BC5BB3DC6BC2EF47FA234AB2745C9D8D8D035EE220B50105E2F0DC1954B9FB747187D9F9D8FA0CCDB042D5FA0C015C65B42DF78BD10F3F3B363CB56C7109DCFDFBBB97E662ED92EB62D13BC2E1BCAE5777DB9966D8A1F504B0304140006080800CC70623BAD7543B64E01000033030000300000006662
310
782F36394639363044362D344446342D343946362D394244322D3234314243333846323333332F636E782E786D6CD593CD6EC32010845F0571AD6CE3D48AD20813A9873E410FBD12D82434182C7EAAE6EDBB2424CD25871E7B41D6EC30B3FA84F9E67BB2E40B4234DE8DB46F1925E094D7C6ED479AD3AE5951B2113C789FEE
310
6C943839C1488B4C05DF079FE72A69D8C96C13AAD6B8631503449F83828872B949AC57D26200B826A308D316B4064D6E46FCDA41C05550DC9E483A00797BFD207EFB092A45DE9514C1BBD22178396BD39D891265658C238DEA00936C654E5E433CB65A26D9F6EDB5EBC14EBF49A45CB856E66048291F6939A9A81BB5C89177
310
38143CA680F4AA299D66A042CEB3354A2684DC9D8D178FE0D9B8B41CAAD720F880EE7EF93C0C18769E099ECC04D5A102C8049A8A05632F4DDF376CF1DE0F6BB65C2F8627B65A33C6BB62177CEBBDAD973006829F89F22E814B54F4BC2BE347F8AA8F681390B50FA73F804400B5F542E796F19FF974E7F78DB802FE05E20750
310
4B0304140006080800CC70623B8D05915C650500003B100000340000006662782F36394639363044362D344446342D343946362D394244322D3234314243333846323333332F6F626A656374732E786D6CAD575B6FA33814FE2B887D06429276DA1565D4266D158D3A339A6846FB502932E050B66023DB74D2FDF5FB190C01
310
9276B2973C046C8ECFF53B17071F77456EBD502133CEAE6CDF9DD81665314F32965ED995DA3A17B6F5310C04E7AA47665B8C14F4CAD6DB7618A48257A5D94AE89654B91AEDDEDDFC61C998326A5B714EA4BCB265FC440BE2924AF184CA6737218AB8E976E7FA6E4338649B0A523E8D98964450A6A029F619B8588D52FE7039
310
B1BD30F0F4F730D0FF866AF6369557DB33949F31A9088B0F848DD8CCFCF9F2767A76E99CCDE733677E3EF59D9BBB9BA5E37F984D16E78BC5E5F5ED25044B25C0C96822E8D60EEFE11B91C581D77CEA34368A1F5329E68CD1B8B61F16D63A1B8E092D294B10C78C4A48EB593D192E7DED9BDEE7995E1B91FDEDD3ACEA9FE831
310
6A756F9F7D4D79F4274C90A7A04248AA51D5F8C718DAE06FB2F75AC4796EBE65D22A88A22223B995679120E2D50E41AA49C260C046A35368846B0BECD0DFF3EBEB8AD4F835768F69B9ADF25C43D30E6B646F807FAA64AD59F61715C7A54127C4AACA98BA3006A9D792DAE165E0D59B61A01FB3A9F9D838D2DAE62445C86166
310
F37564E842E7DE6A69879FEEA2DD5AE7E371E1A5E025154AC307D06A03D73EB5978C58FFA4C8E9033066E0F3BD53BEC1F39F91BE7B55103791EDE6BBB991A2046172CB4581D8B893FA674DDA17A77B3B7C413D1B511FD2743BFF8A38F03A658705E3ADF8015C3A3417FF3D7E439FF591DA0B5F18BC20C1B8981957AE6392A3
310
F43C640C01D1A0B4728E2DD4F26DB4B3C3152A252A3B4E913CEC1C72F012782FF88EFF8637AA552DBEF76408E8A8DE9E50F9E1CB3A2DA0DB1B6039A893B56063DC5B3E3FFB5F72E67AB9FEB4AEC496C4F4C1149625DD662C53E89D7BF0F6151A046260D1337DFDC94502430F83B0EE07A130A224BCAD7DAE1D9FB6CD422FF6
310
920702629C4BB9AE79C12F243C6432A6794E18E5552BA56B431AAB5D91317302B2B071E86C3A42B1A02F999E24061403B5D0EB639195DA655DD3EBEAB4FB862DDF579F014AD0E73C22F99E28DA57FB98E75C6CA2D74D53086D600F4786E0FE3144B771A8A7B900F03594DB8A633CBC49B2EDB69228BB479CF863B5E807AAAB
310
23872F6DFEB4129B949CA33823F58830E86D65621E10047D9DB34D862E8EAC3C2ABC2F7B2C40D67CDFE01F5545B92105AF983AC54D93D69E56FB8E797F88913F898A9FEC705D3F9D1B54EC8426FB500D40A03BD0119B06E1B95DDC7EB8F6975367793EBD70E66733DFB9BC982F9CE564727731999F5D4ECFCE3B8D6A4DC2A0
310
6D50FD148437D110834A64C6CDDF57FBACB5C307A2A477DFE4939736CFEF2B175371E0E10CF0DD1D5C15654E0BCA14D1E87DD02FF93782A162C0A3D95F1524A52770F972BF1EE9809D13CE7DD599467F8ECE9ADD85CE85A34CD45355448C64F9E8A031DC2D596ACC6E5DD93D9B82DE2EF5CAF81363A8E47996A0DE24564A79
310
4115AACE09C55E14540231FDA13C319787134EBF34E3A022514E5B4D9E0826E25C02D5805B15ABE1BEF51B26383D445DD9E875EE33FE4C22DA16427D65A3BCA92CA6D28DD01DF5DC53330704308475351050232CCD31583787BA75774AFB06E5070DD0C8EF484E19968C5D83BA5B90B244D31E54D55A372320FE4786B7EA58
310
44E135AA5467CB7EA333A61683CC6A8C3257034C10CF46F40EF9F5BE59BE5BD30C3C72D235E95D10345C1D45445A5F0BB47E46A5EBE5570F9380B5FA629579952296A773720405982B9DE04011506178964401AA8BDF1FBF0A8EAB6861DD6580C0E38217056766716DAEB2D6FA0917D3E4116581EADB879C4E7CFFB11EFACD
310
3D641311495D92C8676CB409A72D18610D803CE8A626049E8EC1887CB5B44CC39883690DDA8399B4B9855B481E7D71D4A9D22F96E5BB73BF5793020C02137BF837504B0304140006080000CC70623B000000000000000000000000350000006662782F36394639363044362D344446342D343946362D394244322D32343142
310
43333846323333332F76657274696365732E62696E504B0304140006080800CC70623BF270F1330600000004000000360000006662782F36394639363044362D344446342D343946362D394244322D3234314243333846323333332F747269616E676C65732E62696E636660600000504B0304140006080000CC70623B0000
310
00000000000000000000370000006662782F36394639363044362D344446342D343946362D394244322D3234314243333846323333332F617474726962757465732E62696E504B0304140006080800CC70623B08DA0BD19000000041010000360000006662782F36394639363044362D344446342D343946362D394244322D
310
3234314243333846323333332F6469726563746F72792E786D6C858F410AC3201045AF22B36F53E9A60B35CBEEBAE80D244E44489C6234F4F835464A48035D0DF398FF9F8AF63D0E6CC63039F212F8F9020C7D47C6792B21C5FE7403D62A1188E2E60C98D7234A5830286103A55745067B9D86B8A3CF9C7F90C11DE607FB14
310
4396D7B6A82D282E9A152AD114D5EF2CB866EEE831B8EEA07A7BB5A8D7D61A2BAAEB7FD5F70921FF497D00504B0304140006080800CC70623BCA768048FE000000A00100003B0000006662782F36394639363044362D344446342D343946362D394244322D3234314243333846323333332F7265736F75726365732F636F72
310
652E786D6C8D50596E833010BD0A9ADFCA60D600328E9AA639412F609909B1126CE4A5EAF16B0295DABFFECC8CDEA2797AECF8353F924FB44E193D409E5248504B332A3D0D10FC95B4901C39B3C6F85F3248B49871801506CE266BC2B243D2688FDA47549B11775038871E12F988C7004EDE7016A9083E2ADC3D5D84BC8B09
310
D33C8D74D471E6BC8D0192EDC93A815B742658898E651BCB59086ADC356A8C3FD555A1055ED7E7E254D615792D0F075295F585746FF53B694EE78A565DD736979A65AB9933AFE69F8CD2A2F038022F28ED489E135A7CE4554F9BBEA85E68DB53CAB255FEC71496F19FA6A0B42F8B3DEE6673C0F318E4497096AD7DC5F52C33
310
EEB55BFE0D504B010214000A0000080000CC70623B3DEE336E79000000790000001B00000000000000000000000000000000006175746F6465736B2D64657369676E2D7061636B6167652E786D6C504B01021400140006080800CC70623BD486FD9CA0000000F40000001300000000000000000000000000B20000005B436F
310
6E74656E745F54797065735D2E786D6C504B01021400140006080800CC70623BD9DDAED0EC0000007C010000080000000000000000000000000083010000636F72652E786D6C504B01021400140006080800CC70623B55019EA25F0000007C000000070000000000000000000000000095020000636E782E786D6C504B0102
310
1400140006080800CC70623BA24EB22D72010000D40300000C00000000000000000000000000190300006662782F636F72652E786D6C504B01021400140006080800CC70623B408A7D3B7C0000009D0000000B00000000000000000000000000B50400006662782F636E782E786D6C504B01021400140006080800CC70623B
310
449FB9BD290100001202000031000000000000000000000000005A0500006662782F36394639363044362D344446342D343946362D394244322D3234314243333846323333332F636F72652E786D6C504B01021400140006080800CC70623BAD7543B64E010000330300003000000000000000000000000000D20600006662
310
782F36394639363044362D344446342D343946362D394244322D3234314243333846323333332F636E782E786D6C504B01021400140006080800CC70623B8D05915C650500003B10000034000000000000000000000000006E0800006662782F36394639363044362D344446342D343946362D394244322D32343142433338
310
46323333332F6F626A656374732E786D6C504B01021400140006080000CC70623B0000000000000000000000003500000000000000000000000000250E00006662782F36394639363044362D344446342D343946362D394244322D3234314243333846323333332F76657274696365732E62696E504B010214001400060808
310
00CC70623BF270F13306000000040000003600000000000000000000000000780E00006662782F36394639363044362D344446342D343946362D394244322D3234314243333846323333332F747269616E676C65732E62696E504B01021400140006080000CC70623B00000000000000000000000037000000000000000000
310
00000000D20E00006662782F36394639363044362D344446342D343946362D394244322D3234314243333846323333332F617474726962757465732E62696E504B01021400140006080800CC70623B08DA0BD190000000410100003600000000000000000000000000270F00006662782F36394639363044362D344446342D
310
343946362D394244322D3234314243333846323333332F6469726563746F72792E786D6C504B01021400140006080800CC70623BCA768048FE000000A00100003B000000000000000000000000000B1000006662782F36394639363044362D344446342D343946362D394244322D3234314243333846323333332F7265736F
310
75726365732F636F72652E786D6C504B0506000000000E000E0080040000621100000000
  0
ENDSEC
  0
EOF
