  0
SECTION
  2
HEADER
  9
$ACADVER
  1
AC1014
  9
$ACADMAINTVER
 70
     9
  9
$DWGCODEPAGE
  3
ANSI_1252
  9
$INSBASE
 10
0.0
 20
0.0
 30
0.0
  9
$EXTMIN
 10
2842.985756173996
 20
1349.262607621287
 30
-10.67442629998491
  9
$EXTMAX
 10
2880.734973554759
 20
1380.059325009695
 30
4.943579959502241
  9
$LIMMIN
 10
0.0
 20
0.0
  9
$LIMMAX
 10
420.0
 20
297.0
  9
$ORTHOMODE
 70
     0
  9
$REGENMODE
 70
     1
  9
$FILLMODE
 70
     1
  9
$QTEXTMODE
 70
     0
  9
$MIRRTEXT
 70
     0
  9
$DRAGMODE
 70
     2
  9
$LTSCALE
 40
1.0
  9
$OSMODE
 70
    37
  9
$ATTMODE
 70
     1
  9
$TEXTSIZE
 40
2.5
  9
$TRACEWID
 40
1.0
  9
$TEXTSTYLE
  7
STANDARD
  9
$CLAYER
  8
0
  9
$CELTYPE
  6
BYLAYER
  9
$CECOLOR
 62
   256
  9
$CELTSCALE
 40
1.0
  9
$DELOBJ
 70
     1
  9
$DISPSILH
 70
     0
  9
$DIMSCALE
 40
1.0
  9
$DIMASZ
 40
2.5
  9
$DIMEXO
 40
0.625
  9
$DIMDLI
 40
3.75
  9
$DIMRND
 40
0.0
  9
$DIMDLE
 40
0.0
  9
$DIMEXE
 40
1.25
  9
$DIMTP
 40
0.0
  9
$DIMTM
 40
0.0
  9
$DIMTXT
 40
2.5
  9
$DIMCEN
 40
2.5
  9
$DIMTSZ
 40
0.0
  9
$DIMTOL
 70
     0
  9
$DIMLIM
 70
     0
  9
$DIMTIH
 70
     0
  9
$DIMTOH
 70
     0
  9
$DIMSE1
 70
     0
  9
$DIMSE2
 70
     0
  9
$DIMTAD
 70
     1
  9
$DIMZIN
 70
     8
  9
$DIMBLK
  1

  9
$DIMASO
 70
     1
  9
$DIMSHO
 70
     1
  9
$DIMPOST
  1

  9
$DIMAPOST
  1

  9
$DIMALT
 70
     0
  9
$DIMALTD
 70
     3
  9
$DIMALTF
 40
0.03937007874016
  9
$DIMLFAC
 40
1.0
  9
$DIMTOFL
 70
     1
  9
$DIMTVP
 40
0.0
  9
$DIMTIX
 70
     0
  9
$DIMSOXD
 70
     0
  9
$DIMSAH
 70
     0
  9
$DIMBLK1
  1

  9
$DIMBLK2
  1

  9
$DIMSTYLE
  2
ISO-25
  9
$DIMCLRD
 70
     0
  9
$DIMCLRE
 70
     0
  9
$DIMCLRT
 70
     0
  9
$DIMTFAC
 40
1.0
  9
$DIMGAP
 40
0.625
  9
$DIMJUST
 70
     0
  9
$DIMSD1
 70
     0
  9
$DIMSD2
 70
     0
  9
$DIMTOLJ
 70
     0
  9
$DIMTZIN
 70
     8
  9
$DIMALTZ
 70
     0
  9
$DIMALTTZ
 70
     0
  9
$DIMFIT
 70
     3
  9
$DIMUPT
 70
     0
  9
$DIMUNIT
 70
     2
  9
$DIMDEC
 70
     2
  9
$DIMTDEC
 70
     2
  9
$DIMALTU
 70
     2
  9
$DIMALTTD
 70
     3
  9
$DIMTXSTY
  7
STANDARD
  9
$DIMAUNIT
 70
     0
  9
$LUNITS
 70
     2
  9
$LUPREC
 70
     4
  9
$SKETCHINC
 40
1.0
  9
$FILLETRAD
 40
0.0
  9
$AUNITS
 70
     0
  9
$AUPREC
 70
     0
  9
$MENU
  1
.
  9
$ELEVATION
 40
0.0
  9
$PELEVATION
 40
0.0
  9
$THICKNESS
 40
0.0
  9
$LIMCHECK
 70
     0
  9
$CHAMFERA
 40
0.0
  9
$CHAMFERB
 40
0.0
  9
$CHAMFERC
 40
0.0
  9
$CHAMFERD
 40
0.0
  9
$SKPOLY
 70
     0
  9
$TDCREATE
 40
2460873.294479167
  9
$TDUPDATE
 40
2460942.910457025
  9
$TDINDWG
 40
0.0013078704
  9
$TDUSRTIMER
 40
0.0013078704
  9
$USRTIMER
 70
     1
  9
$ANGBASE
 50
0.0
  9
$ANGDIR
 70
     0
  9
$PDMODE
 70
     0
  9
$PDSIZE
 40
0.0
  9
$PLINEWID
 40
0.0
  9
$COORDS
 70
     1
  9
$SPLFRAME
 70
     0
  9
$SPLINETYPE
 70
     6
  9
$SPLINESEGS
 70
     8
  9
$ATTDIA
 70
     0
  9
$ATTREQ
 70
     1
  9
$HANDLING
 70
     1
  9
$HANDSEED
  5
998
  9
$SURFTAB1
 70
     6
  9
$SURFTAB2
 70
     6
  9
$SURFTYPE
 70
     6
  9
$SURFU
 70
     6
  9
$SURFV
 70
     6
  9
$UCSNAME
  2

  9
$UCSORG
 10
0.0
 20
0.0
 30
0.0
  9
$UCSXDIR
 10
1.0
 20
0.0
 30
0.0
  9
$UCSYDIR
 10
0.0
 20
1.0
 30
0.0
  9
$PUCSNAME
  2

  9
$PUCSORG
 10
0.0
 20
0.0
 30
0.0
  9
$PUCSXDIR
 10
1.0
 20
0.0
 30
0.0
  9
$PUCSYDIR
 10
0.0
 20
1.0
 30
0.0
  9
$USERI1
 70
     0
  9
$USERI2
 70
     0
  9
$USERI3
 70
     0
  9
$USERI4
 70
     0
  9
$USERI5
 70
     0
  9
$USERR1
 40
0.0
  9
$USERR2
 40
0.0
  9
$USERR3
 40
0.0
  9
$USERR4
 40
0.0
  9
$USERR5
 40
0.0
  9
$WORLDVIEW
 70
     1
  9
$SHADEDGE
 70
     3
  9
$SHADEDIF
 70
    70
  9
$TILEMODE
 70
     1
  9
$MAXACTVP
 70
    64
  9
$PINSBASE
 10
0.0
 20
0.0
 30
0.0
  9
$PLIMCHECK
 70
     0
  9
$PEXTMIN
 10
0.0
 20
0.0
 30
0.0
  9
$PEXTMAX
 10
0.0
 20
0.0
 30
0.0
  9
$PLIMMIN
 10
0.0
 20
0.0
  9
$PLIMMAX
 10
12.0
 20
9.0
  9
$UNITMODE
 70
     0
  9
$VISRETAIN
 70
     1
  9
$PLINEGEN
 70
     0
  9
$PSLTSCALE
 70
     1
  9
$TREEDEPTH
 70
  3020
  9
$PICKSTYLE
 70
     1
  9
$CMLSTYLE
  2
STANDARD
  9
$CMLJUST
 70
     0
  9
$CMLSCALE
 40
20.0
  9
$PROXYGRAPHICS
 70
     1
  9
$MEASUREMENT
 70
     1
  0
ENDSEC
  0
SECTION
  2
CLASSES
  0
CLASS
  1
ACDBDICTIONARYWDFLT
  2
AcDbDictionaryWithDefault
  3
ObjectDBX Classes
 90
        0
280
     0
281
     0
  0
CLASS
  1
ACDBPLACEHOLDER
  2
AcDbPlaceHolder
  3
ObjectDBX Classes
 90
        0
280
     0
281
     0
  0
CLASS
  1
LAYOUT
  2
AcDbLayout
  3
ObjectDBX Classes
 90
        0
280
     0
281
     0
  0
CLASS
  1
DICTIONARYVAR
  2
AcDbDictionaryVar
  3
ObjectDBX Classes
 90
        0
280
     0
281
     0
  0
CLASS
  1
TABLESTYLE
  2
AcDbTableStyle
  3
ObjectDBX Classes
 90
     4095
280
     0
281
     0
  0
CLASS
  1
MATERIAL
  2
AcDbMaterial
  3
ObjectDBX Classes
 90
     1153
280
     0
281
     0
  0
CLASS
  1
VISUALSTYLE
  2
AcDbVisualStyle
  3
ObjectDBX Classes
 90
     4095
280
     0
281
     0
  0
CLASS
  1
SCALE
  2
AcDbScale
  3
ObjectDBX Classes
 90
     1153
280
     0
281
     0
  0
CLASS
  1
MLEADERSTYLE
  2
AcDbMLeaderStyle
  3
ACDB_MLEADERSTYLE_CLASS
 90
     4095
280
     0
281
     0
  0
CLASS
  1
CELLSTYLEMAP
  2
AcDbCellStyleMap
  3
ObjectDBX Classes
 90
     1152
280
     0
281
     0
  0
CLASS
  1
EXACXREFPANELOBJECT
  2
ExAcXREFPanelObject
  3
EXAC_ESW
 90
     1025
280
     1
281
     0
  0
CLASS
  1
NPOCOLLECTION
  2
AcDbImpNonPersistentObjectsCollection
  3
ObjectDBX Classes
 90
     1153
280
     1
281
     0
  0
CLASS
  1
LAYER_INDEX
  2
AcDbLayerIndex
  3
ObjectDBX Classes
 90
        0
280
     0
281
     0
  0
CLASS
  1
SPATIAL_INDEX
  2
AcDbSpatialIndex
  3
AutoCAD 2000
 90
        0
280
     0
281
     0
  0
CLASS
  1
IDBUFFER
  2
AcDbIdBuffer
  3
ObjectDBX Classes
 90
        0
280
     0
281
     0
  0
CLASS
  1
ACDBSECTIONVIEWSTYLE
  2
AcDbSectionViewStyle
  3
ObjectDBX Classes
 90
     1025
280
     0
281
     0
  0
CLASS
  1
ACDBDETAILVIEWSTYLE
  2
AcDbDetailViewStyle
  3
ObjectDBX Classes
 90
     1025
280
     0
281
     0
  0
CLASS
  1
SORTENTSTABLE
  2
AcDbSortentsTable
  3
ObjectDBX Classes
 90
        0
280
     0
281
     0
  0
CLASS
  1
DIMASSOC
  2
AcDbDimAssoc
  3
"AcDbDimAssoc|Product Desc:     AcDim ARX App For Dimension|Company:          Autodesk, Inc.|WEB Address:      www.autodesk.com"
 90
        0
280
     0
281
     0
  0
CLASS
  1
WIPEOUTVARIABLES
  2
AcDbWipeoutVariables
  3
WipeOut|AutoCAD Express Tool|expresstools@autodesk.com
 90
        0
280
     0
281
     0
  0
CLASS
  1
XRECORD
  2
AcDbXrecord
  3
ObjectDBX Classes
 90
        0
280
     0
281
     0
  0
CLASS
  1
LWPOLYLINE
  2
AcDbPolyline
  3
ObjectDBX Classes
 90
        0
280
     0
281
     1
  0
CLASS
  1
HATCH
  2
AcDbHatch
  3
ObjectDBX Classes
 90
        0
280
     0
281
     1
  0
ENDSEC
  0
SECTION
  2
TABLES
  0
TABLE
  2
VPORT
  5
8
102
{ACAD_XDICTIONARY
360
992
102
}
330
0
100
AcDbSymbolTable
 70
     1
  0
VPORT
  5
EA
330
8
100
AcDbSymbolTableRecord
100
AcDbViewportTableRecord
  2
*ACTIVE
 70
     0
 10
0.0
 20
0.0
 11
1.0
 21
1.0
 12
2863.435026592059
 22
1364.245217465232
 13
0.0
 23
0.0
 14
10.0
 24
10.0
 15
10.0
 25
10.0
 16
0.0
 26
0.0
 36
1.0
 17
0.0
 27
0.0
 37
0.0
 40
40.0469595995055
 41
2.57085020242915
 42
50.0
 43
0.0
 44
0.0
 50
0.0
 51
0.0
 71
     0
 72
  1000
 73
     1
 74
     3
 75
     0
 76
     1
 77
     0
 78
     0
1001
ACAD_NAV_VCDISPLAY
1070
     3
  0
ENDTAB
  0
TABLE
  2
LTYPE
  5
5
330
0
100
AcDbSymbolTable
 70
     1
  0
LTYPE
  5
14
330
5
100
AcDbSymbolTableRecord
100
AcDbLinetypeTableRecord
  2
BYBLOCK
 70
     0
  3

 72
    65
 73
     0
 40
0.0
  0
LTYPE
  5
15
330
5
100
AcDbSymbolTableRecord
100
AcDbLinetypeTableRecord
  2
BYLAYER
 70
     0
  3

 72
    65
 73
     0
 40
0.0
  0
LTYPE
  5
16
330
5
100
AcDbSymbolTableRecord
100
AcDbLinetypeTableRecord
  2
CONTINUOUS
 70
     0
  3
Solid line
 72
    65
 73
     0
 40
0.0
  0
ENDTAB
  0
TABLE
  2
LAYER
  5
2
102
{ACAD_XDICTIONARY
360
1FF
102
}
330
0
100
AcDbSymbolTable
 70
     4
  0
LAYER
  5
10
330
2
100
AcDbSymbolTableRecord
100
AcDbLayerTableRecord
  2
0
 70
     0
 62
     7
  6
CONTINUOUS
  0
LAYER
  5
34B
330
2
100
AcDbSymbolTableRecord
100
AcDbLayerTableRecord
  2
DEFPOINTS
 70
     0
 62
     7
  6
CONTINUOUS
  0
LAYER
  5
34C
330
2
100
AcDbSymbolTableRecord
100
AcDbLayerTableRecord
  2
TEXT_
 70
     0
 62
   255
  6
CONTINUOUS
1001
ACAECLAYERSTANDARD
1000

1000

1001
RAK
1000
{ACET-LAYISO
1070
     0
1070
    13
1000
Continuous
1071
       20
1071
        1
1005
F
1000
ACET-LAYISO}
  0
LAYER
  5
34D
330
2
100
AcDbSymbolTableRecord
100
AcDbLayerTableRecord
  2
WD
 70
     0
 62
     1
  6
CONTINUOUS
1001
ACAECLAYERSTANDARD
1000

1000

  0
ENDTAB
  0
TABLE
  2
STYLE
  5
3
330
0
100
AcDbSymbolTable
 70
     4
  0
STYLE
  5
11
330
3
100
AcDbSymbolTableRecord
100
AcDbTextStyleTableRecord
  2
STANDARD
 70
     0
 40
0.0
 41
1.0
 50
0.0
 71
     0
 42
2.5
  3
arial.ttf
  4

1001
ACAD
1000
Arial
1071
       34
  0
STYLE
  5
132
330
3
100
AcDbSymbolTableRecord
100
AcDbTextStyleTableRecord
  2
ANNOTATIVE
 70
     0
 40
0.0
 41
1.0
 50
0.0
 71
     0
 42
2.5
  3
arial.ttf
  4

1001
ACADANNOTATIVE
1000
AnnotativeData
1002
{
1070
     1
1070
     1
1002
}
1001
ACAD
1000
Arial
1071
       34
  0
STYLE
  5
34E
330
3
100
AcDbSymbolTableRecord
100
AcDbTextStyleTableRecord
  2
AN
 70
     0
 40
0.0
 41
1.0
 50
0.0
 71
     0
 42
0.8
  3
ARIALN.TTF
  4

1001
ACAD
1000
Arial Narrow
1071
       34
  0
STYLE
  5
34F
330
3
100
AcDbSymbolTableRecord
100
AcDbTextStyleTableRecord
  2
CENTURYGOTHIC
 70
     0
 40
0.0
 41
1.0
 50
0.0
 71
     0
 42
0.1721744504972094
  3
GOTHIC.TTF
  4

1001
ACAD
1000
Century Gothic
1071
       34
  0
ENDTAB
  0
TABLE
  2
VIEW
  5
6
330
0
100
AcDbSymbolTable
 70
     0
  0
ENDTAB
  0
TABLE
  2
UCS
  5
7
330
0
100
AcDbSymbolTable
 70
     0
  0
ENDTAB
  0
TABLE
  2
APPID
  5
9
330
0
100
AcDbSymbolTable
 70
    13
  0
APPID
  5
12
330
9
100
AcDbSymbolTableRecord
100
AcDbRegAppTableRecord
  2
ACAD
 70
     0
  0
APPID
  5
9E
330
9
100
AcDbSymbolTableRecord
100
AcDbRegAppTableRecord
  2
ACAD_PSEXT
 70
     0
  0
APPID
  5
133
330
9
100
AcDbSymbolTableRecord
100
AcDbRegAppTableRecord
  2
ACADANNOPO
 70
     0
  0
APPID
  5
134
330
9
100
AcDbSymbolTableRecord
100
AcDbRegAppTableRecord
  2
ACADANNOTATIVE
 70
     0
  0
APPID
  5
135
330
9
100
AcDbSymbolTableRecord
100
AcDbRegAppTableRecord
  2
ACAD_DSTYLE_DIMJAG
 70
     0
  0
APPID
  5
136
330
9
100
AcDbSymbolTableRecord
100
AcDbRegAppTableRecord
  2
ACAD_DSTYLE_DIMTALN
 70
     0
  0
APPID
  5
165
330
9
100
AcDbSymbolTableRecord
100
AcDbRegAppTableRecord
  2
ACAD_MLEADERVER
 70
     0
  0
APPID
  5
217
330
9
100
AcDbSymbolTableRecord
100
AcDbRegAppTableRecord
  2
ACAD_NAV_VCDISPLAY
 70
     0
  0
APPID
  5
351
330
9
100
AcDbSymbolTableRecord
100
AcDbRegAppTableRecord
  2
GRADIENTCOLOR1ACI
 70
     0
  0
APPID
  5
352
330
9
100
AcDbSymbolTableRecord
100
AcDbRegAppTableRecord
  2
GRADIENTCOLOR2ACI
 70
     0
  0
APPID
  5
353
330
9
100
AcDbSymbolTableRecord
100
AcDbRegAppTableRecord
  2
RAK
 70
     0
  0
APPID
  5
354
330
9
100
AcDbSymbolTableRecord
100
AcDbRegAppTableRecord
  2
ACAD_DSTYLE_DIMJOGGED_JOGA
 70
     0
  0
APPID
  5
355
330
9
100
AcDbSymbolTableRecord
100
AcDbRegAppTableRecord
  2
ACAECLAYERSTANDARD
 70
     0
  0
ENDTAB
  0
TABLE
  2
DIMSTYLE
  5
A
330
0
100
AcDbSymbolTable
 70
     4
  0
DIMSTYLE
105
1B0
330
A
100
AcDbSymbolTableRecord
100
AcDbDimStyleTableRecord
  2
STANDARD
 70
     0
  3

  4

  5

  6

  7

 40
1.0
 41
0.18
 42
0.0625
 43
0.38
 44
0.18
 45
0.0
 46
0.0
 47
0.0
 48
0.0
140
0.18
141
0.09
142
0.0
143
25.4
144
1.0
145
0.0
146
1.0
147
0.09
 71
     0
 72
     0
 73
     1
 74
     1
 75
     0
 76
     0
 77
     0
 78
     0
170
     0
171
     2
172
     0
173
     0
174
     0
175
     0
176
     0
177
     0
178
     0
270
     2
271
     4
272
     4
273
     2
274
     2
340
11
275
     0
280
     0
281
     0
282
     0
283
     1
284
     0
285
     0
286
     0
287
     3
288
     0
  0
DIMSTYLE
105
137
330
A
100
AcDbSymbolTableRecord
100
AcDbDimStyleTableRecord
  2
ANNOTATIVE
 70
     0
  3

  4

  5

  6

  7

 40
0.0
 41
2.5
 42
0.625
 43
3.75
 44
1.25
 45
0.0
 46
0.0
 47
0.0
 48
0.0
140
2.5
141
2.5
142
0.0
143
0.03937007874016
144
1.0
145
0.0
146
1.0
147
0.625
 71
     0
 72
     0
 73
     0
 74
     0
 75
     0
 76
     0
 77
     1
 78
     8
170
     0
171
     3
172
     1
173
     0
174
     0
175
     0
176
     0
177
     0
178
     0
270
     2
271
     2
272
     2
273
     2
274
     3
340
11
275
     0
280
     0
281
     0
282
     0
283
     0
284
     8
285
     0
286
     0
287
     3
288
     0
1001
ACADANNOTATIVE
1000
AnnotativeData
1002
{
1070
     1
1070
     1
1002
}
1001
ACAD_DSTYLE_DIMJAG
1070
   388
1040
1.5
1001
ACAD_DSTYLE_DIMTALN
1070
   392
1070
     0
  0
DIMSTYLE
105
27
330
A
100
AcDbSymbolTableRecord
100
AcDbDimStyleTableRecord
  2
ISO-25
 70
     0
  3

  4

  5

  6

  7

 40
1.0
 41
2.5
 42
0.625
 43
3.75
 44
1.25
 45
0.0
 46
0.0
 47
0.0
 48
0.0
140
2.5
141
2.5
142
0.0
143
0.03937007874016
144
1.0
145
0.0
146
1.0
147
0.625
 71
     0
 72
     0
 73
     0
 74
     0
 75
     0
 76
     0
 77
     1
 78
     8
170
     0
171
     3
172
     1
173
     0
174
     0
175
     0
176
     0
177
     0
178
     0
270
     2
271
     2
272
     2
273
     2
274
     3
340
11
275
     0
280
     0
281
     0
282
     0
283
     0
284
     8
285
     0
286
     0
287
     3
288
     0
  0
DIMSTYLE
105
350
102
{ACAD_REACTORS
330
7ED
330
808
330
843
330
846
330
849
330
84A
330
698
330
6BC
330
700
330
703
330
706
330
709
102
}
330
A
100
AcDbSymbolTableRecord
100
AcDbDimStyleTableRecord
  2
DIM
 70
     0
  3

  4

  5

  6
OBLIQUE
  7
OBLIQUE
 40
1.0
 41
0.06
 42
0.3
 43
0.05
 44
0.05
 45
0.0
 46
0.0
 47
0.0
 48
0.0
140
0.2
141
0.001
142
0.0
143
0.0394
144
-1.0
145
0.0
146
1.0
147
0.05
 71
     0
 72
     0
 73
     0
 74
     0
 75
     1
 76
     1
 77
     0
 78
     1
170
     0
171
     4
172
     0
173
     1
174
     0
175
     0
176
   252
177
   256
178
     1
179
     4
270
     2
271
     3
272
     3
273
     1
274
     4
340
34E
275
     0
280
     0
281
     0
282
     0
283
     1
284
     1
285
     1
286
     1
287
     5
288
     0
1001
ACAD_DSTYLE_DIMJOGGED_JOGA
1070
   384
1040
1.570796326794896
1001
ACAD_DSTYLE_DIMJAG
1070
   388
1040
1.5
1001
ACAD_DSTYLE_DIMTALN
1070
   392
1070
     0
  0
ENDTAB
  0
TABLE
  2
BLOCK_RECORD
  5
1
330
0
100
AcDbSymbolTable
 70
    13
  0
BLOCK_RECORD
  5
1F
330
1
100
AcDbSymbolTableRecord
100
AcDbBlockTableRecord
  2
*MODEL_SPACE
  0
BLOCK_RECORD
  5
D2
330
1
100
AcDbSymbolTableRecord
100
AcDbBlockTableRecord
  2
*PAPER_SPACE
  0
BLOCK_RECORD
  5
2C1
102
{ACAD_XDICTIONARY
360
2C2
102
}
330
1
100
AcDbSymbolTableRecord
100
AcDbBlockTableRecord
  2
_OBLIQUE
  0
BLOCK_RECORD
  5
8A7
330
1
100
AcDbSymbolTableRecord
100
AcDbBlockTableRecord
  2
*D15
  0
BLOCK_RECORD
  5
8B2
330
1
100
AcDbSymbolTableRecord
100
AcDbBlockTableRecord
  2
*D16
  0
BLOCK_RECORD
  5
8BD
330
1
100
AcDbSymbolTableRecord
100
AcDbBlockTableRecord
  2
*D17
  0
BLOCK_RECORD
  5
8C8
330
1
100
AcDbSymbolTableRecord
100
AcDbBlockTableRecord
  2
*D18
  0
BLOCK_RECORD
  5
8E3
330
1
100
AcDbSymbolTableRecord
100
AcDbBlockTableRecord
  2
*D19
  0
BLOCK_RECORD
  5
8EE
330
1
100
AcDbSymbolTableRecord
100
AcDbBlockTableRecord
  2
*D20
  0
BLOCK_RECORD
  5
901
330
1
100
AcDbSymbolTableRecord
100
AcDbBlockTableRecord
  2
*D21
  0
BLOCK_RECORD
  5
914
330
1
100
AcDbSymbolTableRecord
100
AcDbBlockTableRecord
  2
*D22
  0
BLOCK_RECORD
  5
91F
330
1
100
AcDbSymbolTableRecord
100
AcDbBlockTableRecord
  2
*D23
  0
BLOCK_RECORD
  5
92A
330
1
100
AcDbSymbolTableRecord
100
AcDbBlockTableRecord
  2
*D24
  0
BLOCK_RECORD
  5
935
330
1
100
AcDbSymbolTableRecord
100
AcDbBlockTableRecord
  2
*D25
  0
BLOCK_RECORD
  5
940
330
1
100
AcDbSymbolTableRecord
100
AcDbBlockTableRecord
  2
*D26
  0
ENDTAB
  0
ENDSEC
  0
SECTION
  2
BLOCKS
  0
BLOCK
  5
20
330
1F
100
AcDbEntity
  8
0
100
AcDbBlockBegin
  2
*MODEL_SPACE
 70
     0
 10
0.0
 20
0.0
 30
0.0
  3
*MODEL_SPACE
  1

  0
ENDBLK
  5
21
330
1F
100
AcDbEntity
  8
0
100
AcDbBlockEnd
  0
BLOCK
  5
D4
330
D2
100
AcDbEntity
 67
     1
  8
0
100
AcDbBlockBegin
  2
*PAPER_SPACE
 70
     0
 10
0.0
 20
0.0
 30
0.0
  3
*PAPER_SPACE
  1

  0
ENDBLK
  5
D5
330
D2
100
AcDbEntity
 67
     1
  8
0
100
AcDbBlockEnd
  0
BLOCK
  5
2C4
330
2C1
100
AcDbEntity
  8
0
100
AcDbBlockBegin
  2
_OBLIQUE
 70
     0
 10
0.0
 20
0.0
 30
0.0
  3
_OBLIQUE
  1

  0
LINE
  5
2C5
330
2C1
100
AcDbEntity
  8
0
  6
BYBLOCK
 62
     0
100
AcDbLine
 10
-0.5
 20
-0.5
 30
0.0
 11
0.5
 21
0.5
 31
0.0
  0
ENDBLK
  5
2C6
330
2C1
100
AcDbEntity
  8
0
100
AcDbBlockEnd
  0
BLOCK
  5
8A8
330
8A7
100
AcDbEntity
  8
0
100
AcDbBlockBegin
  2
*D15
 70
     1
 10
0.0
 20
0.0
 30
0.0
  3
*D15
  1

  0
LINE
  5
8D3
330
8A7
100
AcDbEntity
  8
0
 62
   252
100
AcDbLine
 10
2874.253981033497
 20
1352.709325009714
 30
0.0
 11
2874.253981033497
 21
1351.91215584191
 31
0.0
  0
LINE
  5
8D4
330
8A7
100
AcDbEntity
  8
0
 62
   252
100
AcDbLine
 10
2874.253981033497
 20
1350.459325009714
 30
0.0
 11
2874.253981033497
 21
1351.256494177517
 31
0.0
  0
INSERT
  5
8D5
330
8A7
100
AcDbEntity
  8
0
 62
   252
100
AcDbBlockReference
  2
_OBLIQUE
 10
2874.253981033497
 20
1352.709325009714
 30
0.0
 41
0.06
 42
0.06
 43
0.06
 50
90.0
  0
INSERT
  5
8D6
330
8A7
100
AcDbEntity
  8
0
 62
   252
100
AcDbBlockReference
  2
_OBLIQUE
 10
2874.253981033497
 20
1350.459325009714
 30
0.0
 41
0.06
 42
0.06
 43
0.06
 50
270.0
  0
MTEXT
  5
8D7
330
8A7
100
AcDbEntity
  8
0
 62
     1
100
AcDbMText
 10
2874.253981033497
 20
1351.584325009713
 30
0.0
 40
0.2
 41
0.0
 71
     5
 72
     1
  1
\A1;2.250
  7
AN
 11
6.123233995736766E-17
 21
1.0
 31
0.0
  0
POINT
  5
8D8
330
8A7
100
AcDbEntity
  8
DEFPOINTS
 62
     0
100
AcDbPoint
 10
2874.269620628726
 20
1352.709325009714
 30
4.23900824854806
  0
POINT
  5
8D9
330
8A7
100
AcDbEntity
  8
DEFPOINTS
 62
     0
100
AcDbPoint
 10
2874.269620628731
 20
1350.459325009714
 30
4.23900824854805
  0
POINT
  5
8DA
330
8A7
100
AcDbEntity
  8
DEFPOINTS
 62
     0
100
AcDbPoint
 10
2874.253981033497
 20
1350.459325009714
 30
0.0
  0
ENDBLK
  5
8A9
330
8A7
100
AcDbEntity
  8
0
100
AcDbBlockEnd
  0
BLOCK
  5
8B3
330
8B2
100
AcDbEntity
  8
0
100
AcDbBlockBegin
  2
*D16
 70
     1
 10
0.0
 20
0.0
 30
0.0
  3
*D16
  1

  0
LINE
  5
8DB
330
8B2
100
AcDbEntity
  8
0
 62
   252
100
AcDbLine
 10
2879.204973554734
 20
1376.20368600015
 30
0.0
 11
2879.636215028132
 21
1376.20368600015
 31
0.0
  0
LINE
  5
8DC
330
8B2
100
AcDbEntity
  8
0
 62
   252
100
AcDbLine
 10
2880.704973554734
 20
1376.20368600015
 30
0.0
 11
2880.273732081337
 21
1376.20368600015
 31
0.0
  0
INSERT
  5
8DD
330
8B2
100
AcDbEntity
  8
0
 62
   252
100
AcDbBlockReference
  2
_OBLIQUE
 10
2879.204973554734
 20
1376.20368600015
 30
0.0
 41
0.06
 42
0.06
 43
0.06
 50
180.0
  0
INSERT
  5
8DE
330
8B2
100
AcDbEntity
  8
0
 62
   252
100
AcDbBlockReference
  2
_OBLIQUE
 10
2880.704973554734
 20
1376.20368600015
 30
0.0
 41
0.06
 42
0.06
 43
0.06
  0
MTEXT
  5
8DF
330
8B2
100
AcDbEntity
  8
0
 62
     1
100
AcDbMText
 10
2879.954973554734
 20
1376.20368600015
 30
0.0
 40
0.2
 41
0.0
 71
     5
 72
     1
  1
\A1;1.500
  7
AN
  0
POINT
  5
8E0
330
8B2
100
AcDbEntity
  8
DEFPOINTS
 62
     0
100
AcDbPoint
 10
2879.204973554734
 20
1376.259325009723
 30
4.23900824854805
  0
POINT
  5
8E1
330
8B2
100
AcDbEntity
  8
DEFPOINTS
 62
     0
100
AcDbPoint
 10
2880.704973554734
 20
1376.259325009726
 30
4.23900824854805
  0
POINT
  5
8E2
330
8B2
100
AcDbEntity
  8
DEFPOINTS
 62
     0
100
AcDbPoint
 10
2880.704973554734
 20
1376.20368600015
 30
0.0
  0
ENDBLK
  5
8B4
330
8B2
100
AcDbEntity
  8
0
100
AcDbBlockEnd
  0
BLOCK
  5
8BE
330
8BD
100
AcDbEntity
  8
0
100
AcDbBlockBegin
  2
*D17
 70
     1
 10
0.0
 20
0.0
 30
0.0
  3
*D17
  1

  0
LINE
  5
8F9
330
8BD
100
AcDbEntity
  8
0
 62
   252
100
AcDbLine
 10
2879.204973554759
 20
1364.02467951219
 30
0.0
 11
2879.636215028156
 21
1364.02467951219
 31
0.0
  0
LINE
  5
8FA
330
8BD
100
AcDbEntity
  8
0
 62
   252
100
AcDbLine
 10
2880.704973554759
 20
1364.02467951219
 30
0.0
 11
2880.273732081362
 21
1364.02467951219
 31
0.0
  0
INSERT
  5
8FB
330
8BD
100
AcDbEntity
  8
0
 62
   252
100
AcDbBlockReference
  2
_OBLIQUE
 10
2879.204973554759
 20
1364.02467951219
 30
0.0
 41
0.06
 42
0.06
 43
0.06
 50
180.0
  0
INSERT
  5
8FC
330
8BD
100
AcDbEntity
  8
0
 62
   252
100
AcDbBlockReference
  2
_OBLIQUE
 10
2880.704973554759
 20
1364.02467951219
 30
0.0
 41
0.06
 42
0.06
 43
0.06
  0
MTEXT
  5
8FD
330
8BD
100
AcDbEntity
  8
0
 62
     1
100
AcDbMText
 10
2879.954973554759
 20
1364.02467951219
 30
0.0
 40
0.2
 41
0.0
 71
     5
 72
     1
  1
\A1;1.500
  7
AN
  0
POINT
  5
8FE
330
8BD
100
AcDbEntity
  8
DEFPOINTS
 62
     0
100
AcDbPoint
 10
2879.204973554759
 20
1364.044049512852
 30
4.239008248548117
  0
POINT
  5
8FF
330
8BD
100
AcDbEntity
  8
DEFPOINTS
 62
     0
100
AcDbPoint
 10
2880.704973554759
 20
1364.044049512855
 30
4.23900824854805
  0
POINT
  5
900
330
8BD
100
AcDbEntity
  8
DEFPOINTS
 62
     0
100
AcDbPoint
 10
2880.704973554759
 20
1364.02467951219
 30
0.0
  0
ENDBLK
  5
8BF
330
8BD
100
AcDbEntity
  8
0
100
AcDbBlockEnd
  0
BLOCK
  5
8C9
330
8C8
100
AcDbEntity
  8
0
100
AcDbBlockBegin
  2
*D18
 70
     1
 10
0.0
 20
0.0
 30
0.0
  3
*D18
  1

  0
LINE
  5
90C
330
8C8
100
AcDbEntity
  8
0
 62
   252
100
AcDbLine
 10
2854.069353127126
 20
1352.709325009674
 30
0.0
 11
2854.069353127126
 21
1351.91215584187
 31
0.0
  0
LINE
  5
90D
330
8C8
100
AcDbEntity
  8
0
 62
   252
100
AcDbLine
 10
2854.069353127126
 20
1350.459325009674
 30
0.0
 11
2854.069353127126
 21
1351.256494177477
 31
0.0
  0
INSERT
  5
90E
330
8C8
100
AcDbEntity
  8
0
 62
   252
100
AcDbBlockReference
  2
_OBLIQUE
 10
2854.069353127126
 20
1352.709325009674
 30
0.0
 41
0.06
 42
0.06
 43
0.06
 50
90.0
  0
INSERT
  5
90F
330
8C8
100
AcDbEntity
  8
0
 62
   252
100
AcDbBlockReference
  2
_OBLIQUE
 10
2854.069353127126
 20
1350.459325009674
 30
0.0
 41
0.06
 42
0.06
 43
0.06
 50
270.0
  0
MTEXT
  5
910
330
8C8
100
AcDbEntity
  8
0
 62
     1
100
AcDbMText
 10
2854.069353127126
 20
1351.584325009673
 30
0.0
 40
0.2
 41
0.0
 71
     5
 72
     1
  1
\A1;2.250
  7
AN
 11
6.123233995736766E-17
 21
1.0
 31
0.0
  0
POINT
  5
911
330
8C8
100
AcDbEntity
  8
DEFPOINTS
 62
     0
100
AcDbPoint
 10
2854.084992722355
 20
1352.709325009674
 30
4.23900824854806
  0
POINT
  5
912
330
8C8
100
AcDbEntity
  8
DEFPOINTS
 62
     0
100
AcDbPoint
 10
2854.084992722361
 20
1350.459325009674
 30
4.23900824854805
  0
POINT
  5
913
330
8C8
100
AcDbEntity
  8
DEFPOINTS
 62
     0
100
AcDbPoint
 10
2854.069353127126
 20
1350.459325009674
 30
0.0
  0
ENDBLK
  5
8CA
330
8C8
100
AcDbEntity
  8
0
100
AcDbBlockEnd
  0
BLOCK
  5
8E4
330
8E3
100
AcDbEntity
  8
0
100
AcDbBlockBegin
  2
*D19
 70
     1
 10
0.0
 20
0.0
 30
0.0
  3
*D19
  1

  0
LINE
  5
8E6
330
8E3
100
AcDbEntity
  8
0
 62
   252
100
AcDbLine
 10
2865.554973554759
 20
1363.612020289289
 30
0.0
 11
2865.986215028156
 21
1363.612020289289
 31
0.0
  0
LINE
  5
8E7
330
8E3
100
AcDbEntity
  8
0
 62
   252
100
AcDbLine
 10
2867.054973554759
 20
1363.612020289289
 30
0.0
 11
2866.623732081362
 21
1363.612020289289
 31
0.0
  0
INSERT
  5
8E8
330
8E3
100
AcDbEntity
  8
0
 62
   252
100
AcDbBlockReference
  2
_OBLIQUE
 10
2865.554973554759
 20
1363.612020289289
 30
0.0
 41
0.06
 42
0.06
 43
0.06
 50
180.0
  0
INSERT
  5
8E9
330
8E3
100
AcDbEntity
  8
0
 62
   252
100
AcDbBlockReference
  2
_OBLIQUE
 10
2867.054973554759
 20
1363.612020289289
 30
0.0
 41
0.06
 42
0.06
 43
0.06
  0
MTEXT
  5
8EA
330
8E3
100
AcDbEntity
  8
0
 62
     1
100
AcDbMText
 10
2866.304973554759
 20
1363.612020289289
 30
0.0
 40
0.2
 41
0.0
 71
     5
 72
     1
  1
\A1;1.500
  7
AN
  0
POINT
  5
8EB
330
8E3
100
AcDbEntity
  8
DEFPOINTS
 62
     0
100
AcDbPoint
 10
2865.554973554759
 20
1363.612020289286
 30
4.23900824854805
  0
POINT
  5
8EC
330
8E3
100
AcDbEntity
  8
DEFPOINTS
 62
     0
100
AcDbPoint
 10
2867.054973554759
 20
1363.612020289289
 30
4.23900824854805
  0
POINT
  5
8ED
330
8E3
100
AcDbEntity
  8
DEFPOINTS
 62
     0
100
AcDbPoint
 10
2867.054973554759
 20
1363.612020289289
 30
0.0
  0
ENDBLK
  5
8E5
330
8E3
100
AcDbEntity
  8
0
100
AcDbBlockEnd
  0
BLOCK
  5
8EF
330
8EE
100
AcDbEntity
  8
0
100
AcDbBlockBegin
  2
*D20
 70
     1
 10
0.0
 20
0.0
 30
0.0
  3
*D20
  1

  0
LINE
  5
94B
330
8EE
100
AcDbEntity
  8
0
 62
   252
100
AcDbLine
 10
2865.554973554758
 20
1364.044049512832
 30
0.0
 11
2867.028575191866
 21
1364.044049512832
 31
0.0
  0
LINE
  5
94C
330
8EE
100
AcDbEntity
  8
0
 62
   252
100
AcDbLine
 10
2869.154973554759
 20
1364.044049512832
 30
0.0
 11
2867.681371917651
 21
1364.044049512832
 31
0.0
  0
INSERT
  5
94D
330
8EE
100
AcDbEntity
  8
0
 62
   252
100
AcDbBlockReference
  2
_OBLIQUE
 10
2865.554973554758
 20
1364.044049512832
 30
0.0
 41
0.06
 42
0.06
 43
0.06
 50
180.0
  0
INSERT
  5
94E
330
8EE
100
AcDbEntity
  8
0
 62
   252
100
AcDbBlockReference
  2
_OBLIQUE
 10
2869.154973554759
 20
1364.044049512832
 30
0.0
 41
0.06
 42
0.06
 43
0.06
  0
MTEXT
  5
94F
330
8EE
100
AcDbEntity
  8
0
 62
     1
100
AcDbMText
 10
2867.354973554759
 20
1364.044049512832
 30
0.0
 40
0.2
 41
0.0
 71
     5
 72
     1
  1
\A1;3.600
  7
AN
  0
POINT
  5
950
330
8EE
100
AcDbEntity
  8
DEFPOINTS
 62
     0
100
AcDbPoint
 10
2865.554973554758
 20
1364.037428471572
 30
4.23900824854805
  0
POINT
  5
951
330
8EE
100
AcDbEntity
  8
DEFPOINTS
 62
     0
100
AcDbPoint
 10
2869.154973554759
 20
1364.03742847158
 30
4.23900824854805
  0
POINT
  5
952
330
8EE
100
AcDbEntity
  8
DEFPOINTS
 62
     0
100
AcDbPoint
 10
2869.154973554759
 20
1364.044049512832
 30
0.0
  0
ENDBLK
  5
8F0
330
8EE
100
AcDbEntity
  8
0
100
AcDbBlockEnd
  0
BLOCK
  5
902
330
901
100
AcDbEntity
  8
0
100
AcDbBlockBegin
  2
*D21
 70
     1
 10
0.0
 20
0.0
 30
0.0
  3
*D21
  1

  0
LINE
  5
904
330
901
100
AcDbEntity
  8
0
 62
   252
100
AcDbLine
 10
2879.168621717846
 20
1376.859325009724
 30
0.0
 11
2879.168621717846
 21
1377.282361089728
 31
0.0
  0
LINE
  5
905
330
901
100
AcDbEntity
  8
0
 62
   252
100
AcDbLine
 10
2879.168621717846
 20
1378.342914222937
 30
0.0
 11
2879.168621717846
 21
1377.919878142934
 31
0.0
  0
INSERT
  5
906
330
901
100
AcDbEntity
  8
0
 62
   252
100
AcDbBlockReference
  2
_OBLIQUE
 10
2879.168621717846
 20
1376.859325009724
 30
0.0
 41
0.06
 42
0.06
 43
0.06
 50
270.0
  0
INSERT
  5
907
330
901
100
AcDbEntity
  8
0
 62
   252
100
AcDbBlockReference
  2
_OBLIQUE
 10
2879.168621717846
 20
1378.342914222937
 30
0.0
 41
0.06
 42
0.06
 43
0.06
 50
90.0
  0
MTEXT
  5
908
330
901
100
AcDbEntity
  8
0
 62
     1
100
AcDbMText
 10
2879.168621717846
 20
1377.60111961633
 30
0.0
 40
0.2
 41
0.0
 71
     5
 72
     1
  1
\A1;1.484
  7
AN
 11
6.123233995736766E-17
 21
1.0
 31
0.0
  0
POINT
  5
909
330
901
100
AcDbEntity
  8
DEFPOINTS
 62
     0
100
AcDbPoint
 10
2879.204973554733
 20
1376.859325009724
 30
4.23900824854805
  0
POINT
  5
90A
330
901
100
AcDbEntity
  8
DEFPOINTS
 62
     0
100
AcDbPoint
 10
2879.168621717841
 20
1378.342914222937
 30
4.23900824854805
  0
POINT
  5
90B
330
901
100
AcDbEntity
  8
DEFPOINTS
 62
     0
100
AcDbPoint
 10
2879.168621717846
 20
1378.342914222937
 30
0.0
  0
ENDBLK
  5
903
330
901
100
AcDbEntity
  8
0
100
AcDbBlockEnd
  0
BLOCK
  5
915
330
914
100
AcDbEntity
  8
0
100
AcDbBlockBegin
  2
*D22
 70
     1
 10
0.0
 20
0.0
 30
0.0
  3
*D22
  1

  0
LINE
  5
917
330
914
100
AcDbEntity
  8
0
 62
   252
100
AcDbLine
 10
2859.020345648363
 20
1376.203686000109
 30
0.0
 11
2859.45158712176
 21
1376.203686000109
 31
0.0
  0
LINE
  5
918
330
914
100
AcDbEntity
  8
0
 62
   252
100
AcDbLine
 10
2860.520345648363
 20
1376.203686000109
 30
0.0
 11
2860.089104174966
 21
1376.203686000109
 31
0.0
  0
INSERT
  5
919
330
914
100
AcDbEntity
  8
0
 62
   252
100
AcDbBlockReference
  2
_OBLIQUE
 10
2859.020345648363
 20
1376.203686000109
 30
0.0
 41
0.06
 42
0.06
 43
0.06
 50
180.0
  0
INSERT
  5
91A
330
914
100
AcDbEntity
  8
0
 62
   252
100
AcDbBlockReference
  2
_OBLIQUE
 10
2860.520345648363
 20
1376.203686000109
 30
0.0
 41
0.06
 42
0.06
 43
0.06
  0
MTEXT
  5
91B
330
914
100
AcDbEntity
  8
0
 62
     1
100
AcDbMText
 10
2859.770345648363
 20
1376.203686000109
 30
0.0
 40
0.2
 41
0.0
 71
     5
 72
     1
  1
\A1;1.500
  7
AN
  0
POINT
  5
91C
330
914
100
AcDbEntity
  8
DEFPOINTS
 62
     0
100
AcDbPoint
 10
2859.020345648363
 20
1376.259325009682
 30
4.23900824854805
  0
POINT
  5
91D
330
914
100
AcDbEntity
  8
DEFPOINTS
 62
     0
100
AcDbPoint
 10
2860.520345648363
 20
1376.259325009685
 30
4.23900824854805
  0
POINT
  5
91E
330
914
100
AcDbEntity
  8
DEFPOINTS
 62
     0
100
AcDbPoint
 10
2860.520345648363
 20
1376.203686000109
 30
0.0
  0
ENDBLK
  5
916
330
914
100
AcDbEntity
  8
0
100
AcDbBlockEnd
  0
BLOCK
  5
920
330
91F
100
AcDbEntity
  8
0
100
AcDbBlockBegin
  2
*D23
 70
     1
 10
0.0
 20
0.0
 30
0.0
  3
*D23
  1

  0
LINE
  5
95B
330
91F
100
AcDbEntity
  8
0
 62
   252
100
AcDbLine
 10
2845.370345648389
 20
1363.612020289248
 30
0.0
 11
2845.801587121786
 21
1363.612020289248
 31
0.0
  0
LINE
  5
95C
330
91F
100
AcDbEntity
  8
0
 62
   252
100
AcDbLine
 10
2846.870345648389
 20
1363.612020289248
 30
0.0
 11
2846.439104174992
 21
1363.612020289248
 31
0.0
  0
INSERT
  5
95D
330
91F
100
AcDbEntity
  8
0
 62
   252
100
AcDbBlockReference
  2
_OBLIQUE
 10
2845.370345648389
 20
1363.612020289248
 30
0.0
 41
0.06
 42
0.06
 43
0.06
 50
180.0
  0
INSERT
  5
95E
330
91F
100
AcDbEntity
  8
0
 62
   252
100
AcDbBlockReference
  2
_OBLIQUE
 10
2846.870345648389
 20
1363.612020289248
 30
0.0
 41
0.06
 42
0.06
 43
0.06
  0
MTEXT
  5
95F
330
91F
100
AcDbEntity
  8
0
 62
     1
100
AcDbMText
 10
2846.120345648389
 20
1363.612020289248
 30
0.0
 40
0.2
 41
0.0
 71
     5
 72
     1
  1
\A1;1.500
  7
AN
  0
POINT
  5
960
330
91F
100
AcDbEntity
  8
DEFPOINTS
 62
     0
100
AcDbPoint
 10
2845.370345648389
 20
1363.612020289245
 30
4.23900824854805
  0
POINT
  5
961
330
91F
100
AcDbEntity
  8
DEFPOINTS
 62
     0
100
AcDbPoint
 10
2846.870345648389
 20
1363.612020289248
 30
4.23900824854805
  0
POINT
  5
962
330
91F
100
AcDbEntity
  8
DEFPOINTS
 62
     0
100
AcDbPoint
 10
2846.870345648389
 20
1363.612020289248
 30
0.0
  0
ENDBLK
  5
921
330
91F
100
AcDbEntity
  8
0
100
AcDbBlockEnd
  0
BLOCK
  5
92B
330
92A
100
AcDbEntity
  8
0
100
AcDbBlockBegin
  2
*D24
 70
     1
 10
0.0
 20
0.0
 30
0.0
  3
*D24
  1

  0
LINE
  5
953
330
92A
100
AcDbEntity
  8
0
 62
   252
100
AcDbLine
 10
2845.370345648388
 20
1364.044049512792
 30
0.0
 11
2846.843947285496
 21
1364.044049512792
 31
0.0
  0
LINE
  5
954
330
92A
100
AcDbEntity
  8
0
 62
   252
100
AcDbLine
 10
2848.970345648389
 20
1364.044049512792
 30
0.0
 11
2847.49674401128
 21
1364.044049512792
 31
0.0
  0
INSERT
  5
955
330
92A
100
AcDbEntity
  8
0
 62
   252
100
AcDbBlockReference
  2
_OBLIQUE
 10
2845.370345648388
 20
1364.044049512792
 30
0.0
 41
0.06
 42
0.06
 43
0.06
 50
180.0
  0
INSERT
  5
956
330
92A
100
AcDbEntity
  8
0
 62
   252
100
AcDbBlockReference
  2
_OBLIQUE
 10
2848.970345648389
 20
1364.044049512792
 30
0.0
 41
0.06
 42
0.06
 43
0.06
  0
MTEXT
  5
957
330
92A
100
AcDbEntity
  8
0
 62
     1
100
AcDbMText
 10
2847.170345648388
 20
1364.044049512792
 30
0.0
 40
0.2
 41
0.0
 71
     5
 72
     1
  1
\A1;3.600
  7
AN
  0
POINT
  5
958
330
92A
100
AcDbEntity
  8
DEFPOINTS
 62
     0
100
AcDbPoint
 10
2845.370345648388
 20
1364.037428471532
 30
4.23900824854805
  0
POINT
  5
959
330
92A
100
AcDbEntity
  8
DEFPOINTS
 62
     0
100
AcDbPoint
 10
2848.970345648389
 20
1364.037428471539
 30
4.23900824854805
  0
POINT
  5
95A
330
92A
100
AcDbEntity
  8
DEFPOINTS
 62
     0
100
AcDbPoint
 10
2848.970345648389
 20
1364.044049512792
 30
0.0
  0
ENDBLK
  5
92C
330
92A
100
AcDbEntity
  8
0
100
AcDbBlockEnd
  0
BLOCK
  5
936
330
935
100
AcDbEntity
  8
0
100
AcDbBlockBegin
  2
*D25
 70
     1
 10
0.0
 20
0.0
 30
0.0
  3
*D25
  1

  0
LINE
  5
963
330
935
100
AcDbEntity
  8
0
 62
   252
100
AcDbLine
 10
2859.020345648389
 20
1364.024679512149
 30
0.0
 11
2859.451587121786
 21
1364.024679512149
 31
0.0
  0
LINE
  5
964
330
935
100
AcDbEntity
  8
0
 62
   252
100
AcDbLine
 10
2860.520345648389
 20
1364.024679512149
 30
0.0
 11
2860.089104174991
 21
1364.024679512149
 31
0.0
  0
INSERT
  5
965
330
935
100
AcDbEntity
  8
0
 62
   252
100
AcDbBlockReference
  2
_OBLIQUE
 10
2859.020345648389
 20
1364.024679512149
 30
0.0
 41
0.06
 42
0.06
 43
0.06
 50
180.0
  0
INSERT
  5
966
330
935
100
AcDbEntity
  8
0
 62
   252
100
AcDbBlockReference
  2
_OBLIQUE
 10
2860.520345648389
 20
1364.024679512149
 30
0.0
 41
0.06
 42
0.06
 43
0.06
  0
MTEXT
  5
967
330
935
100
AcDbEntity
  8
0
 62
     1
100
AcDbMText
 10
2859.770345648389
 20
1364.024679512149
 30
0.0
 40
0.2
 41
0.0
 71
     5
 72
     1
  1
\A1;1.500
  7
AN
  0
POINT
  5
968
330
935
100
AcDbEntity
  8
DEFPOINTS
 62
     0
100
AcDbPoint
 10
2859.020345648389
 20
1364.044049512811
 30
4.23900824854805
  0
POINT
  5
969
330
935
100
AcDbEntity
  8
DEFPOINTS
 62
     0
100
AcDbPoint
 10
2860.520345648389
 20
1364.044049512815
 30
4.239008248547982
  0
POINT
  5
96A
330
935
100
AcDbEntity
  8
DEFPOINTS
 62
     0
100
AcDbPoint
 10
2860.520345648389
 20
1364.024679512149
 30
0.0
  0
ENDBLK
  5
937
330
935
100
AcDbEntity
  8
0
100
AcDbBlockEnd
  0
BLOCK
  5
941
330
940
100
AcDbEntity
  8
0
100
AcDbBlockBegin
  2
*D26
 70
     1
 10
0.0
 20
0.0
 30
0.0
  3
*D26
  1

  0
LINE
  5
943
330
940
100
AcDbEntity
  8
0
 62
   252
100
AcDbLine
 10
2858.983993811476
 20
1376.859325009683
 30
0.0
 11
2858.983993811476
 21
1377.282361089687
 31
0.0
  0
LINE
  5
944
330
940
100
AcDbEntity
  8
0
 62
   252
100
AcDbLine
 10
2858.983993811476
 20
1378.342914222897
 30
0.0
 11
2858.983993811476
 21
1377.919878142893
 31
0.0
  0
INSERT
  5
945
330
940
100
AcDbEntity
  8
0
 62
   252
100
AcDbBlockReference
  2
_OBLIQUE
 10
2858.983993811476
 20
1376.859325009683
 30
0.0
 41
0.06
 42
0.06
 43
0.06
 50
270.0
  0
INSERT
  5
946
330
940
100
AcDbEntity
  8
0
 62
   252
100
AcDbBlockReference
  2
_OBLIQUE
 10
2858.983993811476
 20
1378.342914222897
 30
0.0
 41
0.06
 42
0.06
 43
0.06
 50
90.0
  0
MTEXT
  5
947
330
940
100
AcDbEntity
  8
0
 62
     1
100
AcDbMText
 10
2858.983993811476
 20
1377.601119616289
 30
0.0
 40
0.2
 41
0.0
 71
     5
 72
     1
  1
\A1;1.484
  7
AN
 11
6.123233995736766E-17
 21
1.0
 31
0.0
  0
POINT
  5
948
330
940
100
AcDbEntity
  8
DEFPOINTS
 62
     0
100
AcDbPoint
 10
2859.020345648363
 20
1376.859325009683
 30
4.23900824854805
  0
POINT
  5
949
330
940
100
AcDbEntity
  8
DEFPOINTS
 62
     0
100
AcDbPoint
 10
2858.983993811471
 20
1378.342914222897
 30
4.23900824854805
  0
POINT
  5
94A
330
940
100
AcDbEntity
  8
DEFPOINTS
 62
     0
100
AcDbPoint
 10
2858.983993811476
 20
1378.342914222897
 30
0.0
  0
ENDBLK
  5
942
330
940
100
AcDbEntity
  8
0
100
AcDbBlockEnd
  0
ENDSEC
  0
SECTION
  2
ENTITIES
  0
HATCH
  5
612
330
1F
100
AcDbEntity
  8
0
 62
     1
100
AcDbHatch
 10
0.0
 20
0.0
 30
4.23900824854805
210
0.0
220
0.0
230
1.0
  2
ANSI31
 70
     0
 71
     1
 91
        1
 92
        7
 72
     0
 73
     1
 93
        4
 10
2844.620345648415
 20
1350.459325009653
 10
2845.370345648415
 20
1350.459325009655
 10
2845.370345648356
 20
1379.969702368146
 10
2844.620345648356
 20
1380.059325009654
 97
        4
330
65F
330
64F
330
613
330
650
 75
     1
 76
     1
 52
0.0000000001158005
 41
0.05
 77
     0
 78
     1
 53
45.00000000011579
 43
2243.904703433553
 44
433.2716605250489
 45
-0.1122532015135913
 46
0.1122532015131376
 79
     0
 47
0.064006835313022
 98
        1
 10
2844.923742927701
 20
1354.434651274259
1001
GRADIENTCOLOR1ACI
1070
     5
1001
GRADIENTCOLOR2ACI
1070
     2
1001
ACAD
1010
0.0
1020
0.0
1030
0.0
  0
LINE
  5
613
102
{ACAD_REACTORS
330
612
102
}
330
1F
100
AcDbEntity
  8
0
100
AcDbLine
 10
2844.620345648415
 20
1350.459325009653
 30
4.23900824854805
 11
2860.520345648416
 21
1350.459325009686
 31
4.23900824854805
  0
LINE
  5
614
330
1F
100
AcDbEntity
  8
0
100
AcDbLine
 10
2848.970345648411
 20
1352.709325009662
 30
4.23900824854805
 11
2859.020345648411
 21
1352.709325009682
 31
4.23900824854805
  0
LINE
  5
615
330
1F
100
AcDbEntity
  8
0
100
AcDbLine
 10
2849.120345648412
 20
1352.859325009663
 30
4.23900824854805
 11
2854.470345648411
 21
1352.859325009674
 31
4.23900824854805
  0
LINE
  5
616
330
1F
100
AcDbEntity
  8
0
100
AcDbLine
 10
2854.570345648411
 20
1352.859325009674
 30
4.23900824854805
 11
2855.770345648411
 21
1352.859325009676
 31
4.23900824854805
  0
LINE
  5
617
330
1F
100
AcDbEntity
  8
0
100
AcDbLine
 10
2855.870345648412
 20
1352.859325009676
 30
4.23900824854805
 11
2858.870345648411
 21
1352.859325009682
 31
4.23900824854805
  0
LINE
  5
618
330
1F
100
AcDbEntity
  8
0
100
AcDbLine
 10
2848.970345648405
 20
1356.109325009662
 30
4.23900824854805
 11
2859.020345648404
 21
1356.109325009683
 31
4.23900824854805
  0
LINE
  5
619
330
1F
100
AcDbEntity
  8
0
100
AcDbLine
 10
2848.970345648403
 20
1357.009325009662
 30
4.23900824854805
 11
2849.120345648403
 21
1357.009325009662
 31
4.23900824854805
  0
LINE
  5
61A
330
1F
100
AcDbEntity
  8
0
100
AcDbLine
 10
2858.870345648403
 20
1357.009325009682
 30
4.23900824854805
 11
2859.020345648402
 21
1357.009325009682
 31
4.23900824854805
  0
LINE
  5
61B
330
1F
100
AcDbEntity
  8
0
100
AcDbLine
 10
2848.970345648405
 20
1355.959325009662
 30
4.23900824854805
 11
2859.020345648405
 21
1355.959325009682
 31
4.23900824854805
  0
LINE
  5
61C
330
1F
100
AcDbEntity
  8
0
100
AcDbLine
 10
2848.970345648407
 20
1355.059325009663
 30
4.23900824854805
 11
2849.120345648406
 21
1355.059325009663
 31
4.23900824854805
  0
LINE
  5
61D
330
1F
100
AcDbEntity
  8
0
100
AcDbLine
 10
2854.470345648407
 20
1355.059325009674
 30
4.23900824854805
 11
2854.570345648407
 21
1355.059325009674
 31
4.23900824854805
  0
LINE
  5
61E
330
1F
100
AcDbEntity
  8
0
100
AcDbLine
 10
2855.320345648407
 20
1355.059325009675
 30
4.23900824854805
 11
2855.870345648406
 21
1355.059325009676
 31
4.23900824854805
  0
LINE
  5
61F
330
1F
100
AcDbEntity
  8
0
100
AcDbLine
 10
2855.320345648407
 20
1354.959325009675
 30
4.23900824854805
 11
2855.770345648407
 21
1354.959325009676
 31
4.23900824854805
  0
LINE
  5
620
330
1F
100
AcDbEntity
  8
0
100
AcDbLine
 10
2858.870345648406
 20
1355.059325009683
 30
4.23900824854805
 11
2859.020345648407
 21
1355.059325009683
 31
4.23900824854805
  0
LINE
  5
621
102
{ACAD_REACTORS
330
6BE
330
708
102
}
330
1F
100
AcDbEntity
  8
0
100
AcDbLine
 10
2860.520345648416
 20
1350.459325009686
 30
4.23900824854805
 11
2860.52034564836
 21
1378.159325009686
 31
4.23900824854805
  0
LINE
  5
622
330
1F
100
AcDbEntity
  8
0
100
AcDbLine
 10
2859.020345648411
 20
1352.709325009682
 30
4.23900824854805
 11
2859.020345648406
 21
1355.059325009683
 31
4.23900824854805
  0
LINE
  5
623
330
1F
100
AcDbEntity
  8
0
100
AcDbLine
 10
2859.020345648404
 20
1355.959325009683
 30
4.23900824854805
 11
2859.020345648404
 21
1356.109325009683
 31
4.23900824854805
  0
LINE
  5
624
330
1F
100
AcDbEntity
  8
0
100
AcDbLine
 10
2859.020345648402
 20
1357.009325009682
 30
4.23900824854805
 11
2859.020345648392
 21
1362.059325009683
 31
4.23900824854805
  0
LINE
  5
625
330
1F
100
AcDbEntity
  8
0
100
AcDbLine
 10
2859.020345648391
 20
1362.959325009682
 30
4.23900824854805
 11
2859.020345648391
 21
1363.109325009683
 31
4.23900824854805
  0
LINE
  5
626
102
{ACAD_REACTORS
330
708
102
}
330
1F
100
AcDbEntity
  8
0
100
AcDbLine
 10
2859.020345648389
 20
1364.009325009682
 30
4.23900824854805
 11
2859.020345648379
 21
1369.059325009683
 31
4.23900824854805
  0
LINE
  5
627
330
1F
100
AcDbEntity
  8
0
100
AcDbLine
 10
2859.020345648377
 20
1369.959325009682
 30
4.23900824854805
 11
2859.020345648376
 21
1370.109325009683
 31
4.23900824854805
  0
LINE
  5
628
330
1F
100
AcDbEntity
  8
0
100
AcDbLine
 10
2859.020345648374
 20
1371.009325009682
 30
4.23900824854805
 11
2859.020345648364
 21
1375.809325009683
 31
4.23900824854805
  0
LINE
  5
629
330
1F
100
AcDbEntity
  8
0
100
AcDbLine
 10
2859.020345648362
 20
1376.709325009682
 30
4.23900824854805
 11
2859.020345648362
 21
1376.859325009683
 31
4.23900824854805
  0
LINE
  5
62A
330
1F
100
AcDbEntity
  8
0
100
AcDbLine
 10
2858.870345648411
 20
1352.859325009682
 30
4.23900824854805
 11
2858.870345648406
 21
1355.059325009683
 31
4.23900824854805
  0
LINE
  5
62B
330
1F
100
AcDbEntity
  8
0
100
AcDbLine
 10
2858.870345648403
 20
1357.009325009682
 30
4.23900824854805
 11
2858.870345648397
 21
1359.459325009682
 31
4.23900824854805
  0
LINE
  5
62C
330
1F
100
AcDbEntity
  8
0
100
AcDbLine
 10
2858.870345648397
 20
1359.609325009682
 30
4.23900824854805
 11
2858.870345648393
 21
1362.059325009683
 31
4.23900824854805
  0
LINE
  5
62D
330
1F
100
AcDbEntity
  8
0
100
AcDbLine
 10
2858.87034564839
 20
1362.959325009682
 30
4.23900824854805
 11
2858.87034564839
 21
1363.109325009682
 31
4.23900824854805
  0
LINE
  5
62E
330
1F
100
AcDbEntity
  8
0
100
AcDbLine
 10
2858.870345648388
 20
1364.009325009682
 30
4.23900824854805
 11
2858.870345648384
 21
1366.459325009682
 31
4.23900824854805
  0
LINE
  5
62F
330
1F
100
AcDbEntity
  8
0
100
AcDbLine
 10
2858.870345648383
 20
1366.609325009682
 30
4.23900824854805
 11
2858.870345648378
 21
1369.059325009683
 31
4.23900824854805
  0
LINE
  5
630
330
1F
100
AcDbEntity
  8
0
100
AcDbLine
 10
2858.870345648376
 20
1369.959325009682
 30
4.23900824854805
 11
2858.870345648376
 21
1370.109325009683
 31
4.23900824854805
  0
LINE
  5
631
330
1F
100
AcDbEntity
  8
0
100
AcDbLine
 10
2858.870345648374
 20
1371.009325009682
 30
4.23900824854805
 11
2858.87034564837
 21
1373.459325009682
 31
4.23900824854805
  0
LINE
  5
632
330
1F
100
AcDbEntity
  8
0
100
AcDbLine
 10
2858.870345648369
 20
1373.609325009682
 30
4.23900824854805
 11
2858.870345648364
 21
1375.809325009682
 31
4.23900824854805
  0
LINE
  5
633
330
1F
100
AcDbEntity
  8
0
100
AcDbLine
 10
2855.870345648411
 20
1352.859325009676
 30
4.23900824854805
 11
2855.870345648406
 21
1355.059325009676
 31
4.23900824854805
  0
LINE
  5
634
330
1F
100
AcDbEntity
  8
0
100
AcDbLine
 10
2855.870345648388
 20
1364.009325009676
 30
4.23900824854805
 11
2855.870345648378
 21
1369.059325009676
 31
4.23900824854805
  0
LINE
  5
635
330
1F
100
AcDbEntity
  8
0
100
AcDbLine
 10
2855.870345648374
 20
1371.009325009676
 30
4.23900824854805
 11
2855.870345648364
 21
1375.809325009676
 31
4.23900824854805
  0
LINE
  5
636
330
1F
100
AcDbEntity
  8
0
100
AcDbLine
 10
2855.770345648411
 20
1352.859325009676
 30
4.23900824854805
 11
2855.770345648407
 21
1354.959325009676
 31
4.23900824854805
  0
LINE
  5
637
330
1F
100
AcDbEntity
  8
0
100
AcDbLine
 10
2855.770345648389
 20
1364.109325009676
 30
4.23900824854805
 11
2855.770345648384
 21
1365.934325009676
 31
4.23900824854805
  0
LINE
  5
638
330
1F
100
AcDbEntity
  8
0
100
AcDbLine
 10
2855.770345648384
 20
1366.034325009676
 30
4.23900824854805
 11
2855.770345648382
 21
1367.034325009677
 31
4.23900824854805
  0
LINE
  5
639
330
1F
100
AcDbEntity
  8
0
100
AcDbLine
 10
2855.770345648382
 20
1367.134325009676
 30
4.23900824854805
 11
2855.770345648379
 21
1368.959325009676
 31
4.23900824854805
  0
LINE
  5
63A
330
1F
100
AcDbEntity
  8
0
100
AcDbLine
 10
2855.770345648374
 20
1371.109325009676
 30
4.23900824854805
 11
2855.770345648371
 21
1372.809325009676
 31
4.23900824854805
  0
LINE
  5
63B
330
1F
100
AcDbEntity
  8
0
100
AcDbLine
 10
2855.77034564837
 20
1372.909325009676
 30
4.23900824854805
 11
2855.770345648369
 21
1373.909325009676
 31
4.23900824854805
  0
LINE
  5
63C
330
1F
100
AcDbEntity
  8
0
100
AcDbLine
 10
2855.770345648369
 20
1374.009325009676
 30
4.23900824854805
 11
2855.770345648365
 21
1375.709325009676
 31
4.23900824854805
  0
LINE
  5
63D
330
1F
100
AcDbEntity
  8
0
100
AcDbLine
 10
2854.570345648411
 20
1352.859325009674
 30
4.23900824854805
 11
2854.570345648407
 21
1355.059325009674
 31
4.23900824854805
  0
LINE
  5
63E
330
1F
100
AcDbEntity
  8
0
100
AcDbLine
 10
2855.320345648407
 20
1354.959325009675
 30
4.23900824854805
 11
2855.320345648407
 21
1355.059325009675
 31
4.23900824854805
  0
LINE
  5
63F
330
1F
100
AcDbEntity
  8
0
100
AcDbLine
 10
2854.570345648389
 20
1364.009325009673
 30
4.23900824854805
 11
2854.570345648384
 21
1365.934325009674
 31
4.23900824854805
  0
LINE
  5
640
330
1F
100
AcDbEntity
  8
0
100
AcDbLine
 10
2855.320345648389
 20
1364.009325009675
 30
4.23900824854805
 11
2855.320345648389
 21
1364.109325009676
 31
4.23900824854805
  0
LINE
  5
641
330
1F
100
AcDbEntity
  8
0
100
AcDbLine
 10
2854.570345648384
 20
1366.034325009674
 30
4.23900824854805
 11
2854.570345648382
 21
1367.034325009674
 31
4.23900824854805
  0
LINE
  5
642
330
1F
100
AcDbEntity
  8
0
100
AcDbLine
 10
2854.570345648382
 20
1367.134325009673
 30
4.23900824854805
 11
2854.570345648378
 21
1369.059325009674
 31
4.23900824854805
  0
LINE
  5
643
330
1F
100
AcDbEntity
  8
0
100
AcDbLine
 10
2855.320345648379
 20
1368.959325009675
 30
4.23900824854805
 11
2855.320345648378
 21
1369.059325009675
 31
4.23900824854805
  0
LINE
  5
644
330
1F
100
AcDbEntity
  8
0
100
AcDbLine
 10
2854.570345648374
 20
1371.009325009674
 30
4.23900824854805
 11
2854.570345648371
 21
1372.809325009674
 31
4.23900824854805
  0
LINE
  5
645
330
1F
100
AcDbEntity
  8
0
100
AcDbLine
 10
2855.320345648374
 20
1371.009325009675
 30
4.23900824854805
 11
2855.320345648374
 21
1371.109325009676
 31
4.23900824854805
  0
LINE
  5
646
330
1F
100
AcDbEntity
  8
0
100
AcDbLine
 10
2854.570345648371
 20
1372.909325009673
 30
4.23900824854805
 11
2854.570345648369
 21
1373.909325009673
 31
4.23900824854805
  0
LINE
  5
647
330
1F
100
AcDbEntity
  8
0
100
AcDbLine
 10
2854.570345648369
 20
1374.009325009674
 30
4.23900824854805
 11
2854.570345648365
 21
1375.809325009674
 31
4.23900824854805
  0
LINE
  5
648
330
1F
100
AcDbEntity
  8
0
100
AcDbLine
 10
2855.320345648365
 20
1375.709325009675
 30
4.23900824854805
 11
2855.320345648365
 21
1375.809325009675
 31
4.23900824854805
  0
LINE
  5
649
330
1F
100
AcDbEntity
  8
0
100
AcDbLine
 10
2854.470345648411
 20
1352.859325009674
 30
4.23900824854805
 11
2854.470345648407
 21
1355.059325009674
 31
4.23900824854805
  0
LINE
  5
64A
330
1F
100
AcDbEntity
  8
0
100
AcDbLine
 10
2854.470345648389
 20
1364.009325009673
 30
4.23900824854805
 11
2854.470345648378
 21
1369.059325009674
 31
4.23900824854805
  0
LINE
  5
64B
330
1F
100
AcDbEntity
  8
0
100
AcDbLine
 10
2854.470345648374
 20
1371.009325009673
 30
4.23900824854805
 11
2854.47034564837
 21
1372.809325009674
 31
4.23900824854805
  0
LINE
  5
64C
330
1F
100
AcDbEntity
  8
0
100
AcDbLine
 10
2854.47034564837
 20
1372.809325009674
 30
4.23900824854805
 11
2854.470345648368
 21
1374.009325009673
 31
4.23900824854805
  0
LINE
  5
64D
330
1F
100
AcDbEntity
  8
0
100
AcDbLine
 10
2854.470345648368
 20
1374.009325009673
 30
4.23900824854805
 11
2854.470345648365
 21
1375.809325009674
 31
4.23900824854805
  0
LINE
  5
64E
330
1F
100
AcDbEntity
  8
0
100
AcDbLine
 10
2853.570345648367
 20
1374.509325009671
 30
4.23900824854805
 11
2853.570345648365
 21
1375.759325009671
 31
4.23900824854805
  0
LINE
  5
64F
102
{ACAD_REACTORS
330
612
102
}
330
1F
100
AcDbEntity
  8
0
100
AcDbLine
 10
2844.620345648415
 20
1350.459325009653
 30
4.23900824854805
 11
2844.620345648356
 21
1380.059325009654
 31
4.23900824854805
  0
LINE
  5
650
102
{ACAD_REACTORS
330
612
330
702
330
705
102
}
330
1F
100
AcDbEntity
  8
0
100
AcDbLine
 10
2845.370345648415
 20
1350.459325009655
 30
4.23900824854805
 11
2845.370345648356
 21
1380.059325009655
 31
4.23900824854805
  0
LINE
  5
651
330
1F
100
AcDbEntity
  8
0
100
AcDbLine
 10
2849.120345648412
 20
1352.859325009663
 30
4.23900824854805
 11
2849.120345648406
 21
1355.059325009663
 31
4.23900824854805
  0
LINE
  5
652
330
1F
100
AcDbEntity
  8
0
100
AcDbLine
 10
2849.120345648403
 20
1357.009325009662
 30
4.23900824854805
 11
2849.120345648393
 21
1362.059325009663
 31
4.23900824854805
  0
LINE
  5
653
330
1F
100
AcDbEntity
  8
0
100
AcDbLine
 10
2848.97034564839
 20
1362.959325009662
 30
4.23900824854805
 11
2848.97034564839
 21
1363.109325009662
 31
4.23900824854805
  0
LINE
  5
654
330
1F
100
AcDbEntity
  8
0
100
AcDbLine
 10
2849.120345648388
 20
1364.009325009662
 30
4.23900824854805
 11
2849.120345648385
 21
1366.459325009662
 31
4.23900824854805
  0
LINE
  5
655
330
1F
100
AcDbEntity
  8
0
100
AcDbLine
 10
2849.120345648384
 20
1366.609325009662
 30
4.23900824854805
 11
2849.120345648379
 21
1369.059325009663
 31
4.23900824854805
  0
LINE
  5
656
330
1F
100
AcDbEntity
  8
0
100
AcDbLine
 10
2849.120345648374
 20
1371.009325009662
 30
4.23900824854805
 11
2849.12034564837
 21
1373.459325009662
 31
4.23900824854805
  0
LINE
  5
657
330
1F
100
AcDbEntity
  8
0
100
AcDbLine
 10
2849.12034564837
 20
1373.609325009662
 30
4.23900824854805
 11
2849.120345648364
 21
1375.809325009663
 31
4.23900824854805
  0
LINE
  5
658
330
1F
100
AcDbEntity
  8
0
100
AcDbLine
 10
2848.970345648411
 20
1352.709325009662
 30
4.23900824854805
 11
2848.970345648407
 21
1355.059325009663
 31
4.23900824854805
  0
LINE
  5
659
330
1F
100
AcDbEntity
  8
0
100
AcDbLine
 10
2848.970345648405
 20
1355.959325009663
 30
4.23900824854805
 11
2848.970345648405
 21
1356.109325009662
 31
4.23900824854805
  0
LINE
  5
65A
330
1F
100
AcDbEntity
  8
0
100
AcDbLine
 10
2848.970345648403
 20
1357.009325009662
 30
4.23900824854805
 11
2848.970345648392
 21
1362.059325009663
 31
4.23900824854805
  0
LINE
  5
65B
330
1F
100
AcDbEntity
  8
0
100
AcDbLine
 10
2848.970345648389
 20
1364.009325009662
 30
4.23900824854805
 11
2848.970345648378
 21
1369.059325009663
 31
4.23900824854805
  0
LINE
  5
65C
330
1F
100
AcDbEntity
  8
0
100
AcDbLine
 10
2848.970345648377
 20
1369.959325009662
 30
4.23900824854805
 11
2848.970345648377
 21
1370.109325009662
 31
4.23900824854805
  0
LINE
  5
65D
330
1F
100
AcDbEntity
  8
0
100
AcDbLine
 10
2848.970345648375
 20
1371.009325009662
 30
4.23900824854805
 11
2848.970345648365
 21
1375.809325009663
 31
4.23900824854805
  0
LINE
  5
65E
330
1F
100
AcDbEntity
  8
0
100
AcDbLine
 10
2848.970345648363
 20
1376.709325009662
 30
4.23900824854805
 11
2848.970345648363
 21
1376.859325009662
 31
4.23900824854805
  0
LINE
  5
65F
102
{ACAD_REACTORS
330
612
330
70B
102
}
330
1F
100
AcDbEntity
  8
0
100
AcDbLine
 10
2844.620345648356
 20
1380.059325009654
 30
4.23900824854805
 11
2860.52034564836
 21
1378.159325009686
 31
4.23900824854805
  0
MTEXT
  5
660
102
{ACAD_XDICTIONARY
360
661
102
}
330
1F
100
AcDbEntity
  8
WD
100
AcDbMText
 10
2852.126139562958
 20
1350.792083666385
 30
4.23900824854805
 40
0.2
 41
1.781274954511969
 71
     2
 72
     5
  1
15.90 M.
  7
CENTURYGOTHIC
  0
MTEXT
  5
662
102
{ACAD_XDICTIONARY
360
663
102
}
330
1F
100
AcDbEntity
  8
WD
100
AcDbMText
 10
2860.211647856107
 20
1362.414294587315
 30
4.23900824854805
 40
0.2
 41
1.781274954511969
 71
     2
 72
     5
  1
27.70 M.
  7
CENTURYGOTHIC
 11
1.459169598650096E-11
 21
1.0
 31
0.0
  0
MTEXT
  5
664
102
{ACAD_XDICTIONARY
360
665
102
}
330
1F
100
AcDbEntity
  8
WD
100
AcDbMText
 10
2844.345305531975
 20
1362.414294587283
 30
4.23900824854805
 40
0.2
 41
1.781274954511969
 71
     2
 72
     5
  1
29.60 M.
  7
CENTURYGOTHIC
 11
1.459169598650096E-11
 21
1.0
 31
0.0
  0
MTEXT
  5
666
330
1F
100
AcDbEntity
  8
0
  6
BYBLOCK
 62
     0
100
AcDbMText
 10
2852.232002734837
 20
1349.430001891467
 30
4.23900824854805
 40
0.6
 41
9.888969489610965
 71
     8
 72
     5
  1
{\T1.5;9.0 M. WIDE ROAD}
  7
AN
1001
ACAD
1000
ACAD_MTEXT_DEFINED_HEIGHT_BEGIN
1070
    46
1040
0.6826164889145234
1000
ACAD_MTEXT_DEFINED_HEIGHT_END
  0
MTEXT
  5
667
330
1F
100
AcDbEntity
  8
0
  6
BYBLOCK
 62
     0
100
AcDbMText
 10
2852.232002734837
 20
1349.430001891467
 30
4.23900824854805
 40
0.6
 41
9.888969489610965
 71
     8
 72
     5
  1
{\T1.5;9.0 M. WIDE ROAD}
  7
AN
1001
ACAD
1000
ACAD_MTEXT_DEFINED_HEIGHT_BEGIN
1070
    46
1040
0.6826164889145234
1000
ACAD_MTEXT_DEFINED_HEIGHT_END
  0
MTEXT
  5
668
330
1F
100
AcDbEntity
  8
0
  6
BYBLOCK
 62
     0
100
AcDbMText
 10
2843.780571999466
 20
1362.080973742481
 30
4.23900824854805
 40
0.6
 41
23.98842077420463
 71
     8
 72
     5
  1
{\T1.5;PROPOSED 9.0 M. WIDE ROAD}
  7
AN
 11
-1.359584106935126E-11
 21
1.0
 31
0.0
1001
ACAD
1000
ACAD_MTEXT_DEFINED_HEIGHT_BEGIN
1070
    46
1040
0.6826164889145234
1000
ACAD_MTEXT_DEFINED_HEIGHT_END
  0
LINE
  5
669
330
1F
100
AcDbEntity
  8
0
100
AcDbLine
 10
2849.120345648397
 20
1359.609325009663
 30
4.23900824854805
 11
2854.470345648398
 21
1359.609325009673
 31
4.23900824854805
  0
LINE
  5
66A
330
1F
100
AcDbEntity
  8
0
100
AcDbLine
 10
2855.870345648397
 20
1359.609325009676
 30
4.23900824854805
 11
2858.870345648397
 21
1359.609325009682
 31
4.23900824854805
  0
LINE
  5
66B
330
1F
100
AcDbEntity
  8
0
100
AcDbLine
 10
2849.120345648398
 20
1359.459325009662
 30
4.23900824854805
 11
2854.470345648398
 21
1359.459325009673
 31
4.23900824854805
  0
LINE
  5
66C
330
1F
100
AcDbEntity
  8
0
100
AcDbLine
 10
2855.870345648397
 20
1359.459325009677
 30
4.23900824854805
 11
2858.870345648397
 21
1359.459325009682
 31
4.23900824854805
  0
LINE
  5
66D
330
1F
100
AcDbEntity
  8
0
100
AcDbLine
 10
2848.97034564839
 20
1363.109325009662
 30
4.23900824854805
 11
2859.020345648391
 21
1363.109325009683
 31
4.23900824854805
  0
LINE
  5
66E
330
1F
100
AcDbEntity
  8
0
100
AcDbLine
 10
2848.970345648389
 20
1364.009325009662
 30
4.23900824854805
 11
2849.120345648388
 21
1364.009325009662
 31
4.23900824854805
  0
LINE
  5
66F
330
1F
100
AcDbEntity
  8
0
100
AcDbLine
 10
2854.470345648389
 20
1364.009325009673
 30
4.23900824854805
 11
2854.570345648389
 21
1364.009325009673
 31
4.23900824854805
  0
LINE
  5
670
330
1F
100
AcDbEntity
  8
0
100
AcDbLine
 10
2855.320345648389
 20
1364.009325009675
 30
4.23900824854805
 11
2855.870345648388
 21
1364.009325009676
 31
4.23900824854805
  0
LINE
  5
671
330
1F
100
AcDbEntity
  8
0
100
AcDbLine
 10
2855.320345648389
 20
1364.109325009676
 30
4.23900824854805
 11
2855.770345648389
 21
1364.109325009676
 31
4.23900824854805
  0
LINE
  5
672
330
1F
100
AcDbEntity
  8
0
100
AcDbLine
 10
2858.870345648388
 20
1364.009325009682
 30
4.23900824854805
 11
2859.020345648389
 21
1364.009325009682
 31
4.23900824854805
  0
LINE
  5
673
330
1F
100
AcDbEntity
  8
0
100
AcDbLine
 10
2848.97034564839
 20
1362.959325009662
 30
4.23900824854805
 11
2859.020345648391
 21
1362.959325009682
 31
4.23900824854805
  0
LINE
  5
674
330
1F
100
AcDbEntity
  8
0
100
AcDbLine
 10
2849.120345648384
 20
1366.609325009663
 30
4.23900824854805
 11
2854.470345648383
 21
1366.609325009673
 31
4.23900824854805
  0
LINE
  5
675
330
1F
100
AcDbEntity
  8
0
100
AcDbLine
 10
2855.870345648383
 20
1366.609325009676
 30
4.23900824854805
 11
2858.870345648384
 21
1366.609325009682
 31
4.23900824854805
  0
LINE
  5
676
330
1F
100
AcDbEntity
  8
0
100
AcDbLine
 10
2849.120345648385
 20
1366.459325009662
 30
4.23900824854805
 11
2854.470345648383
 21
1366.459325009673
 31
4.23900824854805
  0
LINE
  5
677
330
1F
100
AcDbEntity
  8
0
100
AcDbLine
 10
2855.870345648384
 20
1366.459325009677
 30
4.23900824854805
 11
2858.870345648384
 21
1366.459325009682
 31
4.23900824854805
  0
LINE
  5
678
330
1F
100
AcDbEntity
  8
0
100
AcDbLine
 10
2848.970345648377
 20
1370.109325009662
 30
4.23900824854805
 11
2859.020345648376
 21
1370.109325009683
 31
4.23900824854805
  0
LINE
  5
679
330
1F
100
AcDbEntity
  8
0
100
AcDbLine
 10
2848.970345648375
 20
1371.009325009662
 30
4.23900824854805
 11
2849.120345648374
 21
1371.009325009662
 31
4.23900824854805
  0
LINE
  5
67A
330
1F
100
AcDbEntity
  8
0
100
AcDbLine
 10
2854.470345648374
 20
1371.009325009673
 30
4.23900824854805
 11
2854.570345648374
 21
1371.009325009674
 31
4.23900824854805
  0
LINE
  5
67B
330
1F
100
AcDbEntity
  8
0
100
AcDbLine
 10
2855.320345648374
 20
1371.009325009675
 30
4.23900824854805
 11
2855.870345648374
 21
1371.009325009676
 31
4.23900824854805
  0
LINE
  5
67C
330
1F
100
AcDbEntity
  8
0
100
AcDbLine
 10
2854.470345648374
 20
1371.109325009674
 30
4.23900824854805
 11
2854.570345648374
 21
1371.109325009674
 31
4.23900824854805
  0
LINE
  5
67D
330
1F
100
AcDbEntity
  8
0
100
AcDbLine
 10
2855.320345648374
 20
1371.109325009675
 30
4.23900824854805
 11
2855.770345648374
 21
1371.109325009676
 31
4.23900824854805
  0
LINE
  5
67E
330
1F
100
AcDbEntity
  8
0
100
AcDbLine
 10
2854.47034564837
 20
1372.809325009674
 30
4.23900824854805
 11
2855.870345648371
 21
1372.809325009676
 31
4.23900824854805
  0
LINE
  5
67F
330
1F
100
AcDbEntity
  8
0
100
AcDbLine
 10
2854.570345648371
 20
1372.909325009673
 30
4.23900824854805
 11
2855.77034564837
 21
1372.909325009676
 31
4.23900824854805
  0
LINE
  5
680
330
1F
100
AcDbEntity
  8
0
100
AcDbLine
 10
2858.870345648374
 20
1371.009325009682
 30
4.23900824854805
 11
2859.020345648374
 21
1371.009325009682
 31
4.23900824854805
  0
LINE
  5
681
330
1F
100
AcDbEntity
  8
0
100
AcDbLine
 10
2848.970345648377
 20
1369.959325009662
 30
4.23900824854805
 11
2859.020345648377
 21
1369.959325009682
 31
4.23900824854805
  0
LINE
  5
682
330
1F
100
AcDbEntity
  8
0
100
AcDbLine
 10
2848.970345648378
 20
1369.059325009663
 30
4.23900824854805
 11
2849.120345648379
 21
1369.059325009663
 31
4.23900824854805
  0
LINE
  5
683
330
1F
100
AcDbEntity
  8
0
100
AcDbLine
 10
2854.470345648378
 20
1369.059325009674
 30
4.23900824854805
 11
2854.570345648378
 21
1369.059325009674
 31
4.23900824854805
  0
LINE
  5
684
330
1F
100
AcDbEntity
  8
0
100
AcDbLine
 10
2855.320345648378
 20
1369.059325009675
 30
4.23900824854805
 11
2855.870345648378
 21
1369.059325009676
 31
4.23900824854805
  0
LINE
  5
685
330
1F
100
AcDbEntity
  8
0
100
AcDbLine
 10
2855.320345648379
 20
1368.959325009675
 30
4.23900824854805
 11
2855.770345648379
 21
1368.959325009676
 31
4.23900824854805
  0
LINE
  5
686
330
1F
100
AcDbEntity
  8
0
100
AcDbLine
 10
2858.870345648378
 20
1369.059325009683
 30
4.23900824854805
 11
2859.020345648379
 21
1369.059325009683
 31
4.23900824854805
  0
LINE
  5
687
330
1F
100
AcDbEntity
  8
0
100
AcDbLine
 10
2849.12034564837
 20
1373.609325009662
 30
4.23900824854805
 11
2854.470345648368
 21
1373.609325009673
 31
4.23900824854805
  0
LINE
  5
688
330
1F
100
AcDbEntity
  8
0
100
AcDbLine
 10
2852.070345648367
 20
1374.509325009668
 30
4.23900824854805
 11
2854.470345648367
 21
1374.509325009672
 31
4.23900824854805
  0
LINE
  5
689
330
1F
100
AcDbEntity
  8
0
100
AcDbLine
 10
2854.570345648369
 20
1373.609325009673
 30
4.23900824854805
 11
2854.470345648368
 21
1373.609325009673
 31
4.23900824854805
  0
LINE
  5
68A
330
1F
100
AcDbEntity
  8
0
100
AcDbLine
 10
2855.870345648369
 20
1373.609325009676
 30
4.23900824854805
 11
2858.870345648369
 21
1373.609325009682
 31
4.23900824854805
  0
LINE
  5
68B
330
1F
100
AcDbEntity
  8
0
100
AcDbLine
 10
2849.12034564837
 20
1373.459325009662
 30
4.23900824854805
 11
2854.470345648368
 21
1373.459325009673
 31
4.23900824854805
  0
LINE
  5
68C
330
1F
100
AcDbEntity
  8
0
100
AcDbLine
 10
2852.070345648371
 20
1372.559325009669
 30
4.23900824854805
 11
2854.47034564837
 21
1372.559325009674
 31
4.23900824854805
  0
LINE
  5
68D
330
1F
100
AcDbEntity
  8
0
100
AcDbLine
 10
2854.570345648369
 20
1373.459325009673
 30
4.23900824854805
 11
2854.470345648368
 21
1373.459325009673
 31
4.23900824854805
  0
LINE
  5
68E
330
1F
100
AcDbEntity
  8
0
100
AcDbLine
 10
2855.87034564837
 20
1373.459325009677
 30
4.23900824854805
 11
2858.87034564837
 21
1373.459325009682
 31
4.23900824854805
  0
LINE
  5
68F
102
{ACAD_REACTORS
330
70B
102
}
330
1F
100
AcDbEntity
  8
0
100
AcDbLine
 10
2848.970345648363
 20
1376.859325009662
 30
4.23900824854805
 11
2859.020345648362
 21
1376.859325009683
 31
4.23900824854805
  0
LINE
  5
690
330
1F
100
AcDbEntity
  8
0
100
AcDbLine
 10
2848.970345648363
 20
1376.709325009662
 30
4.23900824854805
 11
2859.020345648362
 21
1376.709325009682
 31
4.23900824854805
  0
LINE
  5
691
330
1F
100
AcDbEntity
  8
0
100
AcDbLine
 10
2848.970345648365
 20
1375.809325009663
 30
4.23900824854805
 11
2849.120345648364
 21
1375.809325009663
 31
4.23900824854805
  0
LINE
  5
692
330
1F
100
AcDbEntity
  8
0
100
AcDbLine
 10
2854.470345648365
 20
1375.809325009674
 30
4.23900824854805
 11
2854.570345648365
 21
1375.809325009674
 31
4.23900824854805
  0
LINE
  5
693
330
1F
100
AcDbEntity
  8
0
100
AcDbLine
 10
2855.320345648365
 20
1375.809325009675
 30
4.23900824854805
 11
2855.870345648364
 21
1375.809325009676
 31
4.23900824854805
  0
LINE
  5
694
330
1F
100
AcDbEntity
  8
0
100
AcDbLine
 10
2855.320345648365
 20
1375.709325009675
 30
4.23900824854805
 11
2855.770345648365
 21
1375.709325009676
 31
4.23900824854805
  0
LINE
  5
695
330
1F
100
AcDbEntity
  8
0
100
AcDbLine
 10
2854.470345648368
 20
1374.009325009673
 30
4.23900824854805
 11
2855.870345648368
 21
1374.009325009676
 31
4.23900824854805
  0
LINE
  5
696
330
1F
100
AcDbEntity
  8
0
100
AcDbLine
 10
2854.570345648369
 20
1373.909325009673
 30
4.23900824854805
 11
2855.770345648369
 21
1373.909325009676
 31
4.23900824854805
  0
LINE
  5
697
330
1F
100
AcDbEntity
  8
0
100
AcDbLine
 10
2858.870345648364
 20
1375.809325009683
 30
4.23900824854805
 11
2859.020345648364
 21
1375.809325009683
 31
4.23900824854805
  0
DIMENSION
  5
698
330
1F
100
AcDbEntity
  8
0
100
AcDbDimension
  2
*D18
 10
2854.069353127126
 20
1350.459325009674
 30
0.0
 11
2854.069353127126
 21
1351.584325009673
 31
0.0
 70
    32
  3
DIM
100
AcDbAlignedDimension
 13
2854.084992722354
 23
1352.709325009673
 33
4.23900824854806
 14
2854.08499272236
 24
1350.459325009673
 34
4.23900824854805
 50
90.00000000010422
100
AcDbRotatedDimension
  0
LINE
  5
699
330
1F
100
AcDbEntity
  8
0
100
AcDbLine
 10
2848.970345648365
 20
1375.806860111631
 30
0.0
 11
2848.970345648363
 21
1376.709325009662
 31
4.23900824854805
  0
LINE
  5
69A
330
1F
100
AcDbEntity
  8
0
100
AcDbLine
 10
2846.87034564837
 20
1373.534325009658
 30
-10.67442629998491
 11
2846.870345648363
 21
1376.859325009658
 31
4.943579959502241
  0
LINE
  5
69B
102
{ACAD_REACTORS
330
6BE
102
}
330
1F
100
AcDbEntity
  8
0
100
AcDbLine
 10
2859.020345648364
 20
1375.809325009683
 30
4.23900824854805
 11
2859.020345648362
 21
1376.709325009682
 31
4.23900824854805
  0
LINE
  5
69C
330
1F
100
AcDbEntity
  8
0
100
AcDbLine
 10
2848.970345648375
 20
1371.009325009662
 30
4.23900824854805
 11
2848.970345648377
 21
1370.109325009662
 31
4.23900824854805
  0
LINE
  5
69D
330
1F
100
AcDbEntity
  8
0
100
AcDbLine
 10
2859.020345648374
 20
1371.009325009682
 30
4.23900824854805
 11
2859.020345648376
 21
1370.109325009683
 31
4.23900824854805
  0
LINE
  5
69E
330
1F
100
AcDbEntity
  8
0
100
AcDbLine
 10
2854.470345648374
 20
1371.009325009673
 30
4.23900824854805
 11
2854.570345648374
 21
1371.009325009673
 31
4.23900824854805
  0
LINE
  5
69F
330
1F
100
AcDbEntity
  8
0
100
AcDbLine
 10
2848.970345648378
 20
1369.059325009663
 30
4.23900824854805
 11
2848.970345648377
 21
1369.959325009662
 31
4.23900824854805
  0
LINE
  5
6A0
330
1F
100
AcDbEntity
  8
0
100
AcDbLine
 10
2859.020345648379
 20
1369.059325009683
 30
4.23900824854805
 11
2859.020345648377
 21
1369.959325009682
 31
4.23900824854805
  0
LINE
  5
6A1
102
{ACAD_REACTORS
330
705
102
}
330
1F
100
AcDbEntity
  8
0
100
AcDbLine
 10
2848.970345648389
 20
1364.009325009662
 30
4.23900824854805
 11
2848.97034564839
 21
1363.109325009662
 31
4.23900824854805
  0
LINE
  5
6A2
330
1F
100
AcDbEntity
  8
0
100
AcDbLine
 10
2859.020345648389
 20
1364.009325009682
 30
4.23900824854805
 11
2859.020345648391
 21
1363.109325009683
 31
4.23900824854805
  0
MTEXT
  5
6A3
330
1F
100
AcDbEntity
  8
TEXT_
 62
     0
100
AcDbMText
 10
2851.776204199617
 20
1375.124940344917
 30
0.0
 40
0.1999999999999999
 41
0.920382832289531
 71
     5
 72
     5
  1
LIVING\P5.35X3.10\P17'6''X10'2''
  7
AN
 11
0.9999999998410581
 21
-1.782929240359396E-5
 31
0.0
1001
ACAD
1000
ACAD_MTEXT_DEFINED_HEIGHT_BEGIN
1070
    46
1040
1.133242382869585
1000
ACAD_MTEXT_DEFINED_HEIGHT_END
  0
MTEXT
  5
6A4
330
1F
100
AcDbEntity
  8
TEXT_
 62
     0
100
AcDbMText
 10
2857.514406277117
 20
1374.927756698916
 30
0.0
 40
0.1999999999999999
 41
0.920382832289531
 71
     5
 72
     5
  1
KITCHEN\P3.00X3.10\P10'0''X10'2''
  7
AN
 11
0.9999999998410581
 21
-1.782929240359396E-5
 31
0.0
1001
ACAD
1000
ACAD_MTEXT_DEFINED_HEIGHT_BEGIN
1070
    46
1040
1.133242382869585
1000
ACAD_MTEXT_DEFINED_HEIGHT_END
  0
LINE
  5
6A5
330
1F
100
AcDbEntity
  8
0
100
AcDbLine
 10
2854.570345648369
 20
1373.909325009673
 30
4.23900824854805
 11
2855.77034564837
 21
1372.909325009676
 31
4.23900824854805
  0
LINE
  5
6A6
330
1F
100
AcDbEntity
  8
0
100
AcDbLine
 10
2854.570345648371
 20
1372.909325009673
 30
4.23900824854805
 11
2855.770345648369
 21
1373.909325009676
 31
4.23900824854805
  0
MTEXT
  5
6A7
330
1F
100
AcDbEntity
  8
TEXT_
 62
     0
100
AcDbMText
 10
2851.776204199622
 20
1371.961247535821
 30
0.0
 40
0.1999999999999999
 41
0.920382832289531
 71
     5
 72
     5
  1
LIVING\P5.35X3.35\P17'6''X11'0''
  7
AN
 11
0.9999999998410581
 21
-1.782929240359396E-5
 31
0.0
1001
ACAD
1000
ACAD_MTEXT_DEFINED_HEIGHT_BEGIN
1070
    46
1040
1.133242382869585
1000
ACAD_MTEXT_DEFINED_HEIGHT_END
  0
MTEXT
  5
6A8
330
1F
100
AcDbEntity
  8
TEXT_
 62
     0
100
AcDbMText
 10
2857.514406277122
 20
1371.961247535833
 30
0.0
 40
0.1999999999999999
 41
0.920382832289531
 71
     5
 72
     5
  1
KITCHEN\P3.00X3.35\P10'0''X11'0''
  7
AN
 11
0.9999999998410581
 21
-1.782929240359396E-5
 31
0.0
1001
ACAD
1000
ACAD_MTEXT_DEFINED_HEIGHT_BEGIN
1070
    46
1040
1.133242382869585
1000
ACAD_MTEXT_DEFINED_HEIGHT_END
  0
MTEXT
  5
6A9
330
1F
100
AcDbEntity
  8
TEXT_
 62
     0
100
AcDbMText
 10
2855.209922865377
 20
1374.927757590375
 30
0.0
 40
0.1999999999999999
 41
1.020382832273659
 71
     5
 72
     5
  1
TOILET\P1.20X1.70\P4'0''X5'9''
  7
AN
 11
0.9999999998410581
 21
-1.782929240359396E-5
 31
0.0
1001
ACAD
1000
ACAD_MTEXT_DEFINED_HEIGHT_BEGIN
1070
    46
1040
1.133242382869585
1000
ACAD_MTEXT_DEFINED_HEIGHT_END
  0
LINE
  5
6AA
330
1F
100
AcDbEntity
  8
0
100
AcDbLine
 10
2854.570345648384
 20
1366.034325009674
 30
4.23900824854805
 11
2855.770345648384
 21
1366.034325009677
 31
4.23900824854805
  0
LINE
  5
6AB
330
1F
100
AcDbEntity
  8
0
100
AcDbLine
 10
2854.570345648384
 20
1365.934325009674
 30
4.23900824854805
 11
2855.770345648385
 21
1365.934325009676
 31
4.23900824854805
  0
LINE
  5
6AC
330
1F
100
AcDbEntity
  8
0
100
AcDbLine
 10
2854.570345648382
 20
1367.034325009674
 30
4.23900824854805
 11
2855.770345648382
 21
1367.034325009677
 31
4.23900824854805
  0
LINE
  5
6AD
330
1F
100
AcDbEntity
  8
0
100
AcDbLine
 10
2854.570345648382
 20
1367.134325009674
 30
4.23900824854805
 11
2855.770345648382
 21
1367.134325009676
 31
4.23900824854805
  0
LINE
  5
6AE
330
1F
100
AcDbEntity
  8
0
100
AcDbLine
 10
2854.570345648382
 20
1367.034325009674
 30
4.23900824854805
 11
2855.770345648384
 21
1366.034325009677
 31
4.23900824854805
  0
LINE
  5
6AF
330
1F
100
AcDbEntity
  8
0
100
AcDbLine
 10
2854.570345648384
 20
1366.034325009674
 30
4.23900824854805
 11
2855.770345648382
 21
1367.034325009677
 31
4.23900824854805
  0
MTEXT
  5
6B0
330
1F
100
AcDbEntity
  8
TEXT_
 62
     0
100
AcDbMText
 10
2855.1898565346
 20
1365.091073222805
 30
0.0
 40
0.1999999999999999
 41
1.020382832273659
 71
     5
 72
     5
  1
TOILET\P1.20X1.82\P4'0''X6'0''
  7
AN
 11
0.9999999998410581
 21
-1.782929240359396E-5
 31
0.0
1001
ACAD
1000
ACAD_MTEXT_DEFINED_HEIGHT_BEGIN
1070
    46
1040
1.133242382869585
1000
ACAD_MTEXT_DEFINED_HEIGHT_END
  0
LINE
  5
6B1
330
1F
100
AcDbEntity
  8
0
100
AcDbLine
 10
2849.120345648393
 20
1362.059325009663
 30
4.23900824854805
 11
2848.970345648392
 21
1362.059325009663
 31
4.23900824854805
  0
LINE
  5
6B2
330
1F
100
AcDbEntity
  8
0
100
AcDbLine
 10
2858.870345648393
 20
1362.059325009683
 30
4.23900824854805
 11
2859.020345648392
 21
1362.059325009683
 31
4.23900824854805
  0
LINE
  5
6B3
330
1F
100
AcDbEntity
  8
0
100
AcDbLine
 10
2859.020345648392
 20
1362.059325009683
 30
4.23900824854805
 11
2859.020345648391
 21
1362.959325009682
 31
4.23900824854805
  0
LINE
  5
6B4
330
1F
100
AcDbEntity
  8
0
100
AcDbLine
 10
2848.97034564839
 20
1362.959325009662
 30
4.23900824854805
 11
2848.970345648392
 21
1362.059325009663
 31
4.23900824854805
  0
LINE
  5
6B5
330
1F
100
AcDbEntity
  8
0
100
AcDbLine
 10
2848.970345648403
 20
1357.009325009662
 30
4.23900824854805
 11
2848.970345648405
 21
1356.109325009662
 31
4.23900824854805
  0
LINE
  5
6B6
330
1F
100
AcDbEntity
  8
0
100
AcDbLine
 10
2859.020345648402
 20
1357.009325009682
 30
4.23900824854805
 11
2859.020345648404
 21
1356.109325009683
 31
4.23900824854805
  0
LINE
  5
6B7
330
1F
100
AcDbEntity
  8
0
100
AcDbLine
 10
2859.020345648407
 20
1355.059325009683
 30
4.23900824854805
 11
2859.020345648405
 21
1355.959325009682
 31
4.23900824854805
  0
LINE
  5
6B8
330
1F
100
AcDbEntity
  8
0
100
AcDbLine
 10
2848.970345648407
 20
1355.059325009663
 30
4.23900824854805
 11
2848.970345648405
 21
1355.959325009662
 31
4.23900824854805
  0
MTEXT
  5
6B9
330
1F
100
AcDbEntity
  8
TEXT_
 62
     0
100
AcDbMText
 10
2851.776204199658
 20
1354.525672624161
 30
0.0
 40
0.1999999999999999
 41
0.920382832289531
 71
     5
 72
     5
  1
LIVING\P5.35X3.10\P17'6''X10'2''
  7
AN
 11
0.9999999998410581
 21
-1.782929240359396E-5
 31
0.0
1001
ACAD
1000
ACAD_MTEXT_DEFINED_HEIGHT_BEGIN
1070
    46
1040
1.133242382869585
1000
ACAD_MTEXT_DEFINED_HEIGHT_END
  0
MTEXT
  5
6BA
330
1F
100
AcDbEntity
  8
TEXT_
 62
     0
100
AcDbMText
 10
2857.514406277159
 20
1354.258857246894
 30
0.0
 40
0.1999999999999999
 41
0.920382832289531
 71
     5
 72
     5
  1
KITCHEN\P3.00X3.10\P10'0''X10'2''
  7
AN
 11
0.9999999998410581
 21
-1.782929240359396E-5
 31
0.0
1001
ACAD
1000
ACAD_MTEXT_DEFINED_HEIGHT_BEGIN
1070
    46
1040
1.133242382869585
1000
ACAD_MTEXT_DEFINED_HEIGHT_END
  0
MTEXT
  5
6BB
330
1F
100
AcDbEntity
  8
TEXT_
 62
     0
100
AcDbMText
 10
2855.239856534607
 20
1353.720564708526
 30
0.0
 40
0.1999999999999999
 41
0.653240810274784
 71
     5
 72
     5
  1
TOILET\P1.20X2.10\P4'0''X7'0''
  7
AN
 11
0.9999999998410581
 21
-1.782929240359396E-5
 31
0.0
1001
ACAD
1000
ACAD_MTEXT_DEFINED_HEIGHT_BEGIN
1070
    46
1040
1.133242382869585
1000
ACAD_MTEXT_DEFINED_HEIGHT_END
  0
DIMENSION
  5
6BC
102
{ACAD_REACTORS
330
6BE
102
}
102
{ACAD_XDICTIONARY
360
6BD
102
}
330
1F
100
AcDbEntity
  8
0
100
AcDbDimension
  2
*D22
 10
2860.520345648363
 20
1376.203686000109
 30
0.0
 11
2859.770345648363
 21
1376.203686000109
 31
0.0
 70
    32
  3
DIM
100
AcDbAlignedDimension
 13
2859.020345648363
 23
1376.259325009682
 33
4.23900824854805
 14
2860.520345648363
 24
1376.259325009685
 34
4.23900824854805
 50
0.0000000001042204
100
AcDbRotatedDimension
  0
LINE
  5
6BF
330
1F
100
AcDbEntity
  8
0
100
AcDbLine
 10
2848.970345648363
 20
1376.859325009662
 30
4.23900824854805
 11
2846.870345648363
 21
1376.859325009657
 31
4.23900824854805
  0
LINE
  5
6C0
330
1F
100
AcDbEntity
  8
0
100
AcDbLine
 10
2848.970345648369
 20
1373.534325009662
 30
4.23900824854805
 11
2846.870345648369
 21
1373.534325009658
 31
4.23900824854805
  0
LINE
  5
6C1
330
1F
100
AcDbEntity
  8
0
100
AcDbLine
 10
2848.970345648411
 20
1352.709325009662
 30
4.23900824854805
 11
2846.870345648412
 21
1352.709325009658
 31
4.23900824854805
  0
LINE
  5
6C2
102
{ACAD_REACTORS
330
702
102
}
330
1F
100
AcDbEntity
  8
0
100
AcDbLine
 10
2846.870345648412
 20
1352.709325009658
 30
4.23900824854805
 11
2846.87034564837
 21
1373.534325009658
 31
4.23900824854805
  0
LINE
  5
6C3
330
1F
100
AcDbEntity
  8
0
100
AcDbLine
 10
2848.970345648377
 20
1370.034325009662
 30
4.23900824854805
 11
2846.870345648376
 21
1370.034325009658
 31
4.23900824854805
  0
LINE
  5
6C4
330
1F
100
AcDbEntity
  8
0
100
AcDbLine
 10
2848.970345648405
 20
1356.034325009663
 30
4.23900824854805
 11
2846.870345648405
 21
1356.034325009658
 31
4.23900824854805
  0
LINE
  5
6C5
330
1F
100
AcDbEntity
  8
0
100
AcDbLine
 10
2848.970345648398
 20
1359.534325009662
 30
4.23900824854805
 11
2846.870345648397
 21
1359.534325009658
 31
4.23900824854805
  0
LINE
  5
6C6
330
1F
100
AcDbEntity
  8
0
100
AcDbLine
 10
2848.97034564839
 20
1363.034325009662
 30
4.23900824854805
 11
2846.870345648391
 21
1363.034325009658
 31
4.23900824854805
  0
LINE
  5
6C7
330
1F
100
AcDbEntity
  8
0
100
AcDbLine
 10
2848.970345648384
 20
1366.534325009662
 30
4.23900824854805
 11
2846.870345648384
 21
1366.534325009658
 31
4.23900824854805
  0
LINE
  5
6C8
330
1F
100
AcDbEntity
  8
0
100
AcDbLine
 10
2853.570345648367
 20
1374.509325009671
 30
4.23900824854805
 11
2854.470345648367
 21
1374.509325009672
 31
4.23900824854805
  0
LINE
  5
6C9
330
1F
100
AcDbEntity
  8
0
100
AcDbLine
 10
2853.570345648367
 20
1374.759325009671
 30
4.23900824854805
 11
2854.470345648367
 21
1374.759325009672
 31
4.23900824854805
  0
LINE
  5
6CA
330
1F
100
AcDbEntity
  8
0
100
AcDbLine
 10
2853.570345648366
 20
1375.009325009671
 30
4.23900824854805
 11
2854.470345648367
 21
1375.009325009672
 31
4.23900824854805
  0
LINE
  5
6CB
330
1F
100
AcDbEntity
  8
0
100
AcDbLine
 10
2853.570345648365
 20
1375.259325009671
 30
4.23900824854805
 11
2854.470345648366
 21
1375.259325009672
 31
4.23900824854805
  0
LINE
  5
6CC
330
1F
100
AcDbEntity
  8
0
100
AcDbLine
 10
2853.570345648365
 20
1375.509325009671
 30
4.23900824854805
 11
2854.470345648365
 21
1375.509325009672
 31
4.23900824854805
  0
LINE
  5
6CD
330
1F
100
AcDbEntity
  8
0
100
AcDbLine
 10
2853.570345648365
 20
1375.759325009671
 30
4.23900824854805
 11
2854.470345648365
 21
1375.759325009672
 31
4.23900824854805
  0
LINE
  5
6CE
330
1F
100
AcDbEntity
  8
0
100
AcDbLine
 10
2853.570345648367
 20
1374.509325009671
 30
4.23900824854805
 11
2853.570345648369
 21
1373.609325009671
 31
4.23900824854805
  0
LINE
  5
6CF
330
1F
100
AcDbEntity
  8
0
100
AcDbLine
 10
2853.320345648367
 20
1374.509325009671
 30
4.23900824854805
 11
2853.320345648369
 21
1373.609325009671
 31
4.23900824854805
  0
LINE
  5
6D0
330
1F
100
AcDbEntity
  8
0
100
AcDbLine
 10
2853.070345648367
 20
1374.50932500967
 30
4.23900824854805
 11
2853.070345648369
 21
1373.60932500967
 31
4.23900824854805
  0
LINE
  5
6D1
330
1F
100
AcDbEntity
  8
0
100
AcDbLine
 10
2852.820345648367
 20
1374.50932500967
 30
4.23900824854805
 11
2852.820345648369
 21
1373.609325009669
 31
4.23900824854805
  0
LINE
  5
6D2
330
1F
100
AcDbEntity
  8
0
100
AcDbLine
 10
2852.570345648367
 20
1374.509325009669
 30
4.23900824854805
 11
2852.570345648369
 21
1373.609325009669
 31
4.23900824854805
  0
LINE
  5
6D3
330
1F
100
AcDbEntity
  8
0
100
AcDbLine
 10
2852.320345648367
 20
1374.509325009669
 30
4.23900824854805
 11
2852.320345648369
 21
1373.609325009668
 31
4.23900824854805
  0
LINE
  5
6D4
330
1F
100
AcDbEntity
  8
0
100
AcDbLine
 10
2852.070345648367
 20
1374.509325009668
 30
4.23900824854805
 11
2852.070345648369
 21
1373.609325009668
 31
4.23900824854805
  0
LINE
  5
6D5
330
1F
100
AcDbEntity
  8
0
100
AcDbLine
 10
2853.570345648371
 20
1372.559325009672
 30
4.23900824854805
 11
2853.570345648374
 21
1371.059325009672
 31
4.23900824854805
  0
LINE
  5
6D6
330
1F
100
AcDbEntity
  8
0
100
AcDbLine
 10
2853.570345648371
 20
1372.559325009672
 30
4.23900824854805
 11
2854.470345648371
 21
1372.559325009674
 31
4.23900824854805
  0
LINE
  5
6D7
330
1F
100
AcDbEntity
  8
0
100
AcDbLine
 10
2853.570345648372
 20
1372.309325009672
 30
4.23900824854805
 11
2854.470345648372
 21
1372.309325009674
 31
4.23900824854805
  0
LINE
  5
6D8
330
1F
100
AcDbEntity
  8
0
100
AcDbLine
 10
2853.570345648372
 20
1372.059325009672
 30
4.23900824854805
 11
2854.470345648372
 21
1372.059325009674
 31
4.23900824854805
  0
LINE
  5
6D9
330
1F
100
AcDbEntity
  8
0
100
AcDbLine
 10
2853.570345648372
 20
1371.809325009672
 30
4.23900824854805
 11
2854.470345648372
 21
1371.809325009674
 31
4.23900824854805
  0
LINE
  5
6DA
330
1F
100
AcDbEntity
  8
0
100
AcDbLine
 10
2853.570345648373
 20
1371.559325009672
 30
4.23900824854805
 11
2854.470345648373
 21
1371.559325009674
 31
4.23900824854805
  0
LINE
  5
6DB
330
1F
100
AcDbEntity
  8
0
100
AcDbLine
 10
2853.570345648374
 20
1371.309325009672
 30
4.23900824854805
 11
2854.470345648374
 21
1371.309325009674
 31
4.23900824854805
  0
LINE
  5
6DC
330
1F
100
AcDbEntity
  8
0
100
AcDbLine
 10
2853.570345648374
 20
1371.059325009672
 30
4.23900824854805
 11
2854.470345648374
 21
1371.059325009674
 31
4.23900824854805
  0
LINE
  5
6DD
330
1F
100
AcDbEntity
  8
0
100
AcDbLine
 10
2853.570345648371
 20
1372.559325009672
 30
4.23900824854805
 11
2853.570345648369
 21
1373.459325009671
 31
4.23900824854805
  0
LINE
  5
6DE
330
1F
100
AcDbEntity
  8
0
100
AcDbLine
 10
2853.320345648371
 20
1372.559325009671
 30
4.23900824854805
 11
2853.320345648369
 21
1373.459325009671
 31
4.23900824854805
  0
LINE
  5
6DF
330
1F
100
AcDbEntity
  8
0
100
AcDbLine
 10
2853.070345648371
 20
1372.559325009671
 30
4.23900824854805
 11
2853.070345648369
 21
1373.45932500967
 31
4.23900824854805
  0
LINE
  5
6E0
330
1F
100
AcDbEntity
  8
0
100
AcDbLine
 10
2852.820345648371
 20
1372.55932500967
 30
4.23900824854805
 11
2852.820345648369
 21
1373.45932500967
 31
4.23900824854805
  0
LINE
  5
6E1
330
1F
100
AcDbEntity
  8
0
100
AcDbLine
 10
2852.570345648371
 20
1372.559325009669
 30
4.23900824854805
 11
2852.570345648369
 21
1373.45932500967
 31
4.23900824854805
  0
LINE
  5
6E2
330
1F
100
AcDbEntity
  8
0
100
AcDbLine
 10
2852.320345648371
 20
1372.559325009669
 30
4.23900824854805
 11
2852.320345648369
 21
1373.459325009669
 31
4.23900824854805
  0
LINE
  5
6E3
330
1F
100
AcDbEntity
  8
0
100
AcDbLine
 10
2852.070345648371
 20
1372.559325009668
 30
4.23900824854805
 11
2852.070345648369
 21
1373.459325009668
 31
4.23900824854805
  0
LINE
  5
6E4
330
1F
100
AcDbEntity
  8
0
100
AcDbLine
 10
2853.570345648385
 20
1365.559325009672
 30
4.23900824854805
 11
2853.570345648389
 21
1364.059325009672
 31
4.23900824854805
  0
LINE
  5
6E5
330
1F
100
AcDbEntity
  8
0
100
AcDbLine
 10
2853.570345648385
 20
1365.559325009672
 30
4.23900824854805
 11
2854.470345648385
 21
1365.559325009674
 31
4.23900824854805
  0
LINE
  5
6E6
330
1F
100
AcDbEntity
  8
0
100
AcDbLine
 10
2853.570345648386
 20
1365.309325009672
 30
4.23900824854805
 11
2854.470345648386
 21
1365.309325009674
 31
4.23900824854805
  0
LINE
  5
6E7
330
1F
100
AcDbEntity
  8
0
100
AcDbLine
 10
2853.570345648387
 20
1365.059325009672
 30
4.23900824854805
 11
2854.470345648387
 21
1365.059325009674
 31
4.23900824854805
  0
LINE
  5
6E8
330
1F
100
AcDbEntity
  8
0
100
AcDbLine
 10
2853.570345648387
 20
1364.809325009672
 30
4.23900824854805
 11
2854.470345648387
 21
1364.809325009674
 31
4.23900824854805
  0
LINE
  5
6E9
330
1F
100
AcDbEntity
  8
0
100
AcDbLine
 10
2853.570345648387
 20
1364.559325009672
 30
4.23900824854805
 11
2854.470345648388
 21
1364.559325009674
 31
4.23900824854805
  0
LINE
  5
6EA
330
1F
100
AcDbEntity
  8
0
100
AcDbLine
 10
2853.570345648388
 20
1364.309325009672
 30
4.23900824854805
 11
2854.470345648389
 21
1364.309325009674
 31
4.23900824854805
  0
LINE
  5
6EB
330
1F
100
AcDbEntity
  8
0
100
AcDbLine
 10
2853.570345648389
 20
1364.059325009672
 30
4.23900824854805
 11
2854.470345648389
 21
1364.059325009674
 31
4.23900824854805
  0
LINE
  5
6EC
330
1F
100
AcDbEntity
  8
0
100
AcDbLine
 10
2853.570345648385
 20
1365.559325009672
 30
4.23900824854805
 11
2853.570345648383
 21
1366.459325009672
 31
4.23900824854805
  0
LINE
  5
6ED
330
1F
100
AcDbEntity
  8
0
100
AcDbLine
 10
2853.570345648382
 20
1367.509325009672
 30
4.23900824854805
 11
2853.570345648378
 21
1369.009325009672
 31
4.23900824854805
  0
LINE
  5
6EE
330
1F
100
AcDbEntity
  8
0
100
AcDbLine
 10
2853.570345648382
 20
1367.509325009672
 30
4.23900824854805
 11
2854.470345648381
 21
1367.509325009673
 31
4.23900824854805
  0
LINE
  5
6EF
330
1F
100
AcDbEntity
  8
0
100
AcDbLine
 10
2853.570345648382
 20
1367.759325009672
 30
4.23900824854805
 11
2854.470345648381
 21
1367.759325009673
 31
4.23900824854805
  0
LINE
  5
6F0
330
1F
100
AcDbEntity
  8
0
100
AcDbLine
 10
2853.570345648381
 20
1368.009325009672
 30
4.23900824854805
 11
2854.47034564838
 21
1368.009325009673
 31
4.23900824854805
  0
LINE
  5
6F1
330
1F
100
AcDbEntity
  8
0
100
AcDbLine
 10
2853.57034564838
 20
1368.259325009672
 30
4.23900824854805
 11
2854.470345648379
 21
1368.259325009673
 31
4.23900824854805
  0
LINE
  5
6F2
330
1F
100
AcDbEntity
  8
0
100
AcDbLine
 10
2853.57034564838
 20
1368.509325009672
 30
4.23900824854805
 11
2854.470345648379
 21
1368.509325009673
 31
4.23900824854805
  0
LINE
  5
6F3
330
1F
100
AcDbEntity
  8
0
100
AcDbLine
 10
2853.570345648379
 20
1368.759325009672
 30
4.23900824854805
 11
2854.470345648379
 21
1368.759325009673
 31
4.23900824854805
  0
LINE
  5
6F4
330
1F
100
AcDbEntity
  8
0
100
AcDbLine
 10
2853.570345648378
 20
1369.009325009672
 30
4.23900824854805
 11
2854.470345648378
 21
1369.009325009673
 31
4.23900824854805
  0
LINE
  5
6F5
330
1F
100
AcDbEntity
  8
0
100
AcDbLine
 10
2853.570345648382
 20
1367.509325009672
 30
4.23900824854805
 11
2853.570345648383
 21
1366.609325009672
 31
4.23900824854805
  0
LINE
  5
6F6
330
1F
100
AcDbEntity
  8
0
100
AcDbLine
 10
2853.57034564841
 20
1353.759325009673
 30
4.23900824854805
 11
2853.570345648408
 21
1355.009325009673
 31
4.23900824854805
  0
LINE
  5
6F7
330
1F
100
AcDbEntity
  8
0
100
AcDbLine
 10
2853.57034564841
 20
1353.759325009673
 30
4.23900824854805
 11
2854.47034564841
 21
1353.759325009674
 31
4.23900824854805
  0
LINE
  5
6F8
330
1F
100
AcDbEntity
  8
0
100
AcDbLine
 10
2853.570345648409
 20
1354.009325009673
 30
4.23900824854805
 11
2854.470345648409
 21
1354.009325009674
 31
4.23900824854805
  0
LINE
  5
6F9
330
1F
100
AcDbEntity
  8
0
100
AcDbLine
 10
2853.570345648409
 20
1354.259325009673
 30
4.23900824854805
 11
2854.470345648409
 21
1354.259325009674
 31
4.23900824854805
  0
LINE
  5
6FA
330
1F
100
AcDbEntity
  8
0
100
AcDbLine
 10
2853.570345648409
 20
1354.509325009673
 30
4.23900824854805
 11
2854.470345648409
 21
1354.509325009674
 31
4.23900824854805
  0
LINE
  5
6FB
330
1F
100
AcDbEntity
  8
0
100
AcDbLine
 10
2853.570345648409
 20
1354.759325009673
 30
4.23900824854805
 11
2854.470345648409
 21
1354.759325009674
 31
4.23900824854805
  0
LINE
  5
6FC
330
1F
100
AcDbEntity
  8
0
100
AcDbLine
 10
2853.570345648408
 20
1355.009325009673
 30
4.23900824854805
 11
2854.470345648408
 21
1355.009325009674
 31
4.23900824854805
  0
LINE
  5
6FD
330
1F
100
AcDbEntity
  8
0
100
AcDbLine
 10
2853.57034564841
 20
1353.759325009673
 30
4.23900824854805
 11
2853.570345648411
 21
1352.859325009673
 31
4.23900824854805
  0
MTEXT
  5
6FE
330
1F
100
AcDbEntity
  8
TEXT_
 62
     0
100
AcDbMText
 10
2847.820574884304
 20
1374.927756698896
 30
0.0
 40
0.1999999999999999
 41
0.920382832289531
 71
     5
 72
     5
  1
PORCH\P2.10X3.10\P7'0''X10'2''
  7
AN
 11
0.9999999998410581
 21
-1.782929240359396E-5
 31
0.0
1001
ACAD
1000
ACAD_MTEXT_DEFINED_HEIGHT_BEGIN
1070
    46
1040
1.133242382869585
1000
ACAD_MTEXT_DEFINED_HEIGHT_END
  0
MTEXT
  5
6FF
330
1F
100
AcDbEntity
  8
TEXT_
 62
     0
100
AcDbMText
 10
2847.820574884309
 20
1371.889389764575
 30
0.0
 40
0.1999999999999999
 41
0.920382832289531
 71
     5
 72
     5
  1
PORCH\P2.10X3.35\P7'0''X11'0''
  7
AN
 11
0.9999999998410581
 21
-1.782929240359396E-5
 31
0.0
1001
ACAD
1000
ACAD_MTEXT_DEFINED_HEIGHT_BEGIN
1070
    46
1040
1.133242382869585
1000
ACAD_MTEXT_DEFINED_HEIGHT_END
  0
DIMENSION
  5
700
102
{ACAD_REACTORS
330
702
102
}
102
{ACAD_XDICTIONARY
360
701
102
}
330
1F
100
AcDbEntity
  8
0
100
AcDbDimension
  2
*D23
 10
2846.870345648389
 20
1363.612020289248
 30
0.0
 11
2846.120345648389
 21
1363.612020289248
 31
0.0
 70
    32
  3
DIM
100
AcDbAlignedDimension
 13
2845.370345648389
 23
1363.612020289245
 33
4.23900824854805
 14
2846.870345648389
 24
1363.612020289248
 34
4.23900824854805
 50
0.0000000001042204
100
AcDbRotatedDimension
  0
DIMENSION
  5
703
102
{ACAD_REACTORS
330
705
102
}
102
{ACAD_XDICTIONARY
360
704
102
}
330
1F
100
AcDbEntity
  8
0
100
AcDbDimension
  2
*D24
 10
2848.970345648389
 20
1364.044049512792
 30
0.0
 11
2847.170345648388
 21
1364.044049512792
 31
0.0
 70
    32
  3
DIM
100
AcDbAlignedDimension
 13
2845.370345648388
 23
1364.037428471532
 33
4.23900824854805
 14
2848.970345648389
 24
1364.037428471539
 34
4.23900824854805
 50
0.0000000001042204
100
AcDbRotatedDimension
  0
DIMENSION
  5
706
102
{ACAD_REACTORS
330
708
102
}
102
{ACAD_XDICTIONARY
360
707
102
}
330
1F
100
AcDbEntity
  8
0
100
AcDbDimension
  2
*D25
 10
2860.520345648389
 20
1364.024679512149
 30
0.0
 11
2859.770345648389
 21
1364.024679512149
 31
0.0
 70
    32
  3
DIM
100
AcDbAlignedDimension
 13
2859.020345648389
 23
1364.044049512811
 33
4.23900824854805
 14
2860.520345648389
 24
1364.044049512815
 34
4.239008248547982
 50
0.0000000001042204
100
AcDbRotatedDimension
  0
DIMENSION
  5
709
102
{ACAD_REACTORS
330
70B
102
}
102
{ACAD_XDICTIONARY
360
70A
102
}
330
1F
100
AcDbEntity
  8
0
100
AcDbDimension
  2
*D26
 10
2858.983993811476
 20
1378.342914222897
 30
0.0
 11
2858.983993811476
 21
1377.601119616289
 31
0.0
 70
    32
  3
DIM
100
AcDbAlignedDimension
 13
2859.020345648362
 23
1376.859325009683
 33
4.23900824854805
 14
2858.98399381147
 24
1378.342914222896
 34
4.23900824854805
 50
90.00000000010422
100
AcDbRotatedDimension
  0
MTEXT
  5
70C
330
1F
100
AcDbEntity
  8
0
  6
BYBLOCK
 62
     7
100
AcDbMText
 10
2857.497975095531
 20
1351.774179598668
 30
0.0
 40
0.24
 41
7.911175591688772
 71
     8
 72
     5
  1
{\T1.5;\LGROUND FLOOR PLAN}
  7
AN
1001
ACAD
1000
ACAD_MTEXT_DEFINED_HEIGHT_BEGIN
1070
    46
1040
0.5460931911316188
1000
ACAD_MTEXT_DEFINED_HEIGHT_END
  0
MTEXT
  5
70D
330
1F
100
AcDbEntity
  8
TEXT_
 62
     0
100
AcDbMText
 10
2847.820574884317
 20
1368.287341378065
 30
0.0
 40
0.1999999999999999
 41
0.920382832289531
 71
     5
 72
     5
  1
PORCH\P2.10X3.35\P7'0''X11'0''
  7
AN
 11
0.9999999998410581
 21
-1.782929240359396E-5
 31
0.0
1001
ACAD
1000
ACAD_MTEXT_DEFINED_HEIGHT_BEGIN
1070
    46
1040
1.133242382869585
1000
ACAD_MTEXT_DEFINED_HEIGHT_END
  0
MTEXT
  5
70E
330
1F
100
AcDbEntity
  8
TEXT_
 62
     0
100
AcDbMText
 10
2847.820574884323
 20
1365.271292764986
 30
0.0
 40
0.1999999999999999
 41
0.920382832289531
 71
     5
 72
     5
  1
PORCH\P2.10X3.35\P7'0''X11'0''
  7
AN
 11
0.9999999998410581
 21
-1.782929240359396E-5
 31
0.0
1001
ACAD
1000
ACAD_MTEXT_DEFINED_HEIGHT_BEGIN
1070
    46
1040
1.133242382869585
1000
ACAD_MTEXT_DEFINED_HEIGHT_END
  0
MTEXT
  5
70F
330
1F
100
AcDbEntity
  8
TEXT_
 62
     0
100
AcDbMText
 10
2847.820574884331
 20
1361.102063411714
 30
0.0
 40
0.1999999999999999
 41
0.920382832289531
 71
     5
 72
     5
  1
PORCH\P2.10X3.35\P7'0''X11'0''
  7
AN
 11
0.9999999998410581
 21
-1.782929240359396E-5
 31
0.0
1001
ACAD
1000
ACAD_MTEXT_DEFINED_HEIGHT_BEGIN
1070
    46
1040
1.133242382869585
1000
ACAD_MTEXT_DEFINED_HEIGHT_END
  0
MTEXT
  5
710
330
1F
100
AcDbEntity
  8
TEXT_
 62
     0
100
AcDbMText
 10
2847.820574884338
 20
1357.815813782174
 30
0.0
 40
0.1999999999999999
 41
0.920382832289531
 71
     5
 72
     5
  1
PORCH\P2.10X3.35\P7'0''X11'0''
  7
AN
 11
0.9999999998410581
 21
-1.782929240359396E-5
 31
0.0
1001
ACAD
1000
ACAD_MTEXT_DEFINED_HEIGHT_BEGIN
1070
    46
1040
1.133242382869585
1000
ACAD_MTEXT_DEFINED_HEIGHT_END
  0
MTEXT
  5
711
330
1F
100
AcDbEntity
  8
TEXT_
 62
     0
100
AcDbMText
 10
2847.820574884346
 20
1354.184087626048
 30
0.0
 40
0.1999999999999999
 41
0.920382832289531
 71
     5
 72
     5
  1
PORCH\P2.10X3.35\P7'0''X11'0''
  7
AN
 11
0.9999999998410581
 21
-1.782929240359396E-5
 31
0.0
1001
ACAD
1000
ACAD_MTEXT_DEFINED_HEIGHT_BEGIN
1070
    46
1040
1.133242382869585
1000
ACAD_MTEXT_DEFINED_HEIGHT_END
  0
MTEXT
  5
712
330
1F
100
AcDbEntity
  8
TEXT_
 62
     0
100
AcDbMText
 10
2855.209922865383
 20
1371.932242632878
 30
0.0
 40
0.1999999999999999
 41
1.020382832273659
 71
     5
 72
     5
  1
TOILET\P1.20X1.70\P4'0''X5'9''
  7
AN
 11
0.9999999998410581
 21
-1.782929240359396E-5
 31
0.0
1001
ACAD
1000
ACAD_MTEXT_DEFINED_HEIGHT_BEGIN
1070
    46
1040
1.133242382869585
1000
ACAD_MTEXT_DEFINED_HEIGHT_END
  0
LINE
  5
713
330
1F
100
AcDbEntity
  8
0
100
AcDbLine
 10
2853.570345648367
 20
1374.509325009671
 30
4.23900824854805
 11
2854.470345648368
 21
1373.609325009673
 31
4.23900824854805
  0
LINE
  5
714
330
1F
100
AcDbEntity
  8
0
100
AcDbLine
 10
2853.570345648371
 20
1372.559325009672
 30
4.23900824854805
 11
2854.470345648368
 21
1373.459325009673
 31
4.23900824854805
  0
LINE
  5
715
330
1F
100
AcDbEntity
  8
0
100
AcDbLine
 10
2854.570345648365
 20
1375.809325009674
 30
4.23900824854805
 11
2855.320345648365
 21
1375.809325009674
 31
4.23900824854805
  0
LINE
  5
716
330
1F
100
AcDbEntity
  8
0
100
AcDbLine
 10
2854.570345648374
 20
1371.009325009673
 30
4.23900824854805
 11
2855.320345648374
 21
1371.009325009675
 31
4.23900824854805
  0
MTEXT
  5
717
330
1F
100
AcDbEntity
  8
TEXT_
 62
     0
100
AcDbMText
 10
2857.192050734194
 20
1367.960480427534
 30
0.0
 40
0.1999999999999999
 41
0.920382832289531
 71
     5
 72
     5
  1
KITCHEN\P3.00X3.35\P10'0''X11'0''
  7
AN
 11
0.9999999998410581
 21
-1.782929240359396E-5
 31
0.0
1001
ACAD
1000
ACAD_MTEXT_DEFINED_HEIGHT_BEGIN
1070
    46
1040
1.133242382869585
1000
ACAD_MTEXT_DEFINED_HEIGHT_END
  0
MTEXT
  5
718
330
1F
100
AcDbEntity
  8
TEXT_
 62
     0
100
AcDbMText
 10
2857.1920507342
 20
1365.027716025798
 30
0.0
 40
0.1999999999999999
 41
0.920382832289531
 71
     5
 72
     5
  1
KITCHEN\P3.00X3.35\P10'0''X11'0''
  7
AN
 11
0.9999999998410581
 21
-1.782929240359396E-5
 31
0.0
1001
ACAD
1000
ACAD_MTEXT_DEFINED_HEIGHT_BEGIN
1070
    46
1040
1.133242382869585
1000
ACAD_MTEXT_DEFINED_HEIGHT_END
  0
MTEXT
  5
719
330
1F
100
AcDbEntity
  8
TEXT_
 62
     0
100
AcDbMText
 10
2851.672600289771
 20
1368.148380261458
 30
0.0
 40
0.1999999999999999
 41
0.920382832289531
 71
     5
 72
     5
  1
LIVING\P5.35X3.35\P17'6''X11'0''
  7
AN
 11
0.9999999998410581
 21
-1.782929240359396E-5
 31
0.0
1001
ACAD
1000
ACAD_MTEXT_DEFINED_HEIGHT_BEGIN
1070
    46
1040
1.133242382869585
1000
ACAD_MTEXT_DEFINED_HEIGHT_END
  0
LINE
  5
71A
330
1F
100
AcDbEntity
  8
0
100
AcDbLine
 10
2852.070345648385
 20
1365.559325009669
 30
4.23900824854805
 11
2854.470345648385
 21
1365.559325009674
 31
4.23900824854805
  0
MTEXT
  5
71B
330
1F
100
AcDbEntity
  8
TEXT_
 62
     0
100
AcDbMText
 10
2851.776204199637
 20
1364.961247535822
 30
0.0
 40
0.1999999999999999
 41
0.920382832289531
 71
     5
 72
     5
  1
LIVING\P5.35X3.35\P17'6''X11'0''
  7
AN
 11
0.9999999998410581
 21
-1.782929240359396E-5
 31
0.0
1001
ACAD
1000
ACAD_MTEXT_DEFINED_HEIGHT_BEGIN
1070
    46
1040
1.133242382869585
1000
ACAD_MTEXT_DEFINED_HEIGHT_END
  0
LINE
  5
71C
330
1F
100
AcDbEntity
  8
0
100
AcDbLine
 10
2853.320345648385
 20
1365.559325009672
 30
4.23900824854805
 11
2853.320345648383
 21
1366.459325009671
 31
4.23900824854805
  0
LINE
  5
71D
330
1F
100
AcDbEntity
  8
0
100
AcDbLine
 10
2853.070345648385
 20
1365.559325009671
 30
4.23900824854805
 11
2853.070345648383
 21
1366.45932500967
 31
4.23900824854805
  0
LINE
  5
71E
330
1F
100
AcDbEntity
  8
0
100
AcDbLine
 10
2852.820345648385
 20
1365.55932500967
 30
4.23900824854805
 11
2852.820345648383
 21
1366.45932500967
 31
4.23900824854805
  0
LINE
  5
71F
330
1F
100
AcDbEntity
  8
0
100
AcDbLine
 10
2852.570345648385
 20
1365.55932500967
 30
4.23900824854805
 11
2852.570345648383
 21
1366.45932500967
 31
4.23900824854805
  0
LINE
  5
720
330
1F
100
AcDbEntity
  8
0
100
AcDbLine
 10
2852.320345648385
 20
1365.559325009669
 30
4.23900824854805
 11
2852.320345648383
 21
1366.459325009669
 31
4.23900824854805
  0
LINE
  5
721
330
1F
100
AcDbEntity
  8
0
100
AcDbLine
 10
2852.070345648385
 20
1365.559325009668
 30
4.23900824854805
 11
2852.070345648383
 21
1366.459325009669
 31
4.23900824854805
  0
LINE
  5
722
330
1F
100
AcDbEntity
  8
0
100
AcDbLine
 10
2853.570345648385
 20
1365.559325009672
 30
4.23900824854805
 11
2854.470345648383
 21
1366.459325009673
 31
4.23900824854805
  0
LINE
  5
723
330
1F
100
AcDbEntity
  8
0
100
AcDbLine
 10
2854.570345648378
 20
1369.059325009674
 30
4.23900824854805
 11
2855.320345648378
 21
1369.059325009675
 31
4.23900824854805
  0
LINE
  5
724
330
1F
100
AcDbEntity
  8
0
100
AcDbLine
 10
2854.570345648389
 20
1364.009325009673
 30
4.23900824854805
 11
2855.320345648389
 21
1364.009325009674
 31
4.23900824854805
  0
MTEXT
  5
725
330
1F
100
AcDbEntity
  8
TEXT_
 62
     0
100
AcDbMText
 10
2855.189856534594
 20
1368.007994738893
 30
0.0
 40
0.1999999999999999
 41
1.020382832273659
 71
     5
 72
     5
  1
TOILET\P1.20X1.82\P4'0''X6'0''
  7
AN
 11
0.9999999998410581
 21
-1.782929240359396E-5
 31
0.0
1001
ACAD
1000
ACAD_MTEXT_DEFINED_HEIGHT_BEGIN
1070
    46
1040
1.133242382869585
1000
ACAD_MTEXT_DEFINED_HEIGHT_END
  0
LINE
  5
726
330
1F
100
AcDbEntity
  8
0
100
AcDbLine
 10
2852.070345648382
 20
1367.50932500967
 30
4.23900824854805
 11
2854.470345648381
 21
1367.509325009674
 31
4.23900824854805
  0
LINE
  5
727
330
1F
100
AcDbEntity
  8
0
100
AcDbLine
 10
2853.320345648382
 20
1367.509325009672
 30
4.23900824854805
 11
2853.320345648383
 21
1366.609325009672
 31
4.23900824854805
  0
LINE
  5
728
330
1F
100
AcDbEntity
  8
0
100
AcDbLine
 10
2853.070345648382
 20
1367.509325009672
 30
4.23900824854805
 11
2853.070345648383
 21
1366.609325009672
 31
4.23900824854805
  0
LINE
  5
729
330
1F
100
AcDbEntity
  8
0
100
AcDbLine
 10
2852.820345648382
 20
1367.509325009672
 30
4.23900824854805
 11
2852.820345648383
 21
1366.609325009671
 31
4.23900824854805
  0
LINE
  5
72A
330
1F
100
AcDbEntity
  8
0
100
AcDbLine
 10
2852.570345648382
 20
1367.509325009672
 30
4.23900824854805
 11
2852.570345648383
 21
1366.609325009671
 31
4.23900824854805
  0
LINE
  5
72B
330
1F
100
AcDbEntity
  8
0
100
AcDbLine
 10
2852.320345648382
 20
1367.509325009671
 30
4.23900824854805
 11
2852.320345648383
 21
1366.609325009671
 31
4.23900824854805
  0
LINE
  5
72C
330
1F
100
AcDbEntity
  8
0
100
AcDbLine
 10
2852.070345648382
 20
1367.509325009671
 30
4.23900824854805
 11
2852.070345648383
 21
1366.609325009671
 31
4.23900824854805
  0
LINE
  5
72D
330
1F
100
AcDbEntity
  8
0
100
AcDbLine
 10
2853.570345648382
 20
1367.509325009672
 30
4.23900824854805
 11
2854.470345648383
 21
1366.609325009674
 31
4.23900824854805
  0
LINE
  5
72E
330
1F
100
AcDbEntity
  8
0
100
AcDbLine
 10
2855.870345648403
 20
1357.009325009676
 30
4.239008248548048
 11
2855.870345648392
 21
1362.059325009676
 31
4.239008248548048
  0
LINE
  5
72F
330
1F
100
AcDbEntity
  8
0
100
AcDbLine
 10
2855.770345648402
 20
1357.109325009676
 30
4.239008248548048
 11
2855.770345648399
 21
1358.934325009676
 31
4.239008248548048
  0
LINE
  5
730
330
1F
100
AcDbEntity
  8
0
100
AcDbLine
 10
2855.770345648399
 20
1359.034325009677
 30
4.239008248548048
 11
2855.770345648397
 21
1360.034325009677
 31
4.239008248548048
  0
LINE
  5
731
330
1F
100
AcDbEntity
  8
0
100
AcDbLine
 10
2855.770345648396
 20
1360.134325009676
 30
4.239008248548048
 11
2855.770345648393
 21
1361.959325009676
 31
4.239008248548048
  0
LINE
  5
732
330
1F
100
AcDbEntity
  8
0
100
AcDbLine
 10
2854.570345648403
 20
1357.009325009673
 30
4.239008248548048
 11
2854.570345648398
 21
1358.934325009674
 31
4.239008248548048
  0
LINE
  5
733
330
1F
100
AcDbEntity
  8
0
100
AcDbLine
 10
2855.320345648403
 20
1357.009325009675
 30
4.239008248548048
 11
2855.320345648403
 21
1357.109325009676
 31
4.239008248548048
  0
LINE
  5
734
330
1F
100
AcDbEntity
  8
0
100
AcDbLine
 10
2854.570345648398
 20
1359.034325009674
 30
4.239008248548048
 11
2854.570345648396
 21
1360.034325009674
 31
4.239008248548048
  0
LINE
  5
735
330
1F
100
AcDbEntity
  8
0
100
AcDbLine
 10
2854.570345648396
 20
1360.134325009674
 30
4.239008248548048
 11
2854.570345648393
 21
1362.059325009674
 31
4.239008248548048
  0
LINE
  5
736
330
1F
100
AcDbEntity
  8
0
100
AcDbLine
 10
2855.320345648393
 20
1361.959325009675
 30
4.239008248548048
 11
2855.320345648393
 21
1362.059325009675
 31
4.239008248548048
  0
LINE
  5
737
330
1F
100
AcDbEntity
  8
0
100
AcDbLine
 10
2854.470345648402
 20
1357.009325009673
 30
4.239008248548048
 11
2854.470345648392
 21
1362.059325009674
 31
4.239008248548048
  0
LINE
  5
738
330
1F
100
AcDbEntity
  8
0
100
AcDbLine
 10
2854.470345648403
 20
1357.009325009673
 30
4.239008248548048
 11
2854.570345648403
 21
1357.009325009673
 31
4.239008248548048
  0
LINE
  5
739
330
1F
100
AcDbEntity
  8
0
100
AcDbLine
 10
2855.320345648403
 20
1357.009325009675
 30
4.239008248548048
 11
2855.870345648403
 21
1357.009325009676
 31
4.239008248548048
  0
LINE
  5
73A
330
1F
100
AcDbEntity
  8
0
100
AcDbLine
 10
2855.320345648403
 20
1357.109325009676
 30
4.239008248548048
 11
2855.770345648402
 21
1357.109325009676
 31
4.239008248548048
  0
LINE
  5
73B
330
1F
100
AcDbEntity
  8
0
100
AcDbLine
 10
2854.470345648392
 20
1362.059325009674
 30
4.239008248548048
 11
2854.570345648393
 21
1362.059325009674
 31
4.239008248548048
  0
LINE
  5
73C
330
1F
100
AcDbEntity
  8
0
100
AcDbLine
 10
2855.320345648393
 20
1362.059325009675
 30
4.239008248548048
 11
2855.870345648392
 21
1362.059325009676
 31
4.239008248548048
  0
LINE
  5
73D
330
1F
100
AcDbEntity
  8
0
100
AcDbLine
 10
2855.320345648393
 20
1361.959325009675
 30
4.239008248548048
 11
2855.770345648393
 21
1361.959325009676
 31
4.239008248548048
  0
LINE
  5
73E
330
1F
100
AcDbEntity
  8
0
100
AcDbLine
 10
2854.570345648398
 20
1359.034325009674
 30
4.239008248548048
 11
2855.770345648399
 21
1359.034325009677
 31
4.239008248548048
  0
LINE
  5
73F
330
1F
100
AcDbEntity
  8
0
100
AcDbLine
 10
2854.570345648399
 20
1358.934325009674
 30
4.239008248548048
 11
2855.770345648399
 21
1358.934325009676
 31
4.239008248548048
  0
LINE
  5
740
330
1F
100
AcDbEntity
  8
0
100
AcDbLine
 10
2854.570345648396
 20
1360.034325009674
 30
4.239008248548048
 11
2855.770345648397
 21
1360.034325009677
 31
4.239008248548048
  0
LINE
  5
741
330
1F
100
AcDbEntity
  8
0
100
AcDbLine
 10
2854.570345648396
 20
1360.134325009674
 30
4.239008248548048
 11
2855.770345648397
 21
1360.134325009676
 31
4.239008248548048
  0
LINE
  5
742
330
1F
100
AcDbEntity
  8
0
100
AcDbLine
 10
2854.570345648396
 20
1360.034325009674
 30
4.239008248548048
 11
2855.770345648399
 21
1359.034325009677
 31
4.239008248548048
  0
LINE
  5
743
330
1F
100
AcDbEntity
  8
0
100
AcDbLine
 10
2854.570345648398
 20
1359.034325009674
 30
4.239008248548048
 11
2855.770345648397
 21
1360.034325009677
 31
4.239008248548048
  0
MTEXT
  5
744
330
1F
100
AcDbEntity
  8
TEXT_
 62
     0
100
AcDbMText
 10
2855.189856534614
 20
1358.091073222805
 30
-0.0000000000000018
 40
0.1999999999999999
 41
1.020382832273659
 71
     5
 72
     5
  1
TOILET\P1.20X1.82\P4'0''X6'0''
  7
AN
 11
0.9999999998410581
 21
-1.782929240359396E-5
 31
0.0
1001
ACAD
1000
ACAD_MTEXT_DEFINED_HEIGHT_BEGIN
1070
    46
1040
1.133242382869585
1000
ACAD_MTEXT_DEFINED_HEIGHT_END
  0
LINE
  5
745
330
1F
100
AcDbEntity
  8
0
100
AcDbLine
 10
2853.5703456484
 20
1358.559325009672
 30
4.239008248548048
 11
2853.570345648403
 21
1357.059325009672
 31
4.239008248548048
  0
LINE
  5
746
330
1F
100
AcDbEntity
  8
0
100
AcDbLine
 10
2853.5703456484
 20
1358.559325009672
 30
4.239008248548048
 11
2854.470345648399
 21
1358.559325009674
 31
4.239008248548048
  0
LINE
  5
747
330
1F
100
AcDbEntity
  8
0
100
AcDbLine
 10
2853.5703456484
 20
1358.309325009672
 30
4.239008248548048
 11
2854.470345648399
 21
1358.309325009674
 31
4.239008248548048
  0
LINE
  5
748
330
1F
100
AcDbEntity
  8
0
100
AcDbLine
 10
2853.570345648401
 20
1358.059325009672
 30
4.239008248548048
 11
2854.4703456484
 21
1358.059325009674
 31
4.239008248548048
  0
LINE
  5
749
330
1F
100
AcDbEntity
  8
0
100
AcDbLine
 10
2853.570345648402
 20
1357.809325009672
 30
4.239008248548048
 11
2854.470345648401
 21
1357.809325009674
 31
4.239008248548048
  0
LINE
  5
74A
330
1F
100
AcDbEntity
  8
0
100
AcDbLine
 10
2853.570345648402
 20
1357.559325009672
 30
4.239008248548048
 11
2854.470345648401
 21
1357.559325009674
 31
4.239008248548048
  0
LINE
  5
74B
330
1F
100
AcDbEntity
  8
0
100
AcDbLine
 10
2853.570345648402
 20
1357.309325009672
 30
4.239008248548048
 11
2854.470345648402
 21
1357.309325009674
 31
4.239008248548048
  0
LINE
  5
74C
330
1F
100
AcDbEntity
  8
0
100
AcDbLine
 10
2853.570345648403
 20
1357.059325009672
 30
4.239008248548048
 11
2854.470345648403
 21
1357.059325009674
 31
4.239008248548048
  0
LINE
  5
74D
330
1F
100
AcDbEntity
  8
0
100
AcDbLine
 10
2853.5703456484
 20
1358.559325009672
 30
4.239008248548048
 11
2853.570345648398
 21
1359.459325009672
 31
4.239008248548048
  0
LINE
  5
74E
330
1F
100
AcDbEntity
  8
0
100
AcDbLine
 10
2853.570345648396
 20
1360.509325009672
 30
4.239008248548048
 11
2853.570345648393
 21
1362.009325009672
 31
4.239008248548048
  0
LINE
  5
74F
330
1F
100
AcDbEntity
  8
0
100
AcDbLine
 10
2853.570345648396
 20
1360.509325009672
 30
4.239008248548048
 11
2854.470345648396
 21
1360.509325009673
 31
4.239008248548048
  0
LINE
  5
750
330
1F
100
AcDbEntity
  8
0
100
AcDbLine
 10
2853.570345648395
 20
1360.759325009672
 30
4.239008248548048
 11
2854.470345648395
 21
1360.759325009673
 31
4.239008248548048
  0
LINE
  5
751
330
1F
100
AcDbEntity
  8
0
100
AcDbLine
 10
2853.570345648394
 20
1361.009325009672
 30
4.239008248548048
 11
2854.470345648394
 21
1361.009325009673
 31
4.239008248548048
  0
LINE
  5
752
330
1F
100
AcDbEntity
  8
0
100
AcDbLine
 10
2853.570345648394
 20
1361.259325009672
 30
4.239008248548048
 11
2854.470345648394
 21
1361.259325009673
 31
4.239008248548048
  0
LINE
  5
753
330
1F
100
AcDbEntity
  8
0
100
AcDbLine
 10
2853.570345648393
 20
1361.509325009672
 30
4.239008248548048
 11
2854.470345648394
 21
1361.509325009673
 31
4.239008248548048
  0
LINE
  5
754
330
1F
100
AcDbEntity
  8
0
100
AcDbLine
 10
2853.570345648393
 20
1361.759325009672
 30
4.239008248548048
 11
2854.470345648393
 21
1361.759325009673
 31
4.239008248548048
  0
LINE
  5
755
330
1F
100
AcDbEntity
  8
0
100
AcDbLine
 10
2853.570345648393
 20
1362.009325009672
 30
4.239008248548048
 11
2854.470345648392
 21
1362.009325009673
 31
4.239008248548048
  0
LINE
  5
756
330
1F
100
AcDbEntity
  8
0
100
AcDbLine
 10
2853.570345648396
 20
1360.509325009672
 30
4.239008248548048
 11
2853.570345648397
 21
1359.609325009672
 31
4.239008248548048
  0
MTEXT
  5
757
330
1F
100
AcDbEntity
  8
TEXT_
 62
     0
100
AcDbMText
 10
2857.192050734208
 20
1360.960480427534
 30
-0.0000000000000018
 40
0.1999999999999999
 41
0.920382832289531
 71
     5
 72
     5
  1
KITCHEN\P3.00X3.35\P10'0''X11'0''
  7
AN
 11
0.9999999998410581
 21
-1.782929240359396E-5
 31
0.0
1001
ACAD
1000
ACAD_MTEXT_DEFINED_HEIGHT_BEGIN
1070
    46
1040
1.133242382869585
1000
ACAD_MTEXT_DEFINED_HEIGHT_END
  0
MTEXT
  5
758
330
1F
100
AcDbEntity
  8
TEXT_
 62
     0
100
AcDbMText
 10
2857.192050734214
 20
1358.027716025799
 30
-0.0000000000000018
 40
0.1999999999999999
 41
0.920382832289531
 71
     5
 72
     5
  1
KITCHEN\P3.00X3.35\P10'0''X11'0''
  7
AN
 11
0.9999999998410581
 21
-1.782929240359396E-5
 31
0.0
1001
ACAD
1000
ACAD_MTEXT_DEFINED_HEIGHT_BEGIN
1070
    46
1040
1.133242382869585
1000
ACAD_MTEXT_DEFINED_HEIGHT_END
  0
MTEXT
  5
759
330
1F
100
AcDbEntity
  8
TEXT_
 62
     0
100
AcDbMText
 10
2851.672600289786
 20
1361.148380261458
 30
-0.0000000000000018
 40
0.1999999999999999
 41
0.920382832289531
 71
     5
 72
     5
  1
LIVING\P5.35X3.35\P17'6''X11'0''
  7
AN
 11
0.9999999998410581
 21
-1.782929240359396E-5
 31
0.0
1001
ACAD
1000
ACAD_MTEXT_DEFINED_HEIGHT_BEGIN
1070
    46
1040
1.133242382869585
1000
ACAD_MTEXT_DEFINED_HEIGHT_END
  0
LINE
  5
75A
330
1F
100
AcDbEntity
  8
0
100
AcDbLine
 10
2852.0703456484
 20
1358.559325009669
 30
4.239008248548048
 11
2854.470345648399
 21
1358.559325009674
 31
4.239008248548048
  0
MTEXT
  5
75B
330
1F
100
AcDbEntity
  8
TEXT_
 62
     0
100
AcDbMText
 10
2851.776204199651
 20
1357.961247535822
 30
-0.0000000000000018
 40
0.1999999999999999
 41
0.920382832289531
 71
     5
 72
     5
  1
LIVING\P5.35X3.35\P17'6''X11'0''
  7
AN
 11
0.9999999998410581
 21
-1.782929240359396E-5
 31
0.0
1001
ACAD
1000
ACAD_MTEXT_DEFINED_HEIGHT_BEGIN
1070
    46
1040
1.133242382869585
1000
ACAD_MTEXT_DEFINED_HEIGHT_END
  0
LINE
  5
75C
330
1F
100
AcDbEntity
  8
0
100
AcDbLine
 10
2853.3203456484
 20
1358.559325009672
 30
4.239008248548048
 11
2853.320345648398
 21
1359.459325009671
 31
4.239008248548048
  0
LINE
  5
75D
330
1F
100
AcDbEntity
  8
0
100
AcDbLine
 10
2853.0703456484
 20
1358.559325009671
 30
4.239008248548048
 11
2853.070345648398
 21
1359.459325009671
 31
4.239008248548048
  0
LINE
  5
75E
330
1F
100
AcDbEntity
  8
0
100
AcDbLine
 10
2852.8203456484
 20
1358.55932500967
 30
4.239008248548048
 11
2852.820345648398
 21
1359.45932500967
 31
4.239008248548048
  0
LINE
  5
75F
330
1F
100
AcDbEntity
  8
0
100
AcDbLine
 10
2852.5703456484
 20
1358.55932500967
 30
4.239008248548048
 11
2852.570345648398
 21
1359.45932500967
 31
4.239008248548048
  0
LINE
  5
760
330
1F
100
AcDbEntity
  8
0
100
AcDbLine
 10
2852.3203456484
 20
1358.559325009669
 30
4.239008248548048
 11
2852.320345648398
 21
1359.459325009669
 31
4.239008248548048
  0
LINE
  5
761
330
1F
100
AcDbEntity
  8
0
100
AcDbLine
 10
2852.0703456484
 20
1358.559325009668
 30
4.239008248548048
 11
2852.070345648398
 21
1359.459325009669
 31
4.239008248548048
  0
LINE
  5
762
330
1F
100
AcDbEntity
  8
0
100
AcDbLine
 10
2853.5703456484
 20
1358.559325009672
 30
4.239008248548048
 11
2854.470345648398
 21
1359.459325009674
 31
4.239008248548048
  0
LINE
  5
763
330
1F
100
AcDbEntity
  8
0
100
AcDbLine
 10
2854.570345648393
 20
1362.059325009674
 30
4.239008248548048
 11
2855.320345648393
 21
1362.059325009675
 31
4.239008248548048
  0
LINE
  5
764
330
1F
100
AcDbEntity
  8
0
100
AcDbLine
 10
2854.570345648403
 20
1357.009325009673
 30
4.239008248548048
 11
2855.320345648403
 21
1357.009325009674
 31
4.239008248548048
  0
MTEXT
  5
765
330
1F
100
AcDbEntity
  8
TEXT_
 62
     0
100
AcDbMText
 10
2855.189856534608
 20
1361.007994738893
 30
-0.0000000000000018
 40
0.1999999999999999
 41
1.020382832273659
 71
     5
 72
     5
  1
TOILET\P1.20X1.82\P4'0''X6'0''
  7
AN
 11
0.9999999998410581
 21
-1.782929240359396E-5
 31
0.0
1001
ACAD
1000
ACAD_MTEXT_DEFINED_HEIGHT_BEGIN
1070
    46
1040
1.133242382869585
1000
ACAD_MTEXT_DEFINED_HEIGHT_END
  0
LINE
  5
766
330
1F
100
AcDbEntity
  8
0
100
AcDbLine
 10
2852.070345648396
 20
1360.509325009671
 30
4.239008248548048
 11
2854.470345648396
 21
1360.509325009674
 31
4.239008248548048
  0
LINE
  5
767
330
1F
100
AcDbEntity
  8
0
100
AcDbLine
 10
2853.320345648396
 20
1360.509325009672
 30
4.239008248548048
 11
2853.320345648397
 21
1359.609325009672
 31
4.239008248548048
  0
LINE
  5
768
330
1F
100
AcDbEntity
  8
0
100
AcDbLine
 10
2853.070345648396
 20
1360.509325009672
 30
4.239008248548048
 11
2853.070345648397
 21
1359.609325009672
 31
4.239008248548048
  0
LINE
  5
769
330
1F
100
AcDbEntity
  8
0
100
AcDbLine
 10
2852.820345648396
 20
1360.509325009672
 30
4.239008248548048
 11
2852.820345648397
 21
1359.609325009672
 31
4.239008248548048
  0
LINE
  5
76A
330
1F
100
AcDbEntity
  8
0
100
AcDbLine
 10
2852.570345648396
 20
1360.509325009672
 30
4.239008248548048
 11
2852.570345648397
 21
1359.609325009671
 31
4.239008248548048
  0
LINE
  5
76B
330
1F
100
AcDbEntity
  8
0
100
AcDbLine
 10
2852.320345648396
 20
1360.509325009671
 30
4.239008248548048
 11
2852.320345648397
 21
1359.609325009671
 31
4.239008248548048
  0
LINE
  5
76C
330
1F
100
AcDbEntity
  8
0
100
AcDbLine
 10
2852.070345648396
 20
1360.509325009671
 30
4.239008248548048
 11
2852.070345648397
 21
1359.609325009671
 31
4.239008248548048
  0
LINE
  5
76D
330
1F
100
AcDbEntity
  8
0
100
AcDbLine
 10
2853.570345648396
 20
1360.509325009672
 30
4.239008248548048
 11
2854.470345648398
 21
1359.609325009674
 31
4.239008248548048
  0
LINE
  5
76E
330
1F
100
AcDbEntity
  8
0
100
AcDbLine
 10
2852.07034564841
 20
1353.759325009671
 30
4.23900824854805
 11
2854.470345648409
 21
1353.759325009674
 31
4.23900824854805
  0
LINE
  5
76F
330
1F
100
AcDbEntity
  8
0
100
AcDbLine
 10
2853.32034564841
 20
1353.759325009672
 30
4.23900824854805
 11
2853.320345648411
 21
1352.859325009673
 31
4.23900824854805
  0
LINE
  5
770
330
1F
100
AcDbEntity
  8
0
100
AcDbLine
 10
2853.07034564841
 20
1353.759325009672
 30
4.23900824854805
 11
2853.070345648411
 21
1352.859325009672
 31
4.23900824854805
  0
LINE
  5
771
330
1F
100
AcDbEntity
  8
0
100
AcDbLine
 10
2852.82034564841
 20
1353.759325009672
 30
4.23900824854805
 11
2852.820345648411
 21
1352.859325009672
 31
4.23900824854805
  0
LINE
  5
772
330
1F
100
AcDbEntity
  8
0
100
AcDbLine
 10
2852.57034564841
 20
1353.759325009671
 30
4.23900824854805
 11
2852.570345648411
 21
1352.859325009671
 31
4.23900824854805
  0
LINE
  5
773
330
1F
100
AcDbEntity
  8
0
100
AcDbLine
 10
2852.32034564841
 20
1353.759325009671
 30
4.23900824854805
 11
2852.320345648411
 21
1352.859325009671
 31
4.23900824854805
  0
LINE
  5
774
330
1F
100
AcDbEntity
  8
0
100
AcDbLine
 10
2852.07034564841
 20
1353.759325009671
 30
4.23900824854805
 11
2852.070345648411
 21
1352.85932500967
 31
4.23900824854805
  0
LINE
  5
775
330
1F
100
AcDbEntity
  8
0
100
AcDbLine
 10
2853.57034564841
 20
1353.759325009673
 30
4.23900824854805
 11
2854.470345648411
 21
1352.859325009675
 31
4.23900824854805
  0
HATCH
  5
776
330
1F
100
AcDbEntity
  8
0
 62
     1
100
AcDbHatch
 10
0.0
 20
0.0
 30
4.23900824854805
210
0.0
220
0.0
230
1.0
  2
ANSI31
 70
     0
 71
     1
 91
        1
 92
        7
 72
     0
 73
     1
 93
        4
 10
2864.804973554786
 20
1350.459325009694
 10
2865.554973554786
 20
1350.459325009696
 10
2865.554973554727
 20
1379.969702368187
 10
2864.804973554727
 20
1380.059325009694
 97
        4
330
7B9
330
7A9
330
777
330
7AA
 75
     1
 76
     1
 52
0.0000000001158005
 41
0.05
 77
     0
 78
     1
 53
45.00000000011579
 43
2264.089331339923
 44
433.2716605250898
 45
-0.1122532015135913
 46
0.1122532015131376
 79
     0
 47
0.064006835313022
 98
        1
 10
2865.108370834071
 20
1354.4346512743
1001
GRADIENTCOLOR1ACI
1070
     5
1001
GRADIENTCOLOR2ACI
1070
     2
1001
ACAD
1010
0.0
1020
0.0
1030
0.0
  0
LINE
  5
777
102
{ACAD_REACTORS
330
776
102
}
330
1F
100
AcDbEntity
  8
0
100
AcDbLine
 10
2864.804973554786
 20
1350.459325009694
 30
4.23900824854805
 11
2880.704973554786
 21
1350.459325009727
 31
4.23900824854805
  0
LINE
  5
778
330
1F
100
AcDbEntity
  8
0
100
AcDbLine
 10
2869.154973554781
 20
1352.709325009703
 30
4.23900824854805
 11
2879.204973554782
 21
1352.709325009723
 31
4.23900824854805
  0
LINE
  5
779
330
1F
100
AcDbEntity
  8
0
100
AcDbLine
 10
2869.304973554782
 20
1352.859325009704
 30
4.23900824854805
 11
2874.654973554781
 21
1352.859325009715
 31
4.23900824854805
  0
LINE
  5
77A
330
1F
100
AcDbEntity
  8
0
100
AcDbLine
 10
2874.754973554781
 20
1352.859325009715
 30
4.23900824854805
 11
2875.954973554782
 21
1352.859325009716
 31
4.23900824854805
  0
LINE
  5
77B
330
1F
100
AcDbEntity
  8
0
100
AcDbLine
 10
2876.054973554782
 20
1352.859325009717
 30
4.23900824854805
 11
2879.054973554781
 21
1352.859325009723
 31
4.23900824854805
  0
LINE
  5
77C
330
1F
100
AcDbEntity
  8
0
100
AcDbLine
 10
2869.154973554775
 20
1356.109325009703
 30
4.23900824854805
 11
2879.054973554775
 21
1356.109325009723
 31
4.23900824854805
  0
LINE
  5
77D
330
1F
100
AcDbEntity
  8
0
100
AcDbLine
 10
2869.154973554773
 20
1357.009325009703
 30
4.23900824854805
 11
2869.304973554773
 21
1357.009325009703
 31
4.23900824854805
  0
LINE
  5
77E
330
1F
100
AcDbEntity
  8
0
100
AcDbLine
 10
2869.154973554775
 20
1355.959325009703
 30
4.23900824854805
 11
2879.054973554775
 21
1355.959325009723
 31
4.23900824854805
  0
LINE
  5
77F
330
1F
100
AcDbEntity
  8
0
100
AcDbLine
 10
2869.154973554777
 20
1355.059325009704
 30
4.23900824854805
 11
2869.304973554777
 21
1355.059325009704
 31
4.23900824854805
  0
LINE
  5
780
330
1F
100
AcDbEntity
  8
0
100
AcDbLine
 10
2874.654973554777
 20
1355.059325009714
 30
4.23900824854805
 11
2874.754973554777
 21
1355.059325009714
 31
4.23900824854805
  0
LINE
  5
781
330
1F
100
AcDbEntity
  8
0
100
AcDbLine
 10
2875.504973554777
 20
1355.059325009716
 30
4.23900824854805
 11
2876.054973554777
 21
1355.059325009717
 31
4.23900824854805
  0
LINE
  5
782
330
1F
100
AcDbEntity
  8
0
100
AcDbLine
 10
2874.654973554777
 20
1354.959325009714
 30
4.23900824854805
 11
2874.754973554777
 21
1354.959325009715
 31
4.23900824854805
  0
LINE
  5
783
330
1F
100
AcDbEntity
  8
0
100
AcDbLine
 10
2875.504973554777
 20
1354.959325009716
 30
4.23900824854805
 11
2875.954973554777
 21
1354.959325009717
 31
4.23900824854805
  0
LINE
  5
784
330
1F
100
AcDbEntity
  8
0
100
AcDbLine
 10
2880.704973554786
 20
1350.459325009727
 30
4.23900824854805
 11
2880.704973554731
 21
1378.159325009727
 31
4.23900824854805
  0
LINE
  5
785
330
1F
100
AcDbEntity
  8
0
100
AcDbLine
 10
2879.204973554782
 20
1352.709325009723
 30
4.23900824854805
 11
2879.204973554733
 21
1376.859325009724
 31
4.23900824854805
  0
LINE
  5
786
330
1F
100
AcDbEntity
  8
0
100
AcDbLine
 10
2879.054973554781
 20
1352.859325009723
 30
4.23900824854805
 11
2879.054973554775
 21
1355.959325009723
 31
4.23900824854805
  0
LINE
  5
787
330
1F
100
AcDbEntity
  8
0
100
AcDbLine
 10
2879.054973554775
 20
1356.109325009723
 30
4.23900824854805
 11
2879.054973554767
 21
1359.459325009723
 31
4.23900824854805
  0
LINE
  5
788
330
1F
100
AcDbEntity
  8
0
100
AcDbLine
 10
2879.054973554767
 20
1359.609325009723
 30
4.23900824854805
 11
2879.05497355476
 21
1362.959325009723
 31
4.23900824854805
  0
LINE
  5
789
330
1F
100
AcDbEntity
  8
0
100
AcDbLine
 10
2879.05497355476
 20
1363.109325009723
 30
4.23900824854805
 11
2879.054973554753
 21
1366.459325009723
 31
4.23900824854805
  0
LINE
  5
78A
330
1F
100
AcDbEntity
  8
0
100
AcDbLine
 10
2879.054973554753
 20
1366.609325009723
 30
4.23900824854805
 11
2879.054973554746
 21
1369.959325009723
 31
4.23900824854805
  0
LINE
  5
78B
330
1F
100
AcDbEntity
  8
0
100
AcDbLine
 10
2879.054973554746
 20
1370.109325009723
 30
4.23900824854805
 11
2879.054973554738
 21
1373.459325009723
 31
4.23900824854805
  0
LINE
  5
78C
330
1F
100
AcDbEntity
  8
0
100
AcDbLine
 10
2879.054973554739
 20
1373.609325009723
 30
4.23900824854805
 11
2879.054973554733
 21
1376.709325009723
 31
4.23900824854805
  0
LINE
  5
78D
330
1F
100
AcDbEntity
  8
0
100
AcDbLine
 10
2876.054973554781
 20
1352.859325009717
 30
4.23900824854805
 11
2876.054973554777
 21
1355.059325009717
 31
4.23900824854805
  0
LINE
  5
78E
330
1F
100
AcDbEntity
  8
0
100
AcDbLine
 10
2876.054973554758
 20
1364.009325009717
 30
4.23900824854805
 11
2876.054973554748
 21
1369.059325009717
 31
4.23900824854805
  0
LINE
  5
78F
330
1F
100
AcDbEntity
  8
0
100
AcDbLine
 10
2876.054973554745
 20
1371.009325009717
 30
4.23900824854805
 11
2876.054973554735
 21
1375.809325009717
 31
4.23900824854805
  0
LINE
  5
790
330
1F
100
AcDbEntity
  8
0
100
AcDbLine
 10
2875.954973554782
 20
1352.859325009717
 30
4.23900824854805
 11
2875.954973554777
 21
1354.959325009717
 31
4.23900824854805
  0
LINE
  5
791
330
1F
100
AcDbEntity
  8
0
100
AcDbLine
 10
2875.954973554759
 20
1364.109325009716
 30
4.23900824854805
 11
2875.954973554754
 21
1365.934325009717
 31
4.23900824854805
  0
LINE
  5
792
330
1F
100
AcDbEntity
  8
0
100
AcDbLine
 10
2875.954973554754
 20
1366.034325009717
 30
4.23900824854805
 11
2875.954973554753
 21
1367.034325009717
 31
4.23900824854805
  0
LINE
  5
793
330
1F
100
AcDbEntity
  8
0
100
AcDbLine
 10
2875.954973554753
 20
1367.134325009717
 30
4.23900824854805
 11
2875.954973554749
 21
1368.959325009717
 31
4.23900824854805
  0
LINE
  5
794
330
1F
100
AcDbEntity
  8
0
100
AcDbLine
 10
2875.954973554744
 20
1371.109325009716
 30
4.23900824854805
 11
2875.954973554742
 21
1372.809325009717
 31
4.23900824854805
  0
LINE
  5
795
330
1F
100
AcDbEntity
  8
0
100
AcDbLine
 10
2875.954973554741
 20
1372.909325009717
 30
4.23900824854805
 11
2875.954973554739
 21
1373.909325009717
 31
4.23900824854805
  0
LINE
  5
796
330
1F
100
AcDbEntity
  8
0
100
AcDbLine
 10
2875.954973554739
 20
1374.009325009717
 30
4.23900824854805
 11
2875.954973554735
 21
1375.709325009717
 31
4.23900824854805
  0
LINE
  5
797
330
1F
100
AcDbEntity
  8
0
100
AcDbLine
 10
2874.754973554781
 20
1352.859325009715
 30
4.23900824854805
 11
2874.754973554777
 21
1355.059325009714
 31
4.23900824854805
  0
LINE
  5
798
330
1F
100
AcDbEntity
  8
0
100
AcDbLine
 10
2875.504973554777
 20
1354.959325009716
 30
4.23900824854805
 11
2875.504973554777
 21
1355.059325009716
 31
4.23900824854805
  0
LINE
  5
799
330
1F
100
AcDbEntity
  8
0
100
AcDbLine
 10
2874.754973554759
 20
1364.009325009714
 30
4.23900824854805
 11
2874.754973554755
 21
1365.934325009714
 31
4.23900824854805
  0
LINE
  5
79A
330
1F
100
AcDbEntity
  8
0
100
AcDbLine
 10
2875.504973554759
 20
1364.009325009716
 30
4.23900824854805
 11
2875.504973554759
 21
1364.109325009716
 31
4.23900824854805
  0
LINE
  5
79B
330
1F
100
AcDbEntity
  8
0
100
AcDbLine
 10
2874.754973554755
 20
1366.034325009715
 30
4.23900824854805
 11
2874.754973554753
 21
1367.034325009715
 31
4.23900824854805
  0
LINE
  5
79C
330
1F
100
AcDbEntity
  8
0
100
AcDbLine
 10
2874.754973554752
 20
1367.134325009714
 30
4.23900824854805
 11
2874.754973554748
 21
1369.059325009714
 31
4.23900824854805
  0
LINE
  5
79D
330
1F
100
AcDbEntity
  8
0
100
AcDbLine
 10
2875.504973554749
 20
1368.959325009716
 30
4.23900824854805
 11
2875.504973554748
 21
1369.059325009716
 31
4.23900824854805
  0
LINE
  5
79E
330
1F
100
AcDbEntity
  8
0
100
AcDbLine
 10
2874.754973554745
 20
1371.009325009714
 30
4.23900824854805
 11
2874.754973554741
 21
1372.809325009714
 31
4.23900824854805
  0
LINE
  5
79F
330
1F
100
AcDbEntity
  8
0
100
AcDbLine
 10
2875.504973554745
 20
1371.009325009716
 30
4.23900824854805
 11
2875.504973554745
 21
1371.109325009716
 31
4.23900824854805
  0
LINE
  5
7A0
330
1F
100
AcDbEntity
  8
0
100
AcDbLine
 10
2874.754973554741
 20
1372.909325009714
 30
4.23900824854805
 11
2874.754973554739
 21
1373.909325009714
 31
4.23900824854805
  0
LINE
  5
7A1
330
1F
100
AcDbEntity
  8
0
100
AcDbLine
 10
2874.754973554739
 20
1374.009325009714
 30
4.23900824854805
 11
2874.754973554735
 21
1375.809325009714
 31
4.23900824854805
  0
LINE
  5
7A2
330
1F
100
AcDbEntity
  8
0
100
AcDbLine
 10
2875.504973554735
 20
1375.709325009715
 30
4.23900824854805
 11
2875.504973554735
 21
1375.809325009715
 31
4.23900824854805
  0
LINE
  5
7A3
330
1F
100
AcDbEntity
  8
0
100
AcDbLine
 10
2874.654973554781
 20
1352.859325009715
 30
4.23900824854805
 11
2874.654973554777
 21
1355.059325009714
 31
4.23900824854805
  0
LINE
  5
7A4
330
1F
100
AcDbEntity
  8
0
100
AcDbLine
 10
2874.654973554759
 20
1364.009325009714
 30
4.23900824854805
 11
2874.654973554748
 21
1369.059325009714
 31
4.23900824854805
  0
LINE
  5
7A5
330
1F
100
AcDbEntity
  8
0
100
AcDbLine
 10
2874.654973554744
 20
1371.009325009714
 30
4.23900824854805
 11
2874.654973554741
 21
1372.809325009714
 31
4.23900824854805
  0
LINE
  5
7A6
330
1F
100
AcDbEntity
  8
0
100
AcDbLine
 10
2874.654973554741
 20
1372.809325009714
 30
4.23900824854805
 11
2874.654973554739
 21
1374.009325009714
 31
4.23900824854805
  0
LINE
  5
7A7
330
1F
100
AcDbEntity
  8
0
100
AcDbLine
 10
2874.654973554739
 20
1374.009325009714
 30
4.23900824854805
 11
2874.654973554735
 21
1375.809325009714
 31
4.23900824854805
  0
LINE
  5
7A8
330
1F
100
AcDbEntity
  8
0
100
AcDbLine
 10
2873.754973554737
 20
1374.509325009712
 30
4.23900824854805
 11
2873.754973554735
 21
1375.759325009712
 31
4.23900824854805
  0
LINE
  5
7A9
102
{ACAD_REACTORS
330
776
102
}
330
1F
100
AcDbEntity
  8
0
100
AcDbLine
 10
2864.804973554786
 20
1350.459325009694
 30
4.23900824854805
 11
2864.804973554727
 21
1380.059325009694
 31
4.23900824854805
  0
LINE
  5
7AA
102
{ACAD_REACTORS
330
776
330
845
330
848
102
}
330
1F
100
AcDbEntity
  8
0
100
AcDbLine
 10
2865.554973554786
 20
1350.459325009696
 30
4.23900824854805
 11
2865.554973554727
 21
1380.059325009695
 31
4.23900824854805
  0
LINE
  5
7AB
330
1F
100
AcDbEntity
  8
0
100
AcDbLine
 10
2869.304973554782
 20
1352.859325009704
 30
4.23900824854805
 11
2869.304973554777
 21
1355.059325009704
 31
4.23900824854805
  0
LINE
  5
7AC
330
1F
100
AcDbEntity
  8
0
100
AcDbLine
 10
2869.304973554773
 20
1357.009325009703
 30
4.23900824854805
 11
2869.304973554763
 21
1362.059325009704
 31
4.23900824854805
  0
LINE
  5
7AD
330
1F
100
AcDbEntity
  8
0
100
AcDbLine
 10
2869.154973554761
 20
1362.959325009703
 30
4.23900824854805
 11
2869.154973554761
 21
1363.109325009703
 31
4.23900824854805
  0
LINE
  5
7AE
330
1F
100
AcDbEntity
  8
0
100
AcDbLine
 10
2869.304973554758
 20
1364.009325009703
 30
4.23900824854805
 11
2869.304973554755
 21
1366.459325009703
 31
4.23900824854805
  0
LINE
  5
7AF
330
1F
100
AcDbEntity
  8
0
100
AcDbLine
 10
2869.304973554754
 20
1366.609325009703
 30
4.23900824854805
 11
2869.304973554749
 21
1369.059325009704
 31
4.23900824854805
  0
LINE
  5
7B0
330
1F
100
AcDbEntity
  8
0
100
AcDbLine
 10
2869.304973554745
 20
1371.009325009703
 30
4.23900824854805
 11
2869.30497355474
 21
1373.459325009703
 31
4.23900824854805
  0
LINE
  5
7B1
330
1F
100
AcDbEntity
  8
0
100
AcDbLine
 10
2869.30497355474
 20
1373.609325009703
 30
4.23900824854805
 11
2869.304973554735
 21
1375.809325009704
 31
4.23900824854805
  0
LINE
  5
7B2
330
1F
100
AcDbEntity
  8
0
100
AcDbLine
 10
2869.154973554781
 20
1352.709325009703
 30
4.23900824854805
 11
2869.154973554777
 21
1355.059325009704
 31
4.23900824854805
  0
LINE
  5
7B3
330
1F
100
AcDbEntity
  8
0
100
AcDbLine
 10
2869.154973554775
 20
1355.959325009703
 30
4.23900824854805
 11
2869.154973554775
 21
1356.109325009703
 31
4.23900824854805
  0
LINE
  5
7B4
330
1F
100
AcDbEntity
  8
0
100
AcDbLine
 10
2869.154973554773
 20
1357.009325009702
 30
4.23900824854805
 11
2869.154973554762
 21
1362.059325009703
 31
4.23900824854805
  0
LINE
  5
7B5
330
1F
100
AcDbEntity
  8
0
100
AcDbLine
 10
2869.154973554759
 20
1364.009325009703
 30
4.23900824854805
 11
2869.154973554749
 21
1369.059325009703
 31
4.23900824854805
  0
LINE
  5
7B6
330
1F
100
AcDbEntity
  8
0
100
AcDbLine
 10
2869.154973554747
 20
1369.959325009703
 30
4.23900824854805
 11
2869.154973554747
 21
1370.109325009703
 31
4.23900824854805
  0
LINE
  5
7B7
330
1F
100
AcDbEntity
  8
0
100
AcDbLine
 10
2869.154973554745
 20
1371.009325009702
 30
4.23900824854805
 11
2869.154973554735
 21
1375.809325009703
 31
4.23900824854805
  0
LINE
  5
7B8
330
1F
100
AcDbEntity
  8
0
100
AcDbLine
 10
2869.154973554733
 20
1376.709325009703
 30
4.23900824854805
 11
2869.154973554733
 21
1376.859325009703
 31
4.23900824854805
  0
LINE
  5
7B9
102
{ACAD_REACTORS
330
776
330
84C
102
}
330
1F
100
AcDbEntity
  8
0
100
AcDbLine
 10
2864.804973554727
 20
1380.059325009694
 30
4.23900824854805
 11
2880.704973554731
 21
1378.159325009727
 31
4.23900824854805
  0
MTEXT
  5
7BA
102
{ACAD_XDICTIONARY
360
7BB
102
}
330
1F
100
AcDbEntity
  8
WD
100
AcDbMText
 10
2872.310767469328
 20
1350.792083666426
 30
4.23900824854805
 40
0.2
 41
1.781274954511969
 71
     2
 72
     5
  1
15.90 M.
  7
CENTURYGOTHIC
  0
MTEXT
  5
7BC
102
{ACAD_XDICTIONARY
360
7BD
102
}
330
1F
100
AcDbEntity
  8
WD
100
AcDbMText
 10
2880.396275762478
 20
1362.414294587355
 30
4.23900824854805
 40
0.2
 41
1.781274954511969
 71
     2
 72
     5
  1
27.70 M.
  7
CENTURYGOTHIC
 11
1.459169598650096E-11
 21
1.0
 31
0.0
  0
MTEXT
  5
7BE
102
{ACAD_XDICTIONARY
360
7BF
102
}
330
1F
100
AcDbEntity
  8
WD
100
AcDbMText
 10
2864.529933438345
 20
1362.414294587324
 30
4.23900824854805
 40
0.2
 41
1.781274954511969
 71
     2
 72
     5
  1
29.60 M.
  7
CENTURYGOTHIC
 11
1.459169598650096E-11
 21
1.0
 31
0.0
  0
MTEXT
  5
7C0
330
1F
100
AcDbEntity
  8
0
  6
BYBLOCK
 62
     0
100
AcDbMText
 10
2872.416630641207
 20
1349.430001891507
 30
4.23900824854805
 40
0.6
 41
9.888969489610965
 71
     8
 72
     5
  1
{\T1.5;9.0 M. WIDE ROAD}
  7
AN
1001
ACAD
1000
ACAD_MTEXT_DEFINED_HEIGHT_BEGIN
1070
    46
1040
0.6826164889145234
1000
ACAD_MTEXT_DEFINED_HEIGHT_END
  0
MTEXT
  5
7C1
330
1F
100
AcDbEntity
  8
0
  6
BYBLOCK
 62
     0
100
AcDbMText
 10
2872.416630641207
 20
1349.430001891507
 30
4.23900824854805
 40
0.6
 41
9.888969489610965
 71
     8
 72
     5
  1
{\T1.5;9.0 M. WIDE ROAD}
  7
AN
1001
ACAD
1000
ACAD_MTEXT_DEFINED_HEIGHT_BEGIN
1070
    46
1040
0.6826164889145234
1000
ACAD_MTEXT_DEFINED_HEIGHT_END
  0
MTEXT
  5
7C2
330
1F
100
AcDbEntity
  8
0
  6
BYBLOCK
 62
     0
100
AcDbMText
 10
2863.965199905836
 20
1362.080973742522
 30
4.23900824854805
 40
0.6
 41
23.98842077420463
 71
     8
 72
     5
  1
{\T1.5;PROPOSED 9.0 M. WIDE ROAD}
  7
AN
 11
-1.359584106935126E-11
 21
1.0
 31
0.0
1001
ACAD
1000
ACAD_MTEXT_DEFINED_HEIGHT_BEGIN
1070
    46
1040
0.6826164889145234
1000
ACAD_MTEXT_DEFINED_HEIGHT_END
  0
LINE
  5
7C3
330
1F
100
AcDbEntity
  8
0
100
AcDbLine
 10
2869.304973554767
 20
1359.609325009704
 30
4.23900824854805
 11
2874.654973554768
 21
1359.609325009714
 31
4.23900824854805
  0
LINE
  5
7C4
330
1F
100
AcDbEntity
  8
0
100
AcDbLine
 10
2876.054973554767
 20
1359.609325009717
 30
4.23900824854805
 11
2879.054973554767
 21
1359.609325009723
 31
4.23900824854805
  0
LINE
  5
7C5
330
1F
100
AcDbEntity
  8
0
100
AcDbLine
 10
2869.304973554768
 20
1359.459325009703
 30
4.23900824854805
 11
2874.654973554768
 21
1359.459325009714
 31
4.23900824854805
  0
LINE
  5
7C6
330
1F
100
AcDbEntity
  8
0
100
AcDbLine
 10
2876.054973554767
 20
1359.459325009717
 30
4.23900824854805
 11
2879.054973554767
 21
1359.459325009723
 31
4.23900824854805
  0
LINE
  5
7C7
330
1F
100
AcDbEntity
  8
0
100
AcDbLine
 10
2869.154973554761
 20
1363.109325009703
 30
4.23900824854805
 11
2879.05497355476
 21
1363.109325009723
 31
4.23900824854805
  0
LINE
  5
7C8
330
1F
100
AcDbEntity
  8
0
100
AcDbLine
 10
2869.154973554759
 20
1364.009325009703
 30
4.23900824854805
 11
2869.304973554758
 21
1364.009325009703
 31
4.23900824854805
  0
LINE
  5
7C9
330
1F
100
AcDbEntity
  8
0
100
AcDbLine
 10
2874.654973554759
 20
1364.009325009714
 30
4.23900824854805
 11
2874.754973554759
 21
1364.009325009714
 31
4.23900824854805
  0
LINE
  5
7CA
330
1F
100
AcDbEntity
  8
0
100
AcDbLine
 10
2875.504973554759
 20
1364.009325009716
 30
4.23900824854805
 11
2876.054973554758
 21
1364.009325009717
 31
4.23900824854805
  0
LINE
  5
7CB
330
1F
100
AcDbEntity
  8
0
100
AcDbLine
 10
2875.504973554759
 20
1364.109325009716
 30
4.23900824854805
 11
2875.954973554759
 21
1364.109325009716
 31
4.23900824854805
  0
LINE
  5
7CC
330
1F
100
AcDbEntity
  8
0
100
AcDbLine
 10
2869.154973554761
 20
1362.959325009703
 30
4.23900824854805
 11
2879.05497355476
 21
1362.959325009723
 31
4.23900824854805
  0
LINE
  5
7CD
330
1F
100
AcDbEntity
  8
0
100
AcDbLine
 10
2869.304973554754
 20
1366.609325009704
 30
4.23900824854805
 11
2874.654973554753
 21
1366.609325009714
 31
4.23900824854805
  0
LINE
  5
7CE
330
1F
100
AcDbEntity
  8
0
100
AcDbLine
 10
2876.054973554753
 20
1366.609325009717
 30
4.23900824854805
 11
2879.054973554754
 21
1366.609325009723
 31
4.23900824854805
  0
LINE
  5
7CF
330
1F
100
AcDbEntity
  8
0
100
AcDbLine
 10
2869.304973554755
 20
1366.459325009703
 30
4.23900824854805
 11
2874.654973554753
 21
1366.459325009714
 31
4.23900824854805
  0
LINE
  5
7D0
330
1F
100
AcDbEntity
  8
0
100
AcDbLine
 10
2876.054973554754
 20
1366.459325009717
 30
4.23900824854805
 11
2879.054973554754
 21
1366.459325009723
 31
4.23900824854805
  0
LINE
  5
7D1
330
1F
100
AcDbEntity
  8
0
100
AcDbLine
 10
2869.154973554747
 20
1370.109325009703
 30
4.23900824854805
 11
2879.054973554746
 21
1370.109325009723
 31
4.23900824854805
  0
LINE
  5
7D2
330
1F
100
AcDbEntity
  8
0
100
AcDbLine
 10
2869.154973554745
 20
1371.009325009702
 30
4.23900824854805
 11
2869.304973554745
 21
1371.009325009703
 31
4.23900824854805
  0
LINE
  5
7D3
330
1F
100
AcDbEntity
  8
0
100
AcDbLine
 10
2874.654973554744
 20
1371.009325009714
 30
4.23900824854805
 11
2874.754973554745
 21
1371.009325009714
 31
4.23900824854805
  0
LINE
  5
7D4
330
1F
100
AcDbEntity
  8
0
100
AcDbLine
 10
2875.504973554745
 20
1371.009325009716
 30
4.23900824854805
 11
2876.054973554745
 21
1371.009325009717
 31
4.23900824854805
  0
LINE
  5
7D5
330
1F
100
AcDbEntity
  8
0
100
AcDbLine
 10
2874.654973554744
 20
1371.109325009715
 30
4.23900824854805
 11
2874.754973554745
 21
1371.109325009715
 31
4.23900824854805
  0
LINE
  5
7D6
330
1F
100
AcDbEntity
  8
0
100
AcDbLine
 10
2875.504973554745
 20
1371.109325009716
 30
4.23900824854805
 11
2875.954973554744
 21
1371.109325009716
 31
4.23900824854805
  0
LINE
  5
7D7
330
1F
100
AcDbEntity
  8
0
100
AcDbLine
 10
2874.654973554741
 20
1372.809325009714
 30
4.23900824854805
 11
2876.054973554741
 21
1372.809325009717
 31
4.23900824854805
  0
LINE
  5
7D8
330
1F
100
AcDbEntity
  8
0
100
AcDbLine
 10
2874.754973554741
 20
1372.909325009714
 30
4.23900824854805
 11
2875.954973554741
 21
1372.909325009717
 31
4.23900824854805
  0
LINE
  5
7D9
330
1F
100
AcDbEntity
  8
0
100
AcDbLine
 10
2869.154973554747
 20
1369.959325009703
 30
4.23900824854805
 11
2879.054973554746
 21
1369.959325009723
 31
4.23900824854805
  0
LINE
  5
7DA
330
1F
100
AcDbEntity
  8
0
100
AcDbLine
 10
2869.154973554749
 20
1369.059325009703
 30
4.23900824854805
 11
2869.304973554749
 21
1369.059325009704
 31
4.23900824854805
  0
LINE
  5
7DB
330
1F
100
AcDbEntity
  8
0
100
AcDbLine
 10
2874.654973554749
 20
1369.059325009714
 30
4.23900824854805
 11
2874.754973554748
 21
1369.059325009714
 31
4.23900824854805
  0
LINE
  5
7DC
330
1F
100
AcDbEntity
  8
0
100
AcDbLine
 10
2875.504973554748
 20
1369.059325009716
 30
4.23900824854805
 11
2876.054973554748
 21
1369.059325009717
 31
4.23900824854805
  0
LINE
  5
7DD
330
1F
100
AcDbEntity
  8
0
100
AcDbLine
 10
2875.504973554749
 20
1368.959325009716
 30
4.23900824854805
 11
2875.954973554749
 21
1368.959325009717
 31
4.23900824854805
  0
LINE
  5
7DE
330
1F
100
AcDbEntity
  8
0
100
AcDbLine
 10
2869.30497355474
 20
1373.609325009703
 30
4.23900824854805
 11
2874.654973554739
 21
1373.609325009714
 31
4.23900824854805
  0
LINE
  5
7DF
330
1F
100
AcDbEntity
  8
0
100
AcDbLine
 10
2873.754973554737
 20
1374.509325009712
 30
4.23900824854805
 11
2874.654973554737
 21
1374.509325009713
 31
4.23900824854805
  0
LINE
  5
7E0
330
1F
100
AcDbEntity
  8
0
100
AcDbLine
 10
2874.754973554739
 20
1373.609325009714
 30
4.23900824854805
 11
2874.654973554739
 21
1373.609325009714
 31
4.23900824854805
  0
LINE
  5
7E1
330
1F
100
AcDbEntity
  8
0
100
AcDbLine
 10
2876.054973554739
 20
1373.609325009716
 30
4.23900824854805
 11
2879.054973554739
 21
1373.609325009723
 31
4.23900824854805
  0
LINE
  5
7E2
330
1F
100
AcDbEntity
  8
0
100
AcDbLine
 10
2869.30497355474
 20
1373.459325009703
 30
4.23900824854805
 11
2874.654973554739
 21
1373.459325009714
 31
4.23900824854805
  0
LINE
  5
7E3
330
1F
100
AcDbEntity
  8
0
100
AcDbLine
 10
2874.754973554739
 20
1373.459325009714
 30
4.23900824854805
 11
2874.654973554739
 21
1373.459325009714
 31
4.23900824854805
  0
LINE
  5
7E4
330
1F
100
AcDbEntity
  8
0
100
AcDbLine
 10
2876.05497355474
 20
1373.459325009717
 30
4.23900824854805
 11
2879.05497355474
 21
1373.459325009723
 31
4.23900824854805
  0
LINE
  5
7E5
102
{ACAD_REACTORS
330
84C
102
}
330
1F
100
AcDbEntity
  8
0
100
AcDbLine
 10
2869.154973554733
 20
1376.859325009703
 30
4.23900824854805
 11
2879.204973554733
 21
1376.859325009724
 31
4.23900824854805
  0
LINE
  5
7E6
330
1F
100
AcDbEntity
  8
0
100
AcDbLine
 10
2869.154973554733
 20
1376.709325009703
 30
4.23900824854805
 11
2879.054973554733
 21
1376.709325009723
 31
4.23900824854805
  0
LINE
  5
7E7
330
1F
100
AcDbEntity
  8
0
100
AcDbLine
 10
2869.154973554735
 20
1375.809325009703
 30
4.23900824854805
 11
2869.304973554735
 21
1375.809325009703
 31
4.23900824854805
  0
LINE
  5
7E8
330
1F
100
AcDbEntity
  8
0
100
AcDbLine
 10
2874.654973554735
 20
1375.809325009714
 30
4.23900824854805
 11
2874.754973554735
 21
1375.809325009714
 31
4.23900824854805
  0
LINE
  5
7E9
330
1F
100
AcDbEntity
  8
0
100
AcDbLine
 10
2875.504973554735
 20
1375.809325009715
 30
4.23900824854805
 11
2876.054973554735
 21
1375.809325009717
 31
4.23900824854805
  0
LINE
  5
7EA
330
1F
100
AcDbEntity
  8
0
100
AcDbLine
 10
2875.504973554735
 20
1375.709325009715
 30
4.23900824854805
 11
2875.954973554735
 21
1375.709325009717
 31
4.23900824854805
  0
LINE
  5
7EB
330
1F
100
AcDbEntity
  8
0
100
AcDbLine
 10
2874.654973554739
 20
1374.009325009714
 30
4.23900824854805
 11
2876.054973554738
 21
1374.009325009717
 31
4.23900824854805
  0
LINE
  5
7EC
330
1F
100
AcDbEntity
  8
0
100
AcDbLine
 10
2874.754973554739
 20
1373.909325009714
 30
4.23900824854805
 11
2875.954973554739
 21
1373.909325009717
 31
4.23900824854805
  0
DIMENSION
  5
7ED
330
1F
100
AcDbEntity
  8
0
100
AcDbDimension
  2
*D15
 10
2874.253981033497
 20
1350.459325009714
 30
0.0
 11
2874.253981033497
 21
1351.584325009713
 31
0.0
 70
    32
  3
DIM
100
AcDbAlignedDimension
 13
2874.269620628725
 23
1352.709325009713
 33
4.23900824854806
 14
2874.26962062873
 24
1350.459325009713
 34
4.23900824854805
 50
90.00000000010422
100
AcDbRotatedDimension
  0
LINE
  5
7EE
330
1F
100
AcDbEntity
  8
0
100
AcDbLine
 10
2869.154973554735
 20
1375.806860111671
 30
0.0
 11
2869.154973554733
 21
1376.709325009703
 31
4.23900824854805
  0
LINE
  5
7EF
330
1F
100
AcDbEntity
  8
0
100
AcDbLine
 10
2867.05497355474
 20
1373.534325009698
 30
-10.67442629998491
 11
2867.054973554733
 21
1376.859325009698
 31
4.943579959502241
  0
LINE
  5
7F0
330
1F
100
AcDbEntity
  8
0
100
AcDbLine
 10
2869.154973554745
 20
1371.009325009702
 30
4.23900824854805
 11
2869.154973554747
 21
1370.109325009703
 31
4.23900824854805
  0
LINE
  5
7F1
330
1F
100
AcDbEntity
  8
0
100
AcDbLine
 10
2874.654973554744
 20
1371.009325009714
 30
4.23900824854805
 11
2874.754973554745
 21
1371.009325009714
 31
4.23900824854805
  0
LINE
  5
7F2
330
1F
100
AcDbEntity
  8
0
100
AcDbLine
 10
2869.154973554749
 20
1369.059325009703
 30
4.23900824854805
 11
2869.154973554747
 21
1369.959325009703
 31
4.23900824854805
  0
LINE
  5
7F3
102
{ACAD_REACTORS
330
848
102
}
330
1F
100
AcDbEntity
  8
0
100
AcDbLine
 10
2869.154973554759
 20
1364.009325009703
 30
4.23900824854805
 11
2869.154973554761
 21
1363.109325009703
 31
4.23900824854805
  0
MTEXT
  5
7F4
330
1F
100
AcDbEntity
  8
TEXT_
 62
     0
100
AcDbMText
 10
2871.960832105987
 20
1375.124940344958
 30
0.0
 40
0.1999999999999999
 41
0.920382832289531
 71
     5
 72
     5
  1
BED\P4.35X3.10\P14'5''X10'2''
  7
AN
 11
0.9999999998410581
 21
-1.782929240359396E-5
 31
0.0
1001
ACAD
1000
ACAD_MTEXT_DEFINED_HEIGHT_BEGIN
1070
    46
1040
1.133242382869585
1000
ACAD_MTEXT_DEFINED_HEIGHT_END
  0
MTEXT
  5
7F5
330
1F
100
AcDbEntity
  8
TEXT_
 62
     0
100
AcDbMText
 10
2877.699034183487
 20
1374.927756698956
 30
0.0
 40
0.1999999999999999
 41
0.920382832289531
 71
     5
 72
     5
  1
BED\P3.00X3.10\P10'0''X10'2''
  7
AN
 11
0.9999999998410581
 21
-1.782929240359396E-5
 31
0.0
1001
ACAD
1000
ACAD_MTEXT_DEFINED_HEIGHT_BEGIN
1070
    46
1040
1.133242382869585
1000
ACAD_MTEXT_DEFINED_HEIGHT_END
  0
LINE
  5
7F6
330
1F
100
AcDbEntity
  8
0
100
AcDbLine
 10
2874.754973554739
 20
1373.909325009714
 30
4.23900824854805
 11
2875.954973554741
 21
1372.909325009717
 31
4.23900824854805
  0
LINE
  5
7F7
330
1F
100
AcDbEntity
  8
0
100
AcDbLine
 10
2874.754973554741
 20
1372.909325009714
 30
4.23900824854805
 11
2875.954973554739
 21
1373.909325009717
 31
4.23900824854805
  0
MTEXT
  5
7F8
330
1F
100
AcDbEntity
  8
TEXT_
 62
     0
100
AcDbMText
 10
2877.699034183493
 20
1371.961247535874
 30
0.0
 40
0.1999999999999999
 41
0.920382832289531
 71
     5
 72
     5
  1
BED\P3.00X3.35\P10'0''X11'0''
  7
AN
 11
0.9999999998410581
 21
-1.782929240359396E-5
 31
0.0
1001
ACAD
1000
ACAD_MTEXT_DEFINED_HEIGHT_BEGIN
1070
    46
1040
1.133242382869585
1000
ACAD_MTEXT_DEFINED_HEIGHT_END
  0
MTEXT
  5
7F9
330
1F
100
AcDbEntity
  8
TEXT_
 62
     0
100
AcDbMText
 10
2875.394550771747
 20
1374.927757590416
 30
0.0
 40
0.1999999999999999
 41
1.020382832273659
 71
     5
 72
     5
  1
TOILET\P1.20X1.70\P4'0''X5'9''
  7
AN
 11
0.9999999998410581
 21
-1.782929240359396E-5
 31
0.0
1001
ACAD
1000
ACAD_MTEXT_DEFINED_HEIGHT_BEGIN
1070
    46
1040
1.133242382869585
1000
ACAD_MTEXT_DEFINED_HEIGHT_END
  0
LINE
  5
7FA
330
1F
100
AcDbEntity
  8
0
100
AcDbLine
 10
2874.754973554755
 20
1366.034325009715
 30
4.23900824854805
 11
2875.954973554754
 21
1366.034325009717
 31
4.23900824854805
  0
LINE
  5
7FB
330
1F
100
AcDbEntity
  8
0
100
AcDbLine
 10
2874.754973554755
 20
1365.934325009714
 30
4.23900824854805
 11
2875.954973554755
 21
1365.934325009717
 31
4.23900824854805
  0
LINE
  5
7FC
330
1F
100
AcDbEntity
  8
0
100
AcDbLine
 10
2874.754973554753
 20
1367.034325009715
 30
4.23900824854805
 11
2875.954973554753
 21
1367.034325009717
 31
4.23900824854805
  0
LINE
  5
7FD
330
1F
100
AcDbEntity
  8
0
100
AcDbLine
 10
2874.754973554752
 20
1367.134325009714
 30
4.23900824854805
 11
2875.954973554753
 21
1367.134325009717
 31
4.23900824854805
  0
LINE
  5
7FE
330
1F
100
AcDbEntity
  8
0
100
AcDbLine
 10
2874.754973554753
 20
1367.034325009715
 30
4.23900824854805
 11
2875.954973554754
 21
1366.034325009717
 31
4.23900824854805
  0
LINE
  5
7FF
330
1F
100
AcDbEntity
  8
0
100
AcDbLine
 10
2874.754973554755
 20
1366.034325009715
 30
4.23900824854805
 11
2875.954973554753
 21
1367.034325009717
 31
4.23900824854805
  0
MTEXT
  5
800
330
1F
100
AcDbEntity
  8
TEXT_
 62
     0
100
AcDbMText
 10
2875.37448444097
 20
1365.091073222846
 30
0.0
 40
0.1999999999999999
 41
1.020382832273659
 71
     5
 72
     5
  1
TOILET\P1.20X1.82\P4'0''X6'0''
  7
AN
 11
0.9999999998410581
 21
-1.782929240359396E-5
 31
0.0
1001
ACAD
1000
ACAD_MTEXT_DEFINED_HEIGHT_BEGIN
1070
    46
1040
1.133242382869585
1000
ACAD_MTEXT_DEFINED_HEIGHT_END
  0
LINE
  5
801
330
1F
100
AcDbEntity
  8
0
100
AcDbLine
 10
2869.304973554763
 20
1362.059325009704
 30
4.23900824854805
 11
2869.154973554762
 21
1362.059325009703
 31
4.23900824854805
  0
LINE
  5
802
330
1F
100
AcDbEntity
  8
0
100
AcDbLine
 10
2869.154973554761
 20
1362.959325009703
 30
4.23900824854805
 11
2869.154973554762
 21
1362.059325009703
 31
4.23900824854805
  0
LINE
  5
803
330
1F
100
AcDbEntity
  8
0
100
AcDbLine
 10
2869.154973554773
 20
1357.009325009703
 30
4.23900824854805
 11
2869.154973554775
 21
1356.109325009703
 31
4.23900824854805
  0
LINE
  5
804
330
1F
100
AcDbEntity
  8
0
100
AcDbLine
 10
2869.154973554777
 20
1355.059325009704
 30
4.23900824854805
 11
2869.154973554775
 21
1355.959325009703
 31
4.23900824854805
  0
MTEXT
  5
805
330
1F
100
AcDbEntity
  8
TEXT_
 62
     0
100
AcDbMText
 10
2871.628981756433
 20
1354.525672624201
 30
0.0
 40
0.1999999999999999
 41
0.920382832289531
 71
     5
 72
     5
  1
BED\P4.35X3.10\P14'5''X10'2''
  7
AN
 11
0.9999999998410581
 21
-1.782929240359396E-5
 31
0.0
1001
ACAD
1000
ACAD_MTEXT_DEFINED_HEIGHT_BEGIN
1070
    46
1040
1.133242382869585
1000
ACAD_MTEXT_DEFINED_HEIGHT_END
  0
MTEXT
  5
806
330
1F
100
AcDbEntity
  8
TEXT_
 62
     0
100
AcDbMText
 10
2877.699034183529
 20
1354.258857246934
 30
0.0
 40
0.1999999999999999
 41
0.920382832289531
 71
     5
 72
     5
  1
BED\P3.00X3.10\P10'0''X10'2''
  7
AN
 11
0.9999999998410581
 21
-1.782929240359396E-5
 31
0.0
1001
ACAD
1000
ACAD_MTEXT_DEFINED_HEIGHT_BEGIN
1070
    46
1040
1.133242382869585
1000
ACAD_MTEXT_DEFINED_HEIGHT_END
  0
MTEXT
  5
807
330
1F
100
AcDbEntity
  8
TEXT_
 62
     0
100
AcDbMText
 10
2875.424484440978
 20
1353.720564708567
 30
0.0
 40
0.1999999999999999
 41
0.653240810274784
 71
     5
 72
     5
  1
TOILET\P1.20X2.10\P4'0''X7'0''
  7
AN
 11
0.9999999998410581
 21
-1.782929240359396E-5
 31
0.0
1001
ACAD
1000
ACAD_MTEXT_DEFINED_HEIGHT_BEGIN
1070
    46
1040
1.133242382869585
1000
ACAD_MTEXT_DEFINED_HEIGHT_END
  0
DIMENSION
  5
808
330
1F
100
AcDbEntity
  8
0
100
AcDbDimension
  2
*D16
 10
2880.704973554734
 20
1376.20368600015
 30
0.0
 11
2879.954973554734
 21
1376.20368600015
 31
0.0
 70
    32
  3
DIM
100
AcDbAlignedDimension
 13
2879.204973554734
 23
1376.259325009723
 33
4.23900824854805
 14
2880.704973554734
 24
1376.259325009726
 34
4.23900824854805
 50
0.0000000001042204
100
AcDbRotatedDimension
  0
LINE
  5
809
330
1F
100
AcDbEntity
  8
0
100
AcDbLine
 10
2869.154973554733
 20
1376.859325009703
 30
4.23900824854805
 11
2867.054973554733
 21
1376.859325009698
 31
4.23900824854805
  0
LINE
  5
80A
330
1F
100
AcDbEntity
  8
0
100
AcDbLine
 10
2869.15497355474
 20
1373.534325009703
 30
4.23900824854805
 11
2867.054973554739
 21
1373.534325009698
 31
4.23900824854805
  0
LINE
  5
80B
330
1F
100
AcDbEntity
  8
0
100
AcDbLine
 10
2869.154973554781
 20
1352.709325009703
 30
4.23900824854805
 11
2867.054973554782
 21
1352.709325009699
 31
4.23900824854805
  0
LINE
  5
80C
102
{ACAD_REACTORS
330
845
102
}
330
1F
100
AcDbEntity
  8
0
100
AcDbLine
 10
2867.054973554782
 20
1352.709325009699
 30
4.23900824854805
 11
2867.05497355474
 21
1373.534325009698
 31
4.23900824854805
  0
LINE
  5
80D
330
1F
100
AcDbEntity
  8
0
100
AcDbLine
 10
2869.154973554747
 20
1370.034325009703
 30
4.23900824854805
 11
2867.054973554747
 21
1370.034325009698
 31
4.23900824854805
  0
LINE
  5
80E
330
1F
100
AcDbEntity
  8
0
100
AcDbLine
 10
2869.154973554775
 20
1356.034325009703
 30
4.23900824854805
 11
2867.054973554775
 21
1356.034325009699
 31
4.23900824854805
  0
LINE
  5
80F
330
1F
100
AcDbEntity
  8
0
100
AcDbLine
 10
2869.154973554768
 20
1359.534325009703
 30
4.23900824854805
 11
2867.054973554767
 21
1359.534325009698
 31
4.23900824854805
  0
LINE
  5
810
330
1F
100
AcDbEntity
  8
0
100
AcDbLine
 10
2869.154973554761
 20
1363.034325009703
 30
4.23900824854805
 11
2867.054973554761
 21
1363.034325009698
 31
4.23900824854805
  0
LINE
  5
811
330
1F
100
AcDbEntity
  8
0
100
AcDbLine
 10
2869.154973554754
 20
1366.534325009703
 30
4.23900824854805
 11
2867.054973554754
 21
1366.534325009699
 31
4.23900824854805
  0
LINE
  5
812
330
1F
100
AcDbEntity
  8
0
100
AcDbLine
 10
2873.754973554737
 20
1374.509325009712
 30
4.23900824854805
 11
2874.654973554737
 21
1374.509325009713
 31
4.23900824854805
  0
LINE
  5
813
330
1F
100
AcDbEntity
  8
0
100
AcDbLine
 10
2873.754973554737
 20
1374.759325009712
 30
4.23900824854805
 11
2874.654973554737
 21
1374.759325009713
 31
4.23900824854805
  0
LINE
  5
814
330
1F
100
AcDbEntity
  8
0
100
AcDbLine
 10
2873.754973554736
 20
1375.009325009712
 30
4.23900824854805
 11
2874.654973554737
 21
1375.009325009713
 31
4.23900824854805
  0
LINE
  5
815
330
1F
100
AcDbEntity
  8
0
100
AcDbLine
 10
2873.754973554735
 20
1375.259325009712
 30
4.23900824854805
 11
2874.654973554736
 21
1375.259325009713
 31
4.23900824854805
  0
LINE
  5
816
330
1F
100
AcDbEntity
  8
0
100
AcDbLine
 10
2873.754973554735
 20
1375.509325009712
 30
4.23900824854805
 11
2874.654973554735
 21
1375.509325009713
 31
4.23900824854805
  0
LINE
  5
817
330
1F
100
AcDbEntity
  8
0
100
AcDbLine
 10
2873.654973554735
 20
1375.759325009712
 30
4.23900824854805
 11
2874.654973554735
 21
1375.759325009713
 31
4.23900824854805
  0
LINE
  5
818
330
1F
100
AcDbEntity
  8
0
100
AcDbLine
 10
2873.754973554737
 20
1374.509325009712
 30
4.23900824854805
 11
2873.754973554739
 21
1373.609325009712
 31
4.23900824854805
  0
LINE
  5
819
330
1F
100
AcDbEntity
  8
0
100
AcDbLine
 10
2873.654973554733
 20
1376.709325009712
 30
4.23900824854805
 11
2873.654973554739
 21
1373.609325009712
 31
4.23900824854805
  0
LINE
  5
81A
330
1F
100
AcDbEntity
  8
0
100
AcDbLine
 10
2873.754973554741
 20
1372.559325009713
 30
4.23900824854805
 11
2873.754973554745
 21
1371.059325009713
 31
4.23900824854805
  0
LINE
  5
81B
330
1F
100
AcDbEntity
  8
0
100
AcDbLine
 10
2873.754973554741
 20
1372.559325009713
 30
4.23900824854805
 11
2874.654973554741
 21
1372.559325009714
 31
4.23900824854805
  0
LINE
  5
81C
330
1F
100
AcDbEntity
  8
0
100
AcDbLine
 10
2873.754973554742
 20
1372.309325009713
 30
4.23900824854805
 11
2874.654973554742
 21
1372.309325009714
 31
4.23900824854805
  0
LINE
  5
81D
330
1F
100
AcDbEntity
  8
0
100
AcDbLine
 10
2873.754973554743
 20
1372.059325009713
 30
4.23900824854805
 11
2874.654973554742
 21
1372.059325009714
 31
4.23900824854805
  0
LINE
  5
81E
330
1F
100
AcDbEntity
  8
0
100
AcDbLine
 10
2873.754973554743
 20
1371.809325009713
 30
4.23900824854805
 11
2874.654973554742
 21
1371.809325009714
 31
4.23900824854805
  0
LINE
  5
81F
330
1F
100
AcDbEntity
  8
0
100
AcDbLine
 10
2873.754973554744
 20
1371.559325009713
 30
4.23900824854805
 11
2874.654973554743
 21
1371.559325009714
 31
4.23900824854805
  0
LINE
  5
820
330
1F
100
AcDbEntity
  8
0
100
AcDbLine
 10
2873.754973554745
 20
1371.309325009713
 30
4.23900824854805
 11
2874.654973554744
 21
1371.309325009714
 31
4.23900824854805
  0
LINE
  5
821
330
1F
100
AcDbEntity
  8
0
100
AcDbLine
 10
2873.654973554745
 20
1371.059325009713
 30
4.23900824854805
 11
2874.654973554744
 21
1371.059325009714
 31
4.23900824854805
  0
LINE
  5
822
330
1F
100
AcDbEntity
  8
0
100
AcDbLine
 10
2873.754973554741
 20
1372.559325009713
 30
4.23900824854805
 11
2873.754973554739
 21
1373.459325009712
 31
4.23900824854805
  0
LINE
  5
823
330
1F
100
AcDbEntity
  8
0
100
AcDbLine
 10
2873.654973554747
 20
1370.109325009712
 30
4.23900824854805
 11
2873.654973554739
 21
1373.459325009712
 31
4.23900824854805
  0
LINE
  5
824
330
1F
100
AcDbEntity
  8
0
100
AcDbLine
 10
2873.754973554755
 20
1365.559325009713
 30
4.23900824854805
 11
2873.754973554759
 21
1364.059325009713
 31
4.23900824854805
  0
LINE
  5
825
330
1F
100
AcDbEntity
  8
0
100
AcDbLine
 10
2873.754973554755
 20
1365.559325009713
 30
4.23900824854805
 11
2874.654973554755
 21
1365.559325009714
 31
4.23900824854805
  0
LINE
  5
826
330
1F
100
AcDbEntity
  8
0
100
AcDbLine
 10
2873.754973554756
 20
1365.309325009713
 30
4.23900824854805
 11
2874.654973554756
 21
1365.309325009714
 31
4.23900824854805
  0
LINE
  5
827
330
1F
100
AcDbEntity
  8
0
100
AcDbLine
 10
2873.754973554757
 20
1365.059325009713
 30
4.23900824854805
 11
2874.654973554757
 21
1365.059325009714
 31
4.23900824854805
  0
LINE
  5
828
330
1F
100
AcDbEntity
  8
0
100
AcDbLine
 10
2873.754973554757
 20
1364.809325009713
 30
4.23900824854805
 11
2874.654973554757
 21
1364.809325009714
 31
4.23900824854805
  0
LINE
  5
829
330
1F
100
AcDbEntity
  8
0
100
AcDbLine
 10
2873.754973554757
 20
1364.559325009713
 30
4.23900824854805
 11
2874.654973554758
 21
1364.559325009714
 31
4.23900824854805
  0
LINE
  5
82A
330
1F
100
AcDbEntity
  8
0
100
AcDbLine
 10
2873.754973554758
 20
1364.309325009713
 30
4.23900824854805
 11
2874.654973554759
 21
1364.309325009714
 31
4.23900824854805
  0
LINE
  5
82B
330
1F
100
AcDbEntity
  8
0
100
AcDbLine
 10
2873.654973554759
 20
1364.059325009713
 30
4.23900824854805
 11
2874.654973554759
 21
1364.059325009714
 31
4.23900824854805
  0
LINE
  5
82C
330
1F
100
AcDbEntity
  8
0
100
AcDbLine
 10
2873.754973554755
 20
1365.559325009713
 30
4.23900824854805
 11
2873.754973554754
 21
1366.459325009713
 31
4.23900824854805
  0
LINE
  5
82D
330
1F
100
AcDbEntity
  8
0
100
AcDbLine
 10
2873.654973554761
 20
1363.109325009712
 30
4.23900824854805
 11
2873.654973554753
 21
1366.459325009712
 31
4.23900824854805
  0
LINE
  5
82E
330
1F
100
AcDbEntity
  8
0
100
AcDbLine
 10
2873.754973554752
 20
1367.509325009712
 30
4.23900824854805
 11
2873.754973554748
 21
1369.009325009712
 31
4.23900824854805
  0
LINE
  5
82F
330
1F
100
AcDbEntity
  8
0
100
AcDbLine
 10
2873.754973554752
 20
1367.509325009712
 30
4.23900824854805
 11
2874.654973554751
 21
1367.509325009714
 31
4.23900824854805
  0
LINE
  5
830
330
1F
100
AcDbEntity
  8
0
100
AcDbLine
 10
2873.754973554752
 20
1367.759325009712
 30
4.23900824854805
 11
2874.654973554751
 21
1367.759325009714
 31
4.23900824854805
  0
LINE
  5
831
330
1F
100
AcDbEntity
  8
0
100
AcDbLine
 10
2873.754973554751
 20
1368.009325009712
 30
4.23900824854805
 11
2874.654973554751
 21
1368.009325009714
 31
4.23900824854805
  0
LINE
  5
832
330
1F
100
AcDbEntity
  8
0
100
AcDbLine
 10
2873.75497355475
 20
1368.259325009712
 30
4.23900824854805
 11
2874.65497355475
 21
1368.259325009714
 31
4.23900824854805
  0
LINE
  5
833
330
1F
100
AcDbEntity
  8
0
100
AcDbLine
 10
2873.75497355475
 20
1368.509325009712
 30
4.23900824854805
 11
2874.65497355475
 21
1368.509325009714
 31
4.23900824854805
  0
LINE
  5
834
330
1F
100
AcDbEntity
  8
0
100
AcDbLine
 10
2873.754973554749
 20
1368.759325009712
 30
4.23900824854805
 11
2874.65497355475
 21
1368.759325009714
 31
4.23900824854805
  0
LINE
  5
835
330
1F
100
AcDbEntity
  8
0
100
AcDbLine
 10
2873.65497355475
 20
1369.009325009712
 30
4.23900824854805
 11
2874.754973554749
 21
1369.009325009714
 31
4.23900824854805
  0
LINE
  5
836
330
1F
100
AcDbEntity
  8
0
100
AcDbLine
 10
2873.754973554752
 20
1367.509325009712
 30
4.23900824854805
 11
2873.754973554754
 21
1366.609325009713
 31
4.23900824854805
  0
LINE
  5
837
330
1F
100
AcDbEntity
  8
0
100
AcDbLine
 10
2873.654973554748
 20
1369.959325009712
 30
4.23900824854805
 11
2873.654973554753
 21
1366.609325009713
 31
4.23900824854805
  0
LINE
  5
838
330
1F
100
AcDbEntity
  8
0
100
AcDbLine
 10
2873.75497355478
 20
1353.759325009714
 30
4.23900824854805
 11
2873.754973554778
 21
1355.009325009714
 31
4.23900824854805
  0
LINE
  5
839
330
1F
100
AcDbEntity
  8
0
100
AcDbLine
 10
2873.75497355478
 20
1353.759325009714
 30
4.23900824854805
 11
2874.654973554781
 21
1353.759325009715
 31
4.23900824854805
  0
LINE
  5
83A
330
1F
100
AcDbEntity
  8
0
100
AcDbLine
 10
2873.754973554779
 20
1354.009325009714
 30
4.23900824854805
 11
2874.65497355478
 21
1354.009325009715
 31
4.23900824854805
  0
LINE
  5
83B
330
1F
100
AcDbEntity
  8
0
100
AcDbLine
 10
2873.754973554779
 20
1354.259325009714
 30
4.23900824854805
 11
2874.654973554779
 21
1354.259325009715
 31
4.23900824854805
  0
LINE
  5
83C
330
1F
100
AcDbEntity
  8
0
100
AcDbLine
 10
2873.754973554779
 20
1354.509325009714
 30
4.23900824854805
 11
2874.654973554779
 21
1354.509325009715
 31
4.23900824854805
  0
LINE
  5
83D
330
1F
100
AcDbEntity
  8
0
100
AcDbLine
 10
2873.754973554779
 20
1354.759325009714
 30
4.23900824854805
 11
2874.654973554779
 21
1354.759325009715
 31
4.23900824854805
  0
LINE
  5
83E
330
1F
100
AcDbEntity
  8
0
100
AcDbLine
 10
2873.654973554779
 20
1355.009325009714
 30
4.23900824854805
 11
2874.654973554778
 21
1355.009325009715
 31
4.23900824854805
  0
LINE
  5
83F
330
1F
100
AcDbEntity
  8
0
100
AcDbLine
 10
2873.75497355478
 20
1353.759325009714
 30
4.23900824854805
 11
2873.754973554781
 21
1352.859325009714
 31
4.23900824854805
  0
LINE
  5
840
330
1F
100
AcDbEntity
  8
0
100
AcDbLine
 10
2873.654973554777
 20
1355.959325009712
 30
4.23900824854805
 11
2873.654973554781
 21
1352.859325009714
 31
4.23900824854805
  0
MTEXT
  5
841
330
1F
100
AcDbEntity
  8
TEXT_
 62
     0
100
AcDbMText
 10
2868.005202790674
 20
1374.927756698937
 30
0.0
 40
0.1999999999999999
 41
0.920382832289531
 71
     5
 72
     5
  1
TERRACE\P2.10X3.10\P7'0''X10'2''
  7
AN
 11
0.9999999998410581
 21
-1.782929240359396E-5
 31
0.0
1001
ACAD
1000
ACAD_MTEXT_DEFINED_HEIGHT_BEGIN
1070
    46
1040
1.133242382869585
1000
ACAD_MTEXT_DEFINED_HEIGHT_END
  0
MTEXT
  5
842
330
1F
100
AcDbEntity
  8
TEXT_
 62
     0
100
AcDbMText
 10
2868.00520279068
 20
1371.889389764616
 30
0.0
 40
0.1999999999999999
 41
0.920382832289531
 71
     5
 72
     5
  1
TERRACE\P2.10X3.35\P7'0''X11'0''
  7
AN
 11
0.9999999998410581
 21
-1.782929240359396E-5
 31
0.0
1001
ACAD
1000
ACAD_MTEXT_DEFINED_HEIGHT_BEGIN
1070
    46
1040
1.133242382869585
1000
ACAD_MTEXT_DEFINED_HEIGHT_END
  0
DIMENSION
  5
843
102
{ACAD_REACTORS
330
845
102
}
102
{ACAD_XDICTIONARY
360
844
102
}
330
1F
100
AcDbEntity
  8
0
100
AcDbDimension
  2
*D19
 10
2867.054973554759
 20
1363.612020289289
 30
0.0
 11
2866.304973554759
 21
1363.612020289289
 31
0.0
 70
    32
  3
DIM
100
AcDbAlignedDimension
 13
2865.554973554759
 23
1363.612020289286
 33
4.23900824854805
 14
2867.054973554759
 24
1363.612020289289
 34
4.23900824854805
 50
0.0000000001042204
100
AcDbRotatedDimension
  0
DIMENSION
  5
846
102
{ACAD_REACTORS
330
848
102
}
102
{ACAD_XDICTIONARY
360
847
102
}
330
1F
100
AcDbEntity
  8
0
100
AcDbDimension
  2
*D20
 10
2869.154973554759
 20
1364.044049512832
 30
0.0
 11
2867.354973554759
 21
1364.044049512832
 31
0.0
 70
    32
  3
DIM
100
AcDbAlignedDimension
 13
2865.554973554758
 23
1364.037428471572
 33
4.23900824854805
 14
2869.154973554759
 24
1364.03742847158
 34
4.23900824854805
 50
0.0000000001042204
100
AcDbRotatedDimension
  0
DIMENSION
  5
849
330
1F
100
AcDbEntity
  8
0
100
AcDbDimension
  2
*D17
 10
2880.704973554759
 20
1364.02467951219
 30
0.0
 11
2879.954973554759
 21
1364.02467951219
 31
0.0
 70
    32
  3
DIM
100
AcDbAlignedDimension
 13
2879.204973554759
 23
1364.044049512852
 33
4.239008248548117
 14
2880.704973554759
 24
1364.044049512855
 34
4.23900824854805
 50
0.0000000001042204
100
AcDbRotatedDimension
  0
DIMENSION
  5
84A
102
{ACAD_REACTORS
330
84C
102
}
102
{ACAD_XDICTIONARY
360
84B
102
}
330
1F
100
AcDbEntity
  8
0
100
AcDbDimension
  2
*D21
 10
2879.168621717846
 20
1378.342914222937
 30
0.0
 11
2879.168621717846
 21
1377.60111961633
 31
0.0
 70
    32
  3
DIM
100
AcDbAlignedDimension
 13
2879.204973554733
 23
1376.859325009724
 33
4.23900824854805
 14
2879.16862171784
 24
1378.342914222937
 34
4.23900824854805
 50
90.00000000010422
100
AcDbRotatedDimension
  0
MTEXT
  5
84D
330
1F
100
AcDbEntity
  8
0
  6
BYBLOCK
 62
     7
100
AcDbMText
 10
2877.682603001901
 20
1351.774179598709
 30
0.0
 40
0.24
 41
7.911175591688772
 71
     8
 72
     5
  1
{\T1.5;\LFIRST FLOOR PLAN}
  7
AN
1001
ACAD
1000
ACAD_MTEXT_DEFINED_HEIGHT_BEGIN
1070
    46
1040
0.5460931911316188
1000
ACAD_MTEXT_DEFINED_HEIGHT_END
  0
MTEXT
  5
84E
330
1F
100
AcDbEntity
  8
TEXT_
 62
     0
100
AcDbMText
 10
2868.005202790687
 20
1368.287341378106
 30
0.0
 40
0.1999999999999999
 41
0.920382832289531
 71
     5
 72
     5
  1
TERRACE\P2.10X3.35\P7'0''X11'0''
  7
AN
 11
0.9999999998410581
 21
-1.782929240359396E-5
 31
0.0
1001
ACAD
1000
ACAD_MTEXT_DEFINED_HEIGHT_BEGIN
1070
    46
1040
1.133242382869585
1000
ACAD_MTEXT_DEFINED_HEIGHT_END
  0
MTEXT
  5
84F
330
1F
100
AcDbEntity
  8
TEXT_
 62
     0
100
AcDbMText
 10
2875.394550771754
 20
1371.932242632918
 30
0.0
 40
0.1999999999999999
 41
1.020382832273659
 71
     5
 72
     5
  1
TOILET\P1.20X1.70\P4'0''X5'9''
  7
AN
 11
0.9999999998410581
 21
-1.782929240359396E-5
 31
0.0
1001
ACAD
1000
ACAD_MTEXT_DEFINED_HEIGHT_BEGIN
1070
    46
1040
1.133242382869585
1000
ACAD_MTEXT_DEFINED_HEIGHT_END
  0
LINE
  5
850
330
1F
100
AcDbEntity
  8
0
100
AcDbLine
 10
2873.754973554737
 20
1374.509325009712
 30
4.23900824854805
 11
2874.654973554739
 21
1373.609325009714
 31
4.23900824854805
  0
LINE
  5
851
330
1F
100
AcDbEntity
  8
0
100
AcDbLine
 10
2873.754973554741
 20
1372.559325009713
 30
4.23900824854805
 11
2874.654973554739
 21
1373.459325009714
 31
4.23900824854805
  0
LINE
  5
852
330
1F
100
AcDbEntity
  8
0
100
AcDbLine
 10
2874.754973554735
 20
1375.809325009714
 30
4.23900824854805
 11
2875.504973554735
 21
1375.809325009714
 31
4.23900824854805
  0
LINE
  5
853
330
1F
100
AcDbEntity
  8
0
100
AcDbLine
 10
2874.754973554745
 20
1371.009325009714
 30
4.23900824854805
 11
2875.504973554745
 21
1371.009325009716
 31
4.23900824854805
  0
MTEXT
  5
854
330
1F
100
AcDbEntity
  8
TEXT_
 62
     0
100
AcDbMText
 10
2877.376678640564
 20
1367.960480427575
 30
0.0
 40
0.1999999999999999
 41
0.920382832289531
 71
     5
 72
     5
  1
BED\P3.00X3.35\P10'0''X11'0''
  7
AN
 11
0.9999999998410581
 21
-1.782929240359396E-5
 31
0.0
1001
ACAD
1000
ACAD_MTEXT_DEFINED_HEIGHT_BEGIN
1070
    46
1040
1.133242382869585
1000
ACAD_MTEXT_DEFINED_HEIGHT_END
  0
MTEXT
  5
855
330
1F
100
AcDbEntity
  8
TEXT_
 62
     0
100
AcDbMText
 10
2877.37667864057
 20
1365.027716025839
 30
0.0
 40
0.1999999999999999
 41
0.920382832289531
 71
     5
 72
     5
  1
BED\P3.00X3.35\P10'0''X11'0''
  7
AN
 11
0.9999999998410581
 21
-1.782929240359396E-5
 31
0.0
1001
ACAD
1000
ACAD_MTEXT_DEFINED_HEIGHT_BEGIN
1070
    46
1040
1.133242382869585
1000
ACAD_MTEXT_DEFINED_HEIGHT_END
  0
LINE
  5
856
330
1F
100
AcDbEntity
  8
0
100
AcDbLine
 10
2873.754973554755
 20
1365.559325009713
 30
4.23900824854805
 11
2874.654973554753
 21
1366.459325009714
 31
4.23900824854805
  0
LINE
  5
857
330
1F
100
AcDbEntity
  8
0
100
AcDbLine
 10
2874.754973554748
 20
1369.059325009714
 30
4.23900824854805
 11
2875.504973554748
 21
1369.059325009716
 31
4.23900824854805
  0
LINE
  5
858
330
1F
100
AcDbEntity
  8
0
100
AcDbLine
 10
2874.754973554759
 20
1364.009325009714
 30
4.23900824854805
 11
2875.504973554759
 21
1364.009325009715
 31
4.23900824854805
  0
MTEXT
  5
859
330
1F
100
AcDbEntity
  8
TEXT_
 62
     0
100
AcDbMText
 10
2875.374484440964
 20
1368.007994738934
 30
0.0
 40
0.1999999999999999
 41
1.020382832273659
 71
     5
 72
     5
  1
TOILET\P1.20X1.82\P4'0''X6'0''
  7
AN
 11
0.9999999998410581
 21
-1.782929240359396E-5
 31
0.0
1001
ACAD
1000
ACAD_MTEXT_DEFINED_HEIGHT_BEGIN
1070
    46
1040
1.133242382869585
1000
ACAD_MTEXT_DEFINED_HEIGHT_END
  0
LINE
  5
85A
330
1F
100
AcDbEntity
  8
0
100
AcDbLine
 10
2873.754973554752
 20
1367.509325009713
 30
4.23900824854805
 11
2874.654973554753
 21
1366.609325009715
 31
4.23900824854805
  0
LINE
  5
85B
330
1F
100
AcDbEntity
  8
0
100
AcDbLine
 10
2876.054973554773
 20
1357.009325009717
 30
4.239008248548048
 11
2876.054973554762
 21
1362.059325009717
 31
4.239008248548048
  0
LINE
  5
85C
330
1F
100
AcDbEntity
  8
0
100
AcDbLine
 10
2875.954973554773
 20
1357.109325009716
 30
4.239008248548048
 11
2875.954973554769
 21
1358.934325009717
 31
4.239008248548048
  0
LINE
  5
85D
330
1F
100
AcDbEntity
  8
0
100
AcDbLine
 10
2875.954973554769
 20
1359.034325009717
 30
4.239008248548048
 11
2875.954973554767
 21
1360.034325009718
 31
4.239008248548048
  0
LINE
  5
85E
330
1F
100
AcDbEntity
  8
0
100
AcDbLine
 10
2875.954973554766
 20
1360.134325009717
 30
4.239008248548048
 11
2875.954973554763
 21
1361.959325009717
 31
4.239008248548048
  0
LINE
  5
85F
330
1F
100
AcDbEntity
  8
0
100
AcDbLine
 10
2874.754973554773
 20
1357.009325009714
 30
4.239008248548048
 11
2874.754973554768
 21
1358.934325009714
 31
4.239008248548048
  0
LINE
  5
860
330
1F
100
AcDbEntity
  8
0
100
AcDbLine
 10
2875.504973554773
 20
1357.009325009716
 30
4.239008248548048
 11
2875.504973554773
 21
1357.109325009716
 31
4.239008248548048
  0
LINE
  5
861
330
1F
100
AcDbEntity
  8
0
100
AcDbLine
 10
2874.754973554768
 20
1359.034325009715
 30
4.239008248548048
 11
2874.754973554766
 21
1360.034325009715
 31
4.239008248548048
  0
LINE
  5
862
330
1F
100
AcDbEntity
  8
0
100
AcDbLine
 10
2874.754973554766
 20
1360.134325009714
 30
4.239008248548048
 11
2874.754973554763
 21
1362.059325009714
 31
4.239008248548048
  0
LINE
  5
863
330
1F
100
AcDbEntity
  8
0
100
AcDbLine
 10
2875.504973554763
 20
1361.959325009716
 30
4.239008248548048
 11
2875.504973554763
 21
1362.059325009716
 31
4.239008248548048
  0
LINE
  5
864
330
1F
100
AcDbEntity
  8
0
100
AcDbLine
 10
2874.654973554772
 20
1357.009325009714
 30
4.239008248548048
 11
2874.654973554762
 21
1362.059325009714
 31
4.239008248548048
  0
LINE
  5
865
330
1F
100
AcDbEntity
  8
0
100
AcDbLine
 10
2874.654973554773
 20
1357.009325009714
 30
4.239008248548048
 11
2874.754973554773
 21
1357.009325009714
 31
4.239008248548048
  0
LINE
  5
866
330
1F
100
AcDbEntity
  8
0
100
AcDbLine
 10
2875.504973554773
 20
1357.009325009716
 30
4.239008248548048
 11
2876.054973554773
 21
1357.009325009717
 31
4.239008248548048
  0
LINE
  5
867
330
1F
100
AcDbEntity
  8
0
100
AcDbLine
 10
2875.504973554773
 20
1357.109325009716
 30
4.239008248548048
 11
2875.954973554773
 21
1357.109325009716
 31
4.239008248548048
  0
LINE
  5
868
330
1F
100
AcDbEntity
  8
0
100
AcDbLine
 10
2874.654973554762
 20
1362.059325009714
 30
4.239008248548048
 11
2874.754973554763
 21
1362.059325009714
 31
4.239008248548048
  0
LINE
  5
869
330
1F
100
AcDbEntity
  8
0
100
AcDbLine
 10
2875.504973554763
 20
1362.059325009716
 30
4.239008248548048
 11
2876.054973554762
 21
1362.059325009717
 31
4.239008248548048
  0
LINE
  5
86A
330
1F
100
AcDbEntity
  8
0
100
AcDbLine
 10
2875.504973554763
 20
1361.959325009716
 30
4.239008248548048
 11
2875.954973554763
 21
1361.959325009717
 31
4.239008248548048
  0
LINE
  5
86B
330
1F
100
AcDbEntity
  8
0
100
AcDbLine
 10
2874.754973554768
 20
1359.034325009715
 30
4.239008248548048
 11
2875.954973554769
 21
1359.034325009718
 31
4.239008248548048
  0
LINE
  5
86C
330
1F
100
AcDbEntity
  8
0
100
AcDbLine
 10
2874.754973554769
 20
1358.934325009714
 30
4.239008248548048
 11
2875.954973554769
 21
1358.934325009717
 31
4.239008248548048
  0
LINE
  5
86D
330
1F
100
AcDbEntity
  8
0
100
AcDbLine
 10
2874.754973554766
 20
1360.034325009715
 30
4.239008248548048
 11
2875.954973554767
 21
1360.034325009718
 31
4.239008248548048
  0
LINE
  5
86E
330
1F
100
AcDbEntity
  8
0
100
AcDbLine
 10
2874.754973554766
 20
1360.134325009714
 30
4.239008248548048
 11
2875.954973554767
 21
1360.134325009717
 31
4.239008248548048
  0
LINE
  5
86F
330
1F
100
AcDbEntity
  8
0
100
AcDbLine
 10
2874.754973554766
 20
1360.034325009715
 30
4.239008248548048
 11
2875.954973554769
 21
1359.034325009718
 31
4.239008248548048
  0
LINE
  5
870
330
1F
100
AcDbEntity
  8
0
100
AcDbLine
 10
2874.754973554768
 20
1359.034325009715
 30
4.239008248548048
 11
2875.954973554767
 21
1360.034325009718
 31
4.239008248548048
  0
MTEXT
  5
871
330
1F
100
AcDbEntity
  8
TEXT_
 62
     0
100
AcDbMText
 10
2875.374484440984
 20
1358.091073222846
 30
-0.0000000000000018
 40
0.1999999999999999
 41
1.020382832273659
 71
     5
 72
     5
  1
TOILET\P1.20X1.82\P4'0''X6'0''
  7
AN
 11
0.9999999998410581
 21
-1.782929240359396E-5
 31
0.0
1001
ACAD
1000
ACAD_MTEXT_DEFINED_HEIGHT_BEGIN
1070
    46
1040
1.133242382869585
1000
ACAD_MTEXT_DEFINED_HEIGHT_END
  0
LINE
  5
872
330
1F
100
AcDbEntity
  8
0
100
AcDbLine
 10
2873.75497355477
 20
1358.559325009713
 30
4.239008248548048
 11
2873.754973554773
 21
1357.059325009713
 31
4.239008248548048
  0
LINE
  5
873
330
1F
100
AcDbEntity
  8
0
100
AcDbLine
 10
2873.75497355477
 20
1358.559325009713
 30
4.239008248548048
 11
2874.65497355477
 21
1358.559325009714
 31
4.239008248548048
  0
LINE
  5
874
330
1F
100
AcDbEntity
  8
0
100
AcDbLine
 10
2873.75497355477
 20
1358.309325009713
 30
4.239008248548048
 11
2874.65497355477
 21
1358.309325009714
 31
4.239008248548048
  0
LINE
  5
875
330
1F
100
AcDbEntity
  8
0
100
AcDbLine
 10
2873.754973554771
 20
1358.059325009713
 30
4.239008248548048
 11
2874.654973554771
 21
1358.059325009714
 31
4.239008248548048
  0
LINE
  5
876
330
1F
100
AcDbEntity
  8
0
100
AcDbLine
 10
2873.754973554772
 20
1357.809325009713
 30
4.239008248548048
 11
2874.654973554771
 21
1357.809325009714
 31
4.239008248548048
  0
LINE
  5
877
330
1F
100
AcDbEntity
  8
0
100
AcDbLine
 10
2873.754973554772
 20
1357.559325009713
 30
4.239008248548048
 11
2874.654973554771
 21
1357.559325009714
 31
4.239008248548048
  0
LINE
  5
878
330
1F
100
AcDbEntity
  8
0
100
AcDbLine
 10
2873.754973554772
 20
1357.309325009713
 30
4.239008248548048
 11
2874.654973554772
 21
1357.309325009714
 31
4.239008248548048
  0
LINE
  5
879
330
1F
100
AcDbEntity
  8
0
100
AcDbLine
 10
2873.654973554773
 20
1357.059325009713
 30
4.239008248548048
 11
2874.654973554773
 21
1357.059325009714
 31
4.239008248548048
  0
LINE
  5
87A
330
1F
100
AcDbEntity
  8
0
100
AcDbLine
 10
2873.75497355477
 20
1358.559325009713
 30
4.239008248548048
 11
2873.754973554768
 21
1359.459325009713
 31
4.239008248548048
  0
LINE
  5
87B
330
1F
100
AcDbEntity
  8
0
100
AcDbLine
 10
2873.654973554775
 20
1356.109325009712
 30
4.239008248548048
 11
2873.654973554768
 21
1359.459325009712
 31
4.239008248548048
  0
LINE
  5
87C
330
1F
100
AcDbEntity
  8
0
100
AcDbLine
 10
2873.754973554766
 20
1360.509325009712
 30
4.239008248548048
 11
2873.754973554763
 21
1362.009325009712
 31
4.239008248548048
  0
LINE
  5
87D
330
1F
100
AcDbEntity
  8
0
100
AcDbLine
 10
2873.754973554766
 20
1360.509325009712
 30
4.239008248548048
 11
2874.654973554766
 21
1360.509325009714
 31
4.239008248548048
  0
LINE
  5
87E
330
1F
100
AcDbEntity
  8
0
100
AcDbLine
 10
2873.754973554765
 20
1360.759325009712
 30
4.239008248548048
 11
2874.654973554765
 21
1360.759325009714
 31
4.239008248548048
  0
LINE
  5
87F
330
1F
100
AcDbEntity
  8
0
100
AcDbLine
 10
2873.754973554765
 20
1361.009325009712
 30
4.239008248548048
 11
2874.654973554764
 21
1361.009325009714
 31
4.239008248548048
  0
LINE
  5
880
330
1F
100
AcDbEntity
  8
0
100
AcDbLine
 10
2873.754973554765
 20
1361.259325009712
 30
4.239008248548048
 11
2874.654973554764
 21
1361.259325009714
 31
4.239008248548048
  0
LINE
  5
881
330
1F
100
AcDbEntity
  8
0
100
AcDbLine
 10
2873.754973554764
 20
1361.509325009712
 30
4.239008248548048
 11
2874.654973554764
 21
1361.509325009714
 31
4.239008248548048
  0
LINE
  5
882
330
1F
100
AcDbEntity
  8
0
100
AcDbLine
 10
2873.754973554763
 20
1361.759325009712
 30
4.239008248548048
 11
2874.654973554763
 21
1361.759325009714
 31
4.239008248548048
  0
LINE
  5
883
330
1F
100
AcDbEntity
  8
0
100
AcDbLine
 10
2873.654973554762
 20
1362.009325009712
 30
4.239008248548048
 11
2874.654973554762
 21
1362.009325009714
 31
4.239008248548048
  0
LINE
  5
884
330
1F
100
AcDbEntity
  8
0
100
AcDbLine
 10
2873.754973554766
 20
1360.509325009712
 30
4.239008248548048
 11
2873.754973554767
 21
1359.609325009713
 31
4.239008248548048
  0
LINE
  5
885
330
1F
100
AcDbEntity
  8
0
100
AcDbLine
 10
2873.654973554761
 20
1362.959325009712
 30
4.239008248548048
 11
2873.654973554768
 21
1359.609325009713
 31
4.239008248548048
  0
MTEXT
  5
886
330
1F
100
AcDbEntity
  8
TEXT_
 62
     0
100
AcDbMText
 10
2877.376678640579
 20
1360.960480427575
 30
-0.0000000000000018
 40
0.1999999999999999
 41
0.920382832289531
 71
     5
 72
     5
  1
BED\P3.00X3.35\P10'0''X11'0''
  7
AN
 11
0.9999999998410581
 21
-1.782929240359396E-5
 31
0.0
1001
ACAD
1000
ACAD_MTEXT_DEFINED_HEIGHT_BEGIN
1070
    46
1040
1.133242382869585
1000
ACAD_MTEXT_DEFINED_HEIGHT_END
  0
MTEXT
  5
887
330
1F
100
AcDbEntity
  8
TEXT_
 62
     0
100
AcDbMText
 10
2877.376678640584
 20
1358.027716025839
 30
-0.0000000000000018
 40
0.1999999999999999
 41
0.920382832289531
 71
     5
 72
     5
  1
BED\P3.00X3.35\P10'0''X11'0''
  7
AN
 11
0.9999999998410581
 21
-1.782929240359396E-5
 31
0.0
1001
ACAD
1000
ACAD_MTEXT_DEFINED_HEIGHT_BEGIN
1070
    46
1040
1.133242382869585
1000
ACAD_MTEXT_DEFINED_HEIGHT_END
  0
MTEXT
  5
888
330
1F
100
AcDbEntity
  8
TEXT_
 62
     0
100
AcDbMText
 10
2871.628981756427
 20
1357.961247535862
 30
-0.0000000000000018
 40
0.1999999999999999
 41
0.920382832289531
 71
     5
 72
     5
  1
BED\P4.35X3.35\P14'5''X11'0''
  7
AN
 11
0.9999999998410581
 21
-1.782929240359396E-5
 31
0.0
1001
ACAD
1000
ACAD_MTEXT_DEFINED_HEIGHT_BEGIN
1070
    46
1040
1.133242382869585
1000
ACAD_MTEXT_DEFINED_HEIGHT_END
  0
LINE
  5
889
330
1F
100
AcDbEntity
  8
0
100
AcDbLine
 10
2873.75497355477
 20
1358.559325009713
 30
4.239008248548048
 11
2874.654973554768
 21
1359.459325009715
 31
4.239008248548048
  0
LINE
  5
88A
330
1F
100
AcDbEntity
  8
0
100
AcDbLine
 10
2874.754973554763
 20
1362.059325009714
 30
4.239008248548048
 11
2875.504973554763
 21
1362.059325009716
 31
4.239008248548048
  0
LINE
  5
88B
330
1F
100
AcDbEntity
  8
0
100
AcDbLine
 10
2874.754973554773
 20
1357.009325009714
 30
4.239008248548048
 11
2875.504973554773
 21
1357.009325009715
 31
4.239008248548048
  0
MTEXT
  5
88C
330
1F
100
AcDbEntity
  8
TEXT_
 62
     0
100
AcDbMText
 10
2875.374484440978
 20
1361.007994738934
 30
-0.0000000000000018
 40
0.1999999999999999
 41
1.020382832273659
 71
     5
 72
     5
  1
TOILET\P1.20X1.82\P4'0''X6'0''
  7
AN
 11
0.9999999998410581
 21
-1.782929240359396E-5
 31
0.0
1001
ACAD
1000
ACAD_MTEXT_DEFINED_HEIGHT_BEGIN
1070
    46
1040
1.133242382869585
1000
ACAD_MTEXT_DEFINED_HEIGHT_END
  0
LINE
  5
88D
330
1F
100
AcDbEntity
  8
0
100
AcDbLine
 10
2873.754973554766
 20
1360.509325009713
 30
4.239008248548048
 11
2874.654973554768
 21
1359.609325009715
 31
4.239008248548048
  0
LINE
  5
88E
330
1F
100
AcDbEntity
  8
0
100
AcDbLine
 10
2853.57034564841
 20
1353.759325009673
 30
4.23900824854805
 11
2853.570345648412
 21
1352.859325009673
 31
4.23900824854805
  0
LINE
  5
88F
330
1F
100
AcDbEntity
  8
0
100
AcDbLine
 10
2854.570345648407
 20
1355.059325009674
 30
4.23900824854805
 11
2855.320345648407
 21
1355.059325009675
 31
4.23900824854805
  0
MTEXT
  5
890
330
1F
100
AcDbEntity
  8
TEXT_
 62
     0
100
AcDbMText
 10
2868.005202790694
 20
1364.951189688304
 30
0.0
 40
0.1999999999999999
 41
0.920382832289531
 71
     5
 72
     5
  1
TERRACE\P2.10X3.35\P7'0''X11'0''
  7
AN
 11
0.9999999998410581
 21
-1.782929240359396E-5
 31
0.0
1001
ACAD
1000
ACAD_MTEXT_DEFINED_HEIGHT_BEGIN
1070
    46
1040
1.133242382869585
1000
ACAD_MTEXT_DEFINED_HEIGHT_END
  0
MTEXT
  5
891
330
1F
100
AcDbEntity
  8
TEXT_
 62
     0
100
AcDbMText
 10
2868.005202790701
 20
1361.200033382666
 30
0.0
 40
0.1999999999999999
 41
0.920382832289531
 71
     5
 72
     5
  1
TERRACE\P2.10X3.35\P7'0''X11'0''
  7
AN
 11
0.9999999998410581
 21
-1.782929240359396E-5
 31
0.0
1001
ACAD
1000
ACAD_MTEXT_DEFINED_HEIGHT_BEGIN
1070
    46
1040
1.133242382869585
1000
ACAD_MTEXT_DEFINED_HEIGHT_END
  0
MTEXT
  5
892
330
1F
100
AcDbEntity
  8
TEXT_
 62
     0
100
AcDbMText
 10
2868.005202790708
 20
1358.003079201385
 30
0.0
 40
0.1999999999999999
 41
0.920382832289531
 71
     5
 72
     5
  1
TERRACE\P2.10X3.35\P7'0''X11'0''
  7
AN
 11
0.9999999998410581
 21
-1.782929240359396E-5
 31
0.0
1001
ACAD
1000
ACAD_MTEXT_DEFINED_HEIGHT_BEGIN
1070
    46
1040
1.133242382869585
1000
ACAD_MTEXT_DEFINED_HEIGHT_END
  0
MTEXT
  5
893
330
1F
100
AcDbEntity
  8
TEXT_
 62
     0
100
AcDbMText
 10
2868.005202790715
 20
1354.45165990415
 30
0.0
 40
0.1999999999999999
 41
0.920382832289531
 71
     5
 72
     5
  1
TERRACE\P2.10X3.35\P7'0''X11'0''
  7
AN
 11
0.9999999998410581
 21
-1.782929240359396E-5
 31
0.0
1001
ACAD
1000
ACAD_MTEXT_DEFINED_HEIGHT_BEGIN
1070
    46
1040
1.133242382869585
1000
ACAD_MTEXT_DEFINED_HEIGHT_END
  0
LINE
  5
894
330
1F
100
AcDbEntity
  8
0
100
AcDbLine
 10
2874.754973554777
 20
1355.059325009714
 30
4.23900824854805
 11
2875.504973554777
 21
1355.059325009716
 31
4.23900824854805
  0
LINE
  5
895
330
1F
100
AcDbEntity
  8
0
100
AcDbLine
 10
2875.954973554777
 20
1354.959325009717
 30
4.23900824854805
 11
2875.954973554777
 21
1355.059325009717
 31
4.23900824854805
  0
LINE
  5
896
330
1F
100
AcDbEntity
  8
0
100
AcDbLine
 10
2875.954973554777
 20
1355.059325009717
 30
4.23900824854805
 11
2875.954973554775
 21
1355.959325009717
 31
4.23900824854805
  0
MTEXT
  5
897
330
1F
100
AcDbEntity
  8
TEXT_
 62
     0
100
AcDbMText
 10
2871.62898175642
 20
1361.162383064942
 30
-0.0000000000000018
 40
0.1999999999999999
 41
0.920382832289531
 71
     5
 72
     5
  1
BED\P4.35X3.35\P14'5''X11'0''
  7
AN
 11
0.9999999998410581
 21
-1.782929240359396E-5
 31
0.0
1001
ACAD
1000
ACAD_MTEXT_DEFINED_HEIGHT_BEGIN
1070
    46
1040
1.133242382869585
1000
ACAD_MTEXT_DEFINED_HEIGHT_END
  0
MTEXT
  5
898
330
1F
100
AcDbEntity
  8
TEXT_
 62
     0
100
AcDbMText
 10
2871.628981756412
 20
1365.03954921776
 30
-0.0000000000000018
 40
0.1999999999999999
 41
0.920382832289531
 71
     5
 72
     5
  1
BED\P4.35X3.35\P14'5''X11'0''
  7
AN
 11
0.9999999998410581
 21
-1.782929240359396E-5
 31
0.0
1001
ACAD
1000
ACAD_MTEXT_DEFINED_HEIGHT_BEGIN
1070
    46
1040
1.133242382869585
1000
ACAD_MTEXT_DEFINED_HEIGHT_END
  0
MTEXT
  5
899
330
1F
100
AcDbEntity
  8
TEXT_
 62
     0
100
AcDbMText
 10
2871.628981756406
 20
1368.152801478967
 30
-0.0000000000000018
 40
0.1999999999999999
 41
0.920382832289531
 71
     5
 72
     5
  1
BED\P4.35X3.35\P14'5''X11'0''
  7
AN
 11
0.9999999998410581
 21
-1.782929240359396E-5
 31
0.0
1001
ACAD
1000
ACAD_MTEXT_DEFINED_HEIGHT_BEGIN
1070
    46
1040
1.133242382869585
1000
ACAD_MTEXT_DEFINED_HEIGHT_END
  0
MTEXT
  5
89A
330
1F
100
AcDbEntity
  8
TEXT_
 62
     0
100
AcDbMText
 10
2871.628981756398
 20
1372.044204275952
 30
-0.0000000000000018
 40
0.1999999999999999
 41
0.920382832289531
 71
     5
 72
     5
  1
BED\P4.35X3.35\P14'5''X11'0''
  7
AN
 11
0.9999999998410581
 21
-1.782929240359396E-5
 31
0.0
1001
ACAD
1000
ACAD_MTEXT_DEFINED_HEIGHT_BEGIN
1070
    46
1040
1.133242382869585
1000
ACAD_MTEXT_DEFINED_HEIGHT_END
  0
LINE
  5
89B
330
1F
100
AcDbEntity
  8
0
100
AcDbLine
 10
2875.954973554735
 20
1375.709325009717
 30
4.23900824854805
 11
2875.954973554735
 21
1375.809325009716
 31
4.239008248548048
  0
LINE
  5
89C
330
1F
100
AcDbEntity
  8
0
100
AcDbLine
 10
2875.954973554735
 20
1375.809325009716
 30
4.239008248548048
 11
2875.954973554733
 21
1376.709325009717
 31
4.23900824854805
  0
LINE
  5
89D
330
1F
100
AcDbEntity
  8
0
100
AcDbLine
 10
2875.954973554744
 20
1371.109325009716
 30
4.23900824854805
 11
2875.954973554745
 21
1371.009325009717
 31
4.23900824854805
  0
LINE
  5
89E
330
1F
100
AcDbEntity
  8
0
100
AcDbLine
 10
2875.954973554745
 20
1371.009325009717
 30
4.23900824854805
 11
2875.954973554747
 21
1370.109325009716
 31
4.23900824854805
  0
LINE
  5
89F
330
1F
100
AcDbEntity
  8
0
100
AcDbLine
 10
2875.954973554749
 20
1368.959325009717
 30
4.23900824854805
 11
2875.954973554749
 21
1369.059325009717
 31
4.23900824854805
  0
LINE
  5
8A0
330
1F
100
AcDbEntity
  8
0
100
AcDbLine
 10
2875.954973554749
 20
1369.059325009717
 30
4.23900824854805
 11
2875.954973554747
 21
1369.959325009717
 31
4.23900824854805
  0
LINE
  5
8A1
330
1F
100
AcDbEntity
  8
0
100
AcDbLine
 10
2875.954973554759
 20
1364.109325009716
 30
4.23900824854805
 11
2875.954973554759
 21
1364.009325009717
 31
4.23900824854805
  0
LINE
  5
8A2
330
1F
100
AcDbEntity
  8
0
100
AcDbLine
 10
2875.954973554759
 20
1364.009325009717
 30
4.23900824854805
 11
2875.954973554761
 21
1363.109325009716
 31
4.23900824854805
  0
LINE
  5
8A3
330
1F
100
AcDbEntity
  8
0
100
AcDbLine
 10
2875.954973554763
 20
1361.959325009717
 30
4.239008248548048
 11
2875.954973554763
 21
1362.059325009717
 31
4.239008248548048
  0
LINE
  5
8A4
330
1F
100
AcDbEntity
  8
0
100
AcDbLine
 10
2875.954973554763
 20
1362.059325009717
 30
4.239008248548048
 11
2875.954973554761
 21
1362.959325009717
 31
4.23900824854805
  0
LINE
  5
8A5
330
1F
100
AcDbEntity
  8
0
100
AcDbLine
 10
2875.954973554773
 20
1357.109325009716
 30
4.239008248548048
 11
2875.954973554773
 21
1357.009325009717
 31
4.239008248548048
  0
LINE
  5
8A6
330
1F
100
AcDbEntity
  8
0
100
AcDbLine
 10
2875.954973554773
 20
1357.009325009717
 30
4.239008248548048
 11
2875.954973554774
 21
1356.109325009716
 31
4.23900824854805
  0
ENDSEC
  0
SECTION
  2
OBJECTS
  0
DICTIONARY
  5
C
330
0
100
AcDbDictionary
  3
ACAD_CIP_PREVIOUS_PRODUCT_INFO
350
216
  3
ACAD_COLOR
350
6B
  3
ACAD_DETAILVIEWSTYLE
350
21B
  3
ACAD_GROUP
350
D
  3
ACAD_LAST_SAVED_VERSION_INFO
350
96B
  3
ACAD_LAYOUT
350
1A
  3
ACAD_MATERIAL
350
6A
  3
ACAD_MLEADERSTYLE
350
12D
  3
ACAD_MLINESTYLE
350
17
  3
ACAD_PLOTSETTINGS
350
19
  3
ACAD_SCALELIST
350
10C
  3
ACAD_SECTIONVIEWSTYLE
350
219
  3
ACAD_VISUALSTYLE
350
EF
  3
ACAD_WIPEOUT_VARS
350
997
  3
ACDBHEADERROUNDTRIPXREC
350
96C
  3
ACDBVARIABLEDICTIONARY
350
356
  3
DWGPROPS
350
991
  0
DICTIONARY
  5
992
330
8
100
AcDbDictionary
280
     1
  3
ACAD_XREC_ROUNDTRIP
360
993
  0
DICTIONARY
  5
1FF
330
2
100
AcDbDictionary
280
     1
  3
ACAD_LAYERSTATES
360
200
  0
DICTIONARY
  5
2C2
330
2C1
100
AcDbDictionary
280
     1
  3
ACAD_SORTENTS
360
2C3
  0
DICTIONARY
  5
661
330
660
100
AcDbDictionary
280
     1
  0
DICTIONARY
  5
663
330
662
100
AcDbDictionary
280
     1
  0
DICTIONARY
  5
665
330
664
100
AcDbDictionary
280
     1
  0
DICTIONARY
  5
6BD
330
6BC
100
AcDbDictionary
280
     1
  3
ACAD_DIMASSOC
360
6BE
  0
DICTIONARY
  5
701
330
700
100
AcDbDictionary
280
     1
  3
ACAD_DIMASSOC
360
702
  0
DICTIONARY
  5
704
330
703
100
AcDbDictionary
280
     1
  3
ACAD_DIMASSOC
360
705
  0
DICTIONARY
  5
707
330
706
100
AcDbDictionary
280
     1
  3
ACAD_DIMASSOC
360
708
  0
DICTIONARY
  5
70A
330
709
100
AcDbDictionary
280
     1
  3
ACAD_DIMASSOC
360
70B
  0
DICTIONARY
  5
7BB
330
7BA
100
AcDbDictionary
280
     1
  0
DICTIONARY
  5
7BD
330
7BC
100
AcDbDictionary
280
     1
  0
DICTIONARY
  5
7BF
330
7BE
100
AcDbDictionary
280
     1
  0
DICTIONARY
  5
844
330
843
100
AcDbDictionary
280
     1
  3
ACAD_DIMASSOC
360
845
  0
DICTIONARY
  5
847
330
846
100
AcDbDictionary
280
     1
  3
ACAD_DIMASSOC
360
848
  0
DICTIONARY
  5
84B
330
84A
100
AcDbDictionary
280
     1
  3
ACAD_DIMASSOC
360
84C
  0
XRECORD
  5
216
102
{ACAD_REACTORS
330
C
102
}
330
C
100
AcDbXrecord
300
ACD
300
2025
300

  0
DICTIONARY
  5
6B
102
{ACAD_REACTORS
330
C
102
}
330
C
100
AcDbDictionary
  0
DICTIONARY
  5
21B
102
{ACAD_REACTORS
330
C
102
}
330
C
100
AcDbDictionary
  3
METRIC50
350
21C
  0
DICTIONARY
  5
D
102
{ACAD_REACTORS
330
C
102
}
330
C
100
AcDbDictionary
  0
XRECORD
  5
96B
102
{ACAD_REACTORS
330
C
102
}
330
C
100
AcDbXrecord
300
{AE163455-15DB-A848-92AE-2C5217463E2D}
301
{EDC2743A-41FB-0B4D-B144-97D3AE2115DC}
302
{AE163455-15DB-A848-92AE-2C5217463E2D}
303
C:\Users\sushi\Desktop\PROJECT A-16\Plans\16.dwg
  0
DICTIONARY
  5
1A
102
{ACAD_REACTORS
330
C
102
}
330
C
100
AcDbDictionary
  0
DICTIONARY
  5
6A
102
{ACAD_REACTORS
330
C
102
}
330
C
100
AcDbDictionary
  3
BYBLOCK
350
ED
  3
BYLAYER
350
EC
  3
GLOBAL
350
EE
  0
DICTIONARY
  5
12D
102
{ACAD_REACTORS
330
C
102
}
330
C
100
AcDbDictionary
  3
ANNOTATIVE
350
13B
  3
STANDARD
350
12E
  0
DICTIONARY
  5
17
102
{ACAD_REACTORS
330
C
102
}
330
C
100
AcDbDictionary
  3
STANDARD
350
18
  0
DICTIONARY
  5
19
102
{ACAD_REACTORS
330
C
102
}
330
C
100
AcDbDictionary
  0
DICTIONARY
  5
10C
102
{ACAD_REACTORS
330
C
102
}
330
C
100
AcDbDictionary
  3
A0
350
10D
  3
A1
350
1BE
  3
A2
350
1BF
  3
A3
350
1C0
  3
A4
350
1C1
  3
A5
350
1C2
  3
A6
350
1C3
  3
A7
350
1C4
  3
A8
350
1C5
  3
A9
350
1C6
  3
B0
350
1C7
  3
B1
350
1C8
  3
B2
350
1C9
  3
B3
350
1CA
  3
B4
350
1CB
  3
B5
350
1CC
  3
B6
350
1CD
  0
DICTIONARY
  5
219
102
{ACAD_REACTORS
330
C
102
}
330
C
100
AcDbDictionary
  3
METRIC50
350
21A
  0
DICTIONARY
  5
EF
102
{ACAD_REACTORS
330
C
102
}
330
C
100
AcDbDictionary
  3
2DWIREFRAME
350
F5
  3
BASIC
350
F4
  3
BRIGHTEN
350
FB
  3
COLORCHANGE
350
FF
  3
CONCEPTUAL
350
F8
  3
DIM
350
FA
  3
EDGECOLOROFF
350
1E6
  3
FACEPATTERN
350
FE
  3
FLAT
350
F0
  3
FLATWITHEDGES
350
F1
  3
GOURAUD
350
F2
  3
GOURAUDWITHEDGES
350
F3
  3
HIDDEN
350
F7
  3
JITTEROFF
350
1E4
  3
LINEPATTERN
350
FD
  3
OVERHANGOFF
350
1E5
  3
REALISTIC
350
F9
  3
SHADED
350
1F3
  3
SHADED_WITH_EDGES
350
1F2
  3
SHADES_OF_GRAY
350
1EF
  3
SKETCHY
350
1F0
  3
THICKEN
350
FC
  3
WIREFRAME
350
F6
  3
X-RAY
350
1F1
  0
WIPEOUTVARIABLES
  5
997
102
{ACAD_REACTORS
330
C
102
}
330
C
100
AcDbWipeoutVariables
 70
     0
  0
DICTIONARY
  5
96C
102
{ACAD_REACTORS
330
C
102
}
330
C
100
AcDbDictionary
  3
CEPSNID
350
976
  3
CEPSNTYPE
350
975
  3
COLORDICT
350
98F
  3
DIMSTYLEDATA
350
98C
  3
FINGERPRINTGUID
350
977
  3
HYPERLINKBASE
350
96F
  3
INSUNITS
350
974
  3
LAYOUTDICT
350
971
  3
LWETCUNION
350
973
  3
MATERIALDICT
350
990
  3
PLOTSETDICT
350
972
  3
PSVPSCALE
350
979
  3
PUCSBASE
350
97C
  3
PUCSORGBACK
350
982
  3
PUCSORGBOTTOM
350
97E
  3
PUCSORGFRONT
350
981
  3
PUCSORGLEFT
350
97F
  3
PUCSORGRIGHT
350
980
  3
PUCSORGTOP
350
97D
  3
PUCSORTHOREF
350
97A
  3
PUCSORTHOVIEW
350
97B
  3
STYLESHEET
350
970
  3
TSTACKALIGN
350
96D
  3
TSTACKSIZE
350
96E
  3
UCSBASE
350
985
  3
UCSORGBACK
350
98B
  3
UCSORGBOTTOM
350
987
  3
UCSORGFRONT
350
98A
  3
UCSORGLEFT
350
988
  3
UCSORGRIGHT
350
989
  3
UCSORGTOP
350
986
  3
UCSORTHOREF
350
983
  3
UCSORTHOVIEW
350
984
  3
VERSIONGUID
350
978
  0
DICTIONARY
  5
356
102
{ACAD_REACTORS
330
C
102
}
330
C
100
AcDbDictionary
  3
#REVCLOUDAPPROXARCLEN
350
357
  3
ANNOALLVISIBLE
350
358
  3
CANNOSCALE
350
359
  3
CENTEREXE
350
35A
  3
CMLEADERSTYLE
350
35B
  3
CTABLESTYLE
350
35C
  3
CVIEWDETAILSTYLE
350
35D
  3
CVIEWSECTIONSTYLE
350
35E
  3
DGNFRAME
350
35F
  3
DIMADEC
350
360
  3
DIMASSOC
350
361
  3
DWFFRAME
350
362
  3
EXPORTPAPERSPACE
350
363
  3
HIDETEXT
350
364
  3
HPCOLOR
350
365
  3
HPINHERIT
350
366
  3
HPLAYER
350
367
  3
HPTRANSPARENCY
350
368
  3
INDEXCTL
350
369
  3
LAYEREVAL
350
36A
  3
LAYERNOTIFY
350
36B
  3
LIGHTINGUNITS
350
36C
  3
MLEADERSCALE
350
36D
  3
MSLTSCALE
350
36E
  3
OLEFRAME
350
36F
  3
PDFFRAME
350
370
  3
PSOLHEIGHT
350
98E
  3
PSOLWIDTH
350
98D
  3
SOLIDHIST
350
371
  3
SORTENTS
350
372
  3
WIPEOUTFRAME
350
373
  0
XRECORD
  5
991
102
{ACAD_REACTORS
330
C
102
}
330
C
100
AcDbXrecord
  1
DWGPROPS COOKIE
  2

  3

  4

  6

  7

  8
cmdrun
  9

300
=
301
=
302
=
303
=
304
=
305
=
306
=
307
=
308
=
309
=
 40
0.0
 41
2460873.2528125
 42
2460942.868790359
  1

 90
        0
  0
XRECORD
  5
993
102
{ACAD_REACTORS
330
992
102
}
330
992
100
AcDbXrecord
102
VTR_0.000_0.000_1.000_1.000_VISUALSTYLE
340
F5
102
VTR_0.000_0.000_1.000_1.000_GRIDDISPLAY
 70
     3
102
VTR_0.000_0.000_1.000_1.000_GRIDMAJOR
 70
     5
102
VTR_0.000_0.000_1.000_1.000_DEFAULTLIGHTING
280
     1
102
VTR_0.000_0.000_1.000_1.000_DEFAULTLIGHTINGTYPE
 70
     1
102
VTR_0.000_0.000_1.000_1.000_BRIGHTNESS
141
0.0
102
VTR_0.000_0.000_1.000_1.000_CONTRAST
142
0.0
  0
DICTIONARY
  5
200
102
{ACAD_REACTORS
330
1FF
102
}
330
1FF
100
AcDbDictionary
  0
SORTENTSTABLE
  5
2C3
102
{ACAD_REACTORS
330
2C2
102
}
330
2C2
100
AcDbSortentsTable
330
2C1
  0
ACAD_PROXY_OBJECT
  5
6BE
102
{ACAD_REACTORS
330
6BD
102
}
330
6BD
100
AcDbProxyObject
 90
      499
 91
      518
 93
      772
310
40C0088A0B1A23127B9B730B82837B4B73A2932B3012028150000000000001C07F5111416344624F736E6170506F696E745265660840502A11EF1901C633BB4FEAA2282C688C49EE6DCC2E0A0DED2DCE8A4CACC0480A054000000000000701FD40
330
6BC
330
69B
330
621
330
69B
 94
        0
  0
ACAD_PROXY_OBJECT
  5
702
102
{ACAD_REACTORS
330
701
102
}
330
701
100
AcDbProxyObject
 90
      499
 91
      518
 93
      772
310
40C0088A0B1A23127B9B730B82837B4B73A2932B30520281515DDD839E62E1B87F5111416344624F736E6170506F696E745265660840502A3256455AF530380FEAA2282C688C49EE6DCC2E0A0DED2DCE8A4CACC1480A054577760E798B86E1FD40
330
700
330
650
330
6C2
330
650
 94
        0
  0
ACAD_PROXY_OBJECT
  5
705
102
{ACAD_REACTORS
330
704
102
}
330
704
100
AcDbProxyObject
 90
      499
 91
      518
 93
      772
310
40C0088A0B1A23127B9B730B82837B4B73A2932B3052028151D99391D752B7BA7F5111416344624F736E6170506F696E745265660840502A325A52402EBE67EFEAA2282C688C49EE6DCC2E0A0DED2DCE8A4CACC1480A0547664E475D4ADEE9FD40
330
703
330
650
330
6A1
330
650
 94
        0
  0
ACAD_PROXY_OBJECT
  5
708
102
{ACAD_REACTORS
330
707
102
}
330
707
100
AcDbProxyObject
 90
      499
 91
      518
 93
     1358
310
40C0088A0B1A23127B9B730B82837B4B73A2932B30420281506F922B244E54F87F5511416344624F736E6170506F696E7452656600A361EE5AA56D721100CE2CE78516128D40888A0B1A23127B9B730B82837B4B73A2932B3042028150A2AB0A8A30C7BE7F5511416344624F736E6170506F696E745265660840502A0DF245
310
6489CA9F0FEAA2282C688C49EE6DCC2E0A0DED2DCE8A4CACC0146C3DCB54ADAE422019C59CF0A2C251A810
330
706
330
626
330
621
330
626
 94
        0
  0
ACAD_PROXY_OBJECT
  5
70B
102
{ACAD_REACTORS
330
70A
102
}
330
70A
100
AcDbProxyObject
 90
      499
 91
      518
 93
      521
310
40C0088A0B1A23127B9B730B82837B4B73A2932B300A02815344D323F62870DB0A5111416344624F736E6170506F696E745265660A40502A3ED182731C3A3B0FEA00
330
709
330
68F
330
65F
 94
        0
  0
ACAD_PROXY_OBJECT
  5
845
102
{ACAD_REACTORS
330
844
102
}
330
844
100
AcDbProxyObject
 90
      499
 91
      518
 93
      772
310
40C0088A0B1A23127B9B730B82837B4B73A2932B30520281515DDD839E62E1B87F5111416344624F736E6170506F696E745265660840502A3256455AF530380FEAA2282C688C49EE6DCC2E0A0DED2DCE8A4CACC1480A054577760E798B86E1FD40
330
843
330
7AA
330
80C
330
7AA
 94
        0
  0
ACAD_PROXY_OBJECT
  5
848
102
{ACAD_REACTORS
330
847
102
}
330
847
100
AcDbProxyObject
 90
      499
 91
      518
 93
      772
310
40C0088A0B1A23127B9B730B82837B4B73A2932B3052028151D99391D752B7BA7F5111416344624F736E6170506F696E745265660840502A325A52402EBE67EFEAA2282C688C49EE6DCC2E0A0DED2DCE8A4CACC1480A0547664E475D4ADEE9FD40
330
846
330
7AA
330
7F3
330
7AA
 94
        0
  0
ACAD_PROXY_OBJECT
  5
84C
102
{ACAD_REACTORS
330
84B
102
}
330
84B
100
AcDbProxyObject
 90
      499
 91
      518
 93
      521
310
40C0088A0B1A23127B9B730B82837B4B73A2932B300A02815344D323F62870DB0A5111416344624F736E6170506F696E745265660A40502A3ED182731C3A3B0FEA00
330
84A
330
7E5
330
7B9
 94
        0
  0
ACAD_PROXY_OBJECT
  5
21C
102
{ACAD_REACTORS
330
21B
102
}
330
21B
100
AcDbProxyObject
 90
      499
 91
      516
 93
      877
310
9084D65747269633530481E0000000000000A20500E0000000000000A20233E0000000000000A20400000000000017202029B929E2E20B1AB30B9102B34B2BBA232BA30B4B624B21F129014129E2E20B1AB30B9102B34B2BBA9B1B0B632902E33101112B9B7111F1294A33A33800
340
11
340
0
340
16
340
11
340
16
340
16
 94
        0
  0
MATERIAL
  5
ED
102
{ACAD_REACTORS
330
6A
102
}
102
{ACAD_XDICTIONARY
360
1F9
102
}
330
6A
100
AcDbMaterial
  1
BYBLOCK
 73
     2
 78
     2
172
     2
176
     2
270
     2
274
     2
  0
MATERIAL
  5
EC
102
{ACAD_REACTORS
330
6A
102
}
102
{ACAD_XDICTIONARY
360
1F7
102
}
330
6A
100
AcDbMaterial
  1
BYLAYER
 73
     2
 78
     2
172
     2
176
     2
270
     2
274
     2
  0
MATERIAL
  5
EE
102
{ACAD_REACTORS
330
6A
102
}
102
{ACAD_XDICTIONARY
360
173
102
}
330
6A
100
AcDbMaterial
  1
GLOBAL
 73
     2
 43
0.0007999999797903
 43
0.0
 43
0.0
 43
0.0
 43
0.0
 43
0.0007999999797903
 43
0.0
 43
0.0
 43
0.0
 43
0.0
 43
1.0
 43
0.0
 43
0.0
 43
0.0
 43
0.0
 43
1.0
 78
     2
172
     2
 49
0.0007999999797903
 49
0.0
 49
0.0
 49
0.0
 49
0.0
 49
0.0007999999797903
 49
0.0
 49
0.0
 49
0.0
 49
0.0
 49
1.0
 49
0.0
 49
0.0
 49
0.0
 49
0.0
 49
1.0
176
     2
142
0.0007999999797903
142
0.0
142
0.0
142
0.0
142
0.0
142
0.0007999999797903
142
0.0
142
0.0
142
0.0
142
0.0
142
1.0
142
0.0
142
0.0
142
0.0
142
0.0
142
1.0
270
     2
144
0.0007999999797903
144
0.0
144
0.0
144
0.0
144
0.0
144
0.0007999999797903
144
0.0
144
0.0
144
0.0
144
0.0
144
1.0
144
0.0
144
0.0
144
0.0
144
0.0
144
1.0
274
     2
1001
ACAD
1070
    -1
1070
     3
1070
     0
1000

1071
        0
1070
     0
  0
ACAD_PROXY_OBJECT
  5
13B
102
{ACAD_REACTORS
330
12D
102
}
330
12D
100
AcDbProxyObject
 90
      499
 91
      508
 93
      610
310
40901902A4063FBFFFFFE0000000000000020400000000000020404214DD185B99185C990000000000000104090140501A00000000000004100000000000000041025766000000000000039000
340
14
340
0
340
11
340
0
 94
        0
1001
ACAD_MLEADERVER
1070
     2
  0
ACAD_PROXY_OBJECT
  5
12E
102
{ACAD_REACTORS
330
12D
102
}
330
12D
100
AcDbProxyObject
 90
      499
 91
      508
 93
      610
310
40901902A4063FBFFFFFE0000000000000020400000000000020404214DD185B99185C990000000000000104090140501A00000000000004100000000000000041025764000000000000039000
340
14
340
0
340
11
340
0
 94
        0
1001
ACAD_MLEADERVER
1070
     2
  0
MLINESTYLE
  5
18
102
{ACAD_REACTORS
330
17
102
}
330
17
100
AcDbMlineStyle
  2
STANDARD
 70
     0
  3

 62
   256
 51
90.0
 52
90.0
 71
     2
 49
0.5
 62
   256
  6
BYLAYER
 49
-0.5
 62
   256
  6
BYLAYER
  0
ACAD_PROXY_OBJECT
  5
10D
102
{ACAD_REACTORS
330
10C
102
}
330
10C
100
AcDbProxyObject
 90
      499
 91
      507
 93
       41
310
903313A31580
  0
ACAD_PROXY_OBJECT
  5
1BE
102
{ACAD_REACTORS
330
10C
102
}
330
10C
100
AcDbProxyObject
 90
      499
 91
      507
 93
      105
310
903313A324000000000000004000
  0
ACAD_PROXY_OBJECT
  5
1BF
102
{ACAD_REACTORS
330
10C
102
}
330
10C
100
AcDbProxyObject
 90
      499
 91
      507
 93
      105
310
903313A344000000000000104000
  0
ACAD_PROXY_OBJECT
  5
1C0
102
{ACAD_REACTORS
330
10C
102
}
330
10C
100
AcDbProxyObject
 90
      499
 91
      507
 93
      105
310
903313A354000000000000144000
  0
ACAD_PROXY_OBJECT
  5
1C1
102
{ACAD_REACTORS
330
10C
102
}
330
10C
100
AcDbProxyObject
 90
      499
 91
      507
 93
      105
310
903313A384000000000000204000
  0
ACAD_PROXY_OBJECT
  5
1C2
102
{ACAD_REACTORS
330
10C
102
}
330
10C
100
AcDbProxyObject
 90
      499
 91
      507
 93
      113
310
904313A31304000000000000244000
  0
ACAD_PROXY_OBJECT
  5
1C3
102
{ACAD_REACTORS
330
10C
102
}
330
10C
100
AcDbProxyObject
 90
      499
 91
      507
 93
      113
310
904313A31364000000000000304000
  0
ACAD_PROXY_OBJECT
  5
1C4
102
{ACAD_REACTORS
330
10C
102
}
330
10C
100
AcDbProxyObject
 90
      499
 91
      507
 93
      113
310
904313A32304000000000000344000
  0
ACAD_PROXY_OBJECT
  5
1C5
102
{ACAD_REACTORS
330
10C
102
}
330
10C
100
AcDbProxyObject
 90
      499
 91
      507
 93
      113
310
904313A333040000000000003E4000
  0
ACAD_PROXY_OBJECT
  5
1C6
102
{ACAD_REACTORS
330
10C
102
}
330
10C
100
AcDbProxyObject
 90
      499
 91
      507
 93
      113
310
904313A34304000000000000444000
  0
ACAD_PROXY_OBJECT
  5
1C7
102
{ACAD_REACTORS
330
10C
102
}
330
10C
100
AcDbProxyObject
 90
      499
 91
      507
 93
      113
310
904313A35304000000000000494000
  0
ACAD_PROXY_OBJECT
  5
1C8
102
{ACAD_REACTORS
330
10C
102
}
330
10C
100
AcDbProxyObject
 90
      499
 91
      507
 93
      121
310
905313A3130304000000000000594000
  0
ACAD_PROXY_OBJECT
  5
1C9
102
{ACAD_REACTORS
330
10C
102
}
330
10C
100
AcDbProxyObject
 90
      499
 91
      507
 93
      105
310
903323A310000000000000010100
  0
ACAD_PROXY_OBJECT
  5
1CA
102
{ACAD_REACTORS
330
10C
102
}
330
10C
100
AcDbProxyObject
 90
      499
 91
      507
 93
      105
310
903343A310000000000000410100
  0
ACAD_PROXY_OBJECT
  5
1CB
102
{ACAD_REACTORS
330
10C
102
}
330
10C
100
AcDbProxyObject
 90
      499
 91
      507
 93
      105
310
903383A310000000000000810100
  0
ACAD_PROXY_OBJECT
  5
1CC
102
{ACAD_REACTORS
330
10C
102
}
330
10C
100
AcDbProxyObject
 90
      499
 91
      507
 93
      113
310
90431303A310000000000000910100
  0
ACAD_PROXY_OBJECT
  5
1CD
102
{ACAD_REACTORS
330
10C
102
}
330
10C
100
AcDbProxyObject
 90
      499
 91
      507
 93
      121
310
9053130303A310000000000001650100
  0
ACAD_PROXY_OBJECT
  5
21A
102
{ACAD_REACTORS
330
219
102
}
330
219
100
AcDbProxyObject
 90
      499
 91
      515
 93
     2015
310
9084D657472696335304B360000000000000A2060000000000000A202209258409E5840A25840A65840B05840B40000000000001220233A65800000000000028800000000000000A2060000000000000A2040000000000001720202AC929E2E20B1AB30B9102B34B2BBA9B2B1BA34B7B729BA30B93A24B21F1296929E2E20B
310
1AB30B9102B34B2BBA9B2B1BA34B7B722B73224B21F129014129E2E20B1AB30B9102B34B2BBA9B1B0B632902E33101112B9B7111F1294E0080A0C829CA6926662C400000000000002204000000000000022020D0305A88A9F643F27E32B9969C2960E81F87FA0718D4DE3E87E32B9969C2960E85F9E5129FC49EA5FA7E
340
11
340
0
340
0
340
16
340
16
340
11
 94
        0
  0
ACAD_PROXY_OBJECT
  5
F5
102
{ACAD_REACTORS
330
EF
102
}
330
EF
100
AcDbProxyObject
 90
      499
 91
      506
 93
      444
310
42CC9915DA5C99599C985B59504902404333333333333E33F0000000000000F90107901411070040501600405405064090741402480A0340
1001
ACAD
1000
AcDbSavedByObjectVersion
1070
     0
  0
ACAD_PROXY_OBJECT
  5
F4
102
{ACAD_REACTORS
330
EF
102
}
330
EF
100
AcDbProxyObject
 90
      499
 91
      506
 93
      388
310
4150985CDA58D07406404333333333333E33F0000000000000F90107A41107004050150841D405064090741402480A0350
1001
ACAD
1000
AcDbSavedByObjectVersion
1070
     0
  0
ACAD_PROXY_OBJECT
  5
FB
102
{ACAD_REACTORS
330
EF
102
}
330
EF
100
AcDbProxyObject
 90
      499
 91
      506
 93
      436
310
42109C9A59DA1D195B90C40902404333333333333E33F0000000000000F9010790141107004050150841D405064090741402480A029950
1001
ACAD
1000
AcDbSavedByObjectVersion
1070
     0
  0
ACAD_PROXY_OBJECT
  5
FF
102
{ACAD_REACTORS
330
EF
102
}
330
EF
100
AcDbProxyObject
 90
      499
 91
      506
 93
      452
310
42D0DBDB1BDC90DA185B99D95104090240C333333333333E33F0000000000000F90108901411070040501508421405064090741402480A0350
1001
ACAD
1000
AcDbSavedByObjectVersion
1070
     0
  0
ACAD_PROXY_OBJECT
  5
F8
102
{ACAD_REACTORS
330
EF
102
}
330
EF
100
AcDbProxyObject
 90
      499
 91
      506
 93
      508
310
4290DBDB98D95C1D1D585B10940D02404333333333333E33F0000000000000F90107902409070040501000000000000111010841D405064090740C02480A0340
1001
ACAD
1000
AcDbSavedByObjectVersion
1070
     0
  0
ACAD_PROXY_OBJECT
  5
FA
102
{ACAD_REACTORS
330
EF
102
}
330
EF
100
AcDbProxyObject
 90
      499
 91
      506
 93
      420
310
40D11A5B50B40902404333333333333E33F0000000000000F9010790141107004050150841D405064090741402480A02677FFFFFD0
1001
ACAD
1000
AcDbSavedByObjectVersion
1070
     0
  0
ACAD_PROXY_OBJECT
  5
1E6
102
{ACAD_REACTORS
330
EF
102
}
330
EF
100
AcDbProxyObject
 90
      499
 91
      506
 93
      452
310
43115919D950DBDB1BDC93D999916409028333333333333E33F0000000000000F9010790141107004050150841D405064090741402480A0350
1001
ACAD
1000
AcDbSavedByObjectVersion
1070
     0
  0
ACAD_PROXY_OBJECT
  5
FE
102
{ACAD_REACTORS
330
EF
102
}
330
EF
100
AcDbProxyObject
 90
      499
 91
      506
 93
      452
310
42D19858D95C185D1D195C9B90F40902404333333333333E33F0000000000000F9010790141107004050150841D405064090741402480A0350
1001
ACAD
1000
AcDbSavedByObjectVersion
1070
     0
  0
ACAD_PROXY_OBJECT
  5
F0
102
{ACAD_REACTORS
330
EF
102
}
330
EF
100
AcDbProxyObject
 90
      499
 91
      506
 93
      380
310
41119B185D240901404333333333333E33F0000000000000F9010740A907004050150841D405064090741402480A1B50
1001
ACAD
1000
AcDbSavedByObjectVersion
1070
     0
  0
ACAD_PROXY_OBJECT
  5
F1
102
{ACAD_REACTORS
330
EF
102
}
330
EF
100
AcDbProxyObject
 90
      499
 91
      506
 93
      468
310
43519B185D15DA5D1A115919D95CD0140901404333333333333E33F0000000000000F90107409019070040501600405405064090741402480A1B50
1001
ACAD
1000
AcDbSavedByObjectVersion
1070
     0
  0
ACAD_PROXY_OBJECT
  5
F2
102
{ACAD_REACTORS
330
EF
102
}
330
EF
100
AcDbProxyObject
 90
      499
 91
      506
 93
      404
310
41D1DBDD5C985D5910240902404333333333333E33F0000000000000F9010740A9070040501641D405064090741402480A1B50
1001
ACAD
1000
AcDbSavedByObjectVersion
1070
     0
  0
ACAD_PROXY_OBJECT
  5
F3
102
{ACAD_REACTORS
330
EF
102
}
330
EF
100
AcDbProxyObject
 90
      499
 91
      506
 93
      492
310
4411DBDD5C985D5915DA5D1A115919D95CD0340902404333333333333E33F0000000000000F90107409019070040501600405405064090741402480A1B50
1001
ACAD
1000
AcDbSavedByObjectVersion
1070
     0
  0
ACAD_PROXY_OBJECT
  5
F7
102
{ACAD_REACTORS
330
EF
102
}
330
EF
100
AcDbProxyObject
 90
      499
 91
      506
 93
      476
310
41921A5919195B90640502408333333333333E33F0000000000000F901079024090700405020000000000001110200405405064090740C02480A0340
1001
ACAD
1000
AcDbSavedByObjectVersion
1070
     0
  0
ACAD_PROXY_OBJECT
  5
1E4
102
{ACAD_REACTORS
330
EF
102
}
330
EF
100
AcDbProxyObject
 90
      499
 91
      506
 93
      428
310
42529A5D1D195C93D999914409028333333333333E33F0000000000000F9010790141107004050150A41D405064090741402480A0350
1001
ACAD
1000
AcDbSavedByObjectVersion
1070
     0
  0
ACAD_PROXY_OBJECT
  5
FD
102
{ACAD_REACTORS
330
EF
102
}
330
EF
100
AcDbProxyObject
 90
      499
 91
      506
 93
      452
310
42D31A5B995C185D1D195C9B90E40902404333333333333E33F0000000000000F9010790141107004050750841D405064090741402483A0350
1001
ACAD
1000
AcDbSavedByObjectVersion
1070
     0
  0
ACAD_PROXY_OBJECT
  5
1E5
102
{ACAD_REACTORS
330
EF
102
}
330
EF
100
AcDbProxyObject
 90
      499
 91
      506
 93
      444
310
42D3DD995C9A185B99D3D999915409028333333333333E33F0000000000000F9010790141107004050150941D405064090741402480A0350
1001
ACAD
1000
AcDbSavedByObjectVersion
1070
     0
  0
ACAD_PROXY_OBJECT
  5
F9
102
{ACAD_REACTORS
330
EF
102
}
330
EF
100
AcDbProxyObject
 90
      499
 91
      506
 93
      428
310
425499585B1A5CDD1A58D08409038333333333333E33F0000000000000F9010740A907004050150800405405064090740C02480A1B40
1001
ACAD
1000
AcDbSavedByObjectVersion
1070
     0
  0
ACAD_PROXY_OBJECT
  5
1F3
102
{ACAD_REACTORS
330
EF
102
}
330
EF
100
AcDbProxyObject
 90
      499
 91
      506
 93
      420
310
4194DA1859195911B40902404333333333333E33F0000000000000F9010740A41107004050150800405405064090840C02480A0B40
1001
ACAD
1000
AcDbSavedByObjectVersion
1070
     0
  0
ACAD_PROXY_OBJECT
  5
1F2
102
{ACAD_REACTORS
330
EF
102
}
330
EF
100
AcDbProxyObject
 90
      499
 91
      506
 93
      516
310
4454DA18591959081DDA5D1A08195919D95CD1A40902404333333333333E33F0000000000000F901074090140907004050250800405405064090740C02480A0B40
1001
ACAD
1000
AcDbSavedByObjectVersion
1070
     0
  0
ACAD_PROXY_OBJECT
  5
1EF
102
{ACAD_REACTORS
330
EF
102
}
330
EF
100
AcDbProxyObject
 90
      499
 91
      506
 93
      532
310
4394DA1859195CC81BD98811DC985E5174090240C333333333333E33F0000000000000F901079024090741D01000000000000111010841D405064090740C02480A0340
1001
ACAD
1000
AcDbSavedByObjectVersion
1070
     0
  0
ACAD_PROXY_OBJECT
  5
1F0
102
{ACAD_REACTORS
330
EF
102
}
330
EF
100
AcDbProxyObject
 90
      499
 91
      506
 93
      476
310
41D4DAD95D18DA1E51840502408333333333333E33F0000000000000F901079024090741D01000000000000111010B41D405064090741802480A0340
1001
ACAD
1000
AcDbSavedByObjectVersion
1070
     0
  0
ACAD_PROXY_OBJECT
  5
FC
102
{ACAD_REACTORS
330
EF
102
}
330
EF
100
AcDbProxyObject
 90
      499
 91
      506
 93
      420
310
41D51A1A58DAD95B90D40902404333333333333E33F0000000000000F9010790141107004050150C41D405064090741402480A0350
1001
ACAD
1000
AcDbSavedByObjectVersion
1070
     0
  0
ACAD_PROXY_OBJECT
  5
F6
102
{ACAD_REACTORS
330
EF
102
}
330
EF
100
AcDbProxyObject
 90
      499
 91
      506
 93
      420
310
4255DA5C99599C985B595059028333333333333E33F0000000000000F90107901411070040501600405405064090740C02480A0340
1001
ACAD
1000
AcDbSavedByObjectVersion
1070
     0
  0
ACAD_PROXY_OBJECT
  5
1F1
102
{ACAD_REACTORS
330
EF
102
}
330
EF
100
AcDbProxyObject
 90
      499
 91
      506
 93
      404
310
41560B54985E51940902404000000000000E03F0000000000000F9010740501907004050150841D405064090740C02480A1B40
1001
ACAD
1000
AcDbSavedByObjectVersion
1070
     0
  0
XRECORD
  5
976
102
{ACAD_REACTORS
330
96C
102
}
330
96C
100
AcDbXrecord
340
0
  0
XRECORD
  5
975
102
{ACAD_REACTORS
330
96C
102
}
330
96C
100
AcDbXrecord
 90
        0
  0
XRECORD
  5
98F
102
{ACAD_REACTORS
330
96C
102
}
330
96C
100
AcDbXrecord
340
6B
  0
XRECORD
  5
98C
102
{ACAD_REACTORS
330
96C
102
}
330
96C
100
AcDbXrecord
1000
DSTYLE
1002
{
1070
   340
340
11
1002
}
  0
XRECORD
  5
977
102
{ACAD_REACTORS
330
96C
102
}
330
96C
100
AcDbXrecord
  1
{4C9643EC-EB5F-6B4E-8854-40E7CE42694D}
  0
XRECORD
  5
96F
102
{ACAD_REACTORS
330
96C
102
}
330
96C
100
AcDbXrecord
  1

  0
XRECORD
  5
974
102
{ACAD_REACTORS
330
96C
102
}
330
96C
100
AcDbXrecord
 90
        4
  0
XRECORD
  5
971
102
{ACAD_REACTORS
330
96C
102
}
330
96C
100
AcDbXrecord
340
1A
  0
XRECORD
  5
973
102
{ACAD_REACTORS
330
96C
102
}
330
96C
100
AcDbXrecord
 90
    10781
  0
XRECORD
  5
990
102
{ACAD_REACTORS
330
96C
102
}
330
96C
100
AcDbXrecord
340
6A
  0
XRECORD
  5
972
102
{ACAD_REACTORS
330
96C
102
}
330
96C
100
AcDbXrecord
340
19
  0
XRECORD
  5
979
102
{ACAD_REACTORS
330
96C
102
}
330
96C
100
AcDbXrecord
 40
0.0
  0
XRECORD
  5
97C
102
{ACAD_REACTORS
330
96C
102
}
330
96C
100
AcDbXrecord
340
0
  0
XRECORD
  5
982
102
{ACAD_REACTORS
330
96C
102
}
330
96C
100
AcDbXrecord
 10
0.0
 20
0.0
 30
0.0
  0
XRECORD
  5
97E
102
{ACAD_REACTORS
330
96C
102
}
330
96C
100
AcDbXrecord
 10
0.0
 20
0.0
 30
0.0
  0
XRECORD
  5
981
102
{ACAD_REACTORS
330
96C
102
}
330
96C
100
AcDbXrecord
 10
0.0
 20
0.0
 30
0.0
  0
XRECORD
  5
97F
102
{ACAD_REACTORS
330
96C
102
}
330
96C
100
AcDbXrecord
 10
0.0
 20
0.0
 30
0.0
  0
XRECORD
  5
980
102
{ACAD_REACTORS
330
96C
102
}
330
96C
100
AcDbXrecord
 10
0.0
 20
0.0
 30
0.0
  0
XRECORD
  5
97D
102
{ACAD_REACTORS
330
96C
102
}
330
96C
100
AcDbXrecord
 10
0.0
 20
0.0
 30
0.0
  0
XRECORD
  5
97A
102
{ACAD_REACTORS
330
96C
102
}
330
96C
100
AcDbXrecord
340
0
  0
XRECORD
  5
97B
102
{ACAD_REACTORS
330
96C
102
}
330
96C
100
AcDbXrecord
 70
     0
  0
XRECORD
  5
970
102
{ACAD_REACTORS
330
96C
102
}
330
96C
100
AcDbXrecord
  1

  0
XRECORD
  5
96D
102
{ACAD_REACTORS
330
96C
102
}
330
96C
100
AcDbXrecord
 90
        1
  0
XRECORD
  5
96E
102
{ACAD_REACTORS
330
96C
102
}
330
96C
100
AcDbXrecord
 90
       70
  0
XRECORD
  5
985
102
{ACAD_REACTORS
330
96C
102
}
330
96C
100
AcDbXrecord
340
0
  0
XRECORD
  5
98B
102
{ACAD_REACTORS
330
96C
102
}
330
96C
100
AcDbXrecord
 10
0.0
 20
0.0
 30
0.0
  0
XRECORD
  5
987
102
{ACAD_REACTORS
330
96C
102
}
330
96C
100
AcDbXrecord
 10
0.0
 20
0.0
 30
0.0
  0
XRECORD
  5
98A
102
{ACAD_REACTORS
330
96C
102
}
330
96C
100
AcDbXrecord
 10
0.0
 20
0.0
 30
0.0
  0
XRECORD
  5
988
102
{ACAD_REACTORS
330
96C
102
}
330
96C
100
AcDbXrecord
 10
0.0
 20
0.0
 30
0.0
  0
XRECORD
  5
989
102
{ACAD_REACTORS
330
96C
102
}
330
96C
100
AcDbXrecord
 10
0.0
 20
0.0
 30
0.0
  0
XRECORD
  5
986
102
{ACAD_REACTORS
330
96C
102
}
330
96C
100
AcDbXrecord
 10
0.0
 20
0.0
 30
0.0
  0
XRECORD
  5
983
102
{ACAD_REACTORS
330
96C
102
}
330
96C
100
AcDbXrecord
340
0
  0
XRECORD
  5
984
102
{ACAD_REACTORS
330
96C
102
}
330
96C
100
AcDbXrecord
 70
     0
  0
XRECORD
  5
978
102
{ACAD_REACTORS
330
96C
102
}
330
96C
100
AcDbXrecord
  1
{AE163455-15DB-A848-92AE-2C5217463E2D}
  0
DICTIONARYVAR
  5
357
102
{ACAD_REACTORS
330
356
102
}
330
356
100
DictionaryVariables
280
     0
  1
14.341106
  0
DICTIONARYVAR
  5
358
102
{ACAD_REACTORS
330
356
102
}
330
356
100
DictionaryVariables
280
     0
  1
1
  0
DICTIONARYVAR
  5
359
102
{ACAD_REACTORS
330
356
102
}
330
356
100
DictionaryVariables
280
     0
  1
1:1
  0
DICTIONARYVAR
  5
35A
102
{ACAD_REACTORS
330
356
102
}
330
356
100
DictionaryVariables
280
     0
  1
2.000000
  0
DICTIONARYVAR
  5
35B
102
{ACAD_REACTORS
330
356
102
}
330
356
100
DictionaryVariables
280
     0
  1
Standard
  0
DICTIONARYVAR
  5
35C
102
{ACAD_REACTORS
330
356
102
}
330
356
100
DictionaryVariables
280
     0
  1
Standard
  0
DICTIONARYVAR
  5
35D
102
{ACAD_REACTORS
330
356
102
}
330
356
100
DictionaryVariables
280
     0
  1
Metric50
  0
DICTIONARYVAR
  5
35E
102
{ACAD_REACTORS
330
356
102
}
330
356
100
DictionaryVariables
280
     0
  1
Metric50
  0
DICTIONARYVAR
  5
35F
102
{ACAD_REACTORS
330
356
102
}
330
356
100
DictionaryVariables
280
     0
  1
0
  0
DICTIONARYVAR
  5
360
102
{ACAD_REACTORS
330
356
102
}
330
356
100
DictionaryVariables
280
     0
  1
0
  0
DICTIONARYVAR
  5
361
102
{ACAD_REACTORS
330
356
102
}
330
356
100
DictionaryVariables
280
     0
  1
2
  0
DICTIONARYVAR
  5
362
102
{ACAD_REACTORS
330
356
102
}
330
356
100
DictionaryVariables
280
     0
  1
2
  0
DICTIONARYVAR
  5
363
102
{ACAD_REACTORS
330
356
102
}
330
356
100
DictionaryVariables
280
     0
  1
1
  0
DICTIONARYVAR
  5
364
102
{ACAD_REACTORS
330
356
102
}
330
356
100
DictionaryVariables
280
     0
  1
1
  0
DICTIONARYVAR
  5
365
102
{ACAD_REACTORS
330
356
102
}
330
356
100
DictionaryVariables
280
     0
  1
1
  0
DICTIONARYVAR
  5
366
102
{ACAD_REACTORS
330
356
102
}
330
356
100
DictionaryVariables
280
     0
  1
0
  0
DICTIONARYVAR
  5
367
102
{ACAD_REACTORS
330
356
102
}
330
356
100
DictionaryVariables
280
     0
  1
AR3-WALL HATCH
  0
DICTIONARYVAR
  5
368
102
{ACAD_REACTORS
330
356
102
}
330
356
100
DictionaryVariables
280
     0
  1
ByLayer
  0
DICTIONARYVAR
  5
369
102
{ACAD_REACTORS
330
356
102
}
330
356
100
DictionaryVariables
280
     0
  1
0
  0
DICTIONARYVAR
  5
36A
102
{ACAD_REACTORS
330
356
102
}
330
356
100
DictionaryVariables
280
     0
  1
0
  0
DICTIONARYVAR
  5
36B
102
{ACAD_REACTORS
330
356
102
}
330
356
100
DictionaryVariables
280
     0
  1
0
  0
DICTIONARYVAR
  5
36C
102
{ACAD_REACTORS
330
356
102
}
330
356
100
DictionaryVariables
280
     0
  1
2
  0
DICTIONARYVAR
  5
36D
102
{ACAD_REACTORS
330
356
102
}
330
356
100
DictionaryVariables
280
     0
  1
1.000000
  0
DICTIONARYVAR
  5
36E
102
{ACAD_REACTORS
330
356
102
}
330
356
100
DictionaryVariables
280
     0
  1
1
  0
DICTIONARYVAR
  5
36F
102
{ACAD_REACTORS
330
356
102
}
330
356
100
DictionaryVariables
280
     0
  1
2
  0
DICTIONARYVAR
  5
370
102
{ACAD_REACTORS
330
356
102
}
330
356
100
DictionaryVariables
280
     0
  1
1
  0
DICTIONARYVAR
  5
98E
102
{ACAD_REACTORS
330
356
102
}
330
356
100
DictionaryVariables
280
     0
  1
80.000000
  0
DICTIONARYVAR
  5
98D
102
{ACAD_REACTORS
330
356
102
}
330
356
100
DictionaryVariables
280
     0
  1
5.000000
  0
DICTIONARYVAR
  5
371
102
{ACAD_REACTORS
330
356
102
}
330
356
100
DictionaryVariables
280
     0
  1
0
  0
DICTIONARYVAR
  5
372
102
{ACAD_REACTORS
330
356
102
}
330
356
100
DictionaryVariables
280
     0
  1
127
  0
DICTIONARYVAR
  5
373
102
{ACAD_REACTORS
330
356
102
}
330
356
100
DictionaryVariables
280
     0
  1
0
  0
DICTIONARY
  5
1F9
330
ED
100
AcDbDictionary
280
     1
  3
ACAD_XREC_ROUNDTRIP
360
994
  3
FBXASSET
360
1FA
  0
DICTIONARY
  5
1F7
330
EC
100
AcDbDictionary
280
     1
  3
ACAD_XREC_ROUNDTRIP
360
995
  3
FBXASSET
360
1F8
  0
DICTIONARY
  5
173
330
EE
100
AcDbDictionary
280
     1
  3
ACAD_XREC_ROUNDTRIP
360
996
  3
FBXASSET
360
1FB
  0
XRECORD
  5
994
102
{ACAD_REACTORS
330
1F9
102
}
330
1F9
100
AcDbXrecord
102
MATERIAL
148
0.0
149
0.0
149
0.0
 93
        0
 94
       63
282
     0
 72
     1
 77
     1
171
     1
175
     1
179
     1
273
     0
  0
XRECORD
  5
1FA
102
{ACAD_REACTORS
330
1F9
102
}
330
1F9
100
AcDbXrecord
 70
     1
 90
429727718
  1
D62C5603-E3A1-4AEA-B7FB-FE5D8D0755AF
310
504B03040A0000080000CC70623B3DEE336E79000000790000001B0000006175746F6465736B2D64657369676E2D7061636B6167652E786D6C3C3F786D6C2076657273696F6E3D22312E302220656E636F64696E673D227574662D3822203F3E3C666F726D6174733E3C666F726D61743E687474703A2F2F736368656D612E
310
6175746F6465736B2E636F6D2F64657369676E2D7061636B6167652F323030393C2F666F726D61743E3C2F666F726D6174733E504B0304140006080800CC70623BD486FD9CA0000000F4000000130000005B436F6E74656E745F54797065735D2E786D6C7D8EC10E82300C865F65E91D8A1E8C310C0EEA1BF002731658846E
310
D98AC1B77784ABF1D8FE5FBFBF75BBCE937A534CCEB38643598122B6FEE978D0B0485F9C41B54DDD7D022595594E1A469170414C76A4D9A4D207E29CF43ECE46F218070CC6BECC4078ACAA135ACF422C856C0E68EA1BF5669944DDD7BCDE7B1F8E415D77AECB980613C2E4AC91FC167A2B244592486606FC29C8FD7F045B9A
310
EF7053A7E60B504B0304140006080800CC70623B853B8169EB0000007C01000008000000636F72652E786D6C8D90416EC3201045AF62CDB6C206821CC7C244919D9CA01740401C94182C03558F5F9C3852BBEB6A467FFE9B197D7EFC9E1EC5975982F5AE035262288C535E5B377690E21535501C055FBC8FBF6C503839990E
310
5619041F179FE64D52DE45E362569DD7661365082642A11EB9E920A89B99642953CC8E702F67A9EE7234257977194EC9EAE275C4EABCCF5EAD5940D4AC6F0E35A568B8F43562CD7046CD199FD07E60174276A7BE677B5EADB0E0D14EEFFB6A31321A0D82627C4084204C3F096B71DD52F6819B16635EADF63F509AF53FA164
310
5DDCD1EDDD17164090FCC8732078B56691CB33A85CD7DCC40F504B0304140006080800CC70623B55019EA25F0000007C00000007000000636E782E786D6C4DCB3B0E80201045D1AD90E915ED2CF8AC45050C11660C8261F98AB1B07AC9C97D42D718D865D3E909258CFD00CCE24AC6E326A164D74DC0B4128928FF32603847
310
2BA13128B1252AC747C6BAB984FC68F0B87FE8960A5C09FE86CFB69FBA01504B0304140006080800CC70623BDBABAAF470010000D40300000C0000006662782F636F72652E786D6CC553D16E823014FD95A6AF4B694182CC941A83FA05FB810A9511A125A5257EFE2E82712ECEB8A7F100CD39F7F69E734AF9FADC366850B6
310
AF8DCE7018308C942E4C59EB2AC3DE1D498AD15A706B8CFB56869196ADCAF00863C12B6B7C374385D14E6907A836A59A41D9F7CA615434B0C8705F7CAA5606D23BA8E84F41278B93AC54100640439DE0BDB320004D43C63716C7C399D30917DCFBBA9CD9BA8469F5B156168B24CED3F7248AC8769F27244EB73B92EED8862C
310
B7F13E0C179B3C8F979C8ECD82BBBABDAA2BAC924E9558448CBD9330242CFA08E3154B5651FCC6D215639C8EE5774DBE2B5F6CF2B5768B68963BB5F5588420E442FC700B1139D4CB01F450C1E918227C2E09DF070D8140C84E1E9AAB8F1340832A9CB13130A5F1376A908D57309505ECF2A0DF179C4E9D30F5B239B87E3823
310
7A79C6F31DE1A8A5AEC08474B03C7837EAE4938639B44E5932B833D2C6B6B279CDC613877FA26EE21F4A2A4C63EC7F29A2F301D1F9F7A0E37D145F504B0304140006080800CC70623B9C113CC27E0000009D0000000B0000006662782F636E782E786D6C4DCCDF0A83201C86E15B91DFB94BFB330DD428C8FB886521330DA7
310
6397BF1A1DECE883878F57749FCDA1B7892F1BBC047A23808C7F84D9FA55424E0BE6803A256208E9EF06C84F9B91703228B1C690F78B66B34CD9A5439DF5CF0BFBF65E35BCA1B8D6A5C6F540381E886698B5741C695F9503EBA150A2F8958E3DC3EA0B504B0304140006080800CC70623B7DF2F77C2A010000120200003100
310
00006662782F41393633353835312D344632462D344230382D423046372D3739314545314133324237412F636F72652E786D6C8D51DB8EC22014FC15C2939B0D2DB4B45643319AE817EC0F6041255A68B86CFCFC856D4D76DF7CE190393373060EDB3DC707F856CE6B6B7A480A0C81328395DA5C7B18C3057510EC3873D686
310
3F34088C18550F330C39BB3A1BA7051AAC09CA84841A2BD5020AEF55806078A44B0FFD7053A328440C89E1EFC52486BBB8AA8214A99D789CF9E05200300FC927E4FB4D5B375D43103D5527440FB843077C5AA3F5861C8F645F5787F59E95B390B318B55CE45AA638FAA2957BD7248B390B7A7CC51F9C124149C82B8C378810
310
84AB2F42B7B8DD56F413775B8C5999E9FF4471926F8AA236A1AE96B8B3CC434E5839373893369E1FAF30EA395917409EB7F26AF8801C171837A4A6AC9C89E9F9C9B1A58BA30FD6A5EF5DDDCF894B9AD9B6A59C957943A9FCAE2FD5BC4DFE03504B0304140006080800CC70623BAD7543B64E01000033030000300000006662
310
782F41393633353835312D344632462D344230382D423046372D3739314545314133324237412F636E782E786D6CD593CD6EC32010845F0571AD6CE3D48AD20813A9873E410FBD12D82434182C7EAAE6EDBB2424CD25871E7B41D6EC30B3FA84F9E67BB2E40B4234DE8DB46F1925E094D7C6ED479AD3AE5951B2113C789FEE
310
6C943839C1488B4C05DF079FE72A69D8C96C13AAD6B8631503449F83828872B949AC57D26200B826A308D316B4064D6E46FCDA41C05550DC9E483A00797BFD207EFB092A45DE9514C1BBD22178396BD39D891265658C238DEA00936C654E5E433CB65A26D9F6EDB5EBC14EBF49A45CB856E66048291F6939A9A81BB5C89177
310
38143CA680F4AA299D66A042CEB3354A2684DC9D8D178FE0D9B8B41CAAD720F880EE7EF93C0C18769E099ECC04D5A102C8049A8A05632F4DDF376CF1DE0F6BB65C2F8627B65A33C6BB62177CEBBDAD973006829F89F22E814B54F4BC2BE347F8AA8F681390B50FA73F804400B5F542E796F19FF974E7F78DB802FE05E20750
310
4B0304140006080800CC70623BE75B7789680500003C100000340000006662782F41393633353835312D344632462D344230382D423046372D3739314545314133324237412F6F626A656374732E786D6CAD575B8F9B3818FD2B887D06C22499CB8AA1CA655245D5B455A356FB305264C061D8018C6C3393D95FBFC7600890
310
A4CD5EF210B0B1BFEBF98E3F7B1FF6596ABC522E1296DF9BAE3D320D9A872C4AF2F8DE2CE5CEBA358D0FBEC719939D65A691938CDE9B6ADAF4BD98B3B2D05311DD91329583D9D5FC0F438434A7A611A644887B5384CF34233629258BA878B12322891DEFF6B66BD70BFB62634E8AE781D082709A4B588AF91C528CDA28B73F
310
1C998EEF39EABBEFA97FBD6A7C7E9553F9D3D79FE442923C3C523610337627CB87ABE99D359D4CC6D6E4FACAB5E6ABF9D2726FC6A3C5F56271377BB88362213924694B38DD99FE47C48627A1E7D49F5A8BB5E1A74C0A599ED3B0F21F1E56366B89112D681E218F0915D0D6F17AD41FBA2A369DCF6335D62ABBD39779D5DDD1
310
11D4D8DE3CBB96B2E04FB8202E41051754A1AA8E8F76B4C6DFE810B580B1547F4B84911149794252234D024EF8BBE963A95AE27B3D310A9D5C215C7960FAEE415ED75694C6AFB17BCACA5D99A60A9AA65F217B0BFC53292ACB92BF283FAD0D3621576592CB5BED907C2FA8E9DF794E35E97BEA31BED21FEB401ABB94C44839
310
DCACBF0E1C5DA8DA5B2F4DFFD32AD86F543D9E565E7056502E157C00AD2671CD534549AB752FCA9CDA00677A313F04E51B22FF19E57B300579E3C97EB29F682D92935CEC18CF901B7B54FD8C51F362B56FC72FE0B3C1EAE335EDCCBF5AEC39ADB17DC238973F804BA5E6F6BFE7AF1FB32E523BE9F3BD571418E3631DCA4D48
310
5250CF639223210A9446CA30052EDF057BD35F8329C1ECD84552BF0DC8D18BE7BCE23BFE6BD960AB4A7DE79923A103BEBD80F911CBAA2C60DB19B01CF164A5583B772EE6D3FFA56666CBCDA74DC97724A48F9A58967497E489C4D979006FD7A05E227A1EBDD0F737C623387A9C844D3709995625106D157315F8B8392CD4E0
310
A0B9A720C4BE9829CEF37EA1E13111214D53925356365ADA634861B52519DD27A00AEB808EAF0628E6F435519D446F45CF2C9CF5214F0A15B2F6D06B79DA3EE3CBF7F56780D2F4E7EF73A0F5E5B02A38D07DC852C6B7C1FBB6664213E0C39E3EBA7FF4E1AD23EA2829407C85E586727488B751B2DB9502BC7B228A3FD68B6E
310
A65A22397E690AA8D158D7E404EC8CDA235CC3B7D1898680131CEC2CDF2638C65196279577750F15884AEE19F94199155B92B13297978469D4F8D358DF0AEF7631E28DC8F0D9F437D5D39A83B2231A1D52D543813A824EF8D44BCFF2FA6A31BD1E8DAD87F1CCB526B3879935BF59CDADD5C37479BB1CDD4CA7B3556B516589
310
EF352754B706114D9C885EC9131DE6EFEB43D99AFE2391C2F958179413D7CFEF6B1B6DB1E7600F00DE6E5C67454A339A4BA2E0FBA85ED26F045D454F463DBFCE484C2F90F2E5E3666003662ED8F755951A7D1BECD5B30B550B2785C8E7320B7292A4838DDA71BBC863ED7613CAF659337A3354231D4FF4A182A54904C2898C
310
98B28C4AD0CE056CCF332A80986E571EE9DBC305BB5FEB7E509220A58D25CF042D712A806AC0AD0C657FDEF80D2D9CEAA2EE4D1C76F60BFE74219A06527D6F82DF6412526107381E55E353090704D085B52408A8913C4ED159D79BDA71BB4BC506F4831350EB6F975CD22D69BF7AC49B91A2C0A9DDA3D5CA36AD20FC478E37
310
E61844E2352865EBCB61A275A65283CAAA9DD27703B4102F5AF51EF5F573B75CBB5AD38BC845F7A49F82A0966A49C2E3EA5EA0ECD326CD965F1DB402C6FA8B51A4658C5C5E2EC9E214602E55810345408596591009A82E7E7FFACA19EEA299B14A0081A705CB3296EBC14CDF658DCD336EA6D1136881AAEB87B81AB9EE53D5
310
F5EB8BC8362082DA24122F98680A4E7930C01A0079749CEA14382A0783E5EBA5A10F8C098456A03D6A4AEB6BB881E2513747552A5DB22C7EDAF83BD5528081A365F7FF06504B0304140006080000CC70623B000000000000000000000000350000006662782F41393633353835312D344632462D344230382D423046372D37
310
39314545314133324237412F76657274696365732E62696E504B0304140006080800CC70623BF270F1330600000004000000360000006662782F41393633353835312D344632462D344230382D423046372D3739314545314133324237412F747269616E676C65732E62696E636660600000504B0304140006080000CC7062
310
3B000000000000000000000000370000006662782F41393633353835312D344632462D344230382D423046372D3739314545314133324237412F617474726962757465732E62696E504B0304140006080800CC70623B08DA0BD19000000041010000360000006662782F41393633353835312D344632462D344230382D4230
310
46372D3739314545314133324237412F6469726563746F72792E786D6C858F410AC3201045AF22B36F53E9A60B35CBEEBAE80D244E44489C6234F4F835464A48035D0DF398FF9F8AF63D0E6CC63039F212F8F9020C7D47C6792B21C5FE7403D62A1188E2E60C98D7234A5830286103A55745067B9D86B8A3CF9C7F90C11DE6
310
07FB144396D7B6A82D282E9A152AD114D5EF2CB866EEE831B8EEA07A7BB5A8D7D61A2BAAEB7FD5F70921FF497D00504B0304140006080800CC70623BEDD1DC58FD000000A00100003B0000006662782F41393633353835312D344632462D344230382D423046372D3739314545314133324237412F7265736F75726365732F
310
636F72652E786D6C8D504B6E833010BD0A9A6D65B00922041947112427E8052C33A156828DFCA97AFC9A40A576D7CDCCE87D344F8F9FBFE667F689CE6B6B3A6039850C8DB2A336530731DC4903D95970676DF82583CCC8193B5861107C72362E3BA4AC096842428D1D7107A5F7182053CF7474E0D507CE32973124857FE48B
310
540F3961CEF244279DE03EB81420DB9EAC1384436FA353E879B1B182C7A8C75DA3C7F453DF353A1075D537A7BA6464B8F535A99AE14A9A2BBD90E350DD183B5CFABE3AF262350B1EF4FC9351399401471025A527C218A1E53BAB5A5AB765F5469B96525EACF23FA6B88CFF34456DC2A1DCE36E360F82A5202F42F062ED2BAD
310
579969AFDD8A6F504B010214000A0000080000CC70623B3DEE336E79000000790000001B00000000000000000000000000000000006175746F6465736B2D64657369676E2D7061636B6167652E786D6C504B01021400140006080800CC70623BD486FD9CA0000000F40000001300000000000000000000000000B20000005B
310
436F6E74656E745F54797065735D2E786D6C504B01021400140006080800CC70623B853B8169EB0000007C010000080000000000000000000000000083010000636F72652E786D6C504B01021400140006080800CC70623B55019EA25F0000007C000000070000000000000000000000000094020000636E782E786D6C504B
310
01021400140006080800CC70623BDBABAAF470010000D40300000C00000000000000000000000000180300006662782F636F72652E786D6C504B01021400140006080800CC70623B9C113CC27E0000009D0000000B00000000000000000000000000B20400006662782F636E782E786D6C504B01021400140006080800CC70
310
623B7DF2F77C2A010000120200003100000000000000000000000000590500006662782F41393633353835312D344632462D344230382D423046372D3739314545314133324237412F636F72652E786D6C504B01021400140006080800CC70623BAD7543B64E010000330300003000000000000000000000000000D2060000
310
6662782F41393633353835312D344632462D344230382D423046372D3739314545314133324237412F636E782E786D6C504B01021400140006080800CC70623BE75B7789680500003C10000034000000000000000000000000006E0800006662782F41393633353835312D344632462D344230382D423046372D3739314545
310
314133324237412F6F626A656374732E786D6C504B01021400140006080000CC70623B0000000000000000000000003500000000000000000000000000280E00006662782F41393633353835312D344632462D344230382D423046372D3739314545314133324237412F76657274696365732E62696E504B01021400140006
310
080800CC70623BF270F133060000000400000036000000000000000000000000007B0E00006662782F41393633353835312D344632462D344230382D423046372D3739314545314133324237412F747269616E676C65732E62696E504B01021400140006080000CC70623B0000000000000000000000003700000000000000
310
000000000000D50E00006662782F41393633353835312D344632462D344230382D423046372D3739314545314133324237412F617474726962757465732E62696E504B01021400140006080800CC70623B08DA0BD1900000004101000036000000000000000000000000002A0F00006662782F41393633353835312D344632
310
462D344230382D423046372D3739314545314133324237412F6469726563746F72792E786D6C504B01021400140006080800CC70623BEDD1DC58FD000000A00100003B000000000000000000000000000E1000006662782F41393633353835312D344632462D344230382D423046372D3739314545314133324237412F7265
310
736F75726365732F636F72652E786D6C504B0506000000000E000E0080040000641100000000
  0
XRECORD
  5
995
102
{ACAD_REACTORS
330
1F7
102
}
330
1F7
100
AcDbXrecord
102
MATERIAL
148
0.0
149
0.0
149
0.0
 93
        0
 94
       63
282
     0
 72
     1
 77
     1
171
     1
175
     1
179
     1
273
     0
  0
XRECORD
  5
1F8
102
{ACAD_REACTORS
330
1F7
102
}
330
1F7
100
AcDbXrecord
 70
     1
 90
429727718
  1
30362254-06B7-45E0-A893-8CFA70E3D6BC
310
504B03040A0000080000CC70623B3DEE336E79000000790000001B0000006175746F6465736B2D64657369676E2D7061636B6167652E786D6C3C3F786D6C2076657273696F6E3D22312E302220656E636F64696E673D227574662D3822203F3E3C666F726D6174733E3C666F726D61743E687474703A2F2F736368656D612E
310
6175746F6465736B2E636F6D2F64657369676E2D7061636B6167652F323030393C2F666F726D61743E3C2F666F726D6174733E504B0304140006080800CC70623BD486FD9CA0000000F4000000130000005B436F6E74656E745F54797065735D2E786D6C7D8EC10E82300C865F65E91D8A1E8C310C0EEA1BF002731658846E
310
D98AC1B77784ABF1D8FE5FBFBF75BBCE937A534CCEB38643598122B6FEE978D0B0485F9C41B54DDD7D022595594E1A469170414C76A4D9A4D207E29CF43ECE46F218070CC6BECC4078ACAA135ACF422C856C0E68EA1BF5669944DDD7BCDE7B1F8E415D77AECB980613C2E4AC91FC167A2B244592486606FC29C8FD7F045B9A
310
EF7053A7E60B504B0304140006080800CC70623B1EC5D7A3EB0000007C01000008000000636F72652E786D6C8D90416EC3201045AF82665B6103C6756C6122AB4D4ED00B204C5C94182C03558F5F9C3852BBEB6A467FFE9B197D71FC9E6FE8CBACC17AD7032D0820E3B41FAD9B7A48F1820F808E52ACDEC75F36404ECDA687
310
4D0629A6D5A76597B477D1B89855E747B38B2A041301E95B6E7A08FAD3CCAA50296647B8168BD2573599823EBB0CA76447F43862C7BCCF5EAC59410E4DDD9C7973C2755553CCCFA4C603E3040F1565ED3B1FDE4E432BCA0D9622DAF9795FAF464533826484B498524CD807E51D79ED187F21878E10516EF63F505AC67F42C9
310
BA58B1FDDD071640D2FCC87D2045B96591CB3DA85CB7DCE40F504B0304140006080800CC70623B55019EA25F0000007C00000007000000636E782E786D6C4DCB3B0E80201045D1AD90E915ED2CF8AC45050C11660C8261F98AB1B07AC9C97D42D718D865D3E909258CFD00CCE24AC6E326A164D74DC0B4128928FF32603847
310
2BA13128B1252AC747C6BAB984FC68F0B87FE8960A5C09FE86CFB69FBA01504B0304140006080800CC70623B8C9102E971010000D40300000C0000006662782F636F72652E786D6CC5535B6E833010BC8AE5DF0A6C08340F1947A84D4ED00B38C6A128602363A31CBFCB234A53A551FA553EC09AD9F5CE8C31DB9E9B1AF5CA
310
7695D1198E428A91D2D214952E33ECDD315861B4E5CC1AE3BE9561A445A3323CC098B3D21ADFCE9034DA29ED00D5A6503328BA4E398C640D8B0C77F253352214DE4145770A5B214FA2546114020D759C75CE8200340D19DE981F0F6746269C33EFAB6266AB02A655C74A59CCF365BADC27CB5D902ED22848F6340DF238A141
310
BE88E2F57B92BFEDF23523433367AE6A2EEAA455C2A902F398D2751045018D3FA264435F3771F242571B4A1919CA6F9A7C5B3CD9E42BED16F12C776AEB308F40C848FC700B1139D4891EF410CEC810227CC6846F8386402064270EF5C5C709A05E49676C024C61FC95EA45ED154CA5211D1FF4FB8291A913A68E9B83EBBB33
310
E2A7673CDE118E5AE8124C0807CB8377834E366998436B950D7A7746DAD846D4CFD978E0F04FD455FC5D49D2D4C6FE9722321F10997F0F32DC47FE05504B0304140006080800CC70623BFFEA85907E0000009D0000000B0000006662782F636E782E786D6C4DCCD10A83201886E15B91FFDC95D95A811AB6F23E625948A6C3
310
E9D8E5AF46073BFAE0E1E365ED67B3E8ADC3CB78C7815C7240DA3DFC64DCC221C519D7805AC182F7F1EF06C88D9BE6703008B6049F9E274D7A1E938DBB5AE3D6131B2589BA0D3D965551E0B2EA732C9B9A624AAEB41E3A557677029960D9AFB4EF11165F504B0304140006080800CC70623B4FEEA4082C0100001202000031
310
0000006662782F39464131463745442D413632322D343644302D413938332D3331353338454246344243312F636F72652E786D6C8D515B6EC32010BC0AE2AB55850DD871ED0813254D72825EC00192A2C460F1A872FC42ED48ED5F7E00CDCECCCEB26C731F6FE05B39AFADE921293004CA082BB5B9F43086336A21D870E6AC
310
0D7F68109861543DCC30E4ECE26C9C164858139409093556AA051CBC570102714B8F1E7AF1A5C6A11862480C7F2DA6415C878B2A4891CA89C7990F2E050073937C42DE1DB7E4F87ED8A36D4329AA9B3D46DBAEAD504556557BD81DEBDD0761E52CE42C462D17B996298E3E6BE59E35C962CE821E1FF18553435012728A7187
310
0841987E927A8D9B35ADDF70BBC6989599FE4F1427F9A4286A132ABAC49D651EF234CD5CE04CDA78BA3DC2A8FB645D00B9DF8B57E215725C60BCA2A463E54C4CE327C7A65E1C7DB02E7DEFCBF594B864C5CA6CDBD49C957943E9FA5D5FBAF336F90F504B0304140006080800CC70623BAD7543B64E01000033030000300000
310
006662782F39464131463745442D413632322D343644302D413938332D3331353338454246344243312F636E782E786D6CD593CD6EC32010845F0571AD6CE3D48AD20813A9873E410FBD12D82434182C7EAAE6EDBB2424CD25871E7B41D6EC30B3FA84F9E67BB2E40B4234DE8DB46F1925E094D7C6ED479AD3AE5951B2113C
310
789FEE6C943839C1488B4C05DF079FE72A69D8C96C13AAD6B8631503449F83828872B949AC57D26200B826A308D316B4064D6E46FCDA41C05550DC9E483A00797BFD207EFB092A45DE9514C1BBD22178396BD39D891265658C238DEA00936C654E5E433CB65A26D9F6EDB5EBC14EBF49A45CB856E66048291F6939A9A81BB5
310
C8917738143CA680F4AA299D66A042CEB3354A2684DC9D8D178FE0D9B8B41CAAD720F880EE7EF93C0C18769E099ECC04D5A102C8049A8A05632F4DDF376CF1DE0F6BB65C2F8627B65A33C6BB62177CEBBDAD973006829F89F22E814B54F4BC2BE347F8AA8F681390B50FA73F804400B5F542E796F19FF974E7F78DB802FE05
310
E207504B0304140006080800CC70623B16AB87BA640500003C100000340000006662782F39464131463745442D413632322D343644302D413938332D3331353338454246344243312F6F626A656374732E786D6CAD575B6FA33818FD2B887DE6924B3BED8A326A92B68A663B534DD4D13E548A0C38942D60649B369D5FBFC7
310
600890A493BDE42160637FD7F31D7FF63E6FB3D478A55C242CBF3247B66B1A340F5994E4F19559CA8D75611A9F7D8F33263BCB4C232719BD32D5B4E97B316765A1A722BA21652A07B3B7B33F0D11D29C9A46981221AE4C113ED38CD8A4942CA2E2C58E882476BCD9DA23BB5ED8171B73523C0F841684D35CC252CCE79062D4
310
468DFA43D7747CCF51DF7D4FFDEB5593E3AB9CCA9FBEFE241792E4E19EB28198C968BAB8199F5D5A67D3E9C49A9E8F47D6EC76B6B0469F26EEFC7C3EBFBCBEB98462213924694B38DD98FE1D62C393D073EA4FADC5DAF04326852CCF6958F90F0F2B9BB5C48816348F90C7840A68EB78EDF68723159BCEE7891A6B95DDE9D3
310
BCEAEEE8086A6C6F9E5D4B59F0175C10A7A0820BAA5055C7473B5AE3CFDD452D602CD5DF12616444529E90D448938013FE6EFA58AA96F85E4F8C42275708571E98FE6827AF6B2B4AE3D7D83D64E5A64C53054DD3AF90BD06FEA9149565C94FCA0F6B834DC85599E4F2423B24DF0B6AFA979E534DFA9E7A4CC6FA631D486393
310
921829879BF5D781A373557BCB85E97FB90DB62B558F8795179C15944B051F40AB495CF35451D26A4727654E6D8033BD98EF82F21D91FF8AF2DD9982BCF1643BDD4EB516C9492E368C67C88DED563FC36D5EACF66DFF057C3658BDBFA69DF9578B3DA735B64F18C7F20770A9D45CFCF7FCF563D6456A277DBEF78A02637CA2
310
43B90A490AEAB94F72244481D24819A6C0E59B606BFA4B3025981DBB48EAB701D97BF19C577CC77F2D1B6C55A9EF3C732474C0B727303F625995056C3B02963D9EAC146BE78EC5FCEC7FA999EBC5EACBAAE41B12D27B4D2C0BBA49F244E2ECDC81B76B502F113D8F5EE8FB1BE3111CDD4FC2AA9B844CAB1288B68AB90A7CDC
310
1C166AB0D3DC5310625FCC14E779BFD0709F8890A629C9292B1B2DED31A4B0DA928CEE135085754027E3018A397D4D5427D15BD1330B677DC8934285AC3DF45A9EB68FF8F2B8FC0A509AFEECFD0FF2DE25CC6047F7214B195F07EFEB9A094D800F7BFAE8FED187B78EA8A3A400F115961BCAD1215E47C966530AF0EE8128FE
310
58CEBB996A8964FFA529A046635D9353B0336A8F700DDF46271A024E70B0B37C9DE01847591E54DED53D54202AB947E4076556AC49C6CA5C9E1226B7F1A7B1BE15DEED62C41B91E1B3E9AFAAA735036547343A925075041DF0A9979E893B391F8FCFA6967B3EFB644DCF6E5CEBFAE272625DCC6FAF3FB93793C5F90CE1EF57
310
407342756B10D1C489E8953CD1617E5CEECAD6F4EF8914CE5D5D504E5C3F1F9736DA62CFC11E00BCDDB8CC8A9466349744C1F75EBDA4DF09BA8A9E8C7A7E9991989E20E5DBDD6A6003664ED8F7A04A8DBE0DF6EAD9B9AA858342E47399053949D2C146EDB85DE4B176BB0965FBAC19BD19AA918E27FA50C1D22402E144464C
310
59462568E704B6E71915404CB72B8FF4EDE184DDAF753F284990D2C6926782963815403548A70C657FDEF80D2D9CEAA2AE4C1C76F60BFE74219A06527D6582DF6412526107381E55E353090704D085B52408D0933C4ED159D79BDA71BB4BC506F4831350EB6F979CD22D69BF7AC49B91A2C0A9DDA3D5CA36AD20FC478E37E6
310
1844E2352865EBCB6EA275A652E3836BE04EFB400BF1A2556F515F1FBB35B2AB35BD889C744FFA1004B5544B121E57F70215746DD2F5E2C1412B602CBF19455AC6C8E5E9922C4E01E65215385004546899059180EAFCF7A707CE7017CD8CDB0410789AB32C63B91E5CEBBBACB17AC6CD347A022D5075FD106377347AAABA7E
310
7D11590744509B44E205134DC1290F06580320F78E537D3D73540E06CB970B431F185308AD40BBD794D6D77003C5A36E8EAA54BA64597CD8F83BD552A080A365F7FF06504B0304140006080000CC70623B000000000000000000000000350000006662782F39464131463745442D413632322D343644302D413938332D3331
310
353338454246344243312F76657274696365732E62696E504B0304140006080800CC70623BF270F1330600000004000000360000006662782F39464131463745442D413632322D343644302D413938332D3331353338454246344243312F747269616E676C65732E62696E636660600000504B0304140006080000CC70623B
310
000000000000000000000000370000006662782F39464131463745442D413632322D343644302D413938332D3331353338454246344243312F617474726962757465732E62696E504B0304140006080800CC70623B08DA0BD19000000041010000360000006662782F39464131463745442D413632322D343644302D413938
310
332D3331353338454246344243312F6469726563746F72792E786D6C858F410AC3201045AF22B36F53E9A60B35CBEEBAE80D244E44489C6234F4F835464A48035D0DF398FF9F8AF63D0E6CC63039F212F8F9020C7D47C6792B21C5FE7403D62A1188E2E60C98D7234A5830286103A55745067B9D86B8A3CF9C7F90C11DE607
310
FB144396D7B6A82D282E9A152AD114D5EF2CB866EEE831B8EEA07A7BB5A8D7D61A2BAAEB7FD5F70921FF497D00504B0304140006080800CC70623B0D6EF93BFE000000A00100003B0000006662782F39464131463745442D413632322D343644302D413938332D3331353338454246344243312F7265736F75726365732F63
310
6F72652E786D6C8D50596E833010BD0A9ADFCA60B334011947A8694ED00B586642AC041B79A97AFC9A40A5F6AF3F33A3B7689E1E3F7DCD8FEC139DD7D6F4C0720A191A65476DA61E62B892236427C19DB5E1970C322367EC618541F0C9D9B8EC90B226A009093576C41D94DE63804C3DD2D18357379C652E63480A7FCF17A9
310
EE72C29CE5894E3AC17D702940B63D59270887DE46A7D0F36263058F518FBB468FE9A7BE6A7420864373B8D4873369AA8691FA421B3294352543C5CAF65C0F6FEF43CB8BD52C78D0F34F46E550061C419494B6843142CB0F5677F4B52BEB177AEC28E5C52AFF638ACBF84F53D42654E51E77B379102C05791282176B5F693D
310
CB4C7BED567C03504B010214000A0000080000CC70623B3DEE336E79000000790000001B00000000000000000000000000000000006175746F6465736B2D64657369676E2D7061636B6167652E786D6C504B01021400140006080800CC70623BD486FD9CA0000000F40000001300000000000000000000000000B20000005B
310
436F6E74656E745F54797065735D2E786D6C504B01021400140006080800CC70623B1EC5D7A3EB0000007C010000080000000000000000000000000083010000636F72652E786D6C504B01021400140006080800CC70623B55019EA25F0000007C000000070000000000000000000000000094020000636E782E786D6C504B
310
01021400140006080800CC70623B8C9102E971010000D40300000C00000000000000000000000000180300006662782F636F72652E786D6C504B01021400140006080800CC70623BFFEA85907E0000009D0000000B00000000000000000000000000B30400006662782F636E782E786D6C504B01021400140006080800CC70
310
623B4FEEA4082C0100001202000031000000000000000000000000005A0500006662782F39464131463745442D413632322D343644302D413938332D3331353338454246344243312F636F72652E786D6C504B01021400140006080800CC70623BAD7543B64E010000330300003000000000000000000000000000D5060000
310
6662782F39464131463745442D413632322D343644302D413938332D3331353338454246344243312F636E782E786D6C504B01021400140006080800CC70623B16AB87BA640500003C1000003400000000000000000000000000710800006662782F39464131463745442D413632322D343644302D413938332D3331353338
310
454246344243312F6F626A656374732E786D6C504B01021400140006080000CC70623B0000000000000000000000003500000000000000000000000000270E00006662782F39464131463745442D413632322D343644302D413938332D3331353338454246344243312F76657274696365732E62696E504B01021400140006
310
080800CC70623BF270F133060000000400000036000000000000000000000000007A0E00006662782F39464131463745442D413632322D343644302D413938332D3331353338454246344243312F747269616E676C65732E62696E504B01021400140006080000CC70623B0000000000000000000000003700000000000000
310
000000000000D40E00006662782F39464131463745442D413632322D343644302D413938332D3331353338454246344243312F617474726962757465732E62696E504B01021400140006080800CC70623B08DA0BD190000000410100003600000000000000000000000000290F00006662782F39464131463745442D413632
310
322D343644302D413938332D3331353338454246344243312F6469726563746F72792E786D6C504B01021400140006080800CC70623B0D6EF93BFE000000A00100003B000000000000000000000000000D1000006662782F39464131463745442D413632322D343644302D413938332D3331353338454246344243312F7265
310
736F75726365732F636F72652E786D6C504B0506000000000E000E0080040000641100000000
  0
XRECORD
  5
996
102
{ACAD_REACTORS
330
173
102
}
330
173
100
AcDbXrecord
102
MATERIAL
148
0.0
149
0.0
149
0.0
 93
        0
 94
       63
282
     0
 72
     1
 77
     1
171
     1
175
     1
179
     1
273
     0
  0
XRECORD
  5
1FB
102
{ACAD_REACTORS
330
173
102
}
330
173
100
AcDbXrecord
 70
     0
 90
1673772943
  1
ECE7A1D2-D628-4531-984C-D00F80459256
310
504B03040A0000080000CC70623B3DEE336E79000000790000001B0000006175746F6465736B2D64657369676E2D7061636B6167652E786D6C3C3F786D6C2076657273696F6E3D22312E302220656E636F64696E673D227574662D3822203F3E3C666F726D6174733E3C666F726D61743E687474703A2F2F736368656D612E
310
6175746F6465736B2E636F6D2F64657369676E2D7061636B6167652F323030393C2F666F726D61743E3C2F666F726D6174733E504B0304140006080800CC70623BD486FD9CA0000000F4000000130000005B436F6E74656E745F54797065735D2E786D6C7D8EC10E82300C865F65E91D8A1E8C310C0EEA1BF002731658846E
310
D98AC1B77784ABF1D8FE5FBFBF75BBCE937A534CCEB38643598122B6FEE978D0B0485F9C41B54DDD7D022595594E1A469170414C76A4D9A4D207E29CF43ECE46F218070CC6BECC4078ACAA135ACF422C856C0E68EA1BF5669944DDD7BCDE7B1F8E415D77AECB980613C2E4AC91FC167A2B244592486606FC29C8FD7F045B9A
310
EF7053A7E60B504B0304140006080800CC70623BD9DDAED0EC0000007C01000008000000636F72652E786D6C8D90416EC3201045AF82665B61836D9CD8C2444DD39CA01740405C94182C03558F5F9C3852BBEB6A467FFE9B197D7EF89E6EE8CB2CC17A37002D0820E394D7D68D03A478C17B4007C117EFE32F1B20272733C0
310
2A83E0E3E2D3BC49CABB685CCCAAF3DA6CA20CC14440EA969B0182FA34932C648AD911AEC52CD5558EA6A0CF2EC329598D1E47ACCEFBECC59A050463A7EA5833865FEBDD0E37353BE3EE8DBDE3F6786A48D375FBF6CC78B9C282473B3DEFABC5C86834888A900E538A49F5419B9EB47DD5BC907D4F082F57FB1F28CDFA9F50
310
B22ED6D5F6EE030B20687EE43E10BC5CB3C8E51E54AE6B6EE207504B0304140006080800CC70623B55019EA25F0000007C00000007000000636E782E786D6C4DCB3B0E80201045D1AD90E915ED2CF8AC45050C11660C8261F98AB1B07AC9C97D42D718D865D3E909258CFD00CCE24AC6E326A164D74DC0B4128928FF326038
310
472BA13128B1252AC747C6BAB984FC68F0B87FE8960A5C09FE86CFB69FBA01504B0304140006080800CC70623BA24EB22D72010000D40300000C0000006662782F636F72652E786D6CC5535B6E833010BC8AE5DF0A6C5E49888CA3A6694ED00B38E05014B091B1518EDFE511A5A9D228FD2A1F60CDEC7A67C6986DCE4D8D7A
310
69BA4AAB0C073EC548AA5C17952A33ECECD15B61B4E1CC686DBF9561A44423333CC098B3D268D7CE50AE9595CA02AA74216750749DB418E5352C32DCE59FB211BE70162ABA93DF8AFC244AE9073ED050C759670D0840D390E18DF9F1706664C23973AE2A66B62A605A75ACA4C13C4976E1364A12EF355A2EBD384AF65EFA96
310
BC7B8BED2EA6719AAE16FB8491A199335B351775B991C2CA02F390D2D40B028F861F41BCA68B7518BFD0D59A524686F29B26D7164F36B94AD9289CE54E6D1DE6010819891F6E21228B3AD1831EC219194284CF98F06DD01008846CC5A1BEF83801D4CBDC6A1303536877A57A513B0953A94FC707FDBE6064EA84A9E3E6E0FA
310
EE8CF0E9198F7784A316AA0413C2C2F2E0ECA0934D1AE6D05A69BCDE9E91D2A611F573361E38FC1375157F5752AE6B6DFE4B11990F88CCBF0719EE23FF02504B0304140006080800CC70623B408A7D3B7C0000009D0000000B0000006662782F636E782E786D6C4DCCD10A83201886E15B91FFDC552A92A0064DBC8F581632
310
D3703A76F9ABD1C18E3E78F878E5F0D9027ABBFCF2292AE86E2D20171F69F6715550CB827B40839639A5F2770314A7CD293819B45C73AAFB45B35BA61ACAA1C1C7E7855C58C15BC331339661262CC762340413D68D77DA5B42298546CBE6573AF60CEB2F504B0304140006080800CC70623B449FB9BD290100001202000031
310
0000006662782F36394639363044362D344446342D343946362D394244322D3234314243333846323333332F636F72652E786D6C8D515B6EC32010BC0AE22B55850D98B871848994463E412FE002495162B07854397EA176A4F62F3F2C9A9D991D587EB84F37F0AD7D30CEF6905418026DA553C65E7A98E219ED203808EE9D
310
8B7F6810D871D23D2C3014FCE25D9A57483A1BB58D19B54EE9151C43D0110279CB971E06F9A5A7B11A53CC8C70ADE6515EC78BAE4895DB992778883E0700CB907242D17643D7E2538BD869608875438BBAE38922CAC8F1BDD90DB4691A5E2F42C153326A951B95E398B3D1FE599322163C9AE9115F7A3D46ADA0A018778810
310
84E907617BDCEE297BC5BB3DC6BC2EF47FA234AB2745C9D8D8D035EE220B50105E2F0DC1954B9FB747187D9F9D8FA0CCDB042D5FA0C015C65B42DF78BD10F3F3B363CB56C7109DCFDFBBB97E662ED92EB62D13BC2E1BCAE5777DB9966D8A1F504B0304140006080800CC70623BAD7543B64E01000033030000300000006662
310
782F36394639363044362D344446342D343946362D394244322D3234314243333846323333332F636E782E786D6CD593CD6EC32010845F0571AD6CE3D48AD20813A9873E410FBD12D82434182C7EAAE6EDBB2424CD25871E7B41D6EC30B3FA84F9E67BB2E40B4234DE8DB46F1925E094D7C6ED479AD3AE5951B2113C789FEE
310
6C943839C1488B4C05DF079FE72A69D8C96C13AAD6B8631503449F83828872B949AC57D26200B826A308D316B4064D6E46FCDA41C05550DC9E483A00797BFD207EFB092A45DE9514C1BBD22178396BD39D891265658C238DEA00936C654E5E433CB65A26D9F6EDB5EBC14EBF49A45CB856E66048291F6939A9A81BB5C89177
310
38143CA680F4AA299D66A042CEB3354A2684DC9D8D178FE0D9B8B41CAAD720F880EE7EF93C0C18769E099ECC04D5A102C8049A8A05632F4DDF376CF1DE0F6BB65C2F8627B65A33C6BB62177CEBBDAD973006829F89F22E814B54F4BC2BE347F8AA8F681390B50FA73F804400B5F542E796F19FF974E7F78DB802FE05E20750
310
4B0304140006080800CC70623B8D05915C650500003B100000340000006662782F36394639363044362D344446342D343946362D394244322D3234314243333846323333332F6F626A656374732E786D6CAD575B6FA33814FE2B887D06429276DA1565D4266D158D3A339A6846FB502932E050B66023DB74D2FDF5FB190C01
310
9276B2973C046C8ECFF53B17071F77456EBD502133CEAE6CDF9DD81665314F32965ED995DA3A17B6F5310C04E7AA47665B8C14F4CAD6DB7618A48257A5D94AE89654B91AEDDEDDFC61C998326A5B714EA4BCB265FC440BE2924AF184CA6737218AB8E976E7FA6E4338649B0A523E8D98964450A6A029F619B8588D52FE7039
310
B1BD30F0F4F730D0FF866AF6369557DB33949F31A9088B0F848DD8CCFCF9F2767A76E99CCDE733677E3EF59D9BBB9BA5E37F984D16E78BC5E5F5ED25044B25C0C96822E8D60EEFE11B91C581D77CEA34368A1F5329E68CD1B8B61F16D63A1B8E092D294B10C78C4A48EB593D192E7DED9BDEE7995E1B91FDEDD3ACEA9FE831
310
6A756F9F7D4D79F4274C90A7A04248AA51D5F8C718DAE06FB2F75AC4796EBE65D22A88A22223B995679120E2D50E41AA49C260C046A35368846B0BECD0DFF3EBEB8AD4F835768F69B9ADF25C43D30E6B646F807FAA64AD59F61715C7A54127C4AACA98BA3006A9D792DAE165E0D59B61A01FB3A9F9D838D2DAE62445C86166
310
F37564E842E7DE6A69879FEEA2DD5AE7E371E1A5E025154AC307D06A03D73EB5978C58FFA4C8E9033066E0F3BD53BEC1F39F91BE7B55103791EDE6BBB991A2046172CB4581D8B893FA674DDA17A77B3B7C413D1B511FD2743BFF8A38F03A658705E3ADF8015C3A3417FF3D7E439FF591DA0B5F18BC20C1B8981957AE6392A3
310
F43C640C01D1A0B4728E2DD4F26DB4B3C3152A252A3B4E913CEC1C72F012782FF88EFF8637AA552DBEF76408E8A8DE9E50F9E1CB3A2DA0DB1B6039A893B56063DC5B3E3FFB5F72E67AB9FEB4AEC496C4F4C1149625DD662C53E89D7BF0F6151A046260D1337DFDC94502430F83B0EE07A130A224BCAD7DAE1D9FB6CD422FF6
310
920702629C4BB9AE79C12F243C6432A6794E18E5552BA56B431AAB5D91317302B2B071E86C3A42B1A02F999E24061403B5D0EB639195DA655DD3EBEAB4FB862DDF579F014AD0E73C22F99E28DA57FB98E75C6CA2D74D53086D600F4786E0FE3144B771A8A7B900F03594DB8A633CBC49B2EDB69228BB479CF863B5E807AAAB
310
23872F6DFEB4129B949CA33823F58830E86D65621E10047D9DB34D862E8EAC3C2ABC2F7B2C40D67CDFE01F5545B92105AF983AC54D93D69E56FB8E797F88913F898A9FEC705D3F9D1B54EC8426FB500D40A03BD0119B06E1B95DDC7EB8F6975367793EBD70E66733DFB9BC982F9CE564727731999F5D4ECFCE3B8D6A4DC2A0
310
6D50FD148437D110834A64C6CDDF57FBACB5C307A2A477DFE4939736CFEF2B175371E0E10CF0DD1D5C15654E0BCA14D1E87DD02FF93782A162C0A3D95F1524A52770F972BF1EE9809D13CE7DD599467F8ECE9ADD85CE85A34CD45355448C64F9E8A031DC2D596ACC6E5DD93D9B82DE2EF5CAF81363A8E47996A0DE24564A79
310
4115AACE09C55E14540231FDA13C319787134EBF34E3A022514E5B4D9E0826E25C02D5805B15ABE1BEF51B26383D445DD9E875EE33FE4C22DA16427D65A3BCA92CA6D28DD01DF5DC53330704308475351050232CCD31583787BA75774AFB06E5070DD0C8EF484E19968C5D83BA5B90B244D31E54D55A372320FE4786B7EA58
310
44E135AA5467CB7EA333A61683CC6A8C3257034C10CF46F40EF9F5BE59BE5BD30C3C72D235E95D10345C1D45445A5F0BB47E46A5EBE5570F9380B5FA629579952296A773720405982B9DE04011506178964401AA8BDF1FBF0A8EAB6861DD6580C0E38217056766716DAEB2D6FA0917D3E4116581EADB879C4E7CFFB11EFACD
310
3D641311495D92C8676CB409A72D18610D803CE8A626049E8EC1887CB5B44CC39883690DDA8399B4B9855B481E7D71D4A9D22F96E5BB73BF5793020C02137BF837504B0304140006080000CC70623B000000000000000000000000350000006662782F36394639363044362D344446342D343946362D394244322D32343142
310
43333846323333332F76657274696365732E62696E504B0304140006080800CC70623BF270F1330600000004000000360000006662782F36394639363044362D344446342D343946362D394244322D3234314243333846323333332F747269616E676C65732E62696E636660600000504B0304140006080000CC70623B0000
310
00000000000000000000370000006662782F36394639363044362D344446342D343946362D394244322D3234314243333846323333332F617474726962757465732E62696E504B0304140006080800CC70623B08DA0BD19000000041010000360000006662782F36394639363044362D344446342D343946362D394244322D
310
3234314243333846323333332F6469726563746F72792E786D6C858F410AC3201045AF22B36F53E9A60B35CBEEBAE80D244E44489C6234F4F835464A48035D0DF398FF9F8AF63D0E6CC63039F212F8F9020C7D47C6792B21C5FE7403D62A1188E2E60C98D7234A5830286103A55745067B9D86B8A3CF9C7F90C11DE607FB14
310
4396D7B6A82D282E9A152AD114D5EF2CB866EEE831B8EEA07A7BB5A8D7D61A2BAAEB7FD5F70921FF497D00504B0304140006080800CC70623BCA768048FE000000A00100003B0000006662782F36394639363044362D344446342D343946362D394244322D3234314243333846323333332F7265736F75726365732F636F72
310
652E786D6C8D50596E833010BD0A9ADFCA60D600328E9AA639412F609909B1126CE4A5EAF16B0295DABFFECC8CDEA2797AECF8353F924FB44E193D409E5248504B332A3D0D10FC95B4901C39B3C6F85F3248B49871801506CE266BC2B243D2688FDA47549B11775038871E12F988C7004EDE7016A9083E2ADC3D5D84BC8B09
310
D33C8D74D471E6BC8D0192EDC93A815B742658898E651BCB59086ADC356A8C3FD555A1055ED7E7E254D615792D0F075295F585746FF53B694EE78A565DD736979A65AB9933AFE69F8CD2A2F038022F28ED489E135A7CE4554F9BBEA85E68DB53CAB255FEC71496F19FA6A0B42F8B3DEE6673C0F318E4497096AD7DC5F52C33
310
EEB55BFE0D504B010214000A0000080000CC70623B3DEE336E79000000790000001B00000000000000000000000000000000006175746F6465736B2D64657369676E2D7061636B6167652E786D6C504B01021400140006080800CC70623BD486FD9CA0000000F40000001300000000000000000000000000B20000005B436F
310
6E74656E745F54797065735D2E786D6C504B01021400140006080800CC70623BD9DDAED0EC0000007C010000080000000000000000000000000083010000636F72652E786D6C504B01021400140006080800CC70623B55019EA25F0000007C000000070000000000000000000000000095020000636E782E786D6C504B0102
310
1400140006080800CC70623BA24EB22D72010000D40300000C00000000000000000000000000190300006662782F636F72652E786D6C504B01021400140006080800CC70623B408A7D3B7C0000009D0000000B00000000000000000000000000B50400006662782F636E782E786D6C504B01021400140006080800CC70623B
310
449FB9BD290100001202000031000000000000000000000000005A0500006662782F36394639363044362D344446342D343946362D394244322D3234314243333846323333332F636F72652E786D6C504B01021400140006080800CC70623BAD7543B64E010000330300003000000000000000000000000000D20600006662
310
782F36394639363044362D344446342D343946362D394244322D3234314243333846323333332F636E782E786D6C504B01021400140006080800CC70623B8D05915C650500003B10000034000000000000000000000000006E0800006662782F36394639363044362D344446342D343946362D394244322D32343142433338
310
46323333332F6F626A656374732E786D6C504B01021400140006080000CC70623B0000000000000000000000003500000000000000000000000000250E00006662782F36394639363044362D344446342D343946362D394244322D3234314243333846323333332F76657274696365732E62696E504B010214001400060808
310
00CC70623BF270F13306000000040000003600000000000000000000000000780E00006662782F36394639363044362D344446342D343946362D394244322D3234314243333846323333332F747269616E676C65732E62696E504B01021400140006080000CC70623B00000000000000000000000037000000000000000000
310
00000000D20E00006662782F36394639363044362D344446342D343946362D394244322D3234314243333846323333332F617474726962757465732E62696E504B01021400140006080800CC70623B08DA0BD190000000410100003600000000000000000000000000270F00006662782F36394639363044362D344446342D
310
343946362D394244322D3234314243333846323333332F6469726563746F72792E786D6C504B01021400140006080800CC70623BCA768048FE000000A00100003B000000000000000000000000000B1000006662782F36394639363044362D344446342D343946362D394244322D3234314243333846323333332F7265736F
310
75726365732F636F72652E786D6C504B0506000000000E000E0080040000621100000000
  0
ENDSEC
  0
EOF
