  0
SECTION
  2
HEADER
  9
$ACADVER
  1
AC1014
  9
$ACADMAINTVER
 70
     9
  9
$DWGCODEPAGE
  3
ANSI_1252
  9
$INSBASE
 10
0.0
 20
0.0
 30
0.0
  9
$EXTMIN
 10
2686.116267913052
 20
969.3114224377132
 30
-0.0000000082728956
  9
$EXTMAX
 10
2715.466253116942
 20
991.3884196283985
 30
0.0
  9
$LIMMIN
 10
0.0
 20
0.0
  9
$LIMMAX
 10
420.0
 20
297.0
  9
$ORTHOMODE
 70
     0
  9
$REGENMODE
 70
     1
  9
$FILLMODE
 70
     1
  9
$QTEXTMODE
 70
     0
  9
$MIRRTEXT
 70
     0
  9
$DRAGMODE
 70
     2
  9
$LTSCALE
 40
1.0
  9
$OSMODE
 70
    37
  9
$ATTMODE
 70
     1
  9
$TEXTSIZE
 40
2.5
  9
$TRACEWID
 40
1.0
  9
$TEXTSTYLE
  7
STANDARD
  9
$CLAYER
  8
0
  9
$CELTYPE
  6
BYLAYER
  9
$CECOLOR
 62
   256
  9
$CELTSCALE
 40
1.0
  9
$DELOBJ
 70
     1
  9
$DISPSILH
 70
     0
  9
$DIMSCALE
 40
1.0
  9
$DIMASZ
 40
2.5
  9
$DIMEXO
 40
0.625
  9
$DIMDLI
 40
3.75
  9
$DIMRND
 40
0.0
  9
$DIMDLE
 40
0.0
  9
$DIMEXE
 40
1.25
  9
$DIMTP
 40
0.0
  9
$DIMTM
 40
0.0
  9
$DIMTXT
 40
2.5
  9
$DIMCEN
 40
2.5
  9
$DIMTSZ
 40
0.0
  9
$DIMTOL
 70
     0
  9
$DIMLIM
 70
     0
  9
$DIMTIH
 70
     0
  9
$DIMTOH
 70
     0
  9
$DIMSE1
 70
     0
  9
$DIMSE2
 70
     0
  9
$DIMTAD
 70
     1
  9
$DIMZIN
 70
     8
  9
$DIMBLK
  1

  9
$DIMASO
 70
     1
  9
$DIMSHO
 70
     1
  9
$DIMPOST
  1

  9
$DIMAPOST
  1

  9
$DIMALT
 70
     0
  9
$DIMALTD
 70
     3
  9
$DIMALTF
 40
0.03937007874016
  9
$DIMLFAC
 40
1.0
  9
$DIMTOFL
 70
     1
  9
$DIMTVP
 40
0.0
  9
$DIMTIX
 70
     0
  9
$DIMSOXD
 70
     0
  9
$DIMSAH
 70
     0
  9
$DIMBLK1
  1

  9
$DIMBLK2
  1

  9
$DIMSTYLE
  2
ISO-25
  9
$DIMCLRD
 70
     0
  9
$DIMCLRE
 70
     0
  9
$DIMCLRT
 70
     0
  9
$DIMTFAC
 40
1.0
  9
$DIMGAP
 40
0.625
  9
$DIMJUST
 70
     0
  9
$DIMSD1
 70
     0
  9
$DIMSD2
 70
     0
  9
$DIMTOLJ
 70
     0
  9
$DIMTZIN
 70
     8
  9
$DIMALTZ
 70
     0
  9
$DIMALTTZ
 70
     0
  9
$DIMFIT
 70
     3
  9
$DIMUPT
 70
     0
  9
$DIMUNIT
 70
     2
  9
$DIMDEC
 70
     2
  9
$DIMTDEC
 70
     2
  9
$DIMALTU
 70
     2
  9
$DIMALTTD
 70
     3
  9
$DIMTXSTY
  7
STANDARD
  9
$DIMAUNIT
 70
     0
  9
$LUNITS
 70
     2
  9
$LUPREC
 70
     4
  9
$SKETCHINC
 40
1.0
  9
$FILLETRAD
 40
0.0
  9
$AUNITS
 70
     0
  9
$AUPREC
 70
     0
  9
$MENU
  1
.
  9
$ELEVATION
 40
0.0
  9
$PELEVATION
 40
0.0
  9
$THICKNESS
 40
0.0
  9
$LIMCHECK
 70
     0
  9
$CHAMFERA
 40
0.0
  9
$CHAMFERB
 40
0.0
  9
$CHAMFERC
 40
0.0
  9
$CHAMFERD
 40
0.0
  9
$SKPOLY
 70
     0
  9
$TDCREATE
 40
2460876.913784722
  9
$TDUPDATE
 40
2460943.603550139
  9
$TDINDWG
 40
0.0002893519
  9
$TDUSRTIMER
 40
0.0002893519
  9
$USRTIMER
 70
     1
  9
$ANGBASE
 50
0.0
  9
$ANGDIR
 70
     0
  9
$PDMODE
 70
     0
  9
$PDSIZE
 40
0.0
  9
$PLINEWID
 40
0.0
  9
$COORDS
 70
     1
  9
$SPLFRAME
 70
     0
  9
$SPLINETYPE
 70
     6
  9
$SPLINESEGS
 70
     8
  9
$ATTDIA
 70
     0
  9
$ATTREQ
 70
     1
  9
$HANDLING
 70
     1
  9
$HANDSEED
  5
87C
  9
$SURFTAB1
 70
     6
  9
$SURFTAB2
 70
     6
  9
$SURFTYPE
 70
     6
  9
$SURFU
 70
     6
  9
$SURFV
 70
     6
  9
$UCSNAME
  2

  9
$UCSORG
 10
0.0
 20
0.0
 30
0.0
  9
$UCSXDIR
 10
1.0
 20
0.0
 30
0.0
  9
$UCSYDIR
 10
0.0
 20
1.0
 30
0.0
  9
$PUCSNAME
  2

  9
$PUCSORG
 10
0.0
 20
0.0
 30
0.0
  9
$PUCSXDIR
 10
1.0
 20
0.0
 30
0.0
  9
$PUCSYDIR
 10
0.0
 20
1.0
 30
0.0
  9
$USERI1
 70
     0
  9
$USERI2
 70
     0
  9
$USERI3
 70
     0
  9
$USERI4
 70
     0
  9
$USERI5
 70
     0
  9
$USERR1
 40
0.0
  9
$USERR2
 40
0.0
  9
$USERR3
 40
0.0
  9
$USERR4
 40
0.0
  9
$USERR5
 40
0.0
  9
$WORLDVIEW
 70
     1
  9
$SHADEDGE
 70
     3
  9
$SHADEDIF
 70
    70
  9
$TILEMODE
 70
     1
  9
$MAXACTVP
 70
    64
  9
$PINSBASE
 10
0.0
 20
0.0
 30
0.0
  9
$PLIMCHECK
 70
     0
  9
$PEXTMIN
 10
0.0
 20
0.0
 30
0.0
  9
$PEXTMAX
 10
0.0
 20
0.0
 30
0.0
  9
$PLIMMIN
 10
0.0
 20
0.0
  9
$PLIMMAX
 10
12.0
 20
9.0
  9
$UNITMODE
 70
     0
  9
$VISRETAIN
 70
     1
  9
$PLINEGEN
 70
     0
  9
$PSLTSCALE
 70
     1
  9
$TREEDEPTH
 70
  3020
  9
$PICKSTYLE
 70
     1
  9
$CMLSTYLE
  2
STANDARD
  9
$CMLJUST
 70
     0
  9
$CMLSCALE
 40
20.0
  9
$PROXYGRAPHICS
 70
     1
  9
$MEASUREMENT
 70
     1
  0
ENDSEC
  0
SECTION
  2
CLASSES
  0
CLASS
  1
ACDBDICTIONARYWDFLT
  2
AcDbDictionaryWithDefault
  3
ObjectDBX Classes
 90
        0
280
     0
281
     0
  0
CLASS
  1
ACDBPLACEHOLDER
  2
AcDbPlaceHolder
  3
ObjectDBX Classes
 90
        0
280
     0
281
     0
  0
CLASS
  1
LAYOUT
  2
AcDbLayout
  3
ObjectDBX Classes
 90
        0
280
     0
281
     0
  0
CLASS
  1
DICTIONARYVAR
  2
AcDbDictionaryVar
  3
ObjectDBX Classes
 90
        0
280
     0
281
     0
  0
CLASS
  1
TABLESTYLE
  2
AcDbTableStyle
  3
ObjectDBX Classes
 90
     4095
280
     0
281
     0
  0
CLASS
  1
MATERIAL
  2
AcDbMaterial
  3
ObjectDBX Classes
 90
     1153
280
     0
281
     0
  0
CLASS
  1
VISUALSTYLE
  2
AcDbVisualStyle
  3
ObjectDBX Classes
 90
     4095
280
     0
281
     0
  0
CLASS
  1
SCALE
  2
AcDbScale
  3
ObjectDBX Classes
 90
     1153
280
     0
281
     0
  0
CLASS
  1
MLEADERSTYLE
  2
AcDbMLeaderStyle
  3
ACDB_MLEADERSTYLE_CLASS
 90
     4095
280
     0
281
     0
  0
CLASS
  1
CELLSTYLEMAP
  2
AcDbCellStyleMap
  3
ObjectDBX Classes
 90
     1152
280
     0
281
     0
  0
CLASS
  1
EXACXREFPANELOBJECT
  2
ExAcXREFPanelObject
  3
EXAC_ESW
 90
     1025
280
     1
281
     0
  0
CLASS
  1
NPOCOLLECTION
  2
AcDbImpNonPersistentObjectsCollection
  3
ObjectDBX Classes
 90
     1153
280
     1
281
     0
  0
CLASS
  1
LAYER_INDEX
  2
AcDbLayerIndex
  3
ObjectDBX Classes
 90
        0
280
     0
281
     0
  0
CLASS
  1
SPATIAL_INDEX
  2
AcDbSpatialIndex
  3
AutoCAD 2000
 90
        0
280
     0
281
     0
  0
CLASS
  1
IDBUFFER
  2
AcDbIdBuffer
  3
ObjectDBX Classes
 90
        0
280
     0
281
     0
  0
CLASS
  1
ACDBSECTIONVIEWSTYLE
  2
AcDbSectionViewStyle
  3
ObjectDBX Classes
 90
     1025
280
     0
281
     0
  0
CLASS
  1
ACDBDETAILVIEWSTYLE
  2
AcDbDetailViewStyle
  3
ObjectDBX Classes
 90
     1025
280
     0
281
     0
  0
CLASS
  1
SORTENTSTABLE
  2
AcDbSortentsTable
  3
ObjectDBX Classes
 90
        0
280
     0
281
     0
  0
CLASS
  1
XRECORD
  2
AcDbXrecord
  3
ObjectDBX Classes
 90
        0
280
     0
281
     0
  0
CLASS
  1
LWPOLYLINE
  2
AcDbPolyline
  3
ObjectDBX Classes
 90
        0
280
     0
281
     1
  0
CLASS
  1
HATCH
  2
AcDbHatch
  3
ObjectDBX Classes
 90
        0
280
     0
281
     1
  0
ENDSEC
  0
SECTION
  2
TABLES
  0
TABLE
  2
VPORT
  5
8
102
{ACAD_XDICTIONARY
360
876
102
}
330
0
100
AcDbSymbolTable
 70
     1
  0
VPORT
  5
EA
330
8
100
AcDbSymbolTableRecord
100
AcDbViewportTableRecord
  2
*ACTIVE
 70
     0
 10
0.0
 20
0.0
 11
1.0
 21
1.0
 12
2695.685768870202
 22
979.0628622419995
 13
0.0
 23
0.0
 14
10.0
 24
10.0
 15
10.0
 25
10.0
 16
0.0
 26
0.0
 36
1.0
 17
0.0
 27
0.0
 37
0.0
 40
24.71221653418161
 41
2.360148514851485
 42
50.0
 43
0.0
 44
0.0
 50
0.0
 51
0.0
 71
     0
 72
  1000
 73
     1
 74
     3
 75
     0
 76
     1
 77
     0
 78
     0
1001
ACAD_NAV_VCDISPLAY
1070
     3
  0
ENDTAB
  0
TABLE
  2
LTYPE
  5
5
330
0
100
AcDbSymbolTable
 70
     2
  0
LTYPE
  5
14
330
5
100
AcDbSymbolTableRecord
100
AcDbLinetypeTableRecord
  2
BYBLOCK
 70
     0
  3

 72
    65
 73
     0
 40
0.0
  0
LTYPE
  5
15
330
5
100
AcDbSymbolTableRecord
100
AcDbLinetypeTableRecord
  2
BYLAYER
 70
     0
  3

 72
    65
 73
     0
 40
0.0
  0
LTYPE
  5
16
330
5
100
AcDbSymbolTableRecord
100
AcDbLinetypeTableRecord
  2
CONTINUOUS
 70
     0
  3
Solid line
 72
    65
 73
     0
 40
0.0
  0
LTYPE
  5
2FA
330
5
100
AcDbSymbolTableRecord
100
AcDbLinetypeTableRecord
  2
HIDDEN
 70
     0
  3
Hidden __ __ __ __ __ __ __ __ __ __ __ __ __ _
 72
    65
 73
     2
 40
0.375
 49
0.25
 74
     0
 49
-0.125
 74
     0
  0
ENDTAB
  0
TABLE
  2
LAYER
  5
2
102
{ACAD_XDICTIONARY
360
1FF
102
}
330
0
100
AcDbSymbolTable
 70
    26
  0
LAYER
  5
10
330
2
100
AcDbSymbolTableRecord
100
AcDbLayerTableRecord
  2
0
 70
     0
 62
     7
  6
CONTINUOUS
  0
LAYER
  5
2FB
330
2
100
AcDbSymbolTableRecord
100
AcDbLayerTableRecord
  2
DIMENSIONS__BM_
 70
     0
 62
   251
  6
CONTINUOUS
1001
ACAECLAYERSTANDARD
1000

1000

1001
ACCMTRANSPARENCY
1071
        0
  0
LAYER
  5
2FC
330
2
100
AcDbSymbolTableRecord
100
AcDbLayerTableRecord
  2
BEAM__BM_
 70
     0
 62
   130
  6
CONTINUOUS
  0
LAYER
  5
2FD
330
2
100
AcDbSymbolTableRecord
100
AcDbLayerTableRecord
  2
HIDDEN_BEAMS__BM_
 70
     0
 62
   110
  6
HIDDEN
  0
LAYER
  5
2FE
330
2
100
AcDbSymbolTableRecord
100
AcDbLayerTableRecord
  2
TABLE__BM_
 70
     0
 62
   251
  6
CONTINUOUS
1001
ACAECLAYERSTANDARD
1000

1000

  0
LAYER
  5
2FF
330
2
100
AcDbSymbolTableRecord
100
AcDbLayerTableRecord
  2
SUNK_BY_200MM__BM_
 70
     0
 62
   201
  6
CONTINUOUS
1001
ACAECLAYERSTANDARD
1000

1000

1001
ACCMTRANSPARENCY
1071
        0
  0
LAYER
  5
300
330
2
100
AcDbSymbolTableRecord
100
AcDbLayerTableRecord
  2
SUNK_BY_325MM__BM_
 70
     0
 62
   150
  6
CONTINUOUS
1001
ACAECLAYERSTANDARD
1000

1000

1001
ACCMTRANSPARENCY
1071
        0
  0
LAYER
  5
301
330
2
100
AcDbSymbolTableRecord
100
AcDbLayerTableRecord
  2
BEAM_TEXT__BM_
 70
     0
 62
    20
  6
CONTINUOUS
  0
LAYER
  5
302
330
2
100
AcDbSymbolTableRecord
100
AcDbLayerTableRecord
  2
DUCT__BM_
 70
     0
 62
     8
  6
HIDDEN
  0
LAYER
  5
303
330
2
100
AcDbSymbolTableRecord
100
AcDbLayerTableRecord
  2
SLAB_MARK__BM_
 70
     0
 62
   251
  6
CONTINUOUS
1001
ACAECLAYERSTANDARD
1000

1000

  0
LAYER
  5
304
330
2
100
AcDbSymbolTableRecord
100
AcDbLayerTableRecord
  2
COLUMN_TEXT__BM_
 70
     0
 62
     7
  6
CONTINUOUS
1001
ACAECLAYERSTANDARD
1000

1000

  0
LAYER
  5
305
330
2
100
AcDbSymbolTableRecord
100
AcDbLayerTableRecord
  2
SLAB_TEXT__BM_
 70
     0
 62
     7
  6
CONTINUOUS
1001
ACAECLAYERSTANDARD
1000

1000

  0
LAYER
  5
306
330
2
100
AcDbSymbolTableRecord
100
AcDbLayerTableRecord
  2
SECTION_BORDER__BM_
 70
     0
 62
     8
  6
CONTINUOUS
1001
ZCCMTRANSPARENCY
1071
 33554687
1001
ACAECLAYERSTANDARD
1000

1000

  0
LAYER
  5
307
330
2
100
AcDbSymbolTableRecord
100
AcDbLayerTableRecord
  2
COLUMN__BM_
 70
     0
 62
    50
  6
CONTINUOUS
  0
LAYER
  5
308
330
2
100
AcDbSymbolTableRecord
100
AcDbLayerTableRecord
  2
SLEEVE__BM_
 70
     0
 62
    80
  6
CONTINUOUS
1001
ACAECLAYERSTANDARD
1000

1000

1001
ACCMTRANSPARENCY
1071
        0
  0
LAYER
  5
309
330
2
100
AcDbSymbolTableRecord
100
AcDbLayerTableRecord
  2
SCHEDULE_TEXT__BM_
 70
     0
 62
     7
  6
CONTINUOUS
1001
ACAECLAYERSTANDARD
1000

1000

  0
LAYER
  5
30A
330
2
100
AcDbSymbolTableRecord
100
AcDbLayerTableRecord
  2
TITLE_TEXT__BM_
 70
     0
 62
     7
  6
CONTINUOUS
1001
ACAECLAYERSTANDARD
1000

1000

1001
ACCMTRANSPARENCY
1071
        0
  0
LAYER
  5
30B
330
2
100
AcDbSymbolTableRecord
100
AcDbLayerTableRecord
  2
BORDER__BM_
 70
     0
 62
    40
  6
CONTINUOUS
1001
ZCCMTRANSPARENCY
1071
 33554687
1001
ACAECLAYERSTANDARD
1000

1000

  0
LAYER
  5
30C
330
2
100
AcDbSymbolTableRecord
100
AcDbLayerTableRecord
  2
SUNK_BY_150MM__BM_
 70
     0
 62
    44
  6
CONTINUOUS
1001
ACAECLAYERSTANDARD
1000

1000

1001
ACCMTRANSPARENCY
1071
        0
  0
LAYER
  5
30D
330
2
100
AcDbSymbolTableRecord
100
AcDbLayerTableRecord
  2
ARCH__BM_
 70
     0
 62
   253
  6
HIDDEN
1001
ZCCMTRANSPARENCY
1071
 33554687
1001
ACAECLAYERSTANDARD
1000

1000

  0
LAYER
  5
30E
102
{ACAD_XDICTIONARY
360
30F
102
}
330
2
100
AcDbSymbolTableRecord
100
AcDbLayerTableRecord
  2
TEXT1__BM_
 70
     0
 62
     1
  6
CONTINUOUS
  0
LAYER
  5
311
102
{ACAD_XDICTIONARY
360
312
102
}
330
2
100
AcDbSymbolTableRecord
100
AcDbLayerTableRecord
  2
SUB_TITLE__BM_
 70
     0
 62
     3
  6
CONTINUOUS
  0
LAYER
  5
314
330
2
100
AcDbSymbolTableRecord
100
AcDbLayerTableRecord
  2
BAHUBALI_TITLE__BM_
 70
     0
 62
     4
  6
CONTINUOUS
  0
LAYER
  5
315
102
{ACAD_XDICTIONARY
360
316
102
}
330
2
100
AcDbSymbolTableRecord
100
AcDbLayerTableRecord
  2
TEXT_LEGEND___BM_
 70
     0
 62
     7
  6
CONTINUOUS
  0
LAYER
  5
318
330
2
100
AcDbSymbolTableRecord
100
AcDbLayerTableRecord
  2
COLUMN_TEXT_BOX__BM_
 70
     0
 62
   253
  6
CONTINUOUS
1001
ACAECLAYERSTANDARD
1000

1000

1001
ACCMTRANSPARENCY
1071
        0
  0
LAYER
  5
319
102
{ACAD_XDICTIONARY
360
31A
102
}
330
2
100
AcDbSymbolTableRecord
100
AcDbLayerTableRecord
  2
TITLE__BM_
 70
     0
 62
     6
  6
CONTINUOUS
  0
ENDTAB
  0
TABLE
  2
STYLE
  5
3
330
0
100
AcDbSymbolTable
 70
     9
  0
STYLE
  5
11
330
3
100
AcDbSymbolTableRecord
100
AcDbTextStyleTableRecord
  2
STANDARD
 70
     0
 40
0.0
 41
1.0
 50
0.0
 71
     0
 42
2.5
  3
arial.ttf
  4

1001
ACAD
1000
Arial
1071
       34
  0
STYLE
  5
132
330
3
100
AcDbSymbolTableRecord
100
AcDbTextStyleTableRecord
  2
ANNOTATIVE
 70
     0
 40
0.0
 41
1.0
 50
0.0
 71
     0
 42
2.5
  3
arial.ttf
  4

1001
ACADANNOTATIVE
1000
AnnotativeData
1002
{
1070
     1
1070
     1
1002
}
1001
ACAD
1000
Arial
1071
       34
  0
STYLE
  5
31C
330
3
100
AcDbSymbolTableRecord
100
AcDbTextStyleTableRecord
  2
DELTACOM_BOLD
 70
     0
 40
0.0
 41
1.0
 50
0.0
 71
     0
 42
0.2
  3
arial.ttf
  4

1001
ACAD
1000
Arial
1071
       34
  0
STYLE
  5
31D
330
3
100
AcDbSymbolTableRecord
100
AcDbTextStyleTableRecord
  2
AR
 70
     0
 40
0.0
 41
1.0
 50
0.0
 71
     0
 42
2.5
  3
arial.ttf
  4

1001
ACAD
1000
Arial TUR
1071
    41506
  0
STYLE
  5
31E
330
3
100
AcDbSymbolTableRecord
100
AcDbTextStyleTableRecord
  2
RRR
 70
     0
 40
0.18
 41
1.0
 50
0.0
 71
     0
 42
0.15
  3
romans.shx
  4

  0
STYLE
  5
31F
330
3
100
AcDbSymbolTableRecord
100
AcDbTextStyleTableRecord
  2
ROMANS
 70
     0
 40
0.0
 41
1.0
 50
0.0
 71
     0
 42
0.2
  3
romans
  4

  0
STYLE
  5
320
330
3
100
AcDbSymbolTableRecord
100
AcDbTextStyleTableRecord
  2
NAME
 70
     0
 40
0.0
 41
1.0
 50
0.0
 71
     0
 42
0.2
  3
times.ttf
  4

1001
ACAD
1000
Times New Roman
1071
    41490
  0
STYLE
  5
321
330
3
100
AcDbSymbolTableRecord
100
AcDbTextStyleTableRecord
  2
CALIBRI
 70
     0
 40
0.0
 41
1.0
 50
0.0
 71
     0
 42
4.0
  3
calibri.ttf
  4

1001
ACAD
1000
Calibri
1071
       34
  0
STYLE
  5
322
330
3
100
AcDbSymbolTableRecord
100
AcDbTextStyleTableRecord
  2
GA
 70
     0
 40
0.0
 41
1.0
 50
0.0
 71
     0
 42
600.0
  3
GARA.TTF
  4

1001
ACAD
1000
Garamond
1071
       18
  0
ENDTAB
  0
TABLE
  2
VIEW
  5
6
330
0
100
AcDbSymbolTable
 70
     0
  0
ENDTAB
  0
TABLE
  2
UCS
  5
7
330
0
100
AcDbSymbolTable
 70
     0
  0
ENDTAB
  0
TABLE
  2
APPID
  5
9
330
0
100
AcDbSymbolTable
 70
    14
  0
APPID
  5
12
330
9
100
AcDbSymbolTableRecord
100
AcDbRegAppTableRecord
  2
ACAD
 70
     0
  0
APPID
  5
9E
330
9
100
AcDbSymbolTableRecord
100
AcDbRegAppTableRecord
  2
ACAD_PSEXT
 70
     0
  0
APPID
  5
133
330
9
100
AcDbSymbolTableRecord
100
AcDbRegAppTableRecord
  2
ACADANNOPO
 70
     0
  0
APPID
  5
134
330
9
100
AcDbSymbolTableRecord
100
AcDbRegAppTableRecord
  2
ACADANNOTATIVE
 70
     0
  0
APPID
  5
135
330
9
100
AcDbSymbolTableRecord
100
AcDbRegAppTableRecord
  2
ACAD_DSTYLE_DIMJAG
 70
     0
  0
APPID
  5
136
330
9
100
AcDbSymbolTableRecord
100
AcDbRegAppTableRecord
  2
ACAD_DSTYLE_DIMTALN
 70
     0
  0
APPID
  5
165
330
9
100
AcDbSymbolTableRecord
100
AcDbRegAppTableRecord
  2
ACAD_MLEADERVER
 70
     0
  0
APPID
  5
217
330
9
100
AcDbSymbolTableRecord
100
AcDbRegAppTableRecord
  2
ACAD_NAV_VCDISPLAY
 70
     0
  0
APPID
  5
324
330
9
100
AcDbSymbolTableRecord
100
AcDbRegAppTableRecord
  2
ACAECLAYERSTANDARD
 70
     0
  0
APPID
  5
325
330
9
100
AcDbSymbolTableRecord
100
AcDbRegAppTableRecord
  2
ACCMTRANSPARENCY
 70
     0
  0
APPID
  5
326
330
9
100
AcDbSymbolTableRecord
100
AcDbRegAppTableRecord
  2
ZCCMTRANSPARENCY
 70
     0
  0
APPID
  5
327
330
9
100
AcDbSymbolTableRecord
100
AcDbRegAppTableRecord
  2
ACDBBLOCKREPETAG
 70
     0
  0
APPID
  5
328
330
9
100
AcDbSymbolTableRecord
100
AcDbRegAppTableRecord
  2
ACDBDYNAMICBLOCKGUID
 70
     0
  0
APPID
  5
329
330
9
100
AcDbSymbolTableRecord
100
AcDbRegAppTableRecord
  2
ACAD_OBJECT_CHANGE_GUID
 70
     0
  0
ENDTAB
  0
TABLE
  2
DIMSTYLE
  5
A
330
0
100
AcDbSymbolTable
 70
     4
  0
DIMSTYLE
105
1B0
330
A
100
AcDbSymbolTableRecord
100
AcDbDimStyleTableRecord
  2
STANDARD
 70
     0
  3

  4

  5

  6

  7

 40
1.0
 41
0.18
 42
0.0625
 43
0.38
 44
0.18
 45
0.0
 46
0.0
 47
0.0
 48
0.0
140
0.18
141
0.09
142
0.0
143
25.4
144
1.0
145
0.0
146
1.0
147
0.09
 71
     0
 72
     0
 73
     1
 74
     1
 75
     0
 76
     0
 77
     0
 78
     0
170
     0
171
     2
172
     0
173
     0
174
     0
175
     0
176
     0
177
     0
178
     0
270
     2
271
     4
272
     4
273
     2
274
     2
340
11
275
     0
280
     0
281
     0
282
     0
283
     1
284
     0
285
     0
286
     0
287
     3
288
     0
  0
DIMSTYLE
105
137
330
A
100
AcDbSymbolTableRecord
100
AcDbDimStyleTableRecord
  2
ANNOTATIVE
 70
     0
  3

  4

  5

  6

  7

 40
0.0
 41
2.5
 42
0.625
 43
3.75
 44
1.25
 45
0.0
 46
0.0
 47
0.0
 48
0.0
140
2.5
141
2.5
142
0.0
143
0.03937007874016
144
1.0
145
0.0
146
1.0
147
0.625
 71
     0
 72
     0
 73
     0
 74
     0
 75
     0
 76
     0
 77
     1
 78
     8
170
     0
171
     3
172
     1
173
     0
174
     0
175
     0
176
     0
177
     0
178
     0
270
     2
271
     2
272
     2
273
     2
274
     3
340
11
275
     0
280
     0
281
     0
282
     0
283
     0
284
     8
285
     0
286
     0
287
     3
288
     0
1001
ACADANNOTATIVE
1000
AnnotativeData
1002
{
1070
     1
1070
     1
1002
}
1001
ACAD_DSTYLE_DIMJAG
1070
   388
1040
1.5
1001
ACAD_DSTYLE_DIMTALN
1070
   392
1070
     0
  0
DIMSTYLE
105
27
330
A
100
AcDbSymbolTableRecord
100
AcDbDimStyleTableRecord
  2
ISO-25
 70
     0
  3

  4

  5

  6

  7

 40
1.0
 41
2.5
 42
0.625
 43
3.75
 44
1.25
 45
0.0
 46
0.0
 47
0.0
 48
0.0
140
2.5
141
2.5
142
0.0
143
0.03937007874016
144
1.0
145
0.0
146
1.0
147
0.625
 71
     0
 72
     0
 73
     0
 74
     0
 75
     0
 76
     0
 77
     1
 78
     8
170
     0
171
     3
172
     1
173
     0
174
     0
175
     0
176
     0
177
     0
178
     0
270
     2
271
     2
272
     2
273
     2
274
     3
340
11
275
     0
280
     0
281
     0
282
     0
283
     0
284
     8
285
     0
286
     0
287
     3
288
     0
  0
DIMSTYLE
105
323
330
A
100
AcDbSymbolTableRecord
100
AcDbDimStyleTableRecord
  2
_BM__FOR_MM
 70
     0
  3

  4

  5

  6

  7

 40
1.0
 41
0.18
 42
0.3
 43
0.1
 44
0.08
 45
0.0
 46
0.0
 47
0.0
 48
0.0
140
0.18
141
0.09
142
0.0
143
1.0
144
1.0
145
0.0
146
1.0
147
0.1
 71
     0
 72
     0
 73
     0
 74
     0
 75
     0
 76
     0
 77
     1
 78
     0
170
     0
171
     2
172
     1
173
     0
174
     0
175
     0
176
   256
177
   256
178
     4
270
     2
271
     2
272
     2
273
     6
274
     2
340
31D
275
     0
280
     0
281
     0
282
     0
283
     1
284
     0
285
     0
286
     0
287
     5
288
     0
1001
ACAD_DSTYLE_DIMJAG
1070
   388
1040
1.5
1001
ACAD_DSTYLE_DIMTALN
1070
   392
1070
     0
  0
ENDTAB
  0
TABLE
  2
BLOCK_RECORD
  5
1
330
0
100
AcDbSymbolTable
 70
     7
  0
BLOCK_RECORD
  5
1F
330
1
100
AcDbSymbolTableRecord
100
AcDbBlockTableRecord
  2
*MODEL_SPACE
  0
BLOCK_RECORD
  5
D2
330
1
100
AcDbSymbolTableRecord
100
AcDbBlockTableRecord
  2
*PAPER_SPACE
  0
BLOCK_RECORD
  5
2B7
102
{ACAD_XDICTIONARY
360
2B8
102
}
330
1
100
AcDbSymbolTableRecord
100
AcDbBlockTableRecord
  2
_OPEN30
  0
BLOCK_RECORD
  5
2BF
102
{ACAD_XDICTIONARY
360
2C0
102
}
330
1
100
AcDbSymbolTableRecord
100
AcDbBlockTableRecord
  2
PIPE
1001
ACDBDYNAMICBLOCKGUID
1000
{0920F7AE-A555-423B-95A5-09231D8B7E2F}
1001
ACDBBLOCKREPETAG
1070
     1
1071
        6
  0
BLOCK_RECORD
  5
2CA
330
1
100
AcDbSymbolTableRecord
100
AcDbBlockTableRecord
  2
FHGH
1001
ACAD
1000
DesignCenter Data
1002
{
1070
     1
1070
     1
1002
}
  0
BLOCK_RECORD
  5
2D1
330
1
100
AcDbSymbolTableRecord
100
AcDbBlockTableRecord
  2
R
1001
ACAD
1000
DesignCenter Data
1002
{
1070
     1
1070
     1
1002
}
  0
BLOCK_RECORD
  5
2D6
330
1
100
AcDbSymbolTableRecord
100
AcDbBlockTableRecord
  2
FHGJG
1001
ACAD
1000
DesignCenter Data
1002
{
1070
     1
1070
     1
1002
}
  0
BLOCK_RECORD
  5
2DB
102
{ACAD_XDICTIONARY
360
2DC
102
}
330
1
100
AcDbSymbolTableRecord
100
AcDbBlockTableRecord
  2
SLAB_MARK_2W
1001
ACAD
1000
DesignCenter Data
1002
{
1070
     1
1070
     1
1002
}
  0
BLOCK_RECORD
  5
2E2
330
1
100
AcDbSymbolTableRecord
100
AcDbBlockTableRecord
  2
SDAHDFS
1001
ACAD
1000
DesignCenter Data
1002
{
1070
     1
1070
     1
1002
}
  0
ENDTAB
  0
ENDSEC
  0
SECTION
  2
BLOCKS
  0
BLOCK
  5
20
330
1F
100
AcDbEntity
  8
0
100
AcDbBlockBegin
  2
*MODEL_SPACE
 70
     0
 10
0.0
 20
0.0
 30
0.0
  3
*MODEL_SPACE
  1

  0
ENDBLK
  5
21
330
1F
100
AcDbEntity
  8
0
100
AcDbBlockEnd
  0
BLOCK
  5
D4
330
D2
100
AcDbEntity
 67
     1
  8
0
100
AcDbBlockBegin
  2
*PAPER_SPACE
 70
     0
 10
0.0
 20
0.0
 30
0.0
  3
*PAPER_SPACE
  1

  0
ENDBLK
  5
D5
330
D2
100
AcDbEntity
 67
     1
  8
0
100
AcDbBlockEnd
  0
BLOCK
  5
2BA
330
2B7
100
AcDbEntity
  8
0
100
AcDbBlockBegin
  2
_OPEN30
 70
     0
 10
0.0
 20
0.0
 30
0.0
  3
_OPEN30
  1

  0
LINE
  5
2BB
330
2B7
100
AcDbEntity
  8
0
  6
BYBLOCK
 62
     0
100
AcDbLine
 10
-1.0
 20
0.26794919
 30
0.0
 11
0.0
 21
0.0
 31
0.0
  0
LINE
  5
2BC
330
2B7
100
AcDbEntity
  8
0
  6
BYBLOCK
 62
     0
100
AcDbLine
 10
0.0
 20
0.0
 30
0.0
 11
-1.0
 21
-0.26794919
 31
0.0
  0
LINE
  5
2BD
330
2B7
100
AcDbEntity
  8
0
  6
BYBLOCK
 62
     0
100
AcDbLine
 10
0.0
 20
0.0
 30
0.0
 11
-1.0
 21
0.0
 31
0.0
  0
ENDBLK
  5
2BE
330
2B7
100
AcDbEntity
  8
0
100
AcDbBlockEnd
  0
BLOCK
  5
2C2
330
2BF
100
AcDbEntity
  8
0
100
AcDbBlockBegin
  2
PIPE
 70
     0
 10
0.0
 20
0.0
 30
0.0
  3
PIPE
  1

  0
LINE
  5
2C3
330
2BF
100
AcDbEntity
  8
SLEEVE__BM_
100
AcDbLine
 10
0.0008805675554981
 20
0.516991368096285
 30
0.0
 11
0.0008805675554981
 21
0.0158135447981067
 31
0.0
  0
LINE
  5
2C4
330
2BF
100
AcDbEntity
  8
SLEEVE__BM_
100
AcDbLine
 10
0.1514085429673457
 20
0.517567342908933
 30
0.0
 11
0.1514085429673457
 21
0.0152375699853451
 31
0.0
  0
LWPOLYLINE
  5
2C5
330
2BF
100
AcDbEntity
  8
SLEEVE__BM_
100
AcDbPolyline
 90
        2
 70
     0
 43
0.0
 10
0.1514085429672605
 20
0.0152375699853451
 42
0.4227645062359689
 10
0.0759067203325685
 20
0.0149606613656488
  0
ARC
  5
2C6
330
2BF
100
AcDbEntity
  8
SLEEVE__BM_
100
AcDbCircle
 10
0.0388133679049645
 20
0.0530715899046754
 30
0.0
 40
0.0531700974939615
100
AcDbArc
 50
224.4858471180384
 51
315.3902058315125
  0
LWPOLYLINE
  5
2C7
330
2BF
100
AcDbEntity
  8
SLEEVE__BM_
100
AcDbPolyline
 90
        2
 70
     0
 43
0.0
 10
0.1514085429672605
 20
0.517567342908933
 42
-0.4220342123001933
 10
0.0760072086050059
 20
0.517746265889855
  0
ARC
  5
2C8
330
2BF
100
AcDbEntity
  8
SLEEVE__BM_
100
AcDbCircle
 10
0.0388222752614524
 20
0.4797121194137051
 30
0.0
 40
0.053191311000759
100
AcDbArc
 50
44.63291670546145
 51
135.5045817909398
  0
ENDBLK
  5
2C9
330
2BF
100
AcDbEntity
  8
0
100
AcDbBlockEnd
  0
BLOCK
  5
2CB
330
2CA
100
AcDbEntity
  8
0
100
AcDbBlockBegin
  2
FHGH
 70
     0
 10
0.0
 20
0.0
 30
0.0
  3
FHGH
  1

  0
TEXT
  5
2CC
330
2CA
100
AcDbEntity
  8
SLAB_TEXT__BM_
100
AcDbText
 10
873.0629485459594
 20
253.3080283476014
 30
0.0
 40
0.168
  1
MATERIAL GRADE  
  7
CALIBRI
100
AcDbText
1001
ACAD
1000
MTEXTBEGIN
1070
    73
1070
     1
1070
    44
1040
1.0
1070
    74
1070
     0
1000
MTEXTEND
  0
LINE
  5
2CD
330
2CA
100
AcDbEntity
  8
BAHUBALI_TITLE__BM_
100
AcDbLine
 10
875.2765421199277
 20
253.2744283476014
 30
0.0
 11
876.7033559101109
 21
253.2744283476014
 31
0.0
1001
ACAD
1000
MTEXTBEGIN
1070
    73
1070
     1
1070
    44
1040
1.0
1070
    74
1070
     0
1000
MTEXTEND
  0
TEXT
  5
2CE
330
2CA
100
AcDbEntity
  8
SLAB_TEXT__BM_
100
AcDbText
 10
875.2765421199277
 20
253.3080283476014
 30
0.0
 40
0.168
  1
M20 & Fe500
  7
CALIBRI
100
AcDbText
1001
ACAD
1000
MTEXTBEGIN
1070
    73
1070
     1
1070
    44
1040
1.0
1070
    74
1070
     0
1000
MTEXTEND
  0
LWPOLYLINE
  5
2CF
330
2CA
100
AcDbEntity
  8
BORDER__BM_
100
AcDbPolyline
 90
        4
 70
     1
 43
0.0
 10
872.9751915746526
 20
253.6056371611789
 10
876.8302930692926
 20
253.6056371611789
 10
876.8302930692926
 20
253.189772916796
 10
872.9751915746526
 20
253.189772916796
  0
ENDBLK
  5
2D0
330
2CA
100
AcDbEntity
  8
0
100
AcDbBlockEnd
  0
BLOCK
  5
2D2
330
2D1
100
AcDbEntity
  8
0
100
AcDbBlockBegin
  2
R
 70
     0
 10
0.0
 20
0.0
 30
0.0
  3
R
  1

  0
LWPOLYLINE
  5
2D3
330
2D1
100
AcDbEntity
  8
BORDER__BM_
100
AcDbPolyline
 90
        4
 70
     1
 43
0.0
 10
871.1880011310773
 20
254.3900913218363
 10
878.6174835128681
 20
254.3900913218363
 10
878.6174835128681
 20
253.6616371611789
 10
871.1880011310773
 20
253.6616371611789
  0
LWPOLYLINE
  5
2D4
330
2D1
100
AcDbEntity
  8
BORDER__BM_
100
AcDbPolyline
 90
        4
 70
     1
 43
0.0
 10
871.1320011310772
 20
254.4460913218363
 10
878.673483512868
 20
254.4460913218363
 10
878.673483512868
 20
253.6056371611789
 10
871.1320011310772
 20
253.6056371611789
  0
ENDBLK
  5
2D5
330
2D1
100
AcDbEntity
  8
0
100
AcDbBlockEnd
  0
BLOCK
  5
2D7
330
2D6
100
AcDbEntity
  8
0
100
AcDbBlockBegin
  2
FHGJG
 70
     0
 10
0.0
 20
0.0
 30
0.0
  3
FHGJG
  1

  0
LWPOLYLINE
  5
2D8
330
2D6
100
AcDbEntity
  8
SLAB_MARK__BM_
100
AcDbPolyline
 90
        4
 70
     0
 43
0.0
 10
652.1350897689452
 20
341.0980798777958
 10
651.9713278639983
 20
341.0161989253417
 10
652.721166822296
 20
341.0161989253417
 10
652.5574049173489
 20
340.9343179728874
  0
LWPOLYLINE
  5
2D9
330
2D6
100
AcDbEntity
  8
SLAB_MARK__BM_
100
AcDbPolyline
 90
        4
 70
     0
 43
0.0
 10
652.2643663906928
 20
340.8050413511398
 10
652.3462473431471
 20
340.6412794461927
 10
652.3462473431471
 20
341.3911184044906
 10
652.4281282956014
 20
341.2273564995434
  0
ENDBLK
  5
2DA
330
2D6
100
AcDbEntity
  8
0
100
AcDbBlockEnd
  0
BLOCK
  5
2DE
330
2DB
100
AcDbEntity
  8
0
100
AcDbBlockBegin
  2
SLAB_MARK_2W
 70
     0
 10
0.0
 20
0.0
 30
0.0
  3
SLAB_MARK_2W
  1

  0
LWPOLYLINE
  5
2DF
330
2DB
100
AcDbEntity
  8
SLAB_MARK__BM_
100
AcDbPolyline
 90
        4
 70
     0
 43
0.0
 10
823.179010712555
 20
262.4541130198955
 10
822.9833051273838
 20
262.3562602273329
 10
823.8794089689052
 20
262.3562602273329
 10
823.6837033837335
 20
262.2584074347703
  0
LWPOLYLINE
  5
2E0
330
2DB
100
AcDbEntity
  8
SLAB_MARK__BM_
100
AcDbPolyline
 90
        4
 70
     0
 43
0.0
 10
823.3335042555816
 20
262.1039138917435
 10
823.4313570481443
 20
261.9082083065722
 10
823.4313570481443
 20
262.8043121480935
 10
823.5292098407069
 20
262.6086065629223
  0
ENDBLK
  5
2E1
330
2DB
100
AcDbEntity
  8
0
100
AcDbBlockEnd
  0
BLOCK
  5
2E3
330
2E2
100
AcDbEntity
  8
0
100
AcDbBlockBegin
  2
SDAHDFS
 70
     0
 10
0.0
 20
0.0
 30
0.0
  3
SDAHDFS
  1

  0
LWPOLYLINE
  5
2E4
330
2E2
100
AcDbEntity
  8
SECTION_BORDER__BM_
100
AcDbPolyline
 90
        4
 70
     1
 43
0.0
 10
-1297.588957894427
 20
-1244.205262690368
 10
-1296.695736689632
 20
-1244.205262690368
 10
-1296.695736689632
 20
-1244.690950812886
 10
-1297.588957894427
 20
-1244.690950812886
  0
LWPOLYLINE
  5
2E5
330
2E2
100
AcDbEntity
  8
SECTION_BORDER__BM_
100
AcDbPolyline
 90
        4
 70
     1
 43
0.0
 10
-1297.588957894427
 20
-1244.78600575756
 10
-1296.695736689632
 20
-1244.78600575756
 10
-1296.695736689632
 20
-1245.27169388008
 10
-1297.588957894427
 20
-1245.27169388008
  0
LINE
  5
2E6
330
2E2
100
AcDbEntity
  8
DUCT__BM_
100
AcDbLine
 10
-1297.588957894427
 20
-1245.27169388008
 30
0.0
 11
-1296.695736689632
 21
-1244.78600575756
 31
0.0
  0
LINE
  5
2E7
330
2E2
100
AcDbEntity
  8
DUCT__BM_
100
AcDbLine
 10
-1296.695736689632
 20
-1245.27169388008
 30
0.0
 11
-1297.588957894427
 21
-1244.78600575756
 31
0.0
  0
LWPOLYLINE
  5
2E8
330
2E2
100
AcDbEntity
  8
SLAB_MARK__BM_
100
AcDbPolyline
 90
        4
 70
     0
 43
0.0
 10
-1297.321831230101
 20
-1244.378507942041
 10
-1297.461028849306
 20
-1244.448106751627
 10
-1296.823665734753
 20
-1244.448106751627
 10
-1296.962863353958
 20
-1244.517705561213
  0
LWPOLYLINE
  5
2E9
330
2E2
100
AcDbEntity
  8
SECTION_BORDER__BM_
100
AcDbPolyline
 90
        4
 70
     1
 43
0.0
 10
-1297.588957894427
 20
-1245.3802591064
 10
-1296.695736689632
 20
-1245.3802591064
 10
-1296.695736689632
 20
-1245.86594722892
 10
-1297.588957894427
 20
-1245.86594722892
  0
LWPOLYLINE
  5
2EA
330
2E2
100
AcDbEntity
  8
SECTION_BORDER__BM_
100
AcDbPolyline
 90
        4
 70
     1
 43
0.0
 10
-1297.588957894427
 20
-1245.961002173593
 10
-1296.695736689632
 20
-1245.961002173593
 10
-1296.695736689632
 20
-1246.446690296112
 10
-1297.588957894427
 20
-1246.446690296112
  0
LWPOLYLINE
  5
2EB
330
2E2
100
AcDbEntity
  8
SECTION_BORDER__BM_
100
AcDbPolyline
 90
        4
 70
     1
 43
0.0
 10
-1297.588957894427
 20
-1246.541745240785
 10
-1296.695736689632
 20
-1246.541745240785
 10
-1296.695736689632
 20
-1247.027433363304
 10
-1297.588957894427
 20
-1247.027433363304
  0
HATCH
  5
2EC
330
2E2
100
AcDbEntity
  8
SUNK_BY_325MM__BM_
100
AcDbHatch
 10
0.0
 20
0.0
 30
0.0
210
0.0
220
0.0
230
1.0
  2
ARCHT02
 70
     0
 71
     0
 91
        1
 92
        1
 93
        4
 72
     1
 10
-1297.536164685929
 20
-1245.450047225655
 11
-1297.536164685929
 21
-1245.815421293113
 72
     1
 10
-1297.536164685929
 20
-1245.815421293113
 11
-1296.741246471915
 21
-1245.815421293113
 72
     1
 10
-1296.741246471915
 20
-1245.815421293113
 11
-1296.741246471915
 21
-1245.450047225655
 72
     1
 10
-1296.741246471915
 20
-1245.450047225655
 11
-1297.536164685929
 21
-1245.450047225655
 97
        0
 75
     0
 76
     1
 52
0.0
 41
0.1275
 77
     0
 78
     2
 53
45.0
 43
-589.3162171298353
 44
-728.3851182878545
 45
-0.1280216827338244
 46
0.1280216827338244
 79
     0
 53
135.0
 43
-589.3162171298353
 44
-728.3851182878545
 45
-0.1280216827338244
 46
-0.1280216827338244
 79
     0
 98
        1
 10
-1297.046525778306
 20
-1245.611431744831
1001
ACAD
1010
0.0
1020
0.0
1030
0.0
  0
LWPOLYLINE
  5
2ED
330
2E2
100
AcDbEntity
  8
SUNK_BY_325MM__BM_
100
AcDbPolyline
 90
        4
 70
     1
 43
0.0
 10
-1297.536164685929
 20
-1245.450047225655
 10
-1296.741246471915
 20
-1245.450047225655
 10
-1296.741246471915
 20
-1245.815421293113
 10
-1297.536164685929
 20
-1245.815421293113
  0
HATCH
  5
2EE
330
2E2
100
AcDbEntity
  8
SUNK_BY_200MM__BM_
100
AcDbHatch
 10
0.0
 20
0.0
 30
0.0
210
0.0
220
0.0
230
1.0
  2
GLB
 70
     0
 71
     0
 91
        1
 92
        1
 93
        4
 72
     1
 10
-1297.536164685929
 20
-1246.030790292847
 11
-1297.536164685929
 21
-1246.396164360305
 72
     1
 10
-1297.536164685929
 20
-1246.396164360305
 11
-1296.741246471915
 21
-1246.396164360305
 72
     1
 10
-1296.741246471915
 20
-1246.396164360305
 11
-1296.741246471915
 21
-1246.030790292847
 72
     1
 10
-1296.741246471915
 20
-1246.030790292847
 11
-1297.536164685929
 21
-1246.030790292847
 97
        0
 75
     0
 76
     1
 52
0.0
 41
0.1275
 77
     0
 78
     3
 53
0.0
 43
-589.3162171298353
 44
-728.3851182878545
 45
0.0
 46
0.1275
 79
     0
 53
315.0
 43
-589.3162171298353
 44
-728.3851182878545
 45
0.1274999999663632
 46
0.0
 79
     2
 49
0.1803122292825
 49
-0.1803122292825
 53
45.0
 43
-589.3162171298353
 44
-728.3851182878545
 45
0.1274999999663632
 46
0.0
 79
     2
 49
0.1803122292825
 49
-0.1803122292825
 98
        1
 10
-1297.046525778306
 20
-1246.192174812023
1001
ACAD
1010
0.0
1020
0.0
1030
0.0
  0
LWPOLYLINE
  5
2EF
330
2E2
100
AcDbEntity
  8
SUNK_BY_200MM__BM_
100
AcDbPolyline
 90
        4
 70
     1
 43
0.0
 10
-1297.536164685929
 20
-1246.030790292847
 10
-1296.741246471915
 20
-1246.030790292847
 10
-1296.741246471915
 20
-1246.396164360305
 10
-1297.536164685929
 20
-1246.396164360305
  0
INSERT
  5
2F0
330
2E2
100
AcDbEntity
  8
SLEEVE__BM_
100
AcDbBlockReference
  2
PIPE
 10
-1297.099825214268
 20
-1246.706351714334
 30
0.0
 41
-0.8467714429093139
 42
0.8467714429093139
 43
0.846771442909284
 50
90.0
  0
INSERT
  5
2F1
330
2E2
100
AcDbEntity
  8
SLEEVE__BM_
100
AcDbBlockReference
  2
PIPE
 10
-1296.77010025841
 20
-1247.012325759011
 30
0.0
 41
-0.8467714429093139
 42
0.8467714429093139
 43
0.846771442909284
  0
TEXT
  5
2F2
330
2E2
100
AcDbEntity
  8
TEXT_LEGEND___BM_
  6
CONTINUOUS
100
AcDbText
 10
-1296.600820913778
 20
-1245.724883042235
 30
0.0
 40
0.17
  1
NOTE :HATCH PORTION IS 325MM 
  7
ROMANS
100
AcDbText
  0
TEXT
  5
2F3
330
2E2
100
AcDbEntity
  8
TEXT_LEGEND___BM_
  6
CONTINUOUS
100
AcDbText
 10
-1296.609800086703
 20
-1244.519100412583
 30
0.0
 40
0.17
  1
NOTE :INDICATES MAIN STEEL IN SLAB
  7
ROMANS
100
AcDbText
  0
TEXT
  5
2F4
330
2E2
100
AcDbEntity
  8
TEXT_LEGEND___BM_
  6
CONTINUOUS
100
AcDbText
 10
-1296.599166494302
 20
-1246.307662489781
 30
0.0
 40
0.17
  1
NOTE :HATCH PORTION IS 250MM 
  7
ROMANS
100
AcDbText
  0
TEXT
  5
2F5
330
2E2
100
AcDbEntity
  8
TEXT_LEGEND___BM_
  6
CONTINUOUS
100
AcDbText
 10
-1296.609800086703
 20
-1245.099843479776
 30
0.0
 40
0.17
  1
NOTE :SHOWS DUCT PORTION
  7
ROMANS
100
AcDbText
  0
LWPOLYLINE
  5
2F6
330
2E2
100
AcDbEntity
  8
SECTION_BORDER__BM_
100
AcDbPolyline
 90
        4
 70
     1
 43
0.0
 10
-1297.756127956951
 20
-1244.077860194622
 10
-1291.34958136542
 20
-1244.077860194622
 10
-1291.34958136542
 20
-1247.188433080163
 10
-1297.756127956951
 20
-1247.188433080163
  0
TEXT
  5
2F7
330
2E2
100
AcDbEntity
  8
TEXT_LEGEND___BM_
  6
CONTINUOUS
100
AcDbText
 10
-1296.609800086697
 20
-1246.739664030183
 30
0.0
 40
0.17
  1
NOTE :PROVIDE PIPE FOR DRAINAGE PURPOSE
 41
0.85
  7
ROMANS
100
AcDbText
  0
TEXT
  5
2F8
330
2E2
100
AcDbEntity
  8
TEXT_LEGEND___BM_
  6
CONTINUOUS
100
AcDbText
 10
-1295.790757476666
 20
-1247.04785346073
 30
0.0
 40
0.17
  1
250mm AWAY FROM SUPPORT 
 41
0.9
  7
ROMANS
100
AcDbText
  0
ENDBLK
  5
2F9
330
2E2
100
AcDbEntity
  8
0
100
AcDbBlockEnd
  0
ENDSEC
  0
SECTION
  2
ENTITIES
  0
TEXT
  5
5C3
330
1F
100
AcDbEntity
  8
SUB_TITLE__BM_
100
AcDbText
 10
2704.523698178618
 20
989.8484861335901
 30
0.0
 40
0.2077777777777778
  1
L O N G I T U D I N A L   R E I N F O R C E M E N T
 41
0.55
  7
ROMANS
100
AcDbText
  0
TEXT
  5
5C4
330
1F
100
AcDbEntity
  8
TITLE__BM_
100
AcDbText
 10
2701.236949634093
 20
990.4067543355713
 30
0.0
 40
0.3062296722563635
  1
%%uSCHEDULE OF BEAMS
 41
0.8
  7
ROMANS
100
AcDbText
  0
TEXT
  5
5C5
330
1F
100
AcDbEntity
  8
SUB_TITLE__BM_
100
AcDbText
 10
2704.986345279675
 20
989.4437429489105
 30
0.0
 40
0.2077777777777778
  1
BOTTOM
 41
0.8
  7
ROMANS
100
AcDbText
  0
TEXT
  5
5C6
330
1F
100
AcDbEntity
  8
SUB_TITLE__BM_
100
AcDbText
 10
2701.317224385228
 20
989.7985688772608
 30
0.0
 40
0.2077777777777778
  1
BEAM
 41
0.8
  7
ROMANS
100
AcDbText
  0
TEXT
  5
5C7
330
1F
100
AcDbEntity
  8
SUB_TITLE__BM_
100
AcDbText
 10
2701.346185399894
 20
989.4278986019935
 30
0.0
 40
0.2077777777777778
  1
MKD.
 41
0.8
  7
ROMANS
100
AcDbText
  0
TEXT
  5
5C8
330
1F
100
AcDbEntity
  8
SUB_TITLE__BM_
100
AcDbText
 10
2703.264146601129
 20
989.7659348190311
 30
0.0
 40
0.2077777777777778
  1
SIZE
 41
0.8
  7
ROMANS
100
AcDbText
  0
TEXT
  5
5C9
330
1F
100
AcDbEntity
  8
SUB_TITLE__BM_
100
AcDbText
 10
2703.268907031598
 20
989.4242006564391
 30
0.0
 40
0.2077777777777778
  1
BxD
 41
0.8
  7
ROMANS
100
AcDbText
  0
TEXT
  5
5CA
330
1F
100
AcDbEntity
  8
SUB_TITLE__BM_
100
AcDbText
 10
2713.905912562253
 20
989.3596482486951
 30
0.0
 40
0.2077777777777778
  1
REMARKS
 41
0.8
  7
ROMANS
100
AcDbText
  0
TEXT
  5
5CB
330
1F
100
AcDbEntity
  8
SUB_TITLE__BM_
100
AcDbText
 10
2710.949366619031
 20
989.8709177860865
 30
0.0
 40
0.2077777777777778
  1
S T I R R U P S
 41
0.8
  7
ROMANS
100
AcDbText
  0
TEXT
  5
5CC
330
1F
100
AcDbEntity
  8
SUB_TITLE__BM_
100
AcDbText
 10
2709.954270053644
 20
988.6455994432135
 30
0.0
 40
0.2077777777777778
  1
FROM SUPPORT
 41
0.7
  7
ROMANS
100
AcDbText
  0
TEXT
  5
5CD
330
1F
100
AcDbEntity
  8
SUB_TITLE__BM_
100
AcDbText
 10
2710.015860023241
 20
989.360602077988
 30
0.0
 40
0.2077777777777778
  1
FOR DISTANCE 
 41
0.7
  7
ROMANS
100
AcDbText
  0
TEXT
  5
5CE
330
1F
100
AcDbEntity
  8
SUB_TITLE__BM_
100
AcDbText
 10
2712.266403053916
 20
989.3456041711165
 30
0.0
 40
0.2077777777777778
  1
FOR
 41
0.8
  7
ROMANS
100
AcDbText
  0
TEXT
  5
5CF
330
1F
100
AcDbEntity
  8
SUB_TITLE__BM_
100
AcDbText
 10
2711.972747624654
 20
988.6488499547409
 30
0.0
 40
0.2077777777777778
  1
PORTION
 41
0.8
  7
ROMANS
100
AcDbText
  0
TEXT
  5
5D0
330
1F
100
AcDbEntity
  8
SUB_TITLE__BM_
100
AcDbText
 10
2704.691755268464
 20
989.0075848837826
 30
0.0
 40
0.2077777777777778
  1
FULL
 41
0.8
  7
ROMANS
100
AcDbText
  0
TEXT
  5
5D1
330
1F
100
AcDbEntity
  8
SUB_TITLE__BM_
100
AcDbText
 10
2705.542436372631
 20
988.9835218104627
 30
0.0
 40
0.2077777777777778
  1
CURTAIL
 41
0.8
  7
ROMANS
100
AcDbText
  0
TEXT
  5
5D2
330
1F
100
AcDbEntity
  8
SCHEDULE_TEXT__BM_
  6
CONTINUOUS
100
AcDbText
 10
2701.03045633637
 20
988.1544307063816
 30
0.0
 40
0.1699975868004011
  1
B1,3
 41
0.9
  7
ROMANS
100
AcDbText
  0
TEXT
  5
5D3
330
1F
100
AcDbEntity
  8
SCHEDULE_TEXT__BM_
  6
CONTINUOUS
100
AcDbText
 10
2703.077505864756
 20
988.1715430130193
 30
0.0
 40
0.1699975868004011
  1
230X450
 41
0.9
  7
ROMANS
 72
     1
 11
2703.587498625157
 21
988.1715430130193
 31
0.0
100
AcDbText
  0
TEXT
  5
5D4
330
1F
100
AcDbEntity
  8
SCHEDULE_TEXT__BM_
  6
CONTINUOUS
100
AcDbText
 10
2705.631254110252
 20
988.1706167801249
 30
0.0
 40
0.1699975868004011
  1
1-T10
 41
0.9
  7
ROMANS
 72
     1
 11
2706.013748680552
 21
988.1706167801249
 31
0.0
100
AcDbText
  0
TEXT
  5
5D5
330
1F
100
AcDbEntity
  8
SCHEDULE_TEXT__BM_
  6
CONTINUOUS
100
AcDbText
 10
2704.539267714728
 20
988.1706167801249
 30
0.0
 40
0.1699975868004011
  1
3-T12
 41
0.9
  7
ROMANS
 72
     1
 11
2704.910833868735
 21
988.1706167801249
 31
0.0
100
AcDbText
  0
TEXT
  5
5D6
330
1F
100
AcDbEntity
  8
SCHEDULE_TEXT__BM_
  6
CONTINUOUS
100
AcDbText
 10
2710.004988758413
 20
988.1692441468642
 30
0.0
 40
0.1699975868004011
  1
T 8@200C/C
 41
0.9
  7
ROMANS
 72
     1
 11
2710.755406677289
 21
988.1692441468642
 31
0.0
100
AcDbText
  0
TEXT
  5
5D7
330
1F
100
AcDbEntity
  8
SCHEDULE_TEXT__BM_
  6
CONTINUOUS
100
AcDbText
 10
2711.821881211328
 20
988.1713509496069
 30
0.0
 40
0.1699975868004011
  1
T 8@200C/C
 41
0.9
  7
ROMANS
 72
     1
 11
2712.572299130204
 21
988.1713509496069
 31
0.0
100
AcDbText
  0
LWPOLYLINE
  5
5D8
330
1F
100
AcDbEntity
  8
BORDER__BM_
100
AcDbPolyline
 90
        4
 70
     1
 43
0.0
 10
2700.893154553496
 20
990.8007506833585
 10
2715.466253116942
 20
990.8007506833585
 10
2715.466253116942
 20
977.1465943474693
 10
2700.893154553496
 20
977.1465943474693
  0
LINE
  5
5D9
330
1F
100
AcDbEntity
  8
TABLE__BM_
100
AcDbLine
 10
2702.849182535598
 20
990.1921144026994
 30
0.0
 11
2702.849182535598
 21
977.1465943474693
 31
0.0
  0
LINE
  5
5DA
330
1F
100
AcDbEntity
  8
TABLE__BM_
100
AcDbLine
 10
2704.334847254609
 20
990.1921144026994
 30
0.0
 11
2704.334847254609
 21
977.1465943474693
 31
0.0
  0
LINE
  5
5DB
330
1F
100
AcDbEntity
  8
TABLE__BM_
100
AcDbLine
 10
2705.463525141977
 20
989.3185725203068
 30
0.0
 11
2705.463525141977
 21
977.1465943474693
 31
0.0
  0
LINE
  5
5DC
330
1F
100
AcDbEntity
  8
TABLE__BM_
100
AcDbLine
 10
2706.585308995443
 20
989.7696535167515
 30
0.0
 11
2706.585308995443
 21
977.1465943474693
 31
0.0
  0
LINE
  5
5DD
330
1F
100
AcDbEntity
  8
BORDER__BM_
100
AcDbLine
 10
2715.466253116942
 20
988.4799276808028
 30
0.0
 11
2700.893154553496
 21
988.4799276808028
 31
0.0
  0
LINE
  5
5DE
330
1F
100
AcDbEntity
  8
TABLE__BM_
100
AcDbLine
 10
2715.466253116942
 20
988.0077054585806
 30
0.0
 11
2700.893154553496
 21
988.0077054585806
 31
0.0
  0
LINE
  5
5DF
330
1F
100
AcDbEntity
  8
TABLE__BM_
100
AcDbLine
 10
2709.862636752804
 20
990.1921144026994
 30
0.0
 11
2709.862636752804
 21
977.1465943474693
 31
0.0
  0
LINE
  5
5E0
330
1F
100
AcDbEntity
  8
TABLE__BM_
100
AcDbLine
 10
2711.724806974034
 20
989.7696535167515
 30
0.0
 11
2711.724806974034
 21
977.1465943474693
 31
0.0
  0
LINE
  5
5E1
330
1F
100
AcDbEntity
  8
TABLE__BM_
100
AcDbLine
 10
2713.462572408721
 20
990.1921144026992
 30
0.0
 11
2713.462572408721
 21
977.1465943474693
 31
0.0
  0
LINE
  5
5E2
330
1F
100
AcDbEntity
  8
TABLE__BM_
100
AcDbLine
 10
2713.462572408721
 20
989.7696535167515
 30
0.0
 11
2704.334847254609
 21
989.7696535167515
 31
0.0
  0
LINE
  5
5E3
330
1F
100
AcDbEntity
  8
TABLE__BM_
100
AcDbLine
 10
2704.334847254609
 20
989.3185725203068
 30
0.0
 11
2706.585308995443
 21
989.3185725203068
 31
0.0
  0
TEXT
  5
5E4
330
1F
100
AcDbEntity
  8
SUB_TITLE__BM_
100
AcDbText
 10
2708.113499146301
 20
989.4437429489105
 30
0.0
 40
0.2077777777777778
  1
TOP
 41
0.8
  7
ROMANS
100
AcDbText
  0
TEXT
  5
5E5
330
1F
100
AcDbEntity
  8
SUB_TITLE__BM_
100
AcDbText
 10
2706.86297464002
 20
989.0075848837826
 30
0.0
 40
0.2077777777777778
  1
FULL
 41
0.8
  7
ROMANS
100
AcDbText
  0
TEXT
  5
5E6
330
1F
100
AcDbEntity
  8
SUB_TITLE__BM_
100
AcDbText
 10
2707.697980276525
 20
988.9835218104627
 30
0.0
 40
0.2077777777777778
  1
EXTRA@ SUPPORT
 41
0.75
  7
ROMANS
100
AcDbText
  0
TEXT
  5
5E7
330
1F
100
AcDbEntity
  8
SCHEDULE_TEXT__BM_
  6
CONTINUOUS
100
AcDbText
 10
2707.729013261552
 20
988.1706167801249
 30
0.0
 40
0.1699975868004011
  1
3-T12
 41
0.9
  7
ROMANS
 72
     1
 11
2708.100579415559
 21
988.1706167801249
 31
0.0
100
AcDbText
  0
TEXT
  5
5E8
330
1F
100
AcDbEntity
  8
SCHEDULE_TEXT__BM_
  6
CONTINUOUS
100
AcDbText
 10
2706.73270322633
 20
988.1706167801249
 30
0.0
 40
0.1699975868004011
  1
2-T10
 41
0.9
  7
ROMANS
 72
     1
 11
2707.104269380337
 21
988.1706167801249
 31
0.0
100
AcDbText
  0
LINE
  5
5E9
330
1F
100
AcDbEntity
  8
TABLE__BM_
100
AcDbLine
 10
2706.585308995443
 20
989.3185725203068
 30
0.0
 11
2709.862636752804
 21
989.3185725203068
 31
0.0
  0
LINE
  5
5EA
330
1F
100
AcDbEntity
  8
TABLE__BM_
100
AcDbLine
 10
2707.619069045872
 20
989.3185725203068
 30
0.0
 11
2707.619069045872
 21
977.1465943474693
 31
0.0
  0
LINE
  5
5EB
330
1F
100
AcDbEntity
  8
TABLE__BM_
100
AcDbLine
 10
2708.740852899338
 20
988.899250100555
 30
0.0
 11
2708.740852899338
 21
977.1465943474693
 31
0.0
  0
LINE
  5
5EC
330
1F
100
AcDbEntity
  8
TABLE__BM_
100
AcDbLine
 10
2709.862636752804
 20
989.7696535167515
 30
0.0
 11
2709.862636752804
 21
977.1465943474693
 31
0.0
  0
LINE
  5
5ED
330
1F
100
AcDbEntity
  8
TABLE__BM_
100
AcDbLine
 10
2707.619069045872
 20
988.899250100555
 30
0.0
 11
2709.862636752804
 21
988.899250100555
 31
0.0
  0
TEXT
  5
5EE
330
1F
100
AcDbEntity
  8
SUB_TITLE__BM_
100
AcDbText
 10
2707.967391189967
 20
988.5813193028714
 30
0.0
 40
0.2077777777777778
  1
LEFT
 41
0.8
  7
ROMANS
100
AcDbText
  0
TEXT
  5
5EF
330
1F
100
AcDbEntity
  8
SUB_TITLE__BM_
100
AcDbText
 10
2709.015247661249
 20
988.5813193028714
 30
0.0
 40
0.2077777777777778
  1
RIGHT
 41
0.8
  7
ROMANS
100
AcDbText
  0
TEXT
  5
5F0
330
1F
100
AcDbEntity
  8
SCHEDULE_TEXT__BM_
  6
CONTINUOUS
100
AcDbText
 10
2708.950438190987
 20
988.1706167801249
 30
0.0
 40
0.1699975868004011
  1
3-T12
 41
0.9
  7
ROMANS
 72
     1
 11
2709.322004344994
 21
988.1706167801249
 31
0.0
100
AcDbText
  0
TEXT
  5
5F1
330
1F
100
AcDbEntity
  8
SUB_TITLE__BM_
100
AcDbText
 10
2710.315848605784
 20
988.9952926097426
 30
0.0
 40
0.2077777777777778
  1
 `2D'
 41
0.8
  7
ROMANS
100
AcDbText
  0
TEXT
  5
5F2
330
1F
100
AcDbEntity
  8
SUB_TITLE__BM_
100
AcDbText
 10
2711.85586699723
 20
989.0081402228018
 30
0.0
 40
0.2077777777777778
  1
REMAINING 
 41
0.8
  7
ROMANS
100
AcDbText
  0
TEXT
  5
5F3
330
1F
100
AcDbEntity
  8
SCHEDULE_TEXT__BM_
  6
CONTINUOUS
100
AcDbText
 10
2714.255641734052
 20
988.1713509496069
 30
0.0
 40
0.1699975868004011
  1
---
 41
0.9
  7
ROMANS
 72
     1
 11
2714.539780557704
 21
988.1713509496069
 31
0.0
100
AcDbText
  0
LINE
  5
5F4
330
1F
100
AcDbEntity
  8
BORDER__BM_
100
AcDbLine
 10
2700.893154553496
 20
990.1921144026994
 30
0.0
 11
2715.466253116942
 21
990.1921144026994
 31
0.0
  0
LINE
  5
5F5
330
1F
100
AcDbEntity
  8
TABLE__BM_
100
AcDbLine
 10
2709.862636752804
 20
989.3185725203068
 30
0.0
 11
2709.862636752804
 21
977.1465943474693
 31
0.0
  0
TEXT
  5
5F6
330
1F
100
AcDbEntity
  8
SCHEDULE_TEXT__BM_
  6
CONTINUOUS
100
AcDbText
 10
2701.03045633637
 20
987.6822084841594
 30
0.0
 40
0.1699975868004011
  1
B2
 41
0.9
  7
ROMANS
100
AcDbText
  0
TEXT
  5
5F7
330
1F
100
AcDbEntity
  8
SCHEDULE_TEXT__BM_
  6
CONTINUOUS
100
AcDbText
 10
2703.077505864756
 20
987.6993207907972
 30
0.0
 40
0.1699975868004011
  1
230X300
 41
0.9
  7
ROMANS
 72
     1
 11
2703.587498625157
 21
987.6993207907972
 31
0.0
100
AcDbText
  0
TEXT
  5
5F8
330
1F
100
AcDbEntity
  8
SCHEDULE_TEXT__BM_
  6
CONTINUOUS
100
AcDbText
 10
2705.7296098569
 20
987.6983945579025
 30
0.0
 40
0.1699975868004011
  1
---
 41
0.9
  7
ROMANS
 72
     1
 11
2706.013748680552
 21
987.6983945579025
 31
0.0
100
AcDbText
  0
TEXT
  5
5F9
330
1F
100
AcDbEntity
  8
SCHEDULE_TEXT__BM_
  6
CONTINUOUS
100
AcDbText
 10
2704.539267714728
 20
987.6983945579025
 30
0.0
 40
0.1699975868004011
  1
2-T12
 41
0.9
  7
ROMANS
 72
     1
 11
2704.910833868735
 21
987.6983945579025
 31
0.0
100
AcDbText
  0
TEXT
  5
5FA
330
1F
100
AcDbEntity
  8
SCHEDULE_TEXT__BM_
  6
CONTINUOUS
100
AcDbText
 10
2710.004988758413
 20
987.6970219246421
 30
0.0
 40
0.1699975868004011
  1
T 8@150C/C
 41
0.9
  7
ROMANS
 72
     1
 11
2710.755406677289
 21
987.6970219246421
 31
0.0
100
AcDbText
  0
TEXT
  5
5FB
330
1F
100
AcDbEntity
  8
SCHEDULE_TEXT__BM_
  6
CONTINUOUS
100
AcDbText
 10
2711.821881211328
 20
987.6991287273847
 30
0.0
 40
0.1699975868004011
  1
T 8@150C/C
 41
0.9
  7
ROMANS
 72
     1
 11
2712.572299130204
 21
987.6991287273847
 31
0.0
100
AcDbText
  0
LINE
  5
5FC
330
1F
100
AcDbEntity
  8
TABLE__BM_
100
AcDbLine
 10
2715.466253116942
 20
987.5354832363585
 30
0.0
 11
2700.893154553496
 21
987.5354832363585
 31
0.0
  0
TEXT
  5
5FD
330
1F
100
AcDbEntity
  8
SCHEDULE_TEXT__BM_
  6
CONTINUOUS
100
AcDbText
 10
2707.816440591907
 20
987.6983945579025
 30
0.0
 40
0.1699975868004011
  1
---
 41
0.9
  7
ROMANS
 72
     1
 11
2708.100579415559
 21
987.6983945579025
 31
0.0
100
AcDbText
  0
TEXT
  5
5FE
330
1F
100
AcDbEntity
  8
SCHEDULE_TEXT__BM_
  6
CONTINUOUS
100
AcDbText
 10
2706.73270322633
 20
987.6983945579025
 30
0.0
 40
0.1699975868004011
  1
2-T12
 41
0.9
  7
ROMANS
 72
     1
 11
2707.104269380337
 21
987.6983945579025
 31
0.0
100
AcDbText
  0
TEXT
  5
5FF
330
1F
100
AcDbEntity
  8
SCHEDULE_TEXT__BM_
  6
CONTINUOUS
100
AcDbText
 10
2709.037865521342
 20
987.6983945579025
 30
0.0
 40
0.1699975868004011
  1
---
 41
0.9
  7
ROMANS
 72
     1
 11
2709.322004344994
 21
987.6983945579025
 31
0.0
100
AcDbText
  0
TEXT
  5
600
330
1F
100
AcDbEntity
  8
SCHEDULE_TEXT__BM_
  6
CONTINUOUS
100
AcDbText
 10
2713.749291779083
 20
987.6991287273847
 30
0.0
 40
0.1699975868004011
  1
250MM DOWN
 41
0.9
  7
ROMANS
 72
     1
 11
2714.539780557704
 21
987.6991287273847
 31
0.0
100
AcDbText
  0
TEXT
  5
601
330
1F
100
AcDbEntity
  8
SCHEDULE_TEXT__BM_
  6
CONTINUOUS
100
AcDbText
 10
2701.03045633637
 20
987.2099862619373
 30
0.0
 40
0.1699975868004011
  1
B4
 41
0.9
  7
ROMANS
100
AcDbText
  0
TEXT
  5
602
330
1F
100
AcDbEntity
  8
SCHEDULE_TEXT__BM_
  6
CONTINUOUS
100
AcDbText
 10
2703.077505864756
 20
987.227098568575
 30
0.0
 40
0.1699975868004011
  1
230X450
 41
0.9
  7
ROMANS
 72
     1
 11
2703.587498625157
 21
987.227098568575
 31
0.0
100
AcDbText
  0
TEXT
  5
603
330
1F
100
AcDbEntity
  8
SCHEDULE_TEXT__BM_
  6
CONTINUOUS
100
AcDbText
 10
2705.631254110252
 20
987.2261723356803
 30
0.0
 40
0.1699975868004011
  1
1-T12
 41
0.9
  7
ROMANS
 72
     1
 11
2706.013748680552
 21
987.2261723356803
 31
0.0
100
AcDbText
  0
TEXT
  5
604
330
1F
100
AcDbEntity
  8
SCHEDULE_TEXT__BM_
  6
CONTINUOUS
100
AcDbText
 10
2704.539267714728
 20
987.2261723356803
 30
0.0
 40
0.1699975868004011
  1
2-T16
 41
0.9
  7
ROMANS
 72
     1
 11
2704.910833868735
 21
987.2261723356803
 31
0.0
100
AcDbText
  0
TEXT
  5
605
330
1F
100
AcDbEntity
  8
SCHEDULE_TEXT__BM_
  6
CONTINUOUS
100
AcDbText
 10
2710.004988758413
 20
987.2247997024197
 30
0.0
 40
0.1699975868004011
  1
T 8@125C/C
 41
0.9
  7
ROMANS
 72
     1
 11
2710.755406677289
 21
987.2247997024197
 31
0.0
100
AcDbText
  0
TEXT
  5
606
330
1F
100
AcDbEntity
  8
SCHEDULE_TEXT__BM_
  6
CONTINUOUS
100
AcDbText
 10
2711.821881211328
 20
987.2269065051626
 30
0.0
 40
0.1699975868004011
  1
T 8@125C/C
 41
0.9
  7
ROMANS
 72
     1
 11
2712.572299130204
 21
987.2269065051626
 31
0.0
100
AcDbText
  0
LINE
  5
607
330
1F
100
AcDbEntity
  8
TABLE__BM_
100
AcDbLine
 10
2715.466253116942
 20
987.0632610141361
 30
0.0
 11
2700.893154553496
 21
987.0632610141361
 31
0.0
  0
TEXT
  5
608
330
1F
100
AcDbEntity
  8
SCHEDULE_TEXT__BM_
  6
CONTINUOUS
100
AcDbText
 10
2707.729013261552
 20
987.2261723356803
 30
0.0
 40
0.1699975868004011
  1
2-T16
 41
0.9
  7
ROMANS
 72
     1
 11
2708.100579415559
 21
987.2261723356803
 31
0.0
100
AcDbText
  0
TEXT
  5
609
330
1F
100
AcDbEntity
  8
SCHEDULE_TEXT__BM_
  6
CONTINUOUS
100
AcDbText
 10
2706.73270322633
 20
987.2261723356803
 30
0.0
 40
0.1699975868004011
  1
2-T12
 41
0.9
  7
ROMANS
 72
     1
 11
2707.104269380337
 21
987.2261723356803
 31
0.0
100
AcDbText
  0
TEXT
  5
60A
330
1F
100
AcDbEntity
  8
SCHEDULE_TEXT__BM_
  6
CONTINUOUS
100
AcDbText
 10
2708.950438190987
 20
987.2261723356803
 30
0.0
 40
0.1699975868004011
  1
2-T16
 41
0.9
  7
ROMANS
 72
     1
 11
2709.322004344994
 21
987.2261723356803
 31
0.0
100
AcDbText
  0
TEXT
  5
60B
330
1F
100
AcDbEntity
  8
SCHEDULE_TEXT__BM_
  6
CONTINUOUS
100
AcDbText
 10
2714.255641734052
 20
987.2269065051626
 30
0.0
 40
0.1699975868004011
  1
---
 41
0.9
  7
ROMANS
 72
     1
 11
2714.539780557704
 21
987.2269065051626
 31
0.0
100
AcDbText
  0
LINE
  5
60C
330
1F
100
AcDbEntity
  8
TABLE__BM_
100
AcDbLine
 10
2715.466253116942
 20
986.5910387919139
 30
0.0
 11
2700.893154553496
 21
986.5910387919139
 31
0.0
  0
TEXT
  5
60D
330
1F
100
AcDbEntity
  8
SCHEDULE_TEXT__BM_
  6
CONTINUOUS
100
AcDbText
 10
2701.03045633637
 20
986.2655418174929
 30
0.0
 40
0.1699975868004011
  1
B6
 41
0.9
  7
ROMANS
100
AcDbText
  0
TEXT
  5
60E
330
1F
100
AcDbEntity
  8
SCHEDULE_TEXT__BM_
  6
CONTINUOUS
100
AcDbText
 10
2703.066577448462
 20
986.2826541241304
 30
0.0
 40
0.1699975868004011
  1
150X450
 41
0.9
  7
ROMANS
 72
     1
 11
2703.587498625157
 21
986.2826541241304
 31
0.0
100
AcDbText
  0
TEXT
  5
60F
330
1F
100
AcDbEntity
  8
SCHEDULE_TEXT__BM_
  6
CONTINUOUS
100
AcDbText
 10
2705.7296098569
 20
986.281727891236
 30
0.0
 40
0.1699975868004011
  1
---
 41
0.9
  7
ROMANS
 72
     1
 11
2706.013748680552
 21
986.281727891236
 31
0.0
100
AcDbText
  0
TEXT
  5
610
330
1F
100
AcDbEntity
  8
SCHEDULE_TEXT__BM_
  6
CONTINUOUS
100
AcDbText
 10
2704.539267714728
 20
986.281727891236
 30
0.0
 40
0.1699975868004011
  1
3-T12
 41
0.9
  7
ROMANS
 72
     1
 11
2704.910833868735
 21
986.281727891236
 31
0.0
100
AcDbText
  0
TEXT
  5
611
330
1F
100
AcDbEntity
  8
SCHEDULE_TEXT__BM_
  6
CONTINUOUS
100
AcDbText
 10
2710.004988758413
 20
986.2803552579753
 30
0.0
 40
0.1699975868004011
  1
T 8@150C/C
 41
0.9
  7
ROMANS
 72
     1
 11
2710.755406677289
 21
986.2803552579753
 31
0.0
100
AcDbText
  0
TEXT
  5
612
330
1F
100
AcDbEntity
  8
SCHEDULE_TEXT__BM_
  6
CONTINUOUS
100
AcDbText
 10
2711.821881211328
 20
986.282462060718
 30
0.0
 40
0.1699975868004011
  1
T 8@150C/C
 41
0.9
  7
ROMANS
 72
     1
 11
2712.572299130204
 21
986.282462060718
 31
0.0
100
AcDbText
  0
LINE
  5
613
330
1F
100
AcDbEntity
  8
TABLE__BM_
100
AcDbLine
 10
2715.466253116942
 20
986.1188165696917
 30
0.0
 11
2700.893154553496
 21
986.1188165696917
 31
0.0
  0
TEXT
  5
614
330
1F
100
AcDbEntity
  8
SCHEDULE_TEXT__BM_
  6
CONTINUOUS
100
AcDbText
 10
2707.816440591907
 20
986.281727891236
 30
0.0
 40
0.1699975868004011
  1
---
 41
0.9
  7
ROMANS
 72
     1
 11
2708.100579415559
 21
986.281727891236
 31
0.0
100
AcDbText
  0
TEXT
  5
615
330
1F
100
AcDbEntity
  8
SCHEDULE_TEXT__BM_
  6
CONTINUOUS
100
AcDbText
 10
2706.73270322633
 20
986.281727891236
 30
0.0
 40
0.1699975868004011
  1
2-T12
 41
0.9
  7
ROMANS
 72
     1
 11
2707.104269380337
 21
986.281727891236
 31
0.0
100
AcDbText
  0
TEXT
  5
616
330
1F
100
AcDbEntity
  8
SCHEDULE_TEXT__BM_
  6
CONTINUOUS
100
AcDbText
 10
2709.037865521342
 20
986.281727891236
 30
0.0
 40
0.1699975868004011
  1
---
 41
0.9
  7
ROMANS
 72
     1
 11
2709.322004344994
 21
986.281727891236
 31
0.0
100
AcDbText
  0
TEXT
  5
617
330
1F
100
AcDbEntity
  8
SCHEDULE_TEXT__BM_
  6
CONTINUOUS
100
AcDbText
 10
2714.255641734052
 20
986.282462060718
 30
0.0
 40
0.1699975868004011
  1
---
 41
0.9
  7
ROMANS
 72
     1
 11
2714.539780557704
 21
986.282462060718
 31
0.0
100
AcDbText
  0
TEXT
  5
618
330
1F
100
AcDbEntity
  8
SCHEDULE_TEXT__BM_
  6
CONTINUOUS
100
AcDbText
 10
2701.03045633637
 20
985.7933195952705
 30
0.0
 40
0.1699975868004011
  1
B7
 41
0.9
  7
ROMANS
100
AcDbText
  0
TEXT
  5
619
330
1F
100
AcDbEntity
  8
SCHEDULE_TEXT__BM_
  6
CONTINUOUS
100
AcDbText
 10
2703.077505864756
 20
985.8104319019083
 30
0.0
 40
0.1699975868004011
  1
230X450
 41
0.9
  7
ROMANS
 72
     1
 11
2703.587498625157
 21
985.8104319019083
 31
0.0
100
AcDbText
  0
TEXT
  5
61A
330
1F
100
AcDbEntity
  8
SCHEDULE_TEXT__BM_
  6
CONTINUOUS
100
AcDbText
 10
2705.642182526546
 20
985.8095056690138
 30
0.0
 40
0.1699975868004011
  1
2-T12
 41
0.9
  7
ROMANS
 72
     1
 11
2706.013748680552
 21
985.8095056690138
 31
0.0
100
AcDbText
  0
TEXT
  5
61B
330
1F
100
AcDbEntity
  8
SCHEDULE_TEXT__BM_
  6
CONTINUOUS
100
AcDbText
 10
2704.539267714728
 20
985.8095056690138
 30
0.0
 40
0.1699975868004011
  1
2-T16
 41
0.9
  7
ROMANS
 72
     1
 11
2704.910833868735
 21
985.8095056690138
 31
0.0
100
AcDbText
  0
TEXT
  5
61C
330
1F
100
AcDbEntity
  8
SCHEDULE_TEXT__BM_
  6
CONTINUOUS
100
AcDbText
 10
2710.004988758413
 20
985.8081330357529
 30
0.0
 40
0.1699975868004011
  1
T 8@125C/C
 41
0.9
  7
ROMANS
 72
     1
 11
2710.755406677289
 21
985.8081330357529
 31
0.0
100
AcDbText
  0
TEXT
  5
61D
330
1F
100
AcDbEntity
  8
SCHEDULE_TEXT__BM_
  6
CONTINUOUS
100
AcDbText
 10
2711.821881211328
 20
985.8102398384958
 30
0.0
 40
0.1699975868004011
  1
T 8@125C/C
 41
0.9
  7
ROMANS
 72
     1
 11
2712.572299130204
 21
985.8102398384958
 31
0.0
100
AcDbText
  0
LINE
  5
61E
330
1F
100
AcDbEntity
  8
TABLE__BM_
100
AcDbLine
 10
2715.466253116942
 20
985.6465943474695
 30
0.0
 11
2700.893154553496
 21
985.6465943474695
 31
0.0
  0
TEXT
  5
61F
330
1F
100
AcDbEntity
  8
SCHEDULE_TEXT__BM_
  6
CONTINUOUS
100
AcDbText
 10
2707.729013261552
 20
985.8095056690138
 30
0.0
 40
0.1699975868004011
  1
2-T16
 41
0.9
  7
ROMANS
 72
     1
 11
2708.100579415559
 21
985.8095056690138
 31
0.0
100
AcDbText
  0
TEXT
  5
620
330
1F
100
AcDbEntity
  8
SCHEDULE_TEXT__BM_
  6
CONTINUOUS
100
AcDbText
 10
2706.73270322633
 20
985.8095056690138
 30
0.0
 40
0.1699975868004011
  1
2-T12
 41
0.9
  7
ROMANS
 72
     1
 11
2707.104269380337
 21
985.8095056690138
 31
0.0
100
AcDbText
  0
TEXT
  5
621
330
1F
100
AcDbEntity
  8
SCHEDULE_TEXT__BM_
  6
CONTINUOUS
100
AcDbText
 10
2708.950438190987
 20
985.8095056690138
 30
0.0
 40
0.1699975868004011
  1
2-T16
 41
0.9
  7
ROMANS
 72
     1
 11
2709.322004344994
 21
985.8095056690138
 31
0.0
100
AcDbText
  0
TEXT
  5
622
330
1F
100
AcDbEntity
  8
SCHEDULE_TEXT__BM_
  6
CONTINUOUS
100
AcDbText
 10
2714.255641734052
 20
985.8102398384958
 30
0.0
 40
0.1699975868004011
  1
---
 41
0.9
  7
ROMANS
 72
     1
 11
2714.539780557704
 21
985.8102398384958
 31
0.0
100
AcDbText
  0
TEXT
  5
623
330
1F
100
AcDbEntity
  8
SCHEDULE_TEXT__BM_
  6
CONTINUOUS
100
AcDbText
 10
2701.03045633637
 20
986.7377640397151
 30
0.0
 40
0.1699975868004011
  1
B5,8,10
 41
0.9
  7
ROMANS
100
AcDbText
  0
TEXT
  5
624
330
1F
100
AcDbEntity
  8
SCHEDULE_TEXT__BM_
  6
CONTINUOUS
100
AcDbText
 10
2703.077505864756
 20
986.7548763463528
 30
0.0
 40
0.1699975868004011
  1
230X600
 41
0.9
  7
ROMANS
 72
     1
 11
2703.587498625157
 21
986.7548763463528
 31
0.0
100
AcDbText
  0
TEXT
  5
625
330
1F
100
AcDbEntity
  8
SCHEDULE_TEXT__BM_
  6
CONTINUOUS
100
AcDbText
 10
2705.642182526546
 20
986.7539501134581
 30
0.0
 40
0.1699975868004011
  1
2-T16
 41
0.9
  7
ROMANS
 72
     1
 11
2706.013748680552
 21
986.7539501134581
 31
0.0
100
AcDbText
  0
TEXT
  5
626
330
1F
100
AcDbEntity
  8
SCHEDULE_TEXT__BM_
  6
CONTINUOUS
100
AcDbText
 10
2704.539267714728
 20
986.7539501134581
 30
0.0
 40
0.1699975868004011
  1
3-T16
 41
0.9
  7
ROMANS
 72
     1
 11
2704.910833868735
 21
986.7539501134581
 31
0.0
100
AcDbText
  0
TEXT
  5
627
330
1F
100
AcDbEntity
  8
SCHEDULE_TEXT__BM_
  6
CONTINUOUS
100
AcDbText
 10
2710.004988758413
 20
986.7525774801973
 30
0.0
 40
0.1699975868004011
  1
T 8@100C/C
 41
0.9
  7
ROMANS
 72
     1
 11
2710.755406677289
 21
986.7525774801973
 31
0.0
100
AcDbText
  0
TEXT
  5
628
330
1F
100
AcDbEntity
  8
SCHEDULE_TEXT__BM_
  6
CONTINUOUS
100
AcDbText
 10
2711.821881211328
 20
986.7546842829404
 30
0.0
 40
0.1699975868004011
  1
T 8@100C/C
 41
0.9
  7
ROMANS
 72
     1
 11
2712.572299130204
 21
986.7546842829404
 31
0.0
100
AcDbText
  0
TEXT
  5
629
330
1F
100
AcDbEntity
  8
SCHEDULE_TEXT__BM_
  6
CONTINUOUS
100
AcDbText
 10
2707.729013261552
 20
986.7539501134581
 30
0.0
 40
0.1699975868004011
  1
3-T16
 41
0.9
  7
ROMANS
 72
     1
 11
2708.100579415559
 21
986.7539501134581
 31
0.0
100
AcDbText
  0
TEXT
  5
62A
330
1F
100
AcDbEntity
  8
SCHEDULE_TEXT__BM_
  6
CONTINUOUS
100
AcDbText
 10
2706.73270322633
 20
986.7539501134581
 30
0.0
 40
0.1699975868004011
  1
2-T16
 41
0.9
  7
ROMANS
 72
     1
 11
2707.104269380337
 21
986.7539501134581
 31
0.0
100
AcDbText
  0
TEXT
  5
62B
330
1F
100
AcDbEntity
  8
SCHEDULE_TEXT__BM_
  6
CONTINUOUS
100
AcDbText
 10
2708.950438190987
 20
986.7539501134581
 30
0.0
 40
0.1699975868004011
  1
3-T16
 41
0.9
  7
ROMANS
 72
     1
 11
2709.322004344994
 21
986.7539501134581
 31
0.0
100
AcDbText
  0
TEXT
  5
62C
330
1F
100
AcDbEntity
  8
SCHEDULE_TEXT__BM_
  6
CONTINUOUS
100
AcDbText
 10
2714.255641734052
 20
986.7546842829404
 30
0.0
 40
0.1699975868004011
  1
---
 41
0.9
  7
ROMANS
 72
     1
 11
2714.539780557704
 21
986.7546842829404
 31
0.0
100
AcDbText
  0
TEXT
  5
62D
330
1F
100
AcDbEntity
  8
SCHEDULE_TEXT__BM_
  6
CONTINUOUS
100
AcDbText
 10
2701.03045633637
 20
985.3210973730484
 30
0.0
 40
0.1699975868004011
  1
B9
 41
0.9
  7
ROMANS
100
AcDbText
  0
TEXT
  5
62E
330
1F
100
AcDbEntity
  8
SCHEDULE_TEXT__BM_
  6
CONTINUOUS
100
AcDbText
 10
2703.077505864756
 20
985.3382096796861
 30
0.0
 40
0.1699975868004011
  1
230X450
 41
0.9
  7
ROMANS
 72
     1
 11
2703.587498625157
 21
985.3382096796861
 31
0.0
100
AcDbText
  0
TEXT
  5
62F
330
1F
100
AcDbEntity
  8
SCHEDULE_TEXT__BM_
  6
CONTINUOUS
100
AcDbText
 10
2705.631254110252
 20
985.3372834467914
 30
0.0
 40
0.1699975868004011
  1
1-T12
 41
0.9
  7
ROMANS
 72
     1
 11
2706.013748680552
 21
985.3372834467914
 31
0.0
100
AcDbText
  0
TEXT
  5
630
330
1F
100
AcDbEntity
  8
SCHEDULE_TEXT__BM_
  6
CONTINUOUS
100
AcDbText
 10
2704.539267714728
 20
985.3372834467914
 30
0.0
 40
0.1699975868004011
  1
2-T16
 41
0.9
  7
ROMANS
 72
     1
 11
2704.910833868735
 21
985.3372834467914
 31
0.0
100
AcDbText
  0
TEXT
  5
631
330
1F
100
AcDbEntity
  8
SCHEDULE_TEXT__BM_
  6
CONTINUOUS
100
AcDbText
 10
2710.004988758413
 20
985.3359108135307
 30
0.0
 40
0.1699975868004011
  1
T 8@150C/C
 41
0.9
  7
ROMANS
 72
     1
 11
2710.755406677289
 21
985.3359108135307
 31
0.0
100
AcDbText
  0
TEXT
  5
632
330
1F
100
AcDbEntity
  8
SCHEDULE_TEXT__BM_
  6
CONTINUOUS
100
AcDbText
 10
2711.821881211328
 20
985.3380176162736
 30
0.0
 40
0.1699975868004011
  1
T 8@150C/C
 41
0.9
  7
ROMANS
 72
     1
 11
2712.572299130204
 21
985.3380176162736
 31
0.0
100
AcDbText
  0
LINE
  5
633
330
1F
100
AcDbEntity
  8
TABLE__BM_
100
AcDbLine
 10
2715.466253116942
 20
985.1743721252471
 30
0.0
 11
2700.893154553496
 21
985.1743721252471
 31
0.0
  0
TEXT
  5
634
330
1F
100
AcDbEntity
  8
SCHEDULE_TEXT__BM_
  6
CONTINUOUS
100
AcDbText
 10
2707.729013261552
 20
985.3372834467914
 30
0.0
 40
0.1699975868004011
  1
3-T12
 41
0.9
  7
ROMANS
 72
     1
 11
2708.100579415559
 21
985.3372834467914
 31
0.0
100
AcDbText
  0
TEXT
  5
635
330
1F
100
AcDbEntity
  8
SCHEDULE_TEXT__BM_
  6
CONTINUOUS
100
AcDbText
 10
2706.73270322633
 20
985.3372834467914
 30
0.0
 40
0.1699975868004011
  1
2-T10
 41
0.9
  7
ROMANS
 72
     1
 11
2707.104269380337
 21
985.3372834467914
 31
0.0
100
AcDbText
  0
TEXT
  5
636
330
1F
100
AcDbEntity
  8
SCHEDULE_TEXT__BM_
  6
CONTINUOUS
100
AcDbText
 10
2708.950438190987
 20
985.3372834467914
 30
0.0
 40
0.1699975868004011
  1
3-T12
 41
0.9
  7
ROMANS
 72
     1
 11
2709.322004344994
 21
985.3372834467914
 31
0.0
100
AcDbText
  0
TEXT
  5
637
330
1F
100
AcDbEntity
  8
SCHEDULE_TEXT__BM_
  6
CONTINUOUS
100
AcDbText
 10
2714.255641734052
 20
985.3380176162736
 30
0.0
 40
0.1699975868004011
  1
---
 41
0.9
  7
ROMANS
 72
     1
 11
2714.539780557704
 21
985.3380176162736
 31
0.0
100
AcDbText
  0
TEXT
  5
638
330
1F
100
AcDbEntity
  8
SCHEDULE_TEXT__BM_
  6
CONTINUOUS
100
AcDbText
 10
2701.03045633637
 20
984.376652928604
 30
0.0
 40
0.1699975868004011
  1
B11
 41
0.9
  7
ROMANS
100
AcDbText
  0
TEXT
  5
639
330
1F
100
AcDbEntity
  8
SCHEDULE_TEXT__BM_
  6
CONTINUOUS
100
AcDbText
 10
2703.066577448462
 20
984.3937652352415
 30
0.0
 40
0.1699975868004011
  1
150X450
 41
0.9
  7
ROMANS
 72
     1
 11
2703.587498625157
 21
984.3937652352415
 31
0.0
100
AcDbText
  0
TEXT
  5
63A
330
1F
100
AcDbEntity
  8
SCHEDULE_TEXT__BM_
  6
CONTINUOUS
100
AcDbText
 10
2705.631254110252
 20
984.392839002347
 30
0.0
 40
0.1699975868004011
  1
1-T12
 41
0.9
  7
ROMANS
 72
     1
 11
2706.013748680552
 21
984.392839002347
 31
0.0
100
AcDbText
  0
TEXT
  5
63B
330
1F
100
AcDbEntity
  8
SCHEDULE_TEXT__BM_
  6
CONTINUOUS
100
AcDbText
 10
2704.539267714728
 20
984.392839002347
 30
0.0
 40
0.1699975868004011
  1
2-T12
 41
0.9
  7
ROMANS
 72
     1
 11
2704.910833868735
 21
984.392839002347
 31
0.0
100
AcDbText
  0
TEXT
  5
63C
330
1F
100
AcDbEntity
  8
SCHEDULE_TEXT__BM_
  6
CONTINUOUS
100
AcDbText
 10
2710.004988758413
 20
984.3914663690862
 30
0.0
 40
0.1699975868004011
  1
T 8@175C/C
 41
0.9
  7
ROMANS
 72
     1
 11
2710.755406677289
 21
984.3914663690862
 31
0.0
100
AcDbText
  0
TEXT
  5
63D
330
1F
100
AcDbEntity
  8
SCHEDULE_TEXT__BM_
  6
CONTINUOUS
100
AcDbText
 10
2711.821881211328
 20
984.3935731718293
 30
0.0
 40
0.1699975868004011
  1
T 8@175C/C
 41
0.9
  7
ROMANS
 72
     1
 11
2712.572299130204
 21
984.3935731718293
 31
0.0
100
AcDbText
  0
LINE
  5
63E
330
1F
100
AcDbEntity
  8
TABLE__BM_
100
AcDbLine
 10
2715.466253116942
 20
984.2299276808028
 30
0.0
 11
2700.893154553496
 21
984.2299276808028
 31
0.0
  0
TEXT
  5
63F
330
1F
100
AcDbEntity
  8
SCHEDULE_TEXT__BM_
  6
CONTINUOUS
100
AcDbText
 10
2707.729013261552
 20
984.392839002347
 30
0.0
 40
0.1699975868004011
  1
2-T12
 41
0.9
  7
ROMANS
 72
     1
 11
2708.100579415559
 21
984.392839002347
 31
0.0
100
AcDbText
  0
TEXT
  5
640
330
1F
100
AcDbEntity
  8
SCHEDULE_TEXT__BM_
  6
CONTINUOUS
100
AcDbText
 10
2706.73270322633
 20
984.392839002347
 30
0.0
 40
0.1699975868004011
  1
2-T10
 41
0.9
  7
ROMANS
 72
     1
 11
2707.104269380337
 21
984.392839002347
 31
0.0
100
AcDbText
  0
TEXT
  5
641
330
1F
100
AcDbEntity
  8
SCHEDULE_TEXT__BM_
  6
CONTINUOUS
100
AcDbText
 10
2708.950438190987
 20
984.392839002347
 30
0.0
 40
0.1699975868004011
  1
2-T12
 41
0.9
  7
ROMANS
 72
     1
 11
2709.322004344994
 21
984.392839002347
 31
0.0
100
AcDbText
  0
TEXT
  5
642
330
1F
100
AcDbEntity
  8
SCHEDULE_TEXT__BM_
  6
CONTINUOUS
100
AcDbText
 10
2714.255641734052
 20
984.3935731718293
 30
0.0
 40
0.1699975868004011
  1
---
 41
0.9
  7
ROMANS
 72
     1
 11
2714.539780557704
 21
984.3935731718293
 31
0.0
100
AcDbText
  0
TEXT
  5
643
330
1F
100
AcDbEntity
  8
SCHEDULE_TEXT__BM_
  6
CONTINUOUS
100
AcDbText
 10
2701.03045633637
 20
983.9044307063816
 30
0.0
 40
0.1699975868004011
  1
B12
 41
0.9
  7
ROMANS
100
AcDbText
  0
TEXT
  5
644
330
1F
100
AcDbEntity
  8
SCHEDULE_TEXT__BM_
  6
CONTINUOUS
100
AcDbText
 10
2703.077505864756
 20
983.9215430130193
 30
0.0
 40
0.1699975868004011
  1
230X600
 41
0.9
  7
ROMANS
 72
     1
 11
2703.587498625157
 21
983.9215430130193
 31
0.0
100
AcDbText
  0
TEXT
  5
645
330
1F
100
AcDbEntity
  8
SCHEDULE_TEXT__BM_
  6
CONTINUOUS
100
AcDbText
 10
2705.642182526546
 20
983.9206167801249
 30
0.0
 40
0.1699975868004011
  1
2-T12
 41
0.9
  7
ROMANS
 72
     1
 11
2706.013748680552
 21
983.9206167801249
 31
0.0
100
AcDbText
  0
TEXT
  5
646
330
1F
100
AcDbEntity
  8
SCHEDULE_TEXT__BM_
  6
CONTINUOUS
100
AcDbText
 10
2704.539267714728
 20
983.9206167801249
 30
0.0
 40
0.1699975868004011
  1
2-T16
 41
0.9
  7
ROMANS
 72
     1
 11
2704.910833868735
 21
983.9206167801249
 31
0.0
100
AcDbText
  0
TEXT
  5
647
330
1F
100
AcDbEntity
  8
SCHEDULE_TEXT__BM_
  6
CONTINUOUS
100
AcDbText
 10
2710.004988758413
 20
983.919244146864
 30
0.0
 40
0.1699975868004011
  1
T 8@125C/C
 41
0.9
  7
ROMANS
 72
     1
 11
2710.755406677289
 21
983.919244146864
 31
0.0
100
AcDbText
  0
TEXT
  5
648
330
1F
100
AcDbEntity
  8
SCHEDULE_TEXT__BM_
  6
CONTINUOUS
100
AcDbText
 10
2711.821881211328
 20
983.9213509496069
 30
0.0
 40
0.1699975868004011
  1
T 8@150C/C
 41
0.9
  7
ROMANS
 72
     1
 11
2712.572299130204
 21
983.9213509496069
 31
0.0
100
AcDbText
  0
LINE
  5
649
330
1F
100
AcDbEntity
  8
TABLE__BM_
100
AcDbLine
 10
2715.466253116942
 20
983.7577054585806
 30
0.0
 11
2700.893154553496
 21
983.7577054585806
 31
0.0
  0
TEXT
  5
64A
330
1F
100
AcDbEntity
  8
SCHEDULE_TEXT__BM_
  6
CONTINUOUS
100
AcDbText
 10
2707.729013261552
 20
983.9206167801249
 30
0.0
 40
0.1699975868004011
  1
2-T16
 41
0.9
  7
ROMANS
 72
     1
 11
2708.100579415559
 21
983.9206167801249
 31
0.0
100
AcDbText
  0
TEXT
  5
64B
330
1F
100
AcDbEntity
  8
SCHEDULE_TEXT__BM_
  6
CONTINUOUS
100
AcDbText
 10
2706.73270322633
 20
983.9206167801249
 30
0.0
 40
0.1699975868004011
  1
2-T12
 41
0.9
  7
ROMANS
 72
     1
 11
2707.104269380337
 21
983.9206167801249
 31
0.0
100
AcDbText
  0
TEXT
  5
64C
330
1F
100
AcDbEntity
  8
SCHEDULE_TEXT__BM_
  6
CONTINUOUS
100
AcDbText
 10
2708.950438190987
 20
983.9206167801249
 30
0.0
 40
0.1699975868004011
  1
3-T16
 41
0.9
  7
ROMANS
 72
     1
 11
2709.322004344994
 21
983.9206167801249
 31
0.0
100
AcDbText
  0
TEXT
  5
64D
330
1F
100
AcDbEntity
  8
SCHEDULE_TEXT__BM_
  6
CONTINUOUS
100
AcDbText
 10
2714.255641734052
 20
983.9213509496069
 30
0.0
 40
0.1699975868004011
  1
---
 41
0.9
  7
ROMANS
 72
     1
 11
2714.539780557704
 21
983.9213509496069
 31
0.0
100
AcDbText
  0
TEXT
  5
64E
330
1F
100
AcDbEntity
  8
SCHEDULE_TEXT__BM_
  6
CONTINUOUS
100
AcDbText
 10
2701.03045633637
 20
983.4322084841592
 30
0.0
 40
0.1699975868004011
  1
B13,18
 41
0.9
  7
ROMANS
100
AcDbText
  0
TEXT
  5
64F
330
1F
100
AcDbEntity
  8
SCHEDULE_TEXT__BM_
  6
CONTINUOUS
100
AcDbText
 10
2703.077505864756
 20
983.449320790797
 30
0.0
 40
0.1699975868004011
  1
230X600
 41
0.9
  7
ROMANS
 72
     1
 11
2703.587498625157
 21
983.449320790797
 31
0.0
100
AcDbText
  0
TEXT
  5
650
330
1F
100
AcDbEntity
  8
SCHEDULE_TEXT__BM_
  6
CONTINUOUS
100
AcDbText
 10
2705.7296098569
 20
983.4483945579025
 30
0.0
 40
0.1699975868004011
  1
---
 41
0.9
  7
ROMANS
 72
     1
 11
2706.013748680552
 21
983.4483945579025
 31
0.0
100
AcDbText
  0
TEXT
  5
651
330
1F
100
AcDbEntity
  8
SCHEDULE_TEXT__BM_
  6
CONTINUOUS
100
AcDbText
 10
2704.539267714728
 20
983.4483945579025
 30
0.0
 40
0.1699975868004011
  1
2-T16
 41
0.9
  7
ROMANS
 72
     1
 11
2704.910833868735
 21
983.4483945579025
 31
0.0
100
AcDbText
  0
TEXT
  5
652
330
1F
100
AcDbEntity
  8
SCHEDULE_TEXT__BM_
  6
CONTINUOUS
100
AcDbText
 10
2710.004988758413
 20
983.4470219246418
 30
0.0
 40
0.1699975868004011
  1
T 8@175C/C
 41
0.9
  7
ROMANS
 72
     1
 11
2710.755406677289
 21
983.4470219246418
 31
0.0
100
AcDbText
  0
TEXT
  5
653
330
1F
100
AcDbEntity
  8
SCHEDULE_TEXT__BM_
  6
CONTINUOUS
100
AcDbText
 10
2711.821881211328
 20
983.4491287273847
 30
0.0
 40
0.1699975868004011
  1
T 8@175C/C
 41
0.9
  7
ROMANS
 72
     1
 11
2712.572299130204
 21
983.4491287273847
 31
0.0
100
AcDbText
  0
LINE
  5
654
330
1F
100
AcDbEntity
  8
TABLE__BM_
100
AcDbLine
 10
2715.466253116942
 20
983.2854832363585
 30
0.0
 11
2700.893154553496
 21
983.2854832363585
 31
0.0
  0
TEXT
  5
655
330
1F
100
AcDbEntity
  8
SCHEDULE_TEXT__BM_
  6
CONTINUOUS
100
AcDbText
 10
2707.816440591907
 20
983.4483945579025
 30
0.0
 40
0.1699975868004011
  1
---
 41
0.9
  7
ROMANS
 72
     1
 11
2708.100579415559
 21
983.4483945579025
 31
0.0
100
AcDbText
  0
TEXT
  5
656
330
1F
100
AcDbEntity
  8
SCHEDULE_TEXT__BM_
  6
CONTINUOUS
100
AcDbText
 10
2709.037865521342
 20
983.4483945579025
 30
0.0
 40
0.1699975868004011
  1
---
 41
0.9
  7
ROMANS
 72
     1
 11
2709.322004344994
 21
983.4483945579025
 31
0.0
100
AcDbText
  0
TEXT
  5
657
330
1F
100
AcDbEntity
  8
SCHEDULE_TEXT__BM_
  6
CONTINUOUS
100
AcDbText
 10
2714.255641734052
 20
983.4491287273847
 30
0.0
 40
0.1699975868004011
  1
---
 41
0.9
  7
ROMANS
 72
     1
 11
2714.539780557704
 21
983.4491287273847
 31
0.0
100
AcDbText
  0
TEXT
  5
658
330
1F
100
AcDbEntity
  8
SCHEDULE_TEXT__BM_
  6
CONTINUOUS
100
AcDbText
 10
2701.03045633637
 20
979.6544307063814
 30
0.0
 40
0.1699975868004011
  1
FB1
 41
0.9
  7
ROMANS
100
AcDbText
  0
TEXT
  5
659
330
1F
100
AcDbEntity
  8
SCHEDULE_TEXT__BM_
  6
CONTINUOUS
100
AcDbText
 10
2703.066577448462
 20
979.6715430130191
 30
0.0
 40
0.1699975868004011
  1
150X450
 41
0.9
  7
ROMANS
 72
     1
 11
2703.587498625157
 21
979.6715430130191
 31
0.0
100
AcDbText
  0
TEXT
  5
65A
330
1F
100
AcDbEntity
  8
SCHEDULE_TEXT__BM_
  6
CONTINUOUS
100
AcDbText
 10
2705.7296098569
 20
979.6706167801246
 30
0.0
 40
0.1699975868004011
  1
---
 41
0.9
  7
ROMANS
 72
     1
 11
2706.013748680552
 21
979.6706167801246
 31
0.0
100
AcDbText
  0
TEXT
  5
65B
330
1F
100
AcDbEntity
  8
SCHEDULE_TEXT__BM_
  6
CONTINUOUS
100
AcDbText
 10
2704.539267714728
 20
979.6706167801246
 30
0.0
 40
0.1699975868004011
  1
2-T10
 41
0.9
  7
ROMANS
 72
     1
 11
2704.910833868735
 21
979.6706167801246
 31
0.0
100
AcDbText
  0
TEXT
  5
65C
330
1F
100
AcDbEntity
  8
SCHEDULE_TEXT__BM_
  6
CONTINUOUS
100
AcDbText
 10
2710.004988758413
 20
979.6692441468638
 30
0.0
 40
0.1699975868004011
  1
T 8@175C/C
 41
0.9
  7
ROMANS
 72
     1
 11
2710.755406677289
 21
979.6692441468638
 31
0.0
100
AcDbText
  0
TEXT
  5
65D
330
1F
100
AcDbEntity
  8
SCHEDULE_TEXT__BM_
  6
CONTINUOUS
100
AcDbText
 10
2711.821881211328
 20
979.6713509496064
 30
0.0
 40
0.1699975868004011
  1
T 8@175C/C
 41
0.9
  7
ROMANS
 72
     1
 11
2712.572299130204
 21
979.6713509496064
 31
0.0
100
AcDbText
  0
LINE
  5
65E
330
1F
100
AcDbEntity
  8
TABLE__BM_
100
AcDbLine
 10
2715.466253116942
 20
979.5077054585804
 30
0.0
 11
2700.893154553496
 21
979.5077054585804
 31
0.0
  0
TEXT
  5
65F
330
1F
100
AcDbEntity
  8
SCHEDULE_TEXT__BM_
  6
CONTINUOUS
100
AcDbText
 10
2707.816440591907
 20
979.6706167801246
 30
0.0
 40
0.1699975868004011
  1
---
 41
0.9
  7
ROMANS
 72
     1
 11
2708.100579415559
 21
979.6706167801246
 31
0.0
100
AcDbText
  0
TEXT
  5
660
330
1F
100
AcDbEntity
  8
SCHEDULE_TEXT__BM_
  6
CONTINUOUS
100
AcDbText
 10
2706.73270322633
 20
979.6706167801246
 30
0.0
 40
0.1699975868004011
  1
2-T10
 41
0.9
  7
ROMANS
 72
     1
 11
2707.104269380337
 21
979.6706167801246
 31
0.0
100
AcDbText
  0
TEXT
  5
661
330
1F
100
AcDbEntity
  8
SCHEDULE_TEXT__BM_
  6
CONTINUOUS
100
AcDbText
 10
2709.037865521342
 20
979.6706167801246
 30
0.0
 40
0.1699975868004011
  1
---
 41
0.9
  7
ROMANS
 72
     1
 11
2709.322004344994
 21
979.6706167801246
 31
0.0
100
AcDbText
  0
TEXT
  5
662
330
1F
100
AcDbEntity
  8
SCHEDULE_TEXT__BM_
  6
CONTINUOUS
100
AcDbText
 10
2714.255641734052
 20
979.6713509496064
 30
0.0
 40
0.1699975868004011
  1
---
 41
0.9
  7
ROMANS
 72
     1
 11
2714.539780557704
 21
979.6713509496064
 31
0.0
100
AcDbText
  0
TEXT
  5
663
330
1F
100
AcDbEntity
  8
SCHEDULE_TEXT__BM_
  6
CONTINUOUS
100
AcDbText
 10
2701.03045633637
 20
979.182208484159
 30
0.0
 40
0.1699975868004011
  1
HB1
 41
0.9
  7
ROMANS
100
AcDbText
  0
TEXT
  5
664
330
1F
100
AcDbEntity
  8
SCHEDULE_TEXT__BM_
  6
CONTINUOUS
100
AcDbText
 10
2702.971864507244
 20
979.199320790797
 30
0.0
 40
0.1699975868004011
  1
230XS.THK
 41
0.9
  7
ROMANS
 72
     1
 11
2703.587498625157
 21
979.199320790797
 31
0.0
100
AcDbText
  0
TEXT
  5
665
330
1F
100
AcDbEntity
  8
SCHEDULE_TEXT__BM_
  6
CONTINUOUS
100
AcDbText
 10
2705.7296098569
 20
979.1983945579022
 30
0.0
 40
0.1699975868004011
  1
---
 41
0.9
  7
ROMANS
 72
     1
 11
2706.013748680552
 21
979.1983945579022
 31
0.0
100
AcDbText
  0
TEXT
  5
666
330
1F
100
AcDbEntity
  8
SCHEDULE_TEXT__BM_
  6
CONTINUOUS
100
AcDbText
 10
2704.539267714728
 20
979.1983945579022
 30
0.0
 40
0.1699975868004011
  1
2-T12
 41
0.9
  7
ROMANS
 72
     1
 11
2704.910833868735
 21
979.1983945579022
 31
0.0
100
AcDbText
  0
TEXT
  5
667
330
1F
100
AcDbEntity
  8
SCHEDULE_TEXT__BM_
  6
CONTINUOUS
100
AcDbText
 10
2710.004988758413
 20
979.1970219246416
 30
0.0
 40
0.1699975868004011
  1
T 8@150C/C
 41
0.9
  7
ROMANS
 72
     1
 11
2710.755406677289
 21
979.1970219246416
 31
0.0
100
AcDbText
  0
TEXT
  5
668
330
1F
100
AcDbEntity
  8
SCHEDULE_TEXT__BM_
  6
CONTINUOUS
100
AcDbText
 10
2711.821881211328
 20
979.1991287273843
 30
0.0
 40
0.1699975868004011
  1
T 8@150C/C
 41
0.9
  7
ROMANS
 72
     1
 11
2712.572299130204
 21
979.1991287273843
 31
0.0
100
AcDbText
  0
LINE
  5
669
330
1F
100
AcDbEntity
  8
TABLE__BM_
100
AcDbLine
 10
2715.466253116942
 20
979.0354832363582
 30
0.0
 11
2700.893154553496
 21
979.0354832363582
 31
0.0
  0
TEXT
  5
66A
330
1F
100
AcDbEntity
  8
SCHEDULE_TEXT__BM_
  6
CONTINUOUS
100
AcDbText
 10
2707.816440591907
 20
979.1983945579022
 30
0.0
 40
0.1699975868004011
  1
---
 41
0.9
  7
ROMANS
 72
     1
 11
2708.100579415559
 21
979.1983945579022
 31
0.0
100
AcDbText
  0
TEXT
  5
66B
330
1F
100
AcDbEntity
  8
SCHEDULE_TEXT__BM_
  6
CONTINUOUS
100
AcDbText
 10
2706.73270322633
 20
979.1983945579022
 30
0.0
 40
0.1699975868004011
  1
2-T10
 41
0.9
  7
ROMANS
 72
     1
 11
2707.104269380337
 21
979.1983945579022
 31
0.0
100
AcDbText
  0
TEXT
  5
66C
330
1F
100
AcDbEntity
  8
SCHEDULE_TEXT__BM_
  6
CONTINUOUS
100
AcDbText
 10
2709.037865521342
 20
979.1983945579022
 30
0.0
 40
0.1699975868004011
  1
---
 41
0.9
  7
ROMANS
 72
     1
 11
2709.322004344994
 21
979.1983945579022
 31
0.0
100
AcDbText
  0
TEXT
  5
66D
330
1F
100
AcDbEntity
  8
SCHEDULE_TEXT__BM_
  6
CONTINUOUS
100
AcDbText
 10
2713.752934584514
 20
979.1991287273843
 30
0.0
 40
0.1699975868004011
  1
HIDDEN BEAM
 41
0.9
  7
ROMANS
 72
     1
 11
2714.539780557704
 21
979.1991287273843
 31
0.0
100
AcDbText
  0
TEXT
  5
66E
330
1F
100
AcDbEntity
  8
SCHEDULE_TEXT__BM_
  6
CONTINUOUS
100
AcDbText
 10
2701.03045633637
 20
978.7099862619368
 30
0.0
 40
0.1699975868004011
  1
TB1
 41
0.9
  7
ROMANS
100
AcDbText
  0
TEXT
  5
66F
330
1F
100
AcDbEntity
  8
SCHEDULE_TEXT__BM_
  6
CONTINUOUS
100
AcDbText
 10
2703.077505864756
 20
978.7270985685748
 30
0.0
 40
0.1699975868004011
  1
230X450
 41
0.9
  7
ROMANS
 72
     1
 11
2703.587498625157
 21
978.7270985685748
 31
0.0
100
AcDbText
  0
TEXT
  5
670
330
1F
100
AcDbEntity
  8
SCHEDULE_TEXT__BM_
  6
CONTINUOUS
100
AcDbText
 10
2705.631254110252
 20
978.7261723356801
 30
0.0
 40
0.1699975868004011
  1
1-T12
 41
0.9
  7
ROMANS
 72
     1
 11
2706.013748680552
 21
978.7261723356801
 31
0.0
100
AcDbText
  0
TEXT
  5
671
330
1F
100
AcDbEntity
  8
SCHEDULE_TEXT__BM_
  6
CONTINUOUS
100
AcDbText
 10
2704.539267714728
 20
978.7261723356801
 30
0.0
 40
0.1699975868004011
  1
3-T12
 41
0.9
  7
ROMANS
 72
     1
 11
2704.910833868735
 21
978.7261723356801
 31
0.0
100
AcDbText
  0
TEXT
  5
672
330
1F
100
AcDbEntity
  8
SCHEDULE_TEXT__BM_
  6
CONTINUOUS
100
AcDbText
 10
2710.004988758413
 20
978.7247997024194
 30
0.0
 40
0.1699975868004011
  1
T 8@150C/C
 41
0.9
  7
ROMANS
 72
     1
 11
2710.755406677289
 21
978.7247997024194
 31
0.0
100
AcDbText
  0
TEXT
  5
673
330
1F
100
AcDbEntity
  8
SCHEDULE_TEXT__BM_
  6
CONTINUOUS
100
AcDbText
 10
2711.821881211328
 20
978.7269065051621
 30
0.0
 40
0.1699975868004011
  1
T 8@150C/C
 41
0.9
  7
ROMANS
 72
     1
 11
2712.572299130204
 21
978.7269065051621
 31
0.0
100
AcDbText
  0
LINE
  5
674
330
1F
100
AcDbEntity
  8
TABLE__BM_
100
AcDbLine
 10
2715.466253116942
 20
978.5632610141358
 30
0.0
 11
2700.893154553496
 21
978.5632610141358
 31
0.0
  0
TEXT
  5
675
330
1F
100
AcDbEntity
  8
SCHEDULE_TEXT__BM_
  6
CONTINUOUS
100
AcDbText
 10
2707.729013261552
 20
978.7261723356801
 30
0.0
 40
0.1699975868004011
  1
3-T12
 41
0.9
  7
ROMANS
 72
     1
 11
2708.100579415559
 21
978.7261723356801
 31
0.0
100
AcDbText
  0
TEXT
  5
676
330
1F
100
AcDbEntity
  8
SCHEDULE_TEXT__BM_
  6
CONTINUOUS
100
AcDbText
 10
2706.73270322633
 20
978.7261723356801
 30
0.0
 40
0.1699975868004011
  1
2-T10
 41
0.9
  7
ROMANS
 72
     1
 11
2707.104269380337
 21
978.7261723356801
 31
0.0
100
AcDbText
  0
TEXT
  5
677
330
1F
100
AcDbEntity
  8
SCHEDULE_TEXT__BM_
  6
CONTINUOUS
100
AcDbText
 10
2708.950438190987
 20
978.7261723356801
 30
0.0
 40
0.1699975868004011
  1
3-T12
 41
0.9
  7
ROMANS
 72
     1
 11
2709.322004344994
 21
978.7261723356801
 31
0.0
100
AcDbText
  0
TEXT
  5
678
330
1F
100
AcDbEntity
  8
SCHEDULE_TEXT__BM_
  6
CONTINUOUS
100
AcDbText
 10
2714.255641734052
 20
978.7269065051621
 30
0.0
 40
0.1699975868004011
  1
---
 41
0.9
  7
ROMANS
 72
     1
 11
2714.539780557704
 21
978.7269065051621
 31
0.0
100
AcDbText
  0
TEXT
  5
679
330
1F
100
AcDbEntity
  8
SCHEDULE_TEXT__BM_
  6
CONTINUOUS
100
AcDbText
 10
2701.03045633637
 20
978.2377640397146
 30
0.0
 40
0.1699975868004011
  1
BR1
 41
0.9
  7
ROMANS
100
AcDbText
  0
TEXT
  5
67A
330
1F
100
AcDbEntity
  8
SCHEDULE_TEXT__BM_
  6
CONTINUOUS
100
AcDbText
 10
2703.077505864756
 20
978.2548763463526
 30
0.0
 40
0.1699975868004011
  1
230X600
 41
0.9
  7
ROMANS
 72
     1
 11
2703.587498625157
 21
978.2548763463526
 31
0.0
100
AcDbText
  0
TEXT
  5
67B
330
1F
100
AcDbEntity
  8
SCHEDULE_TEXT__BM_
  6
CONTINUOUS
100
AcDbText
 10
2705.7296098569
 20
978.2539501134579
 30
0.0
 40
0.1699975868004011
  1
---
 41
0.9
  7
ROMANS
 72
     1
 11
2706.013748680552
 21
978.2539501134579
 31
0.0
100
AcDbText
  0
TEXT
  5
67C
330
1F
100
AcDbEntity
  8
SCHEDULE_TEXT__BM_
  6
CONTINUOUS
100
AcDbText
 10
2704.539267714728
 20
978.2539501134579
 30
0.0
 40
0.1699975868004011
  1
2-T12
 41
0.9
  7
ROMANS
 72
     1
 11
2704.910833868735
 21
978.2539501134579
 31
0.0
100
AcDbText
  0
TEXT
  5
67D
330
1F
100
AcDbEntity
  8
SCHEDULE_TEXT__BM_
  6
CONTINUOUS
100
AcDbText
 10
2710.004988758413
 20
978.252577480197
 30
0.0
 40
0.1699975868004011
  1
T 8@100C/C
 41
0.9
  7
ROMANS
 72
     1
 11
2710.755406677289
 21
978.252577480197
 31
0.0
100
AcDbText
  0
TEXT
  5
67E
330
1F
100
AcDbEntity
  8
SCHEDULE_TEXT__BM_
  6
CONTINUOUS
100
AcDbText
 10
2711.821881211328
 20
978.2546842829399
 30
0.0
 40
0.1699975868004011
  1
T 8@100C/C
 41
0.9
  7
ROMANS
 72
     1
 11
2712.572299130204
 21
978.2546842829399
 31
0.0
100
AcDbText
  0
LINE
  5
67F
330
1F
100
AcDbEntity
  8
TABLE__BM_
100
AcDbLine
 10
2715.466253116942
 20
978.0910387919137
 30
0.0
 11
2700.893154553496
 21
978.0910387919137
 31
0.0
  0
TEXT
  5
680
330
1F
100
AcDbEntity
  8
SCHEDULE_TEXT__BM_
  6
CONTINUOUS
100
AcDbText
 10
2709.037865521342
 20
978.2539501134579
 30
0.0
 40
0.1699975868004011
  1
---
 41
0.9
  7
ROMANS
 72
     1
 11
2709.322004344994
 21
978.2539501134579
 31
0.0
100
AcDbText
  0
TEXT
  5
681
330
1F
100
AcDbEntity
  8
SCHEDULE_TEXT__BM_
  6
CONTINUOUS
100
AcDbText
 10
2713.74200616822
 20
978.2546842829399
 30
0.0
 40
0.1699975868004011
  1
CANTILEVERED
 41
0.9
  7
ROMANS
 72
     1
 11
2714.539780557704
 21
978.2546842829399
 31
0.0
100
AcDbText
  0
TEXT
  5
682
330
1F
100
AcDbEntity
  8
SCHEDULE_TEXT__BM_
  6
CONTINUOUS
100
AcDbText
 10
2701.03045633637
 20
977.7655418174925
 30
0.0
 40
0.1699975868004011
  1
BR2
 41
0.9
  7
ROMANS
100
AcDbText
  0
TEXT
  5
683
330
1F
100
AcDbEntity
  8
SCHEDULE_TEXT__BM_
  6
CONTINUOUS
100
AcDbText
 10
2702.823723753033
 20
977.7826541241302
 30
0.0
 40
0.1699975868004011
  1
230X600/750
 41
0.85
  7
ROMANS
 72
     1
 11
2703.587498625157
 21
977.7826541241302
 31
0.0
100
AcDbText
  0
TEXT
  5
684
330
1F
100
AcDbEntity
  8
SCHEDULE_TEXT__BM_
  6
CONTINUOUS
100
AcDbText
 10
2705.7296098569
 20
977.7817278912357
 30
0.0
 40
0.1699975868004011
  1
---
 41
0.9
  7
ROMANS
 72
     1
 11
2706.013748680552
 21
977.7817278912357
 31
0.0
100
AcDbText
  0
TEXT
  5
685
330
1F
100
AcDbEntity
  8
SCHEDULE_TEXT__BM_
  6
CONTINUOUS
100
AcDbText
 10
2704.539267714728
 20
977.7817278912357
 30
0.0
 40
0.1699975868004011
  1
3-T16
 41
0.9
  7
ROMANS
 72
     1
 11
2704.910833868735
 21
977.7817278912357
 31
0.0
100
AcDbText
  0
TEXT
  5
686
330
1F
100
AcDbEntity
  8
SCHEDULE_TEXT__BM_
  6
CONTINUOUS
100
AcDbText
 10
2709.932132649784
 20
977.7803552579749
 30
0.0
 40
0.1699975868004011
  1
T 10@100C/C
 41
0.9
  7
ROMANS
 72
     1
 11
2710.755406677289
 21
977.7803552579749
 31
0.0
100
AcDbText
  0
TEXT
  5
687
330
1F
100
AcDbEntity
  8
SCHEDULE_TEXT__BM_
  6
CONTINUOUS
100
AcDbText
 10
2711.749025102699
 20
977.7824620607178
 30
0.0
 40
0.1699975868004011
  1
T 10@100C/C
 41
0.9
  7
ROMANS
 72
     1
 11
2712.572299130204
 21
977.7824620607178
 31
0.0
100
AcDbText
  0
LINE
  5
688
330
1F
100
AcDbEntity
  8
TABLE__BM_
100
AcDbLine
 10
2715.466253116942
 20
977.6188165696915
 30
0.0
 11
2700.893154553496
 21
977.6188165696915
 31
0.0
  0
TEXT
  5
689
330
1F
100
AcDbEntity
  8
SCHEDULE_TEXT__BM_
  6
CONTINUOUS
100
AcDbText
 10
2707.816440591907
 20
977.7817278912357
 30
0.0
 40
0.1699975868004011
  1
---
 41
0.9
  7
ROMANS
 72
     1
 11
2708.100579415559
 21
977.7817278912357
 31
0.0
100
AcDbText
  0
TEXT
  5
68A
330
1F
100
AcDbEntity
  8
SCHEDULE_TEXT__BM_
  6
CONTINUOUS
100
AcDbText
 10
2706.729060420898
 20
977.7817278912357
 30
0.0
 40
0.1699975868004011
  1
6-T16
 41
0.9
  7
ROMANS
 72
     1
 11
2707.104269380337
 21
977.7817278912357
 31
0.0
100
AcDbText
  0
TEXT
  5
68B
330
1F
100
AcDbEntity
  8
SCHEDULE_TEXT__BM_
  6
CONTINUOUS
100
AcDbText
 10
2709.037865521342
 20
977.7817278912357
 30
0.0
 40
0.1699975868004011
  1
---
 41
0.9
  7
ROMANS
 72
     1
 11
2709.322004344994
 21
977.7817278912357
 31
0.0
100
AcDbText
  0
TEXT
  5
68C
330
1F
100
AcDbEntity
  8
SCHEDULE_TEXT__BM_
  6
CONTINUOUS
100
AcDbText
 10
2713.74200616822
 20
977.7824620607178
 30
0.0
 40
0.1699975868004011
  1
CANTILEVERED
 41
0.9
  7
ROMANS
 72
     1
 11
2714.539780557704
 21
977.7824620607178
 31
0.0
100
AcDbText
  0
TEXT
  5
68D
330
1F
100
AcDbEntity
  8
SCHEDULE_TEXT__BM_
  6
CONTINUOUS
100
AcDbText
 10
2701.03045633637
 20
977.2933195952701
 30
0.0
 40
0.1699975868004011
  1
BR3
 41
0.9
  7
ROMANS
100
AcDbText
  0
TEXT
  5
68E
330
1F
100
AcDbEntity
  8
SCHEDULE_TEXT__BM_
  6
CONTINUOUS
100
AcDbText
 10
2703.077505864756
 20
977.3104319019078
 30
0.0
 40
0.1699975868004011
  1
230X600
 41
0.9
  7
ROMANS
 72
     1
 11
2703.587498625157
 21
977.3104319019078
 31
0.0
100
AcDbText
  0
TEXT
  5
68F
330
1F
100
AcDbEntity
  8
SCHEDULE_TEXT__BM_
  6
CONTINUOUS
100
AcDbText
 10
2705.7296098569
 20
977.3095056690133
 30
0.0
 40
0.1699975868004011
  1
---
 41
0.9
  7
ROMANS
 72
     1
 11
2706.013748680552
 21
977.3095056690133
 31
0.0
100
AcDbText
  0
TEXT
  5
690
330
1F
100
AcDbEntity
  8
SCHEDULE_TEXT__BM_
  6
CONTINUOUS
100
AcDbText
 10
2704.539267714728
 20
977.3095056690133
 30
0.0
 40
0.1699975868004011
  1
3-T12
 41
0.9
  7
ROMANS
 72
     1
 11
2704.910833868735
 21
977.3095056690133
 31
0.0
100
AcDbText
  0
TEXT
  5
691
330
1F
100
AcDbEntity
  8
SCHEDULE_TEXT__BM_
  6
CONTINUOUS
100
AcDbText
 10
2710.004988758413
 20
977.3081330357527
 30
0.0
 40
0.1699975868004011
  1
T 8@100C/C
 41
0.9
  7
ROMANS
 72
     1
 11
2710.755406677289
 21
977.3081330357527
 31
0.0
100
AcDbText
  0
TEXT
  5
692
330
1F
100
AcDbEntity
  8
SCHEDULE_TEXT__BM_
  6
CONTINUOUS
100
AcDbText
 10
2711.821881211328
 20
977.3102398384954
 30
0.0
 40
0.1699975868004011
  1
T 8@100C/C
 41
0.9
  7
ROMANS
 72
     1
 11
2712.572299130204
 21
977.3102398384954
 31
0.0
100
AcDbText
  0
TEXT
  5
693
330
1F
100
AcDbEntity
  8
SCHEDULE_TEXT__BM_
  6
CONTINUOUS
100
AcDbText
 10
2707.816440591907
 20
977.3095056690133
 30
0.0
 40
0.1699975868004011
  1
---
 41
0.9
  7
ROMANS
 72
     1
 11
2708.100579415559
 21
977.3095056690133
 31
0.0
100
AcDbText
  0
TEXT
  5
694
330
1F
100
AcDbEntity
  8
SCHEDULE_TEXT__BM_
  6
CONTINUOUS
100
AcDbText
 10
2706.73270322633
 20
977.3095056690133
 30
0.0
 40
0.1699975868004011
  1
5-T16
 41
0.9
  7
ROMANS
 72
     1
 11
2707.104269380337
 21
977.3095056690133
 31
0.0
100
AcDbText
  0
TEXT
  5
695
330
1F
100
AcDbEntity
  8
SCHEDULE_TEXT__BM_
  6
CONTINUOUS
100
AcDbText
 10
2709.037865521342
 20
977.3095056690133
 30
0.0
 40
0.1699975868004011
  1
---
 41
0.9
  7
ROMANS
 72
     1
 11
2709.322004344994
 21
977.3095056690133
 31
0.0
100
AcDbText
  0
TEXT
  5
696
330
1F
100
AcDbEntity
  8
SCHEDULE_TEXT__BM_
  6
CONTINUOUS
100
AcDbText
 10
2713.74200616822
 20
977.3102398384954
 30
0.0
 40
0.1699975868004011
  1
CANTILEVERED
 41
0.9
  7
ROMANS
 72
     1
 11
2714.539780557704
 21
977.3102398384954
 31
0.0
100
AcDbText
  0
LINE
  5
697
330
1F
100
AcDbEntity
  8
TABLE__BM_
100
AcDbLine
 10
2715.466253116942
 20
979.9799276808026
 30
0.0
 11
2700.893154553496
 21
979.9799276808026
 31
0.0
  0
LINE
  5
698
330
1F
100
AcDbEntity
  8
TABLE__BM_
100
AcDbLine
 10
2715.466253116942
 20
980.4521499030247
 30
0.0
 11
2700.893154553496
 21
980.4521499030247
 31
0.0
  0
LINE
  5
699
330
1F
100
AcDbEntity
  8
TABLE__BM_
100
AcDbLine
 10
2715.466253116942
 20
980.9243721252471
 30
0.0
 11
2700.893154553496
 21
980.9243721252471
 31
0.0
  0
LINE
  5
69A
330
1F
100
AcDbEntity
  8
TABLE__BM_
100
AcDbLine
 10
2715.466253116942
 20
981.3965943474693
 30
0.0
 11
2700.893154553496
 21
981.3965943474693
 31
0.0
  0
LINE
  5
69B
330
1F
100
AcDbEntity
  8
TABLE__BM_
100
AcDbLine
 10
2715.466253116942
 20
981.8688165696915
 30
0.0
 11
2700.893154553496
 21
981.8688165696915
 31
0.0
  0
LINE
  5
69C
330
1F
100
AcDbEntity
  8
TABLE__BM_
100
AcDbLine
 10
2715.466253116942
 20
982.3410387919137
 30
0.0
 11
2700.893154553496
 21
982.3410387919137
 31
0.0
  0
LINE
  5
69D
330
1F
100
AcDbEntity
  8
TABLE__BM_
100
AcDbLine
 10
2715.466253116942
 20
982.8132610141358
 30
0.0
 11
2700.893154553496
 21
982.8132610141358
 31
0.0
  0
TEXT
  5
69E
330
1F
100
AcDbEntity
  8
SCHEDULE_TEXT__BM_
  6
CONTINUOUS
100
AcDbText
 10
2700.99356101302
 20
982.959986261937
 30
0.0
 40
0.1699975868004011
  1
B14,15,21,26,27
 41
0.9
  7
ROMANS
100
AcDbText
  0
TEXT
  5
69F
330
1F
100
AcDbEntity
  8
SCHEDULE_TEXT__BM_
  6
CONTINUOUS
100
AcDbText
 10
2703.040610541406
 20
982.9770985685748
 30
0.0
 40
0.1699975868004011
  1
230X450
 41
0.9
  7
ROMANS
 72
     1
 11
2703.550603301807
 21
982.9770985685748
 31
0.0
100
AcDbText
  0
TEXT
  5
6A0
330
1F
100
AcDbEntity
  8
SCHEDULE_TEXT__BM_
  6
CONTINUOUS
100
AcDbText
 10
2705.692714533551
 20
982.9761723356803
 30
0.0
 40
0.1699975868004011
  1
---
 41
0.9
  7
ROMANS
 72
     1
 11
2705.976853357203
 21
982.9761723356803
 31
0.0
100
AcDbText
  0
TEXT
  5
6A1
330
1F
100
AcDbEntity
  8
SCHEDULE_TEXT__BM_
  6
CONTINUOUS
100
AcDbText
 10
2704.502372391379
 20
982.9761723356803
 30
0.0
 40
0.1699975868004011
  1
3-T12
 41
0.9
  7
ROMANS
 72
     1
 11
2704.873938545385
 21
982.9761723356803
 31
0.0
100
AcDbText
  0
TEXT
  5
6A2
330
1F
100
AcDbEntity
  8
SCHEDULE_TEXT__BM_
  6
CONTINUOUS
100
AcDbText
 10
2709.968093435064
 20
982.9747997024197
 30
0.0
 40
0.1699975868004011
  1
T 8@175C/C
 41
0.9
  7
ROMANS
 72
     1
 11
2710.71851135394
 21
982.9747997024197
 31
0.0
100
AcDbText
  0
TEXT
  5
6A3
330
1F
100
AcDbEntity
  8
SCHEDULE_TEXT__BM_
  6
CONTINUOUS
100
AcDbText
 10
2711.784985887979
 20
982.9769065051626
 30
0.0
 40
0.1699975868004011
  1
T 8@175C/C
 41
0.9
  7
ROMANS
 72
     1
 11
2712.535403806854
 21
982.9769065051626
 31
0.0
100
AcDbText
  0
TEXT
  5
6A4
330
1F
100
AcDbEntity
  8
SCHEDULE_TEXT__BM_
  6
CONTINUOUS
100
AcDbText
 10
2707.692117938203
 20
982.9761723356803
 30
0.0
 40
0.1699975868004011
  1
2-T12
 41
0.9
  7
ROMANS
 72
     1
 11
2708.06368409221
 21
982.9761723356803
 31
0.0
100
AcDbText
  0
TEXT
  5
6A5
330
1F
100
AcDbEntity
  8
SCHEDULE_TEXT__BM_
  6
CONTINUOUS
100
AcDbText
 10
2706.69580790298
 20
982.9761723356803
 30
0.0
 40
0.1699975868004011
  1
2-T10
 41
0.9
  7
ROMANS
 72
     1
 11
2707.067374056987
 21
982.9761723356803
 31
0.0
100
AcDbText
  0
TEXT
  5
6A6
330
1F
100
AcDbEntity
  8
SCHEDULE_TEXT__BM_
  6
CONTINUOUS
100
AcDbText
 10
2708.913542867638
 20
982.9761723356803
 30
0.0
 40
0.1699975868004011
  1
2-T12
 41
0.9
  7
ROMANS
 72
     1
 11
2709.285109021645
 21
982.9761723356803
 31
0.0
100
AcDbText
  0
TEXT
  5
6A7
330
1F
100
AcDbEntity
  8
SCHEDULE_TEXT__BM_
  6
CONTINUOUS
100
AcDbText
 10
2714.218746410703
 20
982.9769065051626
 30
0.0
 40
0.1699975868004011
  1
---
 41
0.9
  7
ROMANS
 72
     1
 11
2714.502885234355
 21
982.9769065051626
 31
0.0
100
AcDbText
  0
TEXT
  5
6A8
330
1F
100
AcDbEntity
  8
SCHEDULE_TEXT__BM_
  6
CONTINUOUS
100
AcDbText
 10
2700.99356101302
 20
982.4877640397149
 30
0.0
 40
0.1699975868004011
  1
B16
 41
0.9
  7
ROMANS
100
AcDbText
  0
TEXT
  5
6A9
330
1F
100
AcDbEntity
  8
SCHEDULE_TEXT__BM_
  6
CONTINUOUS
100
AcDbText
 10
2703.040610541406
 20
982.5048763463526
 30
0.0
 40
0.1699975868004011
  1
230X380
 41
0.9
  7
ROMANS
 72
     1
 11
2703.550603301807
 21
982.5048763463526
 31
0.0
100
AcDbText
  0
TEXT
  5
6AA
330
1F
100
AcDbEntity
  8
SCHEDULE_TEXT__BM_
  6
CONTINUOUS
100
AcDbText
 10
2705.692714533551
 20
982.5039501134581
 30
0.0
 40
0.1699975868004011
  1
---
 41
0.9
  7
ROMANS
 72
     1
 11
2705.976853357203
 21
982.5039501134581
 31
0.0
100
AcDbText
  0
TEXT
  5
6AB
330
1F
100
AcDbEntity
  8
SCHEDULE_TEXT__BM_
  6
CONTINUOUS
100
AcDbText
 10
2704.502372391379
 20
982.5039501134581
 30
0.0
 40
0.1699975868004011
  1
4-T12
 41
0.9
  7
ROMANS
 72
     1
 11
2704.873938545385
 21
982.5039501134581
 31
0.0
100
AcDbText
  0
TEXT
  5
6AC
330
1F
100
AcDbEntity
  8
SCHEDULE_TEXT__BM_
  6
CONTINUOUS
100
AcDbText
 10
2709.968093435064
 20
982.5025774801973
 30
0.0
 40
0.1699975868004011
  1
T 8@125C/C
 41
0.9
  7
ROMANS
 72
     1
 11
2710.71851135394
 21
982.5025774801973
 31
0.0
100
AcDbText
  0
TEXT
  5
6AD
330
1F
100
AcDbEntity
  8
SCHEDULE_TEXT__BM_
  6
CONTINUOUS
100
AcDbText
 10
2711.784985887979
 20
982.5046842829404
 30
0.0
 40
0.1699975868004011
  1
T 8@150C/C
 41
0.9
  7
ROMANS
 72
     1
 11
2712.535403806854
 21
982.5046842829404
 31
0.0
100
AcDbText
  0
TEXT
  5
6AE
330
1F
100
AcDbEntity
  8
SCHEDULE_TEXT__BM_
  6
CONTINUOUS
100
AcDbText
 10
2707.692117938203
 20
982.5039501134581
 30
0.0
 40
0.1699975868004011
  1
2-T12
 41
0.9
  7
ROMANS
 72
     1
 11
2708.06368409221
 21
982.5039501134581
 31
0.0
100
AcDbText
  0
TEXT
  5
6AF
330
1F
100
AcDbEntity
  8
SCHEDULE_TEXT__BM_
  6
CONTINUOUS
100
AcDbText
 10
2706.69580790298
 20
982.5039501134581
 30
0.0
 40
0.1699975868004011
  1
2-T12
 41
0.9
  7
ROMANS
 72
     1
 11
2707.067374056987
 21
982.5039501134581
 31
0.0
100
AcDbText
  0
TEXT
  5
6B0
330
1F
100
AcDbEntity
  8
SCHEDULE_TEXT__BM_
  6
CONTINUOUS
100
AcDbText
 10
2708.913542867638
 20
982.5039501134581
 30
0.0
 40
0.1699975868004011
  1
2-T12
 41
0.9
  7
ROMANS
 72
     1
 11
2709.285109021645
 21
982.5039501134581
 31
0.0
100
AcDbText
  0
TEXT
  5
6B1
330
1F
100
AcDbEntity
  8
SCHEDULE_TEXT__BM_
  6
CONTINUOUS
100
AcDbText
 10
2714.218746410703
 20
982.5046842829404
 30
0.0
 40
0.1699975868004011
  1
---
 41
0.9
  7
ROMANS
 72
     1
 11
2714.502885234355
 21
982.5046842829404
 31
0.0
100
AcDbText
  0
TEXT
  5
6B2
330
1F
100
AcDbEntity
  8
SCHEDULE_TEXT__BM_
  6
CONTINUOUS
100
AcDbText
 10
2700.99356101302
 20
982.0155418174927
 30
0.0
 40
0.1699975868004011
  1
B17
 41
0.9
  7
ROMANS
100
AcDbText
  0
TEXT
  5
6B3
330
1F
100
AcDbEntity
  8
SCHEDULE_TEXT__BM_
  6
CONTINUOUS
100
AcDbText
 10
2703.029682125112
 20
982.0326541241302
 30
0.0
 40
0.1699975868004011
  1
150X450
 41
0.9
  7
ROMANS
 72
     1
 11
2703.550603301807
 21
982.0326541241302
 31
0.0
100
AcDbText
  0
TEXT
  5
6B4
330
1F
100
AcDbEntity
  8
SCHEDULE_TEXT__BM_
  6
CONTINUOUS
100
AcDbText
 10
2705.692714533551
 20
982.031727891236
 30
0.0
 40
0.1699975868004011
  1
---
 41
0.9
  7
ROMANS
 72
     1
 11
2705.976853357203
 21
982.031727891236
 31
0.0
100
AcDbText
  0
TEXT
  5
6B5
330
1F
100
AcDbEntity
  8
SCHEDULE_TEXT__BM_
  6
CONTINUOUS
100
AcDbText
 10
2704.502372391379
 20
982.031727891236
 30
0.0
 40
0.1699975868004011
  1
3-T12
 41
0.9
  7
ROMANS
 72
     1
 11
2704.873938545385
 21
982.031727891236
 31
0.0
100
AcDbText
  0
TEXT
  5
6B6
330
1F
100
AcDbEntity
  8
SCHEDULE_TEXT__BM_
  6
CONTINUOUS
100
AcDbText
 10
2709.968093435064
 20
982.0303552579751
 30
0.0
 40
0.1699975868004011
  1
T 8@150C/C
 41
0.9
  7
ROMANS
 72
     1
 11
2710.71851135394
 21
982.0303552579751
 31
0.0
100
AcDbText
  0
TEXT
  5
6B7
330
1F
100
AcDbEntity
  8
SCHEDULE_TEXT__BM_
  6
CONTINUOUS
100
AcDbText
 10
2711.784985887979
 20
982.032462060718
 30
0.0
 40
0.1699975868004011
  1
T 8@150C/C
 41
0.9
  7
ROMANS
 72
     1
 11
2712.535403806854
 21
982.032462060718
 31
0.0
100
AcDbText
  0
TEXT
  5
6B8
330
1F
100
AcDbEntity
  8
SCHEDULE_TEXT__BM_
  6
CONTINUOUS
100
AcDbText
 10
2707.692117938203
 20
982.031727891236
 30
0.0
 40
0.1699975868004011
  1
2-T12
 41
0.9
  7
ROMANS
 72
     1
 11
2708.06368409221
 21
982.031727891236
 31
0.0
100
AcDbText
  0
TEXT
  5
6B9
330
1F
100
AcDbEntity
  8
SCHEDULE_TEXT__BM_
  6
CONTINUOUS
100
AcDbText
 10
2706.69580790298
 20
982.031727891236
 30
0.0
 40
0.1699975868004011
  1
2-T12
 41
0.9
  7
ROMANS
 72
     1
 11
2707.067374056987
 21
982.031727891236
 31
0.0
100
AcDbText
  0
TEXT
  5
6BA
330
1F
100
AcDbEntity
  8
SCHEDULE_TEXT__BM_
  6
CONTINUOUS
100
AcDbText
 10
2708.913542867638
 20
982.031727891236
 30
0.0
 40
0.1699975868004011
  1
2-T12
 41
0.9
  7
ROMANS
 72
     1
 11
2709.285109021645
 21
982.031727891236
 31
0.0
100
AcDbText
  0
TEXT
  5
6BB
330
1F
100
AcDbEntity
  8
SCHEDULE_TEXT__BM_
  6
CONTINUOUS
100
AcDbText
 10
2714.218746410703
 20
982.032462060718
 30
0.0
 40
0.1699975868004011
  1
---
 41
0.9
  7
ROMANS
 72
     1
 11
2714.502885234355
 21
982.032462060718
 31
0.0
100
AcDbText
  0
TEXT
  5
6BC
330
1F
100
AcDbEntity
  8
SCHEDULE_TEXT__BM_
  6
CONTINUOUS
100
AcDbText
 10
2700.99356101302
 20
981.5433195952703
 30
0.0
 40
0.1699975868004011
  1
B19
 41
0.9
  7
ROMANS
100
AcDbText
  0
TEXT
  5
6BD
330
1F
100
AcDbEntity
  8
SCHEDULE_TEXT__BM_
  6
CONTINUOUS
100
AcDbText
 10
2703.040610541406
 20
981.560431901908
 30
0.0
 40
0.1699975868004011
  1
230X600
 41
0.9
  7
ROMANS
 72
     1
 11
2703.550603301807
 21
981.560431901908
 31
0.0
100
AcDbText
  0
TEXT
  5
6BE
330
1F
100
AcDbEntity
  8
SCHEDULE_TEXT__BM_
  6
CONTINUOUS
100
AcDbText
 10
2705.692714533551
 20
981.5595056690138
 30
0.0
 40
0.1699975868004011
  1
---
 41
0.9
  7
ROMANS
 72
     1
 11
2705.976853357203
 21
981.5595056690138
 31
0.0
100
AcDbText
  0
TEXT
  5
6BF
330
1F
100
AcDbEntity
  8
SCHEDULE_TEXT__BM_
  6
CONTINUOUS
100
AcDbText
 10
2704.502372391379
 20
981.5595056690138
 30
0.0
 40
0.1699975868004011
  1
2-T16
 41
0.9
  7
ROMANS
 72
     1
 11
2704.873938545385
 21
981.5595056690138
 31
0.0
100
AcDbText
  0
TEXT
  5
6C0
330
1F
100
AcDbEntity
  8
SCHEDULE_TEXT__BM_
  6
CONTINUOUS
100
AcDbText
 10
2709.968093435064
 20
981.5581330357529
 30
0.0
 40
0.1699975868004011
  1
T 8@125C/C
 41
0.9
  7
ROMANS
 72
     1
 11
2710.71851135394
 21
981.5581330357529
 31
0.0
100
AcDbText
  0
TEXT
  5
6C1
330
1F
100
AcDbEntity
  8
SCHEDULE_TEXT__BM_
  6
CONTINUOUS
100
AcDbText
 10
2711.784985887979
 20
981.5602398384958
 30
0.0
 40
0.1699975868004011
  1
T 8@150C/C
 41
0.9
  7
ROMANS
 72
     1
 11
2712.535403806854
 21
981.5602398384958
 31
0.0
100
AcDbText
  0
TEXT
  5
6C2
330
1F
100
AcDbEntity
  8
SCHEDULE_TEXT__BM_
  6
CONTINUOUS
100
AcDbText
 10
2707.779545268558
 20
981.5595056690138
 30
0.0
 40
0.1699975868004011
  1
---
 41
0.9
  7
ROMANS
 72
     1
 11
2708.06368409221
 21
981.5595056690138
 31
0.0
100
AcDbText
  0
TEXT
  5
6C3
330
1F
100
AcDbEntity
  8
SCHEDULE_TEXT__BM_
  6
CONTINUOUS
100
AcDbText
 10
2706.69580790298
 20
981.5595056690138
 30
0.0
 40
0.1699975868004011
  1
2-T16
 41
0.9
  7
ROMANS
 72
     1
 11
2707.067374056987
 21
981.5595056690138
 31
0.0
100
AcDbText
  0
TEXT
  5
6C4
330
1F
100
AcDbEntity
  8
SCHEDULE_TEXT__BM_
  6
CONTINUOUS
100
AcDbText
 10
2709.000970197993
 20
981.5595056690138
 30
0.0
 40
0.1699975868004011
  1
---
 41
0.9
  7
ROMANS
 72
     1
 11
2709.285109021645
 21
981.5595056690138
 31
0.0
100
AcDbText
  0
TEXT
  5
6C5
330
1F
100
AcDbEntity
  8
SCHEDULE_TEXT__BM_
  6
CONTINUOUS
100
AcDbText
 10
2714.218746410703
 20
981.5602398384958
 30
0.0
 40
0.1699975868004011
  1
---
 41
0.9
  7
ROMANS
 72
     1
 11
2714.502885234355
 21
981.5602398384958
 31
0.0
100
AcDbText
  0
TEXT
  5
6C6
330
1F
100
AcDbEntity
  8
SCHEDULE_TEXT__BM_
  6
CONTINUOUS
100
AcDbText
 10
2700.99356101302
 20
981.0710973730481
 30
0.0
 40
0.1699975868004011
  1
B20
 41
0.9
  7
ROMANS
100
AcDbText
  0
TEXT
  5
6C7
330
1F
100
AcDbEntity
  8
SCHEDULE_TEXT__BM_
  6
CONTINUOUS
100
AcDbText
 10
2703.040610541406
 20
981.0882096796859
 30
0.0
 40
0.1699975868004011
  1
230X450
 41
0.9
  7
ROMANS
 72
     1
 11
2703.550603301807
 21
981.0882096796859
 31
0.0
100
AcDbText
  0
TEXT
  5
6C8
330
1F
100
AcDbEntity
  8
SCHEDULE_TEXT__BM_
  6
CONTINUOUS
100
AcDbText
 10
2705.692714533551
 20
981.0872834467914
 30
0.0
 40
0.1699975868004011
  1
---
 41
0.9
  7
ROMANS
 72
     1
 11
2705.976853357203
 21
981.0872834467914
 31
0.0
100
AcDbText
  0
TEXT
  5
6C9
330
1F
100
AcDbEntity
  8
SCHEDULE_TEXT__BM_
  6
CONTINUOUS
100
AcDbText
 10
2704.502372391379
 20
981.0872834467914
 30
0.0
 40
0.1699975868004011
  1
3-T12
 41
0.9
  7
ROMANS
 72
     1
 11
2704.873938545385
 21
981.0872834467914
 31
0.0
100
AcDbText
  0
TEXT
  5
6CA
330
1F
100
AcDbEntity
  8
SCHEDULE_TEXT__BM_
  6
CONTINUOUS
100
AcDbText
 10
2709.968093435064
 20
981.0859108135307
 30
0.0
 40
0.1699975868004011
  1
T 8@200C/C
 41
0.9
  7
ROMANS
 72
     1
 11
2710.71851135394
 21
981.0859108135307
 31
0.0
100
AcDbText
  0
TEXT
  5
6CB
330
1F
100
AcDbEntity
  8
SCHEDULE_TEXT__BM_
  6
CONTINUOUS
100
AcDbText
 10
2711.784985887979
 20
981.0880176162736
 30
0.0
 40
0.1699975868004011
  1
T 8@200C/C
 41
0.9
  7
ROMANS
 72
     1
 11
2712.535403806854
 21
981.0880176162736
 31
0.0
100
AcDbText
  0
TEXT
  5
6CC
330
1F
100
AcDbEntity
  8
SCHEDULE_TEXT__BM_
  6
CONTINUOUS
100
AcDbText
 10
2707.779545268558
 20
981.0872834467914
 30
0.0
 40
0.1699975868004011
  1
---
 41
0.9
  7
ROMANS
 72
     1
 11
2708.06368409221
 21
981.0872834467914
 31
0.0
100
AcDbText
  0
TEXT
  5
6CD
330
1F
100
AcDbEntity
  8
SCHEDULE_TEXT__BM_
  6
CONTINUOUS
100
AcDbText
 10
2706.69580790298
 20
981.0872834467914
 30
0.0
 40
0.1699975868004011
  1
2-T12
 41
0.9
  7
ROMANS
 72
     1
 11
2707.067374056987
 21
981.0872834467914
 31
0.0
100
AcDbText
  0
TEXT
  5
6CE
330
1F
100
AcDbEntity
  8
SCHEDULE_TEXT__BM_
  6
CONTINUOUS
100
AcDbText
 10
2709.000970197993
 20
981.0872834467914
 30
0.0
 40
0.1699975868004011
  1
---
 41
0.9
  7
ROMANS
 72
     1
 11
2709.285109021645
 21
981.0872834467914
 31
0.0
100
AcDbText
  0
TEXT
  5
6CF
330
1F
100
AcDbEntity
  8
SCHEDULE_TEXT__BM_
  6
CONTINUOUS
100
AcDbText
 10
2714.218746410703
 20
981.0880176162736
 30
0.0
 40
0.1699975868004011
  1
---
 41
0.9
  7
ROMANS
 72
     1
 11
2714.502885234355
 21
981.0880176162736
 31
0.0
100
AcDbText
  0
TEXT
  5
6D0
330
1F
100
AcDbEntity
  8
SCHEDULE_TEXT__BM_
  6
CONTINUOUS
100
AcDbText
 10
2700.99356101302
 20
980.598875150826
 30
0.0
 40
0.1699975868004011
  1
B24
 41
0.9
  7
ROMANS
100
AcDbText
  0
TEXT
  5
6D1
330
1F
100
AcDbEntity
  8
SCHEDULE_TEXT__BM_
  6
CONTINUOUS
100
AcDbText
 10
2703.029682125112
 20
980.6159874574637
 30
0.0
 40
0.1699975868004011
  1
150X450
 41
0.9
  7
ROMANS
 72
     1
 11
2703.550603301807
 21
980.6159874574637
 31
0.0
100
AcDbText
  0
TEXT
  5
6D2
330
1F
100
AcDbEntity
  8
SCHEDULE_TEXT__BM_
  6
CONTINUOUS
100
AcDbText
 10
2705.692714533551
 20
980.6150612245692
 30
0.0
 40
0.1699975868004011
  1
---
 41
0.9
  7
ROMANS
 72
     1
 11
2705.976853357203
 21
980.6150612245692
 31
0.0
100
AcDbText
  0
TEXT
  5
6D3
330
1F
100
AcDbEntity
  8
SCHEDULE_TEXT__BM_
  6
CONTINUOUS
100
AcDbText
 10
2704.502372391379
 20
980.6150612245692
 30
0.0
 40
0.1699975868004011
  1
2-T12
 41
0.9
  7
ROMANS
 72
     1
 11
2704.873938545385
 21
980.6150612245692
 31
0.0
100
AcDbText
  0
TEXT
  5
6D4
330
1F
100
AcDbEntity
  8
SCHEDULE_TEXT__BM_
  6
CONTINUOUS
100
AcDbText
 10
2709.968093435064
 20
980.6136885913083
 30
0.0
 40
0.1699975868004011
  1
T 8@175C/C
 41
0.9
  7
ROMANS
 72
     1
 11
2710.71851135394
 21
980.6136885913083
 31
0.0
100
AcDbText
  0
TEXT
  5
6D5
330
1F
100
AcDbEntity
  8
SCHEDULE_TEXT__BM_
  6
CONTINUOUS
100
AcDbText
 10
2711.784985887979
 20
980.6157953940512
 30
0.0
 40
0.1699975868004011
  1
T 8@175C/C
 41
0.9
  7
ROMANS
 72
     1
 11
2712.535403806854
 21
980.6157953940512
 31
0.0
100
AcDbText
  0
TEXT
  5
6D6
330
1F
100
AcDbEntity
  8
SCHEDULE_TEXT__BM_
  6
CONTINUOUS
100
AcDbText
 10
2707.779545268558
 20
980.6150612245692
 30
0.0
 40
0.1699975868004011
  1
---
 41
0.9
  7
ROMANS
 72
     1
 11
2708.06368409221
 21
980.6150612245692
 31
0.0
100
AcDbText
  0
TEXT
  5
6D7
330
1F
100
AcDbEntity
  8
SCHEDULE_TEXT__BM_
  6
CONTINUOUS
100
AcDbText
 10
2706.69580790298
 20
980.6150612245692
 30
0.0
 40
0.1699975868004011
  1
2-T12
 41
0.9
  7
ROMANS
 72
     1
 11
2707.067374056987
 21
980.6150612245692
 31
0.0
100
AcDbText
  0
TEXT
  5
6D8
330
1F
100
AcDbEntity
  8
SCHEDULE_TEXT__BM_
  6
CONTINUOUS
100
AcDbText
 10
2709.000970197993
 20
980.6150612245692
 30
0.0
 40
0.1699975868004011
  1
---
 41
0.9
  7
ROMANS
 72
     1
 11
2709.285109021645
 21
980.6150612245692
 31
0.0
100
AcDbText
  0
TEXT
  5
6D9
330
1F
100
AcDbEntity
  8
SCHEDULE_TEXT__BM_
  6
CONTINUOUS
100
AcDbText
 10
2714.218746410703
 20
980.6157953940512
 30
0.0
 40
0.1699975868004011
  1
---
 41
0.9
  7
ROMANS
 72
     1
 11
2714.502885234355
 21
980.6157953940512
 31
0.0
100
AcDbText
  0
TEXT
  5
6DA
330
1F
100
AcDbEntity
  8
SCHEDULE_TEXT__BM_
  6
CONTINUOUS
100
AcDbText
 10
2700.99356101302
 20
980.1266529286038
 30
0.0
 40
0.1699975868004011
  1
B25
 41
0.9
  7
ROMANS
100
AcDbText
  0
TEXT
  5
6DB
330
1F
100
AcDbEntity
  8
SCHEDULE_TEXT__BM_
  6
CONTINUOUS
100
AcDbText
 10
2703.040610541406
 20
980.1437652352415
 30
0.0
 40
0.1699975868004011
  1
230X600
 41
0.9
  7
ROMANS
 72
     1
 11
2703.550603301807
 21
980.1437652352415
 31
0.0
100
AcDbText
  0
TEXT
  5
6DC
330
1F
100
AcDbEntity
  8
SCHEDULE_TEXT__BM_
  6
CONTINUOUS
100
AcDbText
 10
2705.594358786902
 20
980.1428390023468
 30
0.0
 40
0.1699975868004011
  1
1-T12
 41
0.9
  7
ROMANS
 72
     1
 11
2705.976853357203
 21
980.1428390023468
 31
0.0
100
AcDbText
  0
TEXT
  5
6DD
330
1F
100
AcDbEntity
  8
SCHEDULE_TEXT__BM_
  6
CONTINUOUS
100
AcDbText
 10
2704.502372391379
 20
980.1428390023468
 30
0.0
 40
0.1699975868004011
  1
3-T12
 41
0.9
  7
ROMANS
 72
     1
 11
2704.873938545385
 21
980.1428390023468
 31
0.0
100
AcDbText
  0
TEXT
  5
6DE
330
1F
100
AcDbEntity
  8
SCHEDULE_TEXT__BM_
  6
CONTINUOUS
100
AcDbText
 10
2709.968093435064
 20
980.1414663690862
 30
0.0
 40
0.1699975868004011
  1
T 8@175C/C
 41
0.9
  7
ROMANS
 72
     1
 11
2710.71851135394
 21
980.1414663690862
 31
0.0
100
AcDbText
  0
TEXT
  5
6DF
330
1F
100
AcDbEntity
  8
SCHEDULE_TEXT__BM_
  6
CONTINUOUS
100
AcDbText
 10
2711.784985887979
 20
980.1435731718291
 30
0.0
 40
0.1699975868004011
  1
T 8@175C/C
 41
0.9
  7
ROMANS
 72
     1
 11
2712.535403806854
 21
980.1435731718291
 31
0.0
100
AcDbText
  0
TEXT
  5
6E0
330
1F
100
AcDbEntity
  8
SCHEDULE_TEXT__BM_
  6
CONTINUOUS
100
AcDbText
 10
2707.779545268558
 20
980.1428390023468
 30
0.0
 40
0.1699975868004011
  1
---
 41
0.9
  7
ROMANS
 72
     1
 11
2708.06368409221
 21
980.1428390023468
 31
0.0
100
AcDbText
  0
TEXT
  5
6E1
330
1F
100
AcDbEntity
  8
SCHEDULE_TEXT__BM_
  6
CONTINUOUS
100
AcDbText
 10
2706.69580790298
 20
980.2664040291488
 30
0.0
 40
0.1699975868004011
  1
2-T16
 41
0.9
  7
ROMANS
 72
     1
 11
2707.067374056987
 21
980.2664040291488
 31
0.0
100
AcDbText
  0
TEXT
  5
6E2
330
1F
100
AcDbEntity
  8
SCHEDULE_TEXT__BM_
  6
CONTINUOUS
100
AcDbText
 10
2709.000970197993
 20
980.1428390023468
 30
0.0
 40
0.1699975868004011
  1
---
 41
0.9
  7
ROMANS
 72
     1
 11
2709.285109021645
 21
980.1428390023468
 31
0.0
100
AcDbText
  0
TEXT
  5
6E3
330
1F
100
AcDbEntity
  8
SCHEDULE_TEXT__BM_
  6
CONTINUOUS
100
AcDbText
 10
2714.218746410703
 20
980.1435731718291
 30
0.0
 40
0.1699975868004011
  1
---
 41
0.9
  7
ROMANS
 72
     1
 11
2714.502885234355
 21
980.1435731718291
 31
0.0
100
AcDbText
  0
TEXT
  5
6E4
330
1F
100
AcDbEntity
  8
SCHEDULE_TEXT__BM_
  6
CONTINUOUS
100
AcDbText
 10
2706.554338342701
 20
980.0145621994357
 30
0.0
 40
0.1416666666666667
  1
FROM BR3
 41
0.9
  7
ROMANS
 72
     1
 11
2707.067374056987
 21
980.0145621994357
 31
0.0
100
AcDbText
  0
TEXT
  5
6E5
330
1F
100
AcDbEntity
  8
SCHEDULE_TEXT__BM_
  6
CONTINUOUS
100
AcDbText
 10
2706.69580790298
 20
983.5464743034329
 30
0.0
 40
0.1699975868004011
  1
2-T16
 41
0.9
  7
ROMANS
 72
     1
 11
2707.067374056987
 21
983.5464743034329
 31
0.0
100
AcDbText
  0
TEXT
  5
6E6
330
1F
100
AcDbEntity
  8
SCHEDULE_TEXT__BM_
  6
CONTINUOUS
100
AcDbText
 10
2706.62722575804
 20
983.3201177549915
 30
0.0
 40
0.1416666666666667
  1
FROM BR1,2
 41
0.9
  7
ROMANS
 72
     1
 11
2707.231332900898
 21
983.3201177549915
 31
0.0
100
AcDbText
  0
TEXT
  5
6E7
330
1F
100
AcDbEntity
  8
SCHEDULE_TEXT__BM_
  6
CONTINUOUS
100
AcDbText
 10
2707.816440591907
 20
978.2539501134579
 30
0.0
 40
0.1699975868004011
  1
---
 41
0.9
  7
ROMANS
 72
     1
 11
2708.100579415559
 21
978.2539501134579
 31
0.0
100
AcDbText
  0
TEXT
  5
6E8
330
1F
100
AcDbEntity
  8
SCHEDULE_TEXT__BM_
  6
CONTINUOUS
100
AcDbText
 10
2706.73270322633
 20
978.2539501134579
 30
0.0
 40
0.1699975868004011
  1
2-T16
 41
0.9
  7
ROMANS
 72
     1
 11
2707.104269380337
 21
978.2539501134579
 31
0.0
100
AcDbText
  0
LINE
  5
6E9
330
1F
100
AcDbEntity
  8
TABLE__BM_
100
AcDbLine
 10
2715.466253116942
 20
984.702149903025
 30
0.0
 11
2700.893154553496
 21
984.702149903025
 31
0.0
  0
TEXT
  5
6EA
330
1F
100
AcDbEntity
  8
SCHEDULE_TEXT__BM_
  6
CONTINUOUS
100
AcDbText
 10
2700.99356101302
 20
984.8488751508262
 30
0.0
 40
0.1699975868004011
  1
B9A,22,23
 41
0.9
  7
ROMANS
100
AcDbText
  0
TEXT
  5
6EB
330
1F
100
AcDbEntity
  8
SCHEDULE_TEXT__BM_
  6
CONTINUOUS
100
AcDbText
 10
2703.029682125112
 20
984.8659874574639
 30
0.0
 40
0.1699975868004011
  1
150X450
 41
0.9
  7
ROMANS
 72
     1
 11
2703.550603301807
 21
984.8659874574639
 31
0.0
100
AcDbText
  0
TEXT
  5
6EC
330
1F
100
AcDbEntity
  8
SCHEDULE_TEXT__BM_
  6
CONTINUOUS
100
AcDbText
 10
2705.594358786902
 20
984.8650612245694
 30
0.0
 40
0.1699975868004011
  1
1-T10
 41
0.9
  7
ROMANS
 72
     1
 11
2705.976853357203
 21
984.8650612245694
 31
0.0
100
AcDbText
  0
TEXT
  5
6ED
330
1F
100
AcDbEntity
  8
SCHEDULE_TEXT__BM_
  6
CONTINUOUS
100
AcDbText
 10
2704.502372391379
 20
984.8650612245694
 30
0.0
 40
0.1699975868004011
  1
3-T12
 41
0.9
  7
ROMANS
 72
     1
 11
2704.873938545385
 21
984.8650612245694
 31
0.0
100
AcDbText
  0
TEXT
  5
6EE
330
1F
100
AcDbEntity
  8
SCHEDULE_TEXT__BM_
  6
CONTINUOUS
100
AcDbText
 10
2709.968093435064
 20
984.8636885913086
 30
0.0
 40
0.1699975868004011
  1
T 8@150C/C
 41
0.9
  7
ROMANS
 72
     1
 11
2710.71851135394
 21
984.8636885913086
 31
0.0
100
AcDbText
  0
TEXT
  5
6EF
330
1F
100
AcDbEntity
  8
SCHEDULE_TEXT__BM_
  6
CONTINUOUS
100
AcDbText
 10
2711.784985887979
 20
984.8657953940517
 30
0.0
 40
0.1699975868004011
  1
T 8@150C/C
 41
0.9
  7
ROMANS
 72
     1
 11
2712.535403806854
 21
984.8657953940517
 31
0.0
100
AcDbText
  0
TEXT
  5
6F0
330
1F
100
AcDbEntity
  8
SCHEDULE_TEXT__BM_
  6
CONTINUOUS
100
AcDbText
 10
2707.692117938203
 20
984.8650612245694
 30
0.0
 40
0.1699975868004011
  1
2-T12
 41
0.9
  7
ROMANS
 72
     1
 11
2708.06368409221
 21
984.8650612245694
 31
0.0
100
AcDbText
  0
TEXT
  5
6F1
330
1F
100
AcDbEntity
  8
SCHEDULE_TEXT__BM_
  6
CONTINUOUS
100
AcDbText
 10
2706.69580790298
 20
984.8650612245694
 30
0.0
 40
0.1699975868004011
  1
2-T12
 41
0.9
  7
ROMANS
 72
     1
 11
2707.067374056987
 21
984.8650612245694
 31
0.0
100
AcDbText
  0
TEXT
  5
6F2
330
1F
100
AcDbEntity
  8
SCHEDULE_TEXT__BM_
  6
CONTINUOUS
100
AcDbText
 10
2708.913542867638
 20
984.8650612245694
 30
0.0
 40
0.1699975868004011
  1
2-T12
 41
0.9
  7
ROMANS
 72
     1
 11
2709.285109021645
 21
984.8650612245694
 31
0.0
100
AcDbText
  0
TEXT
  5
6F3
330
1F
100
AcDbEntity
  8
SCHEDULE_TEXT__BM_
  6
CONTINUOUS
100
AcDbText
 10
2714.218746410703
 20
984.8657953940517
 30
0.0
 40
0.1699975868004011
  1
---
 41
0.9
  7
ROMANS
 72
     1
 11
2714.502885234355
 21
984.8657953940517
 31
0.0
100
AcDbText
  0
TEXT
  5
6F4
330
1F
100
AcDbEntity
  8
SCHEDULE_TEXT__BM_
  6
CONTINUOUS
100
AcDbText
 10
2687.501721650074
 20
973.9357121266812
 30
0.0
 40
0.1699975868004011
  1
125
 41
0.9
  7
ROMANS
 72
     1
 11
2687.731218392255
 21
973.8790462644145
 31
0.0
100
AcDbText
 73
     1
  0
TEXT
  5
6F5
330
1F
100
AcDbEntity
  8
SUB_TITLE__BM_
100
AcDbText
 10
2686.364907075449
 20
974.3954649386317
 30
0.0
 40
0.2616010638316434
  1
MKD.
 41
0.8
  7
ROMANS
100
AcDbText
  0
LINE
  5
6F6
330
1F
100
AcDbEntity
  8
TABLE__BM_
100
AcDbLine
 10
2686.116267913052
 20
974.2586583088994
 30
0.0
 11
2700.072105055884
 21
974.2586583088994
 31
0.0
  0
LINE
  5
6F7
330
1F
100
AcDbEntity
  8
TABLE__BM_
100
AcDbLine
 10
2686.116267913052
 20
973.786436086677
 30
0.0
 11
2700.072105055884
 21
973.786436086677
 31
0.0
  0
LINE
  5
6F8
330
1F
100
AcDbEntity
  8
TABLE__BM_
100
AcDbLine
 10
2686.116267913052
 20
973.3142138644548
 30
0.0
 11
2700.072105055884
 21
973.3142138644548
 31
0.0
  0
LINE
  5
6F9
330
1F
100
AcDbEntity
  8
TABLE__BM_
100
AcDbLine
 10
2686.116267913052
 20
972.8419916422326
 30
0.0
 11
2700.072105055884
 21
972.8419916422326
 31
0.0
  0
LINE
  5
6FA
330
1F
100
AcDbEntity
  8
TABLE__BM_
100
AcDbLine
 10
2686.116267913052
 20
972.3634109495288
 30
0.0
 11
2700.072105055884
 21
972.3634109495288
 31
0.0
  0
TEXT
  5
6FB
330
1F
100
AcDbEntity
  8
TITLE__BM_
  6
CONTINUOUS
100
AcDbText
 10
2686.233815310839
 20
975.5434981315705
 30
0.0
 40
0.3366000000025002
  1
%%uSCHEDULE OF SLABS
 41
0.8
  7
ROMANS
100
AcDbText
  0
TEXT
  5
6FC
330
1F
100
AcDbEntity
  8
SUB_TITLE__BM_
100
AcDbText
 10
2686.364907075449
 20
974.8556624101013
 30
0.0
 40
0.2616010638316434
  1
SLAB
 41
0.8
  7
ROMANS
100
AcDbText
  0
TEXT
  5
6FD
330
1F
100
AcDbEntity
  8
SUB_TITLE__BM_
100
AcDbText
 10
2697.996416620633
 20
974.8116846404603
 30
0.0
 40
0.2616010638316434
  1
REMARKS
 41
0.8
  7
ROMANS
100
AcDbText
  0
LWPOLYLINE
  5
6FE
330
1F
100
AcDbEntity
  8
BORDER__BM_
100
AcDbPolyline
 90
        4
 70
     1
 43
0.0
 10
2700.072105055884
 20
970.3492389335145
 10
2686.116267913052
 20
970.3492389335145
 10
2686.116267913052
 20
975.9878004932402
 10
2700.072105055884
 20
975.9878004932402
  0
TEXT
  5
6FF
330
1F
100
AcDbEntity
  8
SCHEDULE_TEXT__BM_
  6
CONTINUOUS
100
AcDbText
 10
2686.430022504584
 20
973.935571068356
 30
0.0
 40
0.1699975868004011
  1
S1
 41
0.9
  7
ROMANS
 72
     1
 11
2686.553877889252
 21
973.8789052060893
 31
0.0
100
AcDbText
 73
     1
  0
LINE
  5
700
330
1F
100
AcDbEntity
  8
TABLE__BM_
100
AcDbLine
 10
2687.305900819179
 20
970.3492389335145
 30
0.0
 11
2687.305900819179
 21
975.3590476878692
 31
0.0
  0
LINE
  5
701
330
1F
100
AcDbEntity
  8
TABLE__BM_
100
AcDbLine
 10
2688.258776105276
 20
970.3492389335145
 30
0.0
 11
2688.258776105276
 21
975.3590476878692
 31
0.0
  0
TEXT
  5
702
330
1F
100
AcDbEntity
  8
SUB_TITLE__BM_
100
AcDbText
 10
2687.465388646246
 20
974.8556624101013
 30
0.0
 40
0.2616010638316434
  1
THK.
 41
0.8
  7
ROMANS
100
AcDbText
  0
TEXT
  5
703
330
1F
100
AcDbEntity
  8
SCHEDULE_TEXT__BM_
  6
CONTINUOUS
100
AcDbText
 10
2698.596409164407
 20
973.9355710683596
 30
0.0
 40
0.1699975868004011
  1
TWOWAY
 41
0.9
  7
ROMANS
 72
     1
 11
2699.040831427042
 21
973.8789052060929
 31
0.0
100
AcDbText
 73
     1
  0
LINE
  5
704
330
1F
100
AcDbEntity
  8
TABLE__BM_
100
AcDbLine
 10
2688.258776105276
 20
970.3492389335145
 30
0.0
 11
2688.258776105276
 21
975.3590476878692
 31
0.0
  0
LINE
  5
705
330
1F
100
AcDbEntity
  8
TABLE__BM_
100
AcDbLine
 10
2688.258776105276
 20
970.3492389335145
 30
0.0
 11
2688.258776105276
 21
975.3590476878692
 31
0.0
  0
LINE
  5
706
330
1F
100
AcDbEntity
  8
TABLE__BM_
100
AcDbLine
 10
2688.258776105276
 20
970.3492389335145
 30
0.0
 11
2688.258776105276
 21
975.3590476878692
 31
0.0
  0
LINE
  5
707
330
1F
100
AcDbEntity
  8
TABLE__BM_
100
AcDbLine
 10
2688.258776105276
 20
970.3492389335145
 30
0.0
 11
2688.258776105276
 21
975.3590476878692
 31
0.0
  0
TEXT
  5
708
330
1F
100
AcDbEntity
  8
SUB_TITLE__BM_
100
AcDbText
 10
2688.430666109384
 20
974.5536053057349
 30
0.0
 40
0.2214514172228789
  1
SHORT BARS
 41
0.8
  7
ROMANS
100
AcDbText
  0
LINE
  5
709
330
1F
100
AcDbEntity
  8
TABLE__BM_
100
AcDbLine
 10
2688.258776105276
 20
974.8833392890674
 30
0.0
 11
2697.21231679314
 21
974.8833392890674
 31
0.0
  0
TEXT
  5
70A
330
1F
100
AcDbEntity
  8
SUB_TITLE__BM_
100
AcDbText
 10
2690.692426491846
 20
974.9965539781031
 30
0.0
 40
0.2214514171608097
  1
R E I N F O R C E M E N T
 41
0.75
  7
ROMANS
100
AcDbText
  0
TEXT
  5
70B
330
1F
100
AcDbEntity
  8
SUB_TITLE__BM_
100
AcDbText
 10
2692.901339949936
 20
974.5659923026064
 30
0.0
 40
0.2214514171608097
  1
LONG BARS
 41
0.8
  7
ROMANS
100
AcDbText
  0
LINE
  5
70C
330
1F
100
AcDbEntity
  8
TABLE__BM_
100
AcDbLine
 10
2692.662750538808
 20
970.3492389335145
 30
0.0
 11
2692.662750538808
 21
974.8833392890676
 31
0.0
  0
LINE
  5
70D
330
1F
100
AcDbEntity
  8
TABLE__BM_
100
AcDbLine
 10
2697.199138458293
 20
970.3492389335145
 30
0.0
 11
2697.199138458293
 21
975.3590476878692
 31
0.0
  0
LINE
  5
70E
330
1F
100
AcDbEntity
  8
TABLE__BM_
100
AcDbLine
 10
2697.199138458293
 20
970.3492389335145
 30
0.0
 11
2697.199138458293
 21
975.3590476878692
 31
0.0
  0
LINE
  5
70F
330
1F
100
AcDbEntity
  8
TABLE__BM_
100
AcDbLine
 10
2697.199138458293
 20
970.3492389335145
 30
0.0
 11
2697.199138458293
 21
975.3590476878692
 31
0.0
  0
LINE
  5
710
330
1F
100
AcDbEntity
  8
TABLE__BM_
100
AcDbLine
 10
2697.199138458293
 20
970.3492389335145
 30
0.0
 11
2697.199138458293
 21
975.3590476878692
 31
0.0
  0
LINE
  5
711
330
1F
100
AcDbEntity
  8
TABLE__BM_
100
AcDbLine
 10
2697.199138458293
 20
970.3492389335145
 30
0.0
 11
2697.199138458293
 21
975.3590476878692
 31
0.0
  0
TEXT
  5
712
330
1F
100
AcDbEntity
  8
SCHEDULE_TEXT__BM_
  6
CONTINUOUS
100
AcDbText
 10
2688.362903139977
 20
973.9355710683599
 30
0.0
 40
0.1699975868004011
  1
T 8@150C/C
 41
0.9
  7
ROMANS
 72
     1
 11
2689.113321058853
 21
973.8789052060931
 31
0.0
100
AcDbText
 73
     1
  0
TEXT
  5
713
330
1F
100
AcDbEntity
  8
SCHEDULE_TEXT__BM_
  6
CONTINUOUS
100
AcDbText
 10
2692.745989078666
 20
973.9355710683594
 30
0.0
 40
0.1699975868004011
  1
T 8@150C/C
 41
0.9
  7
ROMANS
 72
     1
 11
2693.496406997542
 21
973.8789052060927
 31
0.0
100
AcDbText
 73
     1
  0
LINE
  5
714
330
1F
100
AcDbEntity
  8
TABLE__BM_
100
AcDbLine
 10
2689.970082974587
 20
970.3492389335145
 30
0.0
 11
2689.970082974587
 21
974.2586583088994
 31
0.0
  0
TEXT
  5
715
330
1F
100
AcDbEntity
  8
SUB_TITLE__BM_
100
AcDbText
 10
2691.120272554052
 20
974.5536053057349
 30
0.0
 40
0.2214514172228789
  1
REMARK
 41
0.8
  7
ROMANS
100
AcDbText
  0
LINE
  5
716
330
1F
100
AcDbEntity
  8
TABLE__BM_
100
AcDbLine
 10
2694.365770762622
 20
970.3492389335145
 30
0.0
 11
2694.365770762622
 21
974.2586583088994
 31
0.0
  0
TEXT
  5
717
330
1F
100
AcDbEntity
  8
SUB_TITLE__BM_
100
AcDbText
 10
2695.524246987585
 20
974.5536053057349
 30
0.0
 40
0.2214514172228789
  1
REMARK
 41
0.8
  7
ROMANS
100
AcDbText
  0
TEXT
  5
718
330
1F
100
AcDbEntity
  8
SCHEDULE_TEXT__BM_
  6
CONTINUOUS
100
AcDbText
 10
2690.148488254151
 20
973.9355710683565
 30
0.0
 40
0.1699975868004011
  1
ALTERNATE BENTUP
 41
0.9
  7
ROMANS
 72
     1
 11
2691.263186716171
 21
973.8789052060897
 31
0.0
100
AcDbText
 73
     1
  0
TEXT
  5
719
330
1F
100
AcDbEntity
  8
SCHEDULE_TEXT__BM_
  6
CONTINUOUS
100
AcDbText
 10
2694.572258730334
 20
973.9355710683562
 30
0.0
 40
0.1699975868004011
  1
ALTERNATE BENTUP
 41
0.9
  7
ROMANS
 72
     1
 11
2695.686957192354
 21
973.8789052060895
 31
0.0
100
AcDbText
 73
     1
  0
LINE
  5
71A
330
1F
100
AcDbEntity
  8
BORDER__BM_
100
AcDbLine
 10
2686.116267913052
 20
975.3590476878692
 30
0.0
 11
2700.072105055884
 21
975.3590476878692
 31
0.0
  0
INSERT
  5
71B
330
1F
100
AcDbEntity
  8
BAHUBALI_TITLE__BM_
100
AcDbBlockReference
  2
SLAB_MARK_2W
 10
2357.672445245729
 20
865.6704919759002
 30
0.0
 41
0.4129732071154703
 42
0.4129732071154703
 43
0.4129732071154703
  0
TEXT
  5
71C
330
1F
100
AcDbEntity
  8
SCHEDULE_TEXT__BM_
  6
CONTINUOUS
100
AcDbText
 10
2687.501721650074
 20
973.463489904459
 30
0.0
 40
0.1699975868004011
  1
135
 41
0.9
  7
ROMANS
 72
     1
 11
2687.731218392255
 21
973.4068240421923
 31
0.0
100
AcDbText
 73
     1
  0
TEXT
  5
71D
330
1F
100
AcDbEntity
  8
SCHEDULE_TEXT__BM_
  6
CONTINUOUS
100
AcDbText
 10
2686.408165671995
 20
973.4633488461338
 30
0.0
 40
0.1699975868004011
  1
S2
 41
0.9
  7
ROMANS
 72
     1
 11
2686.553877889252
 21
973.4066829838671
 31
0.0
100
AcDbText
 73
     1
  0
TEXT
  5
71E
330
1F
100
AcDbEntity
  8
SCHEDULE_TEXT__BM_
  6
CONTINUOUS
100
AcDbText
 10
2698.596409164407
 20
973.4633488461375
 30
0.0
 40
0.1699975868004011
  1
TWOWAY
 41
0.9
  7
ROMANS
 72
     1
 11
2699.040831427042
 21
973.4066829838707
 31
0.0
100
AcDbText
 73
     1
  0
TEXT
  5
71F
330
1F
100
AcDbEntity
  8
SCHEDULE_TEXT__BM_
  6
CONTINUOUS
100
AcDbText
 10
2688.290047031348
 20
973.4633488461377
 30
0.0
 40
0.1699975868004011
  1
T 10@150C/C
 41
0.9
  7
ROMANS
 72
     1
 11
2689.113321058853
 21
973.406682983871
 31
0.0
100
AcDbText
 73
     1
  0
TEXT
  5
720
330
1F
100
AcDbEntity
  8
SCHEDULE_TEXT__BM_
  6
CONTINUOUS
100
AcDbText
 10
2692.673132970037
 20
973.4633488461373
 30
0.0
 40
0.1699975868004011
  1
T 10@150C/C
 41
0.9
  7
ROMANS
 72
     1
 11
2693.496406997542
 21
973.4066829838705
 31
0.0
100
AcDbText
 73
     1
  0
TEXT
  5
721
330
1F
100
AcDbEntity
  8
SCHEDULE_TEXT__BM_
  6
CONTINUOUS
100
AcDbText
 10
2690.148488254151
 20
973.4633488461343
 30
0.0
 40
0.1699975868004011
  1
ALTERNATE BENTUP
 41
0.9
  7
ROMANS
 72
     1
 11
2691.263186716171
 21
973.4066829838675
 31
0.0
100
AcDbText
 73
     1
  0
TEXT
  5
722
330
1F
100
AcDbEntity
  8
SCHEDULE_TEXT__BM_
  6
CONTINUOUS
100
AcDbText
 10
2694.572258730334
 20
973.4633488461341
 30
0.0
 40
0.1699975868004011
  1
ALTERNATE BENTUP
 41
0.9
  7
ROMANS
 72
     1
 11
2695.686957192354
 21
973.4066829838673
 31
0.0
100
AcDbText
 73
     1
  0
INSERT
  5
723
330
1F
100
AcDbEntity
  8
BAHUBALI_TITLE__BM_
100
AcDbBlockReference
  2
SLAB_MARK_2W
 10
2357.672445245729
 20
865.198269753678
 30
0.0
 41
0.4129732071154703
 42
0.4129732071154703
 43
0.4129732071154703
  0
TEXT
  5
724
330
1F
100
AcDbEntity
  8
SCHEDULE_TEXT__BM_
  6
CONTINUOUS
100
AcDbText
 10
2687.501721650074
 20
972.9912676822369
 30
0.0
 40
0.1699975868004011
  1
125
 41
0.9
  7
ROMANS
 72
     1
 11
2687.731218392255
 21
972.9346018199701
 31
0.0
100
AcDbText
 73
     1
  0
TEXT
  5
725
330
1F
100
AcDbEntity
  8
SCHEDULE_TEXT__BM_
  6
CONTINUOUS
100
AcDbText
 10
2686.408165671995
 20
972.9911266239114
 30
0.0
 40
0.1699975868004011
  1
S3
 41
0.9
  7
ROMANS
 72
     1
 11
2686.553877889252
 21
972.9344607616447
 31
0.0
100
AcDbText
 73
     1
  0
TEXT
  5
726
330
1F
100
AcDbEntity
  8
SCHEDULE_TEXT__BM_
  6
CONTINUOUS
100
AcDbText
 10
2698.585480748112
 20
972.9911266239151
 30
0.0
 40
0.1699975868004011
  1
ONEWAY
 41
0.9
  7
ROMANS
 72
     1
 11
2699.040831427042
 21
972.9344607616483
 31
0.0
100
AcDbText
 73
     1
  0
TEXT
  5
727
330
1F
100
AcDbEntity
  8
SCHEDULE_TEXT__BM_
  6
CONTINUOUS
100
AcDbText
 10
2688.362903139977
 20
972.9911266239153
 30
0.0
 40
0.1699975868004011
  1
T 8@135C/C
 41
0.9
  7
ROMANS
 72
     1
 11
2689.113321058853
 21
972.9344607616486
 31
0.0
100
AcDbText
 73
     1
  0
TEXT
  5
728
330
1F
100
AcDbEntity
  8
SCHEDULE_TEXT__BM_
  6
CONTINUOUS
100
AcDbText
 10
2692.745989078666
 20
972.9911266239151
 30
0.0
 40
0.1699975868004011
  1
T 8@175C/C
 41
0.9
  7
ROMANS
 72
     1
 11
2693.496406997542
 21
972.9344607616483
 31
0.0
100
AcDbText
 73
     1
  0
TEXT
  5
729
330
1F
100
AcDbEntity
  8
SCHEDULE_TEXT__BM_
  6
CONTINUOUS
100
AcDbText
 10
2690.148488254151
 20
972.9911266239119
 30
0.0
 40
0.1699975868004011
  1
ALTERNATE BENTUP
 41
0.9
  7
ROMANS
 72
     1
 11
2691.263186716171
 21
972.9344607616451
 31
0.0
100
AcDbText
 73
     1
  0
TEXT
  5
72A
330
1F
100
AcDbEntity
  8
SCHEDULE_TEXT__BM_
  6
CONTINUOUS
100
AcDbText
 10
2694.827255110535
 20
972.9911266239117
 30
0.0
 40
0.1699975868004011
  1
ALL  STRAIGHT
 41
0.9
  7
ROMANS
 72
     1
 11
2695.686957192354
 21
972.9344607616449
 31
0.0
100
AcDbText
 73
     1
  0
TEXT
  5
72B
330
1F
100
AcDbEntity
  8
SCHEDULE_TEXT__BM_
  6
CONTINUOUS
100
AcDbText
 10
2687.501721650074
 20
972.5190454600147
 30
0.0
 40
0.1699975868004011
  1
125
 41
0.9
  7
ROMANS
 72
     1
 11
2687.731218392255
 21
972.4623795977479
 31
0.0
100
AcDbText
 73
     1
  0
TEXT
  5
72C
330
1F
100
AcDbEntity
  8
SCHEDULE_TEXT__BM_
  6
CONTINUOUS
100
AcDbText
 10
2686.404522866564
 20
972.5189044016893
 30
0.0
 40
0.1699975868004011
  1
S4
 41
0.9
  7
ROMANS
 72
     1
 11
2686.553877889252
 21
972.4622385394225
 31
0.0
100
AcDbText
 73
     1
  0
TEXT
  5
72D
330
1F
100
AcDbEntity
  8
SCHEDULE_TEXT__BM_
  6
CONTINUOUS
100
AcDbText
 10
2698.585480748112
 20
972.5333270908386
 30
0.0
 40
0.1699975868004011
  1
ONEWAY
 41
0.9
  7
ROMANS
 72
     1
 11
2699.040831427042
 21
972.4766612285719
 31
0.0
100
AcDbText
 73
     1
  0
TEXT
  5
72E
330
1F
100
AcDbEntity
  8
SCHEDULE_TEXT__BM_
  6
CONTINUOUS
100
AcDbText
 10
2688.362903139977
 20
972.5189044016931
 30
0.0
 40
0.1699975868004011
  1
T 8@150C/C
 41
0.9
  7
ROMANS
 72
     1
 11
2689.113321058853
 21
972.4622385394264
 31
0.0
100
AcDbText
 73
     1
  0
TEXT
  5
72F
330
1F
100
AcDbEntity
  8
SCHEDULE_TEXT__BM_
  6
CONTINUOUS
100
AcDbText
 10
2692.745989078666
 20
972.5189044016927
 30
0.0
 40
0.1699975868004011
  1
T 8@225C/C
 41
0.9
  7
ROMANS
 72
     1
 11
2693.496406997542
 21
972.4622385394259
 31
0.0
100
AcDbText
 73
     1
  0
TEXT
  5
730
330
1F
100
AcDbEntity
  8
SCHEDULE_TEXT__BM_
  6
CONTINUOUS
100
AcDbText
 10
2694.827255110535
 20
972.5189044016895
 30
0.0
 40
0.1699975868004011
  1
ALL  STRAIGHT
 41
0.9
  7
ROMANS
 72
     1
 11
2695.686957192354
 21
972.4622385394227
 31
0.0
100
AcDbText
 73
     1
  0
LWPOLYLINE
  5
731
330
1F
100
AcDbEntity
  8
SLAB_MARK__BM_
100
AcDbPolyline
 90
        4
 70
     0
 43
0.0
 10
2697.620078607586
 20
973.1234763821747
 10
2697.539257444428
 20
973.083065800605
 10
2697.909324321769
 20
973.083065800605
 10
2697.828503158611
 20
973.0426552190349
  0
LWPOLYLINE
  5
732
330
1F
100
AcDbEntity
  8
SLAB_MARK__BM_
100
AcDbPolyline
 90
        4
 70
     0
 43
0.0
 10
2697.620078607586
 20
972.6217659137719
 10
2697.539257444428
 20
972.5813553322023
 10
2697.909324321769
 20
972.5813553322023
 10
2697.828503158611
 20
972.5409447506322
  0
LINE
  5
733
330
1F
100
AcDbEntity
  8
TABLE__BM_
100
AcDbLine
 10
2686.116267913052
 20
971.6920202775241
 30
0.0
 11
2700.072105055884
 21
971.6920202775241
 31
0.0
  0
TEXT
  5
734
330
1F
100
AcDbEntity
  8
SCHEDULE_TEXT__BM_
  6
CONTINUOUS
100
AcDbText
 10
2687.501721650074
 20
972.0404647673108
 30
0.0
 40
0.1699975868004011
  1
135
 41
0.9
  7
ROMANS
 72
     1
 11
2687.731218392255
 21
971.9837989050441
 31
0.0
100
AcDbText
 73
     1
  0
TEXT
  5
735
330
1F
100
AcDbEntity
  8
SCHEDULE_TEXT__BM_
  6
CONTINUOUS
100
AcDbText
 10
2686.408165671995
 20
972.0403237089856
 30
0.0
 40
0.1699975868004011
  1
S5
 41
0.9
  7
ROMANS
 72
     1
 11
2686.553877889252
 21
971.9836578467189
 31
0.0
100
AcDbText
 73
     1
  0
TEXT
  5
736
330
1F
100
AcDbEntity
  8
SCHEDULE_TEXT__BM_
  6
CONTINUOUS
100
AcDbText
 10
2688.362903139977
 20
972.0403237089893
 30
0.0
 40
0.1699975868004011
  1
T 8@135C/C
 41
0.9
  7
ROMANS
 72
     1
 11
2689.113321058853
 21
971.9836578467225
 31
0.0
100
AcDbText
 73
     1
  0
TEXT
  5
737
330
1F
100
AcDbEntity
  8
SCHEDULE_TEXT__BM_
  6
CONTINUOUS
100
AcDbText
 10
2692.745989078666
 20
972.040323708989
 30
0.0
 40
0.1699975868004011
  1
T 8@175C/C
 41
0.9
  7
ROMANS
 72
     1
 11
2693.496406997542
 21
971.9836578467223
 31
0.0
100
AcDbText
 73
     1
  0
TEXT
  5
738
330
1F
100
AcDbEntity
  8
SCHEDULE_TEXT__BM_
  6
CONTINUOUS
100
AcDbText
 10
2694.827255110535
 20
972.0403237089859
 30
0.0
 40
0.1699975868004011
  1
ALL  STRAIGHT
 41
0.9
  7
ROMANS
 72
     1
 11
2695.686957192354
 21
971.9836578467191
 31
0.0
100
AcDbText
 73
     1
  0
LINE
  5
739
330
1F
100
AcDbEntity
  8
TABLE__BM_
100
AcDbLine
 10
2686.116267913052
 20
971.0206296055192
 30
0.0
 11
2700.072105055884
 21
971.0206296055192
 31
0.0
  0
TEXT
  5
73A
330
1F
100
AcDbEntity
  8
SCHEDULE_TEXT__BM_
  6
CONTINUOUS
100
AcDbText
 10
2687.501721650074
 20
971.3690740953061
 30
0.0
 40
0.1699975868004011
  1
125
 41
0.9
  7
ROMANS
 72
     1
 11
2687.731218392255
 21
971.3124082330394
 31
0.0
100
AcDbText
 73
     1
  0
TEXT
  5
73B
330
1F
100
AcDbEntity
  8
SCHEDULE_TEXT__BM_
  6
CONTINUOUS
100
AcDbText
 10
2686.408165671995
 20
971.3689330369809
 30
0.0
 40
0.1699975868004011
  1
S6
 41
0.9
  7
ROMANS
 72
     1
 11
2686.553877889252
 21
971.3122671747142
 31
0.0
100
AcDbText
 73
     1
  0
TEXT
  5
73C
330
1F
100
AcDbEntity
  8
SCHEDULE_TEXT__BM_
  6
CONTINUOUS
100
AcDbText
 10
2688.362903139977
 20
971.3689330369843
 30
0.0
 40
0.1699975868004011
  1
T 8@150C/C
 41
0.9
  7
ROMANS
 72
     1
 11
2689.113321058853
 21
971.3122671747176
 31
0.0
100
AcDbText
 73
     1
  0
TEXT
  5
73D
330
1F
100
AcDbEntity
  8
SCHEDULE_TEXT__BM_
  6
CONTINUOUS
100
AcDbText
 10
2692.745989078666
 20
971.3689330369843
 30
0.0
 40
0.1699975868004011
  1
T 8@175C/C
 41
0.9
  7
ROMANS
 72
     1
 11
2693.496406997542
 21
971.3122671747176
 31
0.0
100
AcDbText
 73
     1
  0
TEXT
  5
73E
330
1F
100
AcDbEntity
  8
SCHEDULE_TEXT__BM_
  6
CONTINUOUS
100
AcDbText
 10
2694.827255110535
 20
971.3689330369809
 30
0.0
 40
0.1699975868004011
  1
ALL  STRAIGHT
 41
0.9
  7
ROMANS
 72
     1
 11
2695.686957192354
 21
971.3122671747142
 31
0.0
100
AcDbText
 73
     1
  0
TEXT
  5
73F
330
1F
100
AcDbEntity
  8
SCHEDULE_TEXT__BM_
  6
CONTINUOUS
100
AcDbText
 10
2687.501721650074
 20
970.6976834233012
 30
0.0
 40
0.1699975868004011
  1
125
 41
0.9
  7
ROMANS
 72
     1
 11
2687.731218392255
 21
970.6410175610345
 31
0.0
100
AcDbText
 73
     1
  0
TEXT
  5
740
330
1F
100
AcDbEntity
  8
SCHEDULE_TEXT__BM_
  6
CONTINUOUS
100
AcDbText
 10
2686.408165671995
 20
970.697542364976
 30
0.0
 40
0.1699975868004011
  1
S7
 41
0.9
  7
ROMANS
 72
     1
 11
2686.553877889252
 21
970.6408765027093
 31
0.0
100
AcDbText
 73
     1
  0
TEXT
  5
741
330
1F
100
AcDbEntity
  8
SCHEDULE_TEXT__BM_
  6
CONTINUOUS
100
AcDbText
 10
2688.362903139977
 20
970.6975423649797
 30
0.0
 40
0.1699975868004011
  1
T 8@150C/C
 41
0.9
  7
ROMANS
 72
     1
 11
2689.113321058853
 21
970.6408765027129
 31
0.0
100
AcDbText
 73
     1
  0
TEXT
  5
742
330
1F
100
AcDbEntity
  8
SCHEDULE_TEXT__BM_
  6
CONTINUOUS
100
AcDbText
 10
2692.745989078666
 20
970.6975423649794
 30
0.0
 40
0.1699975868004011
  1
T 8@175C/C
 41
0.9
  7
ROMANS
 72
     1
 11
2693.496406997542
 21
970.6408765027127
 31
0.0
100
AcDbText
 73
     1
  0
TEXT
  5
743
330
1F
100
AcDbEntity
  8
SCHEDULE_TEXT__BM_
  6
CONTINUOUS
100
AcDbText
 10
2694.827255110535
 20
970.6975423649762
 30
0.0
 40
0.1699975868004011
  1
ALL  STRAIGHT
 41
0.9
  7
ROMANS
 72
     1
 11
2695.686957192354
 21
970.6408765027095
 31
0.0
100
AcDbText
 73
     1
  0
TEXT
  5
744
330
1F
100
AcDbEntity
  8
SCHEDULE_TEXT__BM_
  6
CONTINUOUS
100
AcDbText
 10
2698.585480748112
 20
972.0968966356493
 30
0.0
 40
0.1699975868004011
  1
ONEWAY
 41
0.9
  7
ROMANS
 72
     1
 11
2699.040831427042
 21
972.0402307733825
 31
0.0
100
AcDbText
 73
     1
  0
LWPOLYLINE
  5
745
330
1F
100
AcDbEntity
  8
SLAB_MARK__BM_
100
AcDbPolyline
 90
        4
 70
     0
 43
0.0
 10
2697.620078607586
 20
972.1853354585826
 10
2697.539257444428
 20
972.144924877013
 10
2697.909324321769
 20
972.144924877013
 10
2697.828503158611
 20
972.1045142954431
  0
TEXT
  5
746
330
1F
100
AcDbEntity
  8
SCHEDULE_TEXT__BM_
  6
CONTINUOUS
100
AcDbText
 10
2697.834427498378
 20
971.8124567658049
 30
0.0
 40
0.1699975868004011
  1
150 MM SUNK
 41
0.9
  7
ROMANS
 72
     1
 11
2698.70141519106
 21
971.7557909035381
 31
0.0
100
AcDbText
 73
     1
  0
TEXT
  5
747
330
1F
100
AcDbEntity
  8
SCHEDULE_TEXT__BM_
  6
CONTINUOUS
100
AcDbText
 10
2698.585480748112
 20
971.4255059636444
 30
0.0
 40
0.1699975868004011
  1
ONEWAY
 41
0.9
  7
ROMANS
 72
     1
 11
2699.040831427042
 21
971.3688401013776
 31
0.0
100
AcDbText
 73
     1
  0
LWPOLYLINE
  5
748
330
1F
100
AcDbEntity
  8
SLAB_MARK__BM_
100
AcDbPolyline
 90
        4
 70
     0
 43
0.0
 10
2697.620078607586
 20
971.5139447865777
 10
2697.539257444428
 20
971.473534205008
 10
2697.909324321769
 20
971.473534205008
 10
2697.828503158611
 20
971.4331236234382
  0
TEXT
  5
749
330
1F
100
AcDbEntity
  8
SCHEDULE_TEXT__BM_
  6
CONTINUOUS
100
AcDbText
 10
2697.845355914672
 20
971.1410660938
 30
0.0
 40
0.1699975868004011
  1
250 MM SUNK
 41
0.9
  7
ROMANS
 72
     1
 11
2698.70141519106
 21
971.0844002315332
 31
0.0
100
AcDbText
 73
     1
  0
TEXT
  5
74A
330
1F
100
AcDbEntity
  8
SCHEDULE_TEXT__BM_
  6
CONTINUOUS
100
AcDbText
 10
2698.585480748112
 20
970.7541152916397
 30
0.0
 40
0.1699975868004011
  1
ONEWAY
 41
0.9
  7
ROMANS
 72
     1
 11
2699.040831427042
 21
970.6974494293729
 31
0.0
100
AcDbText
 73
     1
  0
LWPOLYLINE
  5
74B
330
1F
100
AcDbEntity
  8
SLAB_MARK__BM_
100
AcDbPolyline
 90
        4
 70
     0
 43
0.0
 10
2697.620078607586
 20
970.842554114573
 10
2697.539257444428
 20
970.8021435330033
 10
2697.909324321769
 20
970.8021435330033
 10
2697.828503158611
 20
970.7617329514335
  0
TEXT
  5
74C
330
1F
100
AcDbEntity
  8
SCHEDULE_TEXT__BM_
  6
CONTINUOUS
100
AcDbText
 10
2697.845355914672
 20
970.4696754217953
 30
0.0
 40
0.1699975868004011
  1
325 MM SUNK
 41
0.9
  7
ROMANS
 72
     1
 11
2698.70141519106
 21
970.4130095595285
 31
0.0
100
AcDbText
 73
     1
  0
TEXT
  5
74D
330
1F
100
AcDbEntity
  8
SCHEDULE_TEXT__BM_
  6
CONTINUOUS
100
AcDbText
 10
2690.164604153321
 20
972.4663257015966
 30
0.0
 40
0.1699975868004011
  1
ALTERNATE BENTUP
 41
0.9
  7
ROMANS
 72
     1
 11
2691.279302615341
 21
972.4096598393298
 31
0.0
100
AcDbText
 73
     1
  0
TEXT
  5
74E
330
1F
100
AcDbEntity
  8
SCHEDULE_TEXT__BM_
  6
CONTINUOUS
100
AcDbText
 10
2690.164604153321
 20
972.0403493900262
 30
0.0
 40
0.1699975868004011
  1
ALTERNATE BENTUP
 41
0.9
  7
ROMANS
 72
     1
 11
2691.279302615341
 21
971.9836835277595
 31
0.0
100
AcDbText
 73
     1
  0
TEXT
  5
74F
330
1F
100
AcDbEntity
  8
SCHEDULE_TEXT__BM_
  6
CONTINUOUS
100
AcDbText
 10
2690.255091170996
 20
971.3689880098873
 30
0.0
 40
0.1699975868004011
  1
ALTERNATE BENTUP
 41
0.9
  7
ROMANS
 72
     1
 11
2691.369789633016
 21
971.3123221476205
 31
0.0
100
AcDbText
 73
     1
  0
TEXT
  5
750
330
1F
100
AcDbEntity
  8
SCHEDULE_TEXT__BM_
  6
CONTINUOUS
100
AcDbText
 10
2690.127323103417
 20
970.6724034278036
 30
0.0
 40
0.1699975868004011
  1
ALTERNATE BENTUP
 41
0.9
  7
ROMANS
 72
     1
 11
2691.242021565437
 21
970.6157375655368
 31
0.0
100
AcDbText
 73
     1
  0
INSERT
  5
751
330
1F
100
AcDbEntity
  8
DIMENSIONS__BM_
100
AcDbBlockReference
  2
SDAHDFS
 10
3998.288773541487
 20
2220.795575295317
 30
0.0
  0
LINE
  5
752
330
1F
100
AcDbEntity
  8
ARCH__BM_
 48
0.8
100
AcDbLine
 10
2688.583226650359
 20
983.1138042437829
 30
0.0
 11
2688.583226650359
 21
984.1138042437829
 31
0.0
  0
LINE
  5
753
330
1F
100
AcDbEntity
  8
ARCH__BM_
 48
0.8
100
AcDbLine
 10
2688.583226650359
 20
984.2138042437828
 30
0.0
 11
2688.583226650359
 21
985.213804243783
 31
0.0
  0
LINE
  5
754
330
1F
100
AcDbEntity
  8
ARCH__BM_
 48
0.8
100
AcDbLine
 10
2688.833226650359
 20
983.1138042437829
 30
0.0
 11
2688.833226650359
 21
984.1138042437829
 31
0.0
  0
LINE
  5
755
330
1F
100
AcDbEntity
  8
ARCH__BM_
 48
0.8
100
AcDbLine
 10
2688.833226650359
 20
984.2138042437828
 30
0.0
 11
2688.833226650359
 21
985.213804243783
 31
0.0
  0
LINE
  5
756
330
1F
100
AcDbEntity
  8
ARCH__BM_
 48
0.8
100
AcDbLine
 10
2689.083226650359
 20
983.1138042437829
 30
0.0
 11
2689.083226650359
 21
984.1138042437829
 31
0.0
  0
LINE
  5
757
330
1F
100
AcDbEntity
  8
ARCH__BM_
 48
0.8
100
AcDbLine
 10
2689.083226650359
 20
984.2138042437828
 30
0.0
 11
2689.083226650359
 21
985.213804243783
 31
0.0
  0
LINE
  5
758
330
1F
100
AcDbEntity
  8
ARCH__BM_
 48
0.8
100
AcDbLine
 10
2689.333226650359
 20
983.1138042437829
 30
0.0
 11
2689.333226650359
 21
984.1138042437829
 31
0.0
  0
LINE
  5
759
330
1F
100
AcDbEntity
  8
ARCH__BM_
 48
0.8
100
AcDbLine
 10
2689.333226650359
 20
984.2138042437828
 30
0.0
 11
2689.333226650359
 21
985.213804243783
 31
0.0
  0
LINE
  5
75A
330
1F
100
AcDbEntity
  8
ARCH__BM_
 48
0.8
100
AcDbLine
 10
2689.583226650359
 20
983.1138042437829
 30
0.0
 11
2689.583226650359
 21
984.1138042437829
 31
0.0
  0
LINE
  5
75B
330
1F
100
AcDbEntity
  8
ARCH__BM_
 48
0.8
100
AcDbLine
 10
2689.583226650359
 20
984.2138042437828
 30
0.0
 11
2689.583226650359
 21
985.213804243783
 31
0.0
  0
LINE
  5
75C
330
1F
100
AcDbEntity
  8
ARCH__BM_
 48
0.8
100
AcDbLine
 10
2689.833226650359
 20
983.1138042437829
 30
0.0
 11
2689.833226650359
 21
984.1138042437829
 31
0.0
  0
LINE
  5
75D
330
1F
100
AcDbEntity
  8
ARCH__BM_
 48
0.8
100
AcDbLine
 10
2689.833226650359
 20
984.2138042437828
 30
0.0
 11
2689.833226650359
 21
985.213804243783
 31
0.0
  0
LINE
  5
75E
330
1F
100
AcDbEntity
  8
ARCH__BM_
 48
0.8
100
AcDbLine
 10
2690.083226650359
 20
983.1138042437829
 30
0.0
 11
2690.083226650359
 21
984.1138042437829
 31
0.0
  0
LINE
  5
75F
330
1F
100
AcDbEntity
  8
ARCH__BM_
 48
0.8
100
AcDbLine
 10
2690.083226650359
 20
984.2138042437828
 30
0.0
 11
2690.083226650359
 21
985.213804243783
 31
0.0
  0
LINE
  5
760
330
1F
100
AcDbEntity
  8
ARCH__BM_
 48
0.8
100
AcDbLine
 10
2690.333226650359
 20
983.1138042437829
 30
0.0
 11
2690.333226650359
 21
984.1138042437829
 31
0.0
  0
LINE
  5
761
330
1F
100
AcDbEntity
  8
ARCH__BM_
 48
0.8
100
AcDbLine
 10
2690.333226650359
 20
984.2138042437828
 30
0.0
 11
2690.333226650359
 21
985.213804243783
 31
0.0
  0
LWPOLYLINE
  5
762
330
1F
100
AcDbEntity
  8
ARCH__BM_
 48
0.8
100
AcDbPolyline
 90
        4
 70
     1
 43
0.0
 10
2688.583226650359
 20
984.2138042437828
 10
2690.333226650359
 20
984.2138042437828
 10
2690.333226650359
 20
984.1138042437829
 10
2688.583226650359
 20
984.1138042437829
  0
LWPOLYLINE
  5
763
330
1F
100
AcDbEntity
  8
ARCH__BM_
 48
0.8
100
AcDbPolyline
 90
        4
 70
     1
 43
0.0
 10
2688.533226650359
 20
984.2638042437827
 10
2690.38322665036
 20
984.2638042437827
 10
2690.38322665036
 20
984.0638042437829
 10
2688.533226650359
 20
984.0638042437829
  0
LINE
  5
764
330
1F
100
AcDbEntity
  8
ARCH__BM_
 48
0.8
100
AcDbLine
 10
2690.333226650359
 20
983.6138042437829
 30
0.0
 11
2688.833226650359
 21
983.6138042437829
 31
0.0
  0
LINE
  5
765
330
1F
100
AcDbEntity
  8
ARCH__BM_
 48
0.8
100
AcDbLine
 10
2688.833226650359
 20
983.6138042437829
 30
0.0
 11
2688.9486677324
 21
983.7907506274314
 31
0.0
  0
LINE
  5
766
330
1F
100
AcDbEntity
  8
ARCH__BM_
 48
0.8
100
AcDbLine
 10
2688.9486677324
 20
983.7907506274314
 30
0.0
 11
2688.976470411959
 21
983.7612310105253
 31
0.0
  0
LINE
  5
767
330
1F
100
AcDbEntity
  8
ARCH__BM_
 48
0.8
100
AcDbLine
 10
2688.976470411959
 20
983.7612310105253
 30
0.0
 11
2688.833226650359
 21
983.6138042437829
 31
0.0
  0
LINE
  5
768
330
1F
100
AcDbEntity
  8
ARCH__BM_
 48
0.8
100
AcDbLine
 10
2688.833226650359
 20
983.6138042437815
 30
0.0
 11
2688.948667732401
 21
983.4368578601338
 31
0.0
  0
LINE
  5
769
330
1F
100
AcDbEntity
  8
ARCH__BM_
 48
0.8
100
AcDbLine
 10
2688.948667732401
 20
983.4368578601338
 30
0.0
 11
2688.97647041196
 21
983.4663774770402
 31
0.0
  0
LINE
  5
76A
330
1F
100
AcDbEntity
  8
ARCH__BM_
 48
0.8
100
AcDbLine
 10
2688.97647041196
 20
983.4663774770402
 30
0.0
 11
2688.833226650359
 21
983.6138042437815
 31
0.0
  0
LWPOLYLINE
  5
76B
330
1F
100
AcDbEntity
  8
COLUMN__BM_
100
AcDbPolyline
 90
        4
 70
     1
 43
0.0
 10
2687.353226650359
 20
991.0038042437832
 10
2687.583226650358
 20
991.0038042437832
 10
2687.583226650358
 20
990.5538042437831
 10
2687.353226650359
 20
990.5538042437831
  0
LINE
  5
76C
330
1F
100
AcDbEntity
  8
COLUMN__BM_
100
AcDbLine
 10
2687.353226650359
 20
991.0038042437832
 30
0.0
 11
2687.583226650358
 21
990.5538042437831
 31
0.0
  0
LINE
  5
76D
330
1F
100
AcDbEntity
  8
COLUMN__BM_
100
AcDbLine
 10
2687.583226650358
 20
991.0038042437832
 30
0.0
 11
2687.353226650359
 21
990.5538042437831
 31
0.0
  0
HATCH
  5
76E
330
1F
100
AcDbEntity
  8
SUNK_BY_200MM__BM_
100
AcDbHatch
 10
0.0
 20
0.0
 30
0.0
210
0.0
220
0.0
230
1.0
  2
GLB
 70
     0
 71
     0
 91
        1
 92
        7
 72
     0
 73
     1
 93
        4
 10
2692.95322665036
 20
991.0038042437825
 10
2691.75322665036
 20
991.0038042437825
 10
2691.75322665036
 20
990.7738042437825
 10
2692.95322665036
 20
990.7738042437825
 97
        0
 75
     0
 76
     1
 52
0.0
 41
0.15
 77
     0
 78
     3
 53
0.0
 43
3976.682527109534
 44
2185.430198417221
 45
0.0
 46
0.15
 79
     0
 53
315.0
 43
3976.682527109534
 44
2185.430198417221
 45
0.1499999999604273
 46
0.0
 79
     2
 49
0.21213203445
 49
-0.21213203445
 53
45.0
 43
3976.682527109534
 44
2185.430198417221
 45
0.1499999999604273
 46
0.0
 79
     2
 49
0.21213203445
 49
-0.21213203445
 47
0.0065376844102787
 98
        1
 10
2692.328578883864
 20
990.9320775899582
1001
ACAD
1010
0.0
1020
0.0
1030
0.0
  0
LWPOLYLINE
  5
76F
330
1F
100
AcDbEntity
  8
COLUMN__BM_
100
AcDbPolyline
 90
        4
 70
     1
 43
0.0
 10
2691.52322665036
 20
991.0038042437814
 10
2691.75322665036
 20
991.0038042437814
 10
2691.75322665036
 20
990.5538042437813
 10
2691.52322665036
 20
990.5538042437813
  0
LINE
  5
770
330
1F
100
AcDbEntity
  8
COLUMN__BM_
100
AcDbLine
 10
2691.52322665036
 20
991.0038042437814
 30
0.0
 11
2691.75322665036
 21
990.5538042437813
 31
0.0
  0
LINE
  5
771
330
1F
100
AcDbEntity
  8
COLUMN__BM_
100
AcDbLine
 10
2691.75322665036
 20
991.0038042437814
 30
0.0
 11
2691.52322665036
 21
990.5538042437813
 31
0.0
  0
LWPOLYLINE
  5
772
330
1F
100
AcDbEntity
  8
COLUMN__BM_
100
AcDbPolyline
 90
        4
 70
     1
 43
0.0
 10
2692.95322665036
 20
991.0038042437814
 10
2693.18322665036
 20
991.0038042437814
 10
2693.18322665036
 20
990.5538042437813
 10
2692.95322665036
 20
990.5538042437813
  0
LINE
  5
773
330
1F
100
AcDbEntity
  8
COLUMN__BM_
100
AcDbLine
 10
2692.95322665036
 20
991.0038042437814
 30
0.0
 11
2693.18322665036
 21
990.5538042437813
 31
0.0
  0
LINE
  5
774
330
1F
100
AcDbEntity
  8
COLUMN__BM_
100
AcDbLine
 10
2693.18322665036
 20
991.0038042437814
 30
0.0
 11
2692.95322665036
 21
990.5538042437813
 31
0.0
  0
LWPOLYLINE
  5
775
330
1F
100
AcDbEntity
  8
COLUMN__BM_
100
AcDbPolyline
 90
        4
 70
     1
 43
0.0
 10
2697.12322665036
 20
991.0038042437827
 10
2697.35322665036
 20
991.0038042437827
 10
2697.35322665036
 20
990.5538042437827
 10
2697.12322665036
 20
990.5538042437827
  0
LINE
  5
776
330
1F
100
AcDbEntity
  8
COLUMN__BM_
100
AcDbLine
 10
2697.12322665036
 20
991.0038042437827
 30
0.0
 11
2697.35322665036
 21
990.5538042437827
 31
0.0
  0
LINE
  5
777
330
1F
100
AcDbEntity
  8
COLUMN__BM_
100
AcDbLine
 10
2697.35322665036
 20
991.0038042437827
 30
0.0
 11
2697.12322665036
 21
990.5538042437827
 31
0.0
  0
LWPOLYLINE
  5
778
330
1F
100
AcDbEntity
  8
COLUMN__BM_
100
AcDbPolyline
 90
        4
 70
     1
 43
0.0
 10
2687.353226650359
 20
987.8158042437817
 10
2687.583226650359
 20
987.8158042437817
 10
2687.583226650359
 20
987.3658042437817
 10
2687.353226650359
 20
987.3658042437817
  0
LINE
  5
779
330
1F
100
AcDbEntity
  8
COLUMN__BM_
100
AcDbLine
 10
2687.353226650359
 20
987.8158042437817
 30
0.0
 11
2687.583226650359
 21
987.3658042437817
 31
0.0
  0
LINE
  5
77A
330
1F
100
AcDbEntity
  8
COLUMN__BM_
100
AcDbLine
 10
2687.583226650359
 20
987.8158042437817
 30
0.0
 11
2687.353226650359
 21
987.3658042437817
 31
0.0
  0
LWPOLYLINE
  5
77B
330
1F
100
AcDbEntity
  8
COLUMN__BM_
100
AcDbPolyline
 90
        4
 70
     1
 43
0.0
 10
2697.12322665036
 20
987.8158042437831
 10
2697.35322665036
 20
987.8158042437831
 10
2697.35322665036
 20
987.365804243783
 10
2697.12322665036
 20
987.365804243783
  0
LINE
  5
77C
330
1F
100
AcDbEntity
  8
COLUMN__BM_
100
AcDbLine
 10
2697.12322665036
 20
987.8158042437831
 30
0.0
 11
2697.35322665036
 21
987.365804243783
 31
0.0
  0
LINE
  5
77D
330
1F
100
AcDbEntity
  8
COLUMN__BM_
100
AcDbLine
 10
2697.35322665036
 20
987.8158042437831
 30
0.0
 11
2697.12322665036
 21
987.365804243783
 31
0.0
  0
LWPOLYLINE
  5
77E
330
1F
100
AcDbEntity
  8
COLUMN__BM_
100
AcDbPolyline
 90
        4
 70
     1
 43
0.0
 10
2687.35322665036
 20
979.753804243783
 10
2687.583226650359
 20
979.753804243783
 10
2687.583226650359
 20
979.3038042437829
 10
2687.35322665036
 20
979.3038042437829
  0
LINE
  5
77F
330
1F
100
AcDbEntity
  8
COLUMN__BM_
100
AcDbLine
 10
2687.35322665036
 20
979.753804243783
 30
0.0
 11
2687.583226650359
 21
979.3038042437829
 31
0.0
  0
LINE
  5
780
330
1F
100
AcDbEntity
  8
COLUMN__BM_
100
AcDbLine
 10
2687.583226650359
 20
979.753804243783
 30
0.0
 11
2687.35322665036
 21
979.3038042437829
 31
0.0
  0
LWPOLYLINE
  5
781
330
1F
100
AcDbEntity
  8
COLUMN__BM_
100
AcDbPolyline
 90
        4
 70
     1
 43
0.0
 10
2697.123226650359
 20
984.6438042437828
 10
2697.353226650359
 20
984.6438042437828
 10
2697.353226650359
 20
984.1938042437828
 10
2697.123226650359
 20
984.1938042437828
  0
LINE
  5
782
330
1F
100
AcDbEntity
  8
COLUMN__BM_
100
AcDbLine
 10
2697.123226650359
 20
984.6438042437828
 30
0.0
 11
2697.353226650359
 21
984.1938042437828
 31
0.0
  0
LINE
  5
783
330
1F
100
AcDbEntity
  8
COLUMN__BM_
100
AcDbLine
 10
2697.353226650359
 20
984.6438042437828
 30
0.0
 11
2697.123226650359
 21
984.1938042437828
 31
0.0
  0
LWPOLYLINE
  5
784
330
1F
100
AcDbEntity
  8
COLUMN__BM_
100
AcDbPolyline
 90
        4
 70
     1
 43
0.0
 10
2691.523226650359
 20
987.5838042437827
 10
2691.523226650359
 20
987.8138042437827
 10
2691.97322665036
 20
987.8138042437827
 10
2691.97322665036
 20
987.5838042437827
  0
LINE
  5
785
330
1F
100
AcDbEntity
  8
COLUMN__BM_
100
AcDbLine
 10
2691.523226650359
 20
987.5838042437827
 30
0.0
 11
2691.97322665036
 21
987.8138042437827
 31
0.0
  0
LINE
  5
786
330
1F
100
AcDbEntity
  8
COLUMN__BM_
100
AcDbLine
 10
2691.523226650359
 20
987.8138042437827
 30
0.0
 11
2691.97322665036
 21
987.5838042437827
 31
0.0
  0
LWPOLYLINE
  5
787
330
1F
100
AcDbEntity
  8
COLUMN__BM_
100
AcDbPolyline
 90
        4
 70
     1
 43
0.0
 10
2687.353226650359
 20
982.8838042437828
 10
2687.353226650359
 20
983.1138042437829
 10
2687.803226650359
 20
983.1138042437829
 10
2687.803226650359
 20
982.8838042437828
  0
LINE
  5
788
330
1F
100
AcDbEntity
  8
COLUMN__BM_
100
AcDbLine
 10
2687.353226650359
 20
982.8838042437828
 30
0.0
 11
2687.803226650359
 21
983.1138042437829
 31
0.0
  0
LINE
  5
789
330
1F
100
AcDbEntity
  8
COLUMN__BM_
100
AcDbLine
 10
2687.353226650359
 20
983.1138042437829
 30
0.0
 11
2687.803226650359
 21
982.8838042437828
 31
0.0
  0
LWPOLYLINE
  5
78A
330
1F
100
AcDbEntity
  8
COLUMN__BM_
100
AcDbPolyline
 90
        4
 70
     1
 43
0.0
 10
2687.353226650359
 20
985.1338042437849
 10
2687.353226650359
 20
985.3638042437849
 10
2687.803226650359
 20
985.3638042437849
 10
2687.803226650359
 20
985.1338042437849
  0
LINE
  5
78B
330
1F
100
AcDbEntity
  8
COLUMN__BM_
100
AcDbLine
 10
2687.353226650359
 20
985.1338042437849
 30
0.0
 11
2687.803226650359
 21
985.3638042437849
 31
0.0
  0
LINE
  5
78C
330
1F
100
AcDbEntity
  8
COLUMN__BM_
100
AcDbLine
 10
2687.353226650359
 20
985.3638042437849
 30
0.0
 11
2687.803226650359
 21
985.1338042437849
 31
0.0
  0
LWPOLYLINE
  5
78D
330
1F
100
AcDbEntity
  8
COLUMN__BM_
100
AcDbPolyline
 90
        4
 70
     1
 43
0.0
 10
2691.52322665036
 20
983.3338042437831
 10
2691.753226650359
 20
983.3338042437831
 10
2691.753226650359
 20
982.8838042437831
 10
2691.52322665036
 20
982.8838042437831
  0
LINE
  5
78E
330
1F
100
AcDbEntity
  8
COLUMN__BM_
100
AcDbLine
 10
2691.52322665036
 20
983.3338042437831
 30
0.0
 11
2691.753226650359
 21
982.8838042437831
 31
0.0
  0
LINE
  5
78F
330
1F
100
AcDbEntity
  8
COLUMN__BM_
100
AcDbLine
 10
2691.753226650359
 20
983.3338042437831
 30
0.0
 11
2691.52322665036
 21
982.8838042437831
 31
0.0
  0
LWPOLYLINE
  5
790
330
1F
100
AcDbEntity
  8
COLUMN__BM_
100
AcDbPolyline
 90
        4
 70
     1
 43
0.0
 10
2691.303226650359
 20
985.1338042437828
 10
2691.303226650359
 20
985.3638042437829
 10
2691.753226650359
 20
985.3638042437829
 10
2691.753226650359
 20
985.1338042437828
  0
LINE
  5
791
330
1F
100
AcDbEntity
  8
COLUMN__BM_
100
AcDbLine
 10
2691.303226650359
 20
985.1338042437828
 30
0.0
 11
2691.753226650359
 21
985.3638042437829
 31
0.0
  0
LINE
  5
792
330
1F
100
AcDbEntity
  8
COLUMN__BM_
100
AcDbLine
 10
2691.303226650359
 20
985.3638042437829
 30
0.0
 11
2691.753226650359
 21
985.1338042437828
 31
0.0
  0
LWPOLYLINE
  5
793
330
1F
100
AcDbEntity
  8
COLUMN__BM_
100
AcDbPolyline
 90
        4
 70
     1
 43
0.0
 10
2697.123226650358
 20
979.753804243783
 10
2697.353226650358
 20
979.753804243783
 10
2697.353226650358
 20
979.223804243783
 10
2697.123226650358
 20
979.223804243783
  0
LINE
  5
794
330
1F
100
AcDbEntity
  8
COLUMN__BM_
100
AcDbLine
 10
2697.123226650358
 20
979.753804243783
 30
0.0
 11
2697.353226650358
 21
979.223804243783
 31
0.0
  0
LINE
  5
795
330
1F
100
AcDbEntity
  8
COLUMN__BM_
100
AcDbLine
 10
2697.353226650358
 20
979.753804243783
 30
0.0
 11
2697.123226650358
 21
979.223804243783
 31
0.0
  0
LWPOLYLINE
  5
796
330
1F
100
AcDbEntity
  8
COLUMN__BM_
100
AcDbPolyline
 90
        4
 70
     1
 43
0.0
 10
2691.52322665036
 20
979.753804243783
 10
2691.753226650359
 20
979.753804243783
 10
2691.753226650359
 20
979.223804243783
 10
2691.52322665036
 20
979.223804243783
  0
LINE
  5
797
330
1F
100
AcDbEntity
  8
COLUMN__BM_
100
AcDbLine
 10
2691.52322665036
 20
979.753804243783
 30
0.0
 11
2691.753226650359
 21
979.223804243783
 31
0.0
  0
LINE
  5
798
330
1F
100
AcDbEntity
  8
COLUMN__BM_
100
AcDbLine
 10
2691.753226650359
 20
979.753804243783
 30
0.0
 11
2691.52322665036
 21
979.223804243783
 31
0.0
  0
TEXT
  5
799
330
1F
100
AcDbEntity
  8
COLUMN_TEXT__BM_
100
AcDbText
 39
0.0463826642588751
 10
2687.72853867233
 20
990.4425067369555
 30
-0.0000000082728956
 40
0.2
  1
C01
  7
NAME
100
AcDbText
  0
ELLIPSE
  5
79A
330
1F
100
AcDbEntity
  8
COLUMN_TEXT_BOX__BM_
100
AcDbEllipse
 10
2687.989650133999
 20
990.5419757845364
 30
0.0
 11
-0.3141047421322583
 21
0.0
 31
0.0
210
0.0
220
0.0
230
1.0
 40
0.4476558537982991
 41
0.0
 42
6.283185307179586
1001
ACAD_OBJECT_CHANGE_GUID
1070
     0
1071
        0
1070
     0
1070
     0
1070
     0
1070
     0
1070
     0
1070
     0
1070
     0
1070
     0
1070
     0
1070
     0
1070
     0
1071
        0
1070
     0
1070
     0
1070
     0
1070
     0
1070
     0
1070
     0
1070
     0
1070
     0
1070
     0
1070
     0
1070
     0
1071
        0
1070
     0
1070
     0
1070
     0
1070
     0
1070
     0
1070
     0
1070
     0
1070
     0
1070
     0
1070
     0
1070
     0
1071
        0
1070
     0
1070
     0
1070
     0
1070
     0
1070
     0
1070
     0
1070
     0
1070
     0
1070
     0
1070
     0
1070
     0
1071
        0
1070
     0
1070
     0
1070
     0
1070
     0
1070
     0
1070
     0
1070
     0
1070
     0
1070
     0
1070
     0
1070
     0
1071
        0
1070
     0
1070
     0
1070
     0
1070
     0
1070
     0
1070
     0
1070
     0
1070
     0
1070
     0
1070
     0
1070
     0
1071
        0
1070
     0
1070
     0
1070
     0
1070
     0
1070
     0
1070
     0
1070
     0
1070
     0
1070
     0
1070
     0
1070
     0
1071
        0
1070
     0
1070
     0
1070
     0
1070
     0
1070
     0
1070
     0
1070
     0
1070
     0
1070
     0
1070
     0
1070
     0
1071
        0
1070
     0
1070
     0
1070
     0
1070
     0
1070
     0
1070
     0
1070
     0
1070
     0
1070
     0
1070
     0
1070
     0
1071
        0
1070
     0
1070
     0
1070
     0
1070
     0
1070
     0
1070
     0
1070
     0
1070
     0
1070
     0
1070
     0
1070
     0
1071
        0
1070
     0
1070
     0
1070
     0
1070
     0
1070
     0
1070
     0
1070
     0
1070
     0
1070
     0
1070
     0
1070
     0
1071
        0
1070
     0
1070
     0
1070
     0
1070
     0
1070
     0
1070
     0
1070
     0
1070
     0
1070
     0
1070
     0
1070
     0
1071
        0
1070
     0
1070
     0
1070
     0
1070
     0
1070
     0
1070
     0
1070
     0
1070
     0
1070
     0
1070
     0
1070
     0
1071
        0
1070
     0
1070
     0
1070
     0
1070
     0
1070
     0
1070
     0
1070
     0
1070
     0
1070
     0
1070
     0
1070
     0
1071
        0
1070
     0
1070
     0
1070
     0
1070
     0
1070
     0
1070
     0
1070
     0
1070
     0
1070
     0
1070
     0
1070
     0
1071
        0
1070
     0
1070
     0
1070
     0
1070
     0
1070
     0
1070
     0
1070
     0
1070
     0
1070
     0
1070
     0
1070
     0
1071
        0
1070
     0
1070
     0
1070
     0
1070
     0
1070
     0
1070
     0
1070
     0
1070
     0
1070
     0
1070
     0
1070
     0
1071
        0
1070
     0
1070
     0
1070
     0
1070
     0
1070
     0
1070
     0
1070
     0
1070
     0
1070
     0
1070
     0
1070
     0
1071
        0
1070
     0
1070
     0
1070
     0
1070
     0
1070
     0
1070
     0
1070
     0
1070
     0
1070
     0
1070
     0
1070
     0
1071
        0
1070
     0
1070
     0
1070
     0
1070
     0
1070
     0
1070
     0
1070
     0
1070
     0
1070
     0
1070
     0
1070
     0
1071
        0
1070
     0
1070
     0
1070
     0
1070
     0
1070
     0
1070
     0
1070
     0
1070
     0
1070
     0
1070
     0
1070
     0
1071
        0
1070
     0
1070
     0
1070
     0
1070
     0
1070
     0
1070
     0
1070
     0
1070
     0
1070
     0
1070
     0
1070
     0
1071
        0
1070
     0
1070
     0
1070
     0
1070
     0
1070
     0
1070
     0
1070
     0
1070
     0
1070
     0
1070
     0
1070
     0
1071
        0
1070
     0
1070
     0
1070
     0
1070
     0
1070
     0
1070
     0
1070
     0
1070
     0
1070
     0
1070
     0
1070
     0
1071
        0
1070
     0
1070
     0
1070
     0
1070
     0
1070
     0
1070
     0
1070
     0
1070
     0
1070
     0
1070
     0
1070
     0
1071
        0
1070
     0
1070
     0
1070
     0
1070
     0
1070
     0
1070
     0
1070
     0
1070
     0
1070
     0
1070
     0
1070
     0
1071
        0
1070
     0
1070
     0
1070
     0
1070
     0
1070
     0
1070
     0
1070
     0
1070
     0
1070
     0
1070
     0
1070
     0
1071
        0
1070
     0
1070
     0
1070
     0
1070
     0
1070
     0
1070
     0
1070
     0
1070
     0
1070
     0
1070
     0
1070
     0
1071
        0
1070
     0
1070
     0
1070
     0
1070
     0
1070
     0
1070
     0
1070
     0
1070
     0
1070
     0
1070
     0
1070
     0
1071
        0
1070
     0
1070
     0
1070
     0
1070
     0
1070
     0
1070
     0
1070
     0
1070
     0
1070
     0
1070
     0
1070
     0
1071
        0
1070
     0
1070
     0
1070
     0
1070
     0
1070
     0
1070
     0
1070
     0
1070
     0
1070
     0
1070
     0
1070
     0
1071
        0
1070
     0
1070
     0
1070
     0
1070
     0
1070
     0
1070
     0
1070
     0
1070
     0
1070
     0
1070
     0
1070
     0
1071
        0
1070
     0
1070
     0
1070
     0
1070
     0
1070
     0
1070
     0
1070
     0
1070
     0
1070
     0
1070
     0
1070
     0
1071
        0
1070
     0
1070
     0
1070
     0
1070
     0
1070
     0
1070
     0
1070
     0
1070
     0
1070
     0
1070
     0
1070
     0
1071
        0
1070
     0
1070
     0
1070
     0
1070
     0
1070
     0
1070
     0
1070
     0
1070
     0
1070
     0
1070
     0
1070
     0
1071
        0
1070
     0
1070
     0
1070
     0
1070
     0
1070
     0
1070
     0
1070
     0
1070
     0
1070
     0
1070
     0
1070
     0
1071
        0
1070
     0
1070
     0
1070
     0
1070
     0
1070
     0
1070
     0
1070
     0
1070
     0
1070
     0
1070
     0
1070
     0
1071
        0
1070
     0
1070
     0
1070
     0
1070
     0
1070
     0
1070
     0
1070
     0
1070
     0
1070
     0
1070
     0
1070
     0
1071
        0
1070
     0
1070
     0
1070
     0
1070
     0
1070
     0
1070
     0
1070
     0
1070
     0
1070
     0
1070
     0
1070
     0
1071
        0
1070
     0
1070
     0
1070
     0
1070
     0
1070
     0
1070
     0
1070
     0
1070
     0
1070
     0
1070
     0
1070
     0
1071
        0
1070
     0
1070
     0
1070
     0
1070
     0
1070
     0
1070
     0
1070
     0
1070
     0
1070
     0
1070
     0
1070
     0
1071
        0
1070
     0
1070
     0
1070
     0
1070
     0
1070
     0
1070
     0
1070
     0
1070
     0
1070
     0
1070
     0
1070
     0
1071
        0
1070
     0
1070
     0
1070
     0
1070
     0
1070
     0
1070
     0
1070
     0
1070
     0
1070
     0
1070
     0
1070
     0
1071
        0
1070
     0
1070
     0
1070
     0
1070
     0
1070
     0
1070
     0
1070
     0
1070
     0
1070
     0
1070
     0
1070
     0
1071
        0
1070
     0
1070
     0
1070
     0
1070
     0
1070
     0
1070
     0
1070
     0
1070
     0
1070
     0
1070
     0
1070
     0
1071
        0
1070
     0
1070
     0
1070
     0
1070
     0
1070
     0
1070
     0
1070
     0
1070
     0
1070
     0
1070
     0
1070
     0
1071
        0
1070
     0
1070
     0
1070
     0
1070
     0
1070
     0
1070
     0
1070
     0
1070
     0
1070
     0
1070
     0
1070
     0
1071
        0
1070
     0
1070
     0
1070
     0
1070
     0
1070
     0
1070
     0
1070
     0
1070
     0
1070
     0
1070
     0
1070
     0
1071
        0
1070
     0
1070
     0
1070
     0
1070
     0
1070
     0
1070
     0
1070
     0
1070
     0
1070
     0
1070
     0
1070
     0
1071
        0
1070
     0
1070
     0
1070
     0
1070
     0
1070
     0
1070
     0
1070
     0
1070
     0
1070
     0
1070
     0
1070
     0
1071
        0
1070
     0
1070
     0
1070
     0
1070
     0
1070
     0
1070
     0
1070
     0
1070
     0
1070
     0
1070
     0
1070
     0
1071
        0
1070
     0
1070
     0
1070
     0
1070
     0
1070
     0
1070
     0
1070
     0
1070
     0
1070
     0
1070
     0
1070
     0
1071
        0
1070
     0
1070
     0
1070
     0
1070
     0
1070
     0
1070
     0
1070
     0
1070
     0
1070
     0
1070
     0
1070
     0
1071
        0
1070
     0
1070
     0
1070
     0
1070
     0
1070
     0
1070
     0
1070
     0
1070
     0
1070
     0
1070
     0
1070
     0
1071
        0
1070
     0
1070
     0
1070
     0
1070
     0
1070
     0
1070
     0
1070
     0
1070
     0
1070
     0
1070
     0
1070
     0
1071
        0
1070
     0
1070
     0
1070
     0
1070
     0
1070
     0
1070
     0
1070
     0
1070
     0
1070
     0
1070
     0
1070
     0
1071
        0
1070
     0
1070
     0
1070
     0
1070
     0
1070
     0
1070
     0
1070
     0
1070
     0
1070
     0
1070
     0
1070
     0
1071
        0
1070
     0
1070
     0
1070
     0
1070
     0
1070
     0
1070
     0
1070
     0
1070
     0
1070
     0
1070
     0
1070
     0
1071
        0
1070
     0
1070
     0
1070
     0
1070
     0
1070
     0
1070
     0
1070
     0
1070
     0
1070
     0
1070
     0
1070
     0
1071
        0
1070
     0
1070
     0
1070
     0
1070
     0
1070
     0
1070
     0
1070
     0
1070
     0
1070
     0
1070
     0
1070
     0
1071
        0
1070
     0
1070
     0
1070
     0
1070
     0
1070
     0
1070
     0
1070
     0
1070
     0
1070
     0
1070
     0
1070
     0
1071
        0
1070
     0
1070
     0
1070
     0
1070
     0
1070
     0
1070
     0
1070
     0
1070
     0
1070
     0
1070
     0
1070
     0
1071
        0
1070
     0
1070
     0
1070
     0
1070
     0
1070
     0
1070
     0
1070
     0
1070
     0
1070
     0
1070
     0
1070
     0
1071
        0
1070
     0
1070
     0
1070
     0
1070
     0
1070
     0
1070
     0
1070
     0
1070
     0
1070
     0
1070
     0
1070
     0
1071
        0
1070
     0
1070
     0
1070
     0
1070
     0
1070
     0
1070
     0
1070
     0
1070
     0
1070
     0
1070
     0
1070
     0
1071
        0
1070
     0
1070
     0
1070
     0
1070
     0
1070
     0
1070
     0
1070
     0
1070
     0
1070
     0
1070
     0
1070
     0
1071
        0
1070
     0
1070
     0
1070
     0
1070
     0
1070
     0
1070
     0
1070
     0
1070
     0
1070
     0
1070
     0
1070
     0
1071
        0
1070
     0
1070
     0
1070
     0
1070
     0
1070
     0
1070
     0
1070
     0
1070
     0
1070
     0
1070
     0
1070
     0
1071
        0
1070
     0
1070
     0
1070
     0
1070
     0
1070
     0
1070
     0
1070
     0
1070
     0
1070
     0
1070
     0
1070
     0
1071
        0
1070
     0
1070
     0
1070
     0
1070
     0
1070
     0
1070
     0
1070
     0
1070
     0
1070
     0
1070
     0
1070
     0
1071
        0
1070
     0
1070
     0
1070
     0
1070
     0
1070
     0
1070
     0
1070
     0
1070
     0
1070
     0
1070
     0
1070
     0
1071
        0
1070
     0
1070
     0
1070
     0
1070
     0
1070
     0
1070
     0
1070
     0
1070
     0
1070
     0
1070
     0
1070
     0
1071
        0
1070
     0
1070
     0
1070
     0
1070
     0
1070
     0
1070
     0
1070
     0
1070
     0
1070
     0
1070
     0
1070
     0
1071
        0
1070
     0
1070
     0
1070
     0
1070
     0
1070
     0
1070
     0
1070
     0
1070
     0
1070
     0
1070
     0
1070
     0
1071
        0
1070
     0
1070
     0
1070
     0
1070
     0
1070
     0
1070
     0
1070
     0
1070
     0
1070
     0
1070
     0
1070
     0
1071
        0
1070
     0
1070
     0
1070
     0
1070
     0
1070
     0
1070
     0
1070
     0
1070
     0
1070
     0
1070
     0
1070
     0
1071
        0
1070
     0
1070
     0
1070
     0
1070
     0
1070
     0
1070
     0
1070
     0
1070
     0
1070
     0
1070
     0
1070
     0
1071
        0
1070
     0
1070
     0
1070
     0
1070
     0
1070
     0
1070
     0
1070
     0
1070
     0
1070
     0
1070
     0
1070
     0
1071
        0
1070
     0
1070
     0
1070
     0
1070
     0
1070
     0
1070
     0
1070
     0
1070
     0
1070
     0
1070
     0
1070
     0
1071
        0
1070
     0
1070
     0
1070
     0
1070
     0
1070
     0
1070
     0
1070
     0
1070
     0
1070
     0
1070
     0
1070
     0
1071
        0
1070
     0
1070
     0
1070
     0
1070
     0
1070
     0
1070
     0
1070
     0
1070
     0
1070
     0
1070
     0
1070
     0
1071
        0
1070
     0
1070
     0
1070
     0
1070
     0
1070
     0
1070
     0
1070
     0
1070
     0
1070
     0
1070
     0
1070
     0
1071
        0
1070
     0
1070
     0
1070
     0
1070
     0
1070
     0
1070
     0
1070
     0
1070
     0
1070
     0
1070
     0
1070
     0
1071
        0
1070
     0
1070
     0
1070
     0
1070
     0
1070
     0
1070
     0
1070
     0
1070
     0
1070
     0
1070
     0
1070
     0
1071
        0
1070
     0
1070
     0
1070
     0
1070
     0
1070
     0
1070
     0
1070
     0
1070
     0
1070
     0
1070
     0
1070
     0
1071
        0
1070
     0
1070
     0
1070
     0
1070
     0
1070
     0
1070
     0
1070
     0
1070
     0
1070
     0
1070
     0
1070
     0
1071
        0
1070
     0
1070
     0
1070
     0
1070
     0
1070
     0
1070
     0
1070
     0
1070
     0
1070
     0
1070
     0
1070
     0
1071
        0
1070
     0
1070
     0
1070
     0
1070
     0
1070
     0
1070
     0
1070
     0
1070
     0
1070
     0
1070
     0
1070
     0
1071
        0
1070
     0
1070
     0
1070
     0
1070
     0
1070
     0
1070
     0
1070
     0
1070
     0
1070
     0
1070
     0
1070
     0
1071
        0
1070
     0
1070
     0
1070
     0
1070
     0
1070
     0
1070
     0
1070
     0
1070
     0
1070
     0
1070
     0
1070
     0
1071
        0
1070
     0
1070
     0
1070
     0
1070
     0
1070
     0
1070
     0
1070
     0
1070
     0
1070
     0
1070
     0
1070
     0
1071
        0
1070
     0
1070
     0
1070
     0
1070
     0
1070
     0
1070
     0
1070
     0
1070
     0
1070
     0
1070
     0
1070
     0
1071
        0
1070
     0
1070
     0
1070
     0
1070
     0
1070
     0
1070
     0
1070
     0
1070
     0
1070
     0
1070
     0
1070
     0
1071
        0
1070
     0
1070
     0
1070
     0
1070
     0
1070
     0
1070
     0
1070
     0
1070
     0
1070
     0
1070
     0
1070
     0
1071
        0
1070
     0
1070
     0
1070
     0
1070
     0
1070
     0
1070
     0
1070
     0
1070
     0
1070
     0
1070
     0
1070
     0
1071
        0
1070
     0
1070
     0
1070
     0
1070
     0
1070
     0
1070
     0
1070
     0
1070
     0
1070
     0
1070
     0
1070
     0
1071
        0
1070
     0
1070
     0
1070
     0
1070
     0
1070
     0
1070
     0
1070
     0
1070
     0
1070
     0
1070
     0
1070
     0
1071
        0
1070
     0
1070
     0
1070
     0
1070
     0
1070
     0
1070
     0
1070
     0
1070
     0
1070
     0
1070
     0
1070
     0
1071
        0
1070
     0
1070
     0
1070
     0
1070
     0
1070
     0
1070
     0
1070
     0
1070
     0
1070
     0
1070
     0
1070
     0
1071
        0
1070
     0
1070
     0
1070
     0
1070
     0
1070
     0
1070
     0
1070
     0
1070
     0
1070
     0
1070
     0
1070
     0
1071
        0
1070
     0
1070
     0
1070
     0
1070
     0
1070
     0
1070
     0
1070
     0
1070
     0
1070
     0
1070
     0
1070
     0
1071
        0
1070
     0
1070
     0
1070
     0
1070
     0
1070
     0
1070
     0
1070
     0
1070
     0
1070
     0
1070
     0
1070
     0
1071
        0
1070
     0
1070
     0
1070
     0
1070
     0
1070
     0
1070
     0
1070
     0
1070
     0
1070
     0
1070
     0
1070
     0
1071
        0
1070
     0
1070
     0
1070
     0
1070
     0
1070
     0
1070
     0
1070
     0
1070
     0
1070
     0
1070
     0
1070
     0
1071
        0
1070
     0
1070
     0
1070
     0
1070
     0
1070
     0
1070
     0
1070
     0
1070
     0
1070
     0
1070
     0
1070
     0
1071
        0
1070
     0
1070
     0
1070
     0
1070
     0
1070
     0
1070
     0
1070
     0
1070
     0
1070
     0
1070
     0
1070
     0
1071
        0
1070
     0
1070
     0
1070
     0
1070
     0
1070
     0
1070
     0
1070
     0
1070
     0
1070
     0
1070
     0
1070
     0
1071
        0
1070
     0
1070
     0
1070
     0
1070
     0
1070
     0
1070
     0
1070
     0
1070
     0
1070
     0
1070
     0
1070
     0
1071
        0
1070
     0
1070
     0
1070
     0
1070
     0
1070
     0
1070
     0
1070
     0
1070
     0
1070
     0
1070
     0
1070
     0
1071
        0
1070
     0
1070
     0
1070
     0
1070
     0
1070
     0
1070
     0
1070
     0
1070
     0
1070
     0
1070
     0
1070
     0
1071
        0
1070
     0
1070
     0
1070
     0
1070
     0
1070
     0
1070
     0
1070
     0
1070
     0
1070
     0
1070
     0
1070
     0
1071
        0
1070
     0
1070
     0
1070
     0
1070
     0
1070
     0
1070
     0
1070
     0
1070
     0
1070
     0
1070
     0
1070
     0
1071
        0
1070
     0
1070
     0
1070
     0
1070
     0
1070
     0
1070
     0
1070
     0
1070
     0
1070
     0
1070
     0
1070
     0
1071
        0
1070
     0
1070
     0
1070
     0
1070
     0
1070
     0
1070
     0
1070
     0
1070
     0
1070
     0
1070
     0
1070
     0
1071
        0
1070
     0
1070
     0
1070
     0
1070
     0
1070
     0
1070
     0
1070
     0
1070
     0
1070
     0
1070
     0
1070
     0
1071
        0
1070
     0
1070
     0
1070
     0
1070
     0
1070
     0
1070
     0
1070
     0
1070
     0
1070
     0
1070
     0
1070
     0
1071
        0
1070
     0
1070
     0
1070
     0
1070
     0
1070
     0
1070
     0
1070
     0
1070
     0
1070
     0
1070
     0
1070
     0
1071
        0
1070
     0
1070
     0
1070
     0
1070
     0
1070
     0
1070
     0
1070
     0
1070
     0
1070
     0
1070
     0
1070
     0
1071
        0
1070
     0
1070
     0
1070
     0
1070
     0
1070
     0
1070
     0
1070
     0
1070
     0
1070
     0
1070
     0
1070
     0
1071
        0
1070
     0
1070
     0
1070
     0
1070
     0
1070
     0
1070
     0
1070
     0
1070
     0
1070
     0
1070
     0
1070
     0
1071
        0
1070
     0
1070
     0
1070
     0
1070
     0
1070
     0
1070
     0
1070
     0
1070
     0
1070
     0
1070
     0
1070
     0
1071
        0
1070
     0
1070
     0
1070
     0
1070
     0
1070
     0
1070
     0
1070
     0
1070
     0
1070
     0
1070
     0
1070
     0
1071
        0
1070
     0
1070
     0
1070
     0
1070
     0
1070
     0
1070
     0
1070
     0
1070
     0
1070
     0
1070
     0
1070
     0
1071
        0
1070
     0
1070
     0
1070
     0
1070
     0
1070
     0
1070
     0
1070
     0
1070
     0
1070
     0
1070
     0
1070
     0
1071
        0
1070
     0
1070
     0
1070
     0
1070
     0
1070
     0
1070
     0
1070
     0
1070
     0
1070
     0
1070
     0
1070
     0
1071
        0
1070
     0
1070
     0
1070
     0
1070
     0
1070
     0
1070
     0
1070
     0
1070
     0
1070
     0
1070
     0
1070
     0
1071
        0
1070
     0
1070
     0
1070
     0
1070
     0
1070
     0
1070
     0
1070
     0
1070
     0
1070
     0
1070
     0
1070
     0
1071
        0
1070
     0
1070
     0
1070
     0
1070
     0
1070
     0
1070
     0
1070
     0
1070
     0
1070
     0
1070
     0
1070
     0
1071
        0
1070
     0
1070
     0
1070
     0
1070
     0
1070
     0
1070
     0
1070
     0
1070
     0
1070
     0
1070
     0
1070
     0
1071
        0
1070
     0
1070
     0
1070
     0
1070
     0
1070
     0
1070
     0
1070
     0
1070
     0
1070
     0
1070
     0
1070
     0
1071
        0
1070
     0
1070
     0
1070
     0
1070
     0
1070
     0
1070
     0
1070
     0
1070
     0
1070
     0
1070
     0
1070
     0
1071
        0
1070
     0
1070
     0
1070
     0
1070
     0
1070
     0
1070
     0
1070
     0
1070
     0
1070
     0
1070
     0
1070
     0
1071
        0
1070
     0
1070
     0
1070
     0
1070
     0
1070
     0
1070
     0
1070
     0
1070
     0
1070
     0
1070
     0
1070
     0
1071
        0
1070
     0
1070
     0
1070
     0
1070
     0
1070
     0
1070
     0
1070
     0
1070
     0
1070
     0
1070
     0
1070
     0
1071
        0
1070
     0
1070
     0
1070
     0
1070
     0
1070
     0
1070
     0
1070
     0
1070
     0
1070
     0
1070
     0
1070
     0
1071
        0
1070
     0
1070
     0
1070
     0
1070
     0
1070
     0
1070
     0
1070
     0
1070
     0
1070
     0
1070
     0
1070
     0
1071
        0
1070
     0
1070
     0
1070
     0
1070
     0
1070
     0
1070
     0
1070
     0
1070
     0
1070
     0
1070
     0
1070
     0
1071
        0
1070
     0
1070
     0
1070
     0
1070
     0
1070
     0
1070
     0
1070
     0
1070
     0
1070
     0
1070
     0
1070
     0
1071
        0
1070
     0
1070
     0
1070
     0
1070
     0
1070
     0
1070
     0
1070
     0
1070
     0
1070
     0
1070
     0
1070
     0
1071
        0
1070
     0
1070
     0
1070
     0
1070
     0
1070
     0
1070
     0
1070
     0
1070
     0
1070
     0
1070
     0
1070
     0
1071
        0
1070
     0
1070
     0
1070
     0
1070
     0
1070
     0
1070
     0
1070
     0
1070
     0
1070
     0
1070
     0
1070
     0
1071
        0
1070
     0
1070
     0
1070
     0
1070
     0
1070
     0
1070
     0
1070
     0
1070
     0
1070
     0
1070
     0
1070
     0
1071
        0
1070
     0
1070
     0
1070
     0
1070
     0
1070
     0
1070
     0
1070
     0
1070
     0
1070
     0
1070
     0
1070
     0
1071
        0
1070
     0
1070
     0
1070
     0
1070
     0
1070
     0
1070
     0
1070
     0
1070
     0
1070
     0
1070
     0
1070
     0
1071
        0
1070
     0
1070
     0
1070
     0
1070
     0
1070
     0
1070
     0
1070
     0
1070
     0
1070
     0
1070
     0
1070
     0
1071
        0
1070
     0
1070
     0
1070
     0
1070
     0
1070
     0
1070
     0
1070
     0
1070
     0
1070
     0
1070
     0
1070
     0
1071
        0
1070
     0
1070
     0
1070
     0
1070
     0
1070
     0
1070
     0
1070
     0
1070
     0
1070
     0
1070
     0
1070
     0
1071
        0
1070
     0
1070
     0
1070
     0
1070
     0
1070
     0
1070
     0
1070
     0
1070
     0
1070
     0
1070
     0
1070
     0
1071
        0
1070
     0
1070
     0
1070
     0
1070
     0
1070
     0
1070
     0
1070
     0
1070
     0
1070
     0
1070
     0
1070
     0
1071
        0
1070
     0
1070
     0
1070
     0
1070
     0
1070
     0
1070
     0
1070
     0
1070
     0
1070
     0
1070
     0
1070
     0
1071
        0
1070
     0
1070
     0
1070
     0
1070
     0
1070
     0
1070
     0
1070
     0
1070
     0
1070
     0
1070
     0
1070
     0
1071
        0
1070
     0
1070
     0
1070
     0
1070
     0
1070
     0
1070
     0
1070
     0
1070
     0
1070
     0
1070
     0
1070
     0
1071
        0
1070
     0
1070
     0
1070
     0
1070
     0
1070
     0
1070
     0
1070
     0
1070
     0
1070
     0
1070
     0
1070
     0
1071
        0
1070
     0
1070
     0
1070
     0
1070
     0
1070
     0
1070
     0
1070
     0
1070
     0
1070
     0
1070
     0
1070
     0
1071
        0
1070
     0
1070
     0
1070
     0
1070
     0
1070
     0
1070
     0
1070
     0
1070
     0
1070
     0
1070
     0
1070
     0
1071
        0
1070
     0
1070
     0
1070
     0
1070
     0
1070
     0
1070
     0
1070
     0
1070
     0
1070
     0
1070
     0
1070
     0
1071
        0
1070
     0
1070
     0
1070
     0
1070
     0
1070
     0
1070
     0
1070
     0
1070
     0
1070
     0
1070
     0
1070
     0
1071
        0
1070
     0
1070
     0
1070
     0
1070
     0
1070
     0
1070
     0
1070
     0
1070
     0
1070
     0
1070
     0
1070
     0
1071
        0
1070
     0
1070
     0
1070
     0
1070
     0
1070
     0
1070
     0
1070
     0
1070
     0
1070
     0
1070
     0
1070
     0
1071
        0
1070
     0
1070
     0
1070
     0
1070
     0
1070
     0
1070
     0
1070
     0
1070
     0
1070
     0
1070
     0
1070
     0
1071
        0
1070
     0
1070
     0
1070
     0
1070
     0
1070
     0
1070
     0
1070
     0
1070
     0
1070
     0
1070
     0
1070
     0
1071
        0
1070
     0
1070
     0
1070
     0
1070
     0
1070
     0
1070
     0
1070
     0
1070
     0
1070
     0
1070
     0
1070
     0
1071
        0
1070
     0
1070
     0
1070
     0
1070
     0
1070
     0
1070
     0
1070
     0
1070
     0
1070
     0
1070
     0
1070
     0
1071
        0
1070
     0
1070
     0
1070
     0
1070
     0
1070
     0
1070
     0
1070
     0
1070
     0
1070
     0
1070
     0
1070
     0
1071
        0
1070
     0
1070
     0
1070
     0
1070
     0
1070
     0
1070
     0
1070
     0
1070
     0
1070
     0
1070
     0
1070
     0
1071
        0
1070
     0
1070
     0
1070
     0
1070
     0
1070
     0
1070
     0
1070
     0
1070
     0
1070
     0
1070
     0
1070
     0
1071
        0
1070
     0
1070
     0
1070
     0
1070
     0
1070
     0
1070
     0
1070
     0
1070
     0
1070
     0
1070
     0
1070
     0
1071
        0
1070
     0
1070
     0
1070
     0
1070
     0
1070
     0
1070
     0
1070
     0
1070
     0
1070
     0
1070
     0
1070
     0
1071
        0
1070
     0
1070
     0
1070
     0
1070
     0
1070
     0
1070
     0
1070
     0
1070
     0
1070
     0
1070
     0
1070
     0
1071
        0
1070
     0
1070
     0
1070
     0
1070
     0
1070
     0
1070
     0
1070
     0
1070
     0
1070
     0
1070
     0
1070
     0
1071
        0
1070
     0
1070
     0
1070
     0
1070
     0
1070
     0
1070
     0
1070
     0
1070
     0
1070
     0
1070
     0
1070
     0
1071
        0
1070
     0
1070
     0
1070
     0
1070
     0
1070
     0
1070
     0
1070
     0
1070
     0
1070
     0
1070
     0
1070
     0
1071
        0
1070
     0
1070
     0
1070
     0
1070
     0
1070
     0
1070
     0
1070
     0
1070
     0
1070
     0
1070
     0
1070
     0
1071
        0
1070
     0
1070
     0
1070
     0
1070
     0
1070
     0
1070
     0
1070
     0
1070
     0
1070
     0
1070
     0
1070
     0
1071
        0
1070
     0
1070
     0
1070
     0
1070
     0
1070
     0
1070
     0
1070
     0
1070
     0
1070
     0
1070
     0
1070
     0
1071
        0
1070
     0
1070
     0
1070
     0
1070
     0
1070
     0
1070
     0
1070
     0
1070
     0
1070
     0
1070
     0
1070
     0
1071
        0
1070
     0
1070
     0
1070
     0
1070
     0
1070
     0
1070
     0
1070
     0
1070
     0
1070
     0
1070
     0
1070
     0
1071
        0
1070
     0
1070
     0
1070
     0
1070
     0
1070
     0
1070
     0
1070
     0
1070
     0
1070
     0
1070
     0
1070
     0
1071
        0
1070
     0
1070
     0
1070
     0
1070
     0
1070
     0
1070
     0
1070
     0
1070
     0
1070
     0
1070
     0
1070
     0
1071
        0
1070
     0
1070
     0
1070
     0
1070
     0
1070
     0
1070
     0
1070
     0
1070
     0
1070
     0
1070
     0
1070
     0
1071
        0
1070
     0
1070
     0
1070
     0
1070
     0
1070
     0
1070
     0
1070
     0
1070
     0
1070
     0
1070
     0
1070
     0
1071
        0
1070
     0
1070
     0
1070
     0
1070
     0
1070
     0
1070
     0
1070
     0
1070
     0
1070
     0
1070
     0
1070
     0
1071
        0
1070
     0
1070
     0
1070
     0
1070
     0
1070
     0
1070
     0
1070
     0
1070
     0
1070
     0
1070
     0
1070
     0
1071
        0
1070
     0
1070
     0
1070
     0
1070
     0
1070
     0
1070
     0
1070
     0
1070
     0
1070
     0
1070
     0
1070
     0
1071
        0
1070
     0
1070
     0
1070
     0
1070
     0
1070
     0
1070
     0
1070
     0
1070
     0
1070
     0
1070
     0
1070
     0
1071
        0
1070
     0
1070
     0
1070
     0
1070
     0
1070
     0
1070
     0
1070
     0
1070
     0
1070
     0
1070
     0
1070
     0
1071
        0
1070
     0
1070
     0
1070
     0
1070
     0
1070
     0
1070
     0
1070
     0
1070
     0
1070
     0
1070
     0
1070
     0
1071
        0
1070
     0
1070
     0
1070
     0
1070
     0
1070
     0
1070
     0
1070
     0
1070
     0
1070
     0
1070
     0
1070
     0
1071
        0
1070
     0
1070
     0
1070
     0
1070
     0
1070
     0
1070
     0
1070
     0
1070
     0
1070
     0
1070
     0
1070
     0
1071
        0
1070
     0
1070
     0
1070
     0
1070
     0
1070
     0
1070
     0
1070
     0
1070
     0
1070
     0
1070
     0
1070
     0
1071
        0
1070
     0
1070
     0
1070
     0
1070
     0
1070
     0
1070
     0
1070
     0
1070
     0
1070
     0
1070
     0
1070
     0
1071
        0
1070
     0
1070
     0
1070
     0
1070
     0
1070
     0
1070
     0
1070
     0
1070
     0
1070
     0
1070
     0
1070
     0
1071
        0
1070
     0
1070
     0
1070
     0
1070
     0
1070
     0
1070
     0
1070
     0
1070
     0
1070
     0
1070
     0
1070
     0
1071
        0
1070
     0
1070
     0
1070
     0
1070
     0
1070
     0
1070
     0
1070
     0
1070
     0
1070
     0
1070
     0
1070
     0
1071
        0
1070
     0
1070
     0
1070
     0
1070
     0
1070
     0
1070
     0
1070
     0
1070
     0
1070
     0
1070
     0
1070
     0
1071
        0
1070
     0
1070
     0
1070
     0
1070
     0
1070
     0
1070
     0
1070
     0
1070
     0
1070
     0
1070
     0
1070
     0
1071
        0
1070
     0
1070
     0
1070
     0
1070
     0
1070
     0
1070
     0
1070
     0
1070
     0
1070
     0
1070
     0
1070
     0
1071
        0
1070
     0
1070
     0
1070
     0
1070
     0
1070
     0
1070
     0
1070
     0
1070
     0
1070
     0
1070
     0
1070
     0
1071
        0
1070
     0
1070
     0
1070
     0
1070
     0
1070
     0
1070
     0
1070
     0
1070
     0
1070
     0
1070
     0
1070
     0
1071
        0
1070
     0
1070
     0
1070
     0
1070
     0
1070
     0
1070
     0
1070
     0
1070
     0
1070
     0
1070
     0
1070
     0
1071
        0
1070
     0
1070
     0
1070
     0
1070
     0
1070
     0
1070
     0
1070
     0
1070
     0
1070
     0
1070
     0
1070
     0
1071
        0
1070
     0
1070
     0
1070
     0
1070
     0
1070
     0
1070
     0
1070
     0
1070
     0
1070
     0
1070
     0
1070
     0
1071
        0
1070
     0
1070
     0
1070
     0
1070
     0
1070
     0
1070
     0
1070
     0
1070
     0
1070
     0
1070
     0
1070
     0
1071
        0
1070
     0
1070
     0
1070
     0
1070
     0
1070
     0
1070
     0
1070
     0
1070
     0
1070
     0
1070
     0
1070
     0
1071
        0
1070
     0
1070
     0
1070
     0
1070
     0
1070
     0
1070
     0
1070
     0
1070
     0
1070
     0
1070
     0
1070
     0
1071
        0
1070
     0
1070
     0
1070
     0
1070
     0
1070
     0
1070
     0
1070
     0
1070
     0
1070
     0
1070
     0
1070
     0
1071
        0
1070
     0
1070
     0
1070
     0
1070
     0
1070
     0
1070
     0
1070
     0
1070
     0
1070
     0
1070
     0
1070
     0
1071
        0
1070
     0
1070
     0
1070
     0
1070
     0
1070
     0
1070
     0
1070
     0
1070
     0
1070
     0
1070
     0
1070
     0
1071
        0
1070
     0
1070
     0
1070
     0
1070
     0
1070
     0
1070
     0
1070
     0
1070
     0
1070
     0
1070
     0
1070
     0
1071
        0
1070
     0
1070
     0
1070
     0
1070
     0
1070
     0
1070
     0
1070
     0
1070
     0
1070
     0
1070
     0
1070
     0
1071
        0
1070
     0
1070
     0
1070
     0
1070
     0
1070
     0
1070
     0
1070
     0
1070
     0
1070
     0
1070
     0
1070
     0
1071
        0
1070
     0
1070
     0
1070
     0
1070
     0
1070
     0
1070
     0
1070
     0
1070
     0
1070
     0
1070
     0
1070
     0
1071
        0
1070
     0
1070
     0
1070
     0
1070
     0
1070
     0
1070
     0
1070
     0
1070
     0
1070
     0
1070
     0
1070
     0
1071
        0
1070
     0
1070
     0
1070
     0
1070
     0
1070
     0
1070
     0
1070
     0
1070
     0
1070
     0
1070
     0
1070
     0
1071
        0
1070
     0
1070
     0
1070
     0
1070
     0
1070
     0
1070
     0
1070
     0
1070
     0
1070
     0
1070
     0
1070
     0
1071
        0
1070
     0
1070
     0
1070
     0
1070
     0
1070
     0
1070
     0
1070
     0
1070
     0
1070
     0
1070
     0
1070
     0
1071
        0
1070
     0
1070
     0
1070
     0
1070
     0
1070
     0
1070
     0
1070
     0
1070
     0
1070
     0
1070
     0
1070
     0
1071
        0
1070
     0
1070
     0
1070
     0
1070
     0
1070
     0
1070
     0
1070
     0
1070
     0
1070
     0
1070
     0
1070
     0
1071
        0
1070
     0
1070
     0
1070
     0
1070
     0
1070
     0
1070
     0
1070
     0
1070
     0
1070
     0
1070
     0
1070
     0
1071
        0
1070
     0
1070
     0
1070
     0
1070
     0
1070
     0
1070
     0
1070
     0
1070
     0
1070
     0
1070
     0
1070
     0
1071
        0
1070
     0
1070
     0
1070
     0
1070
     0
1070
     0
1070
     0
1070
     0
1070
     0
1070
     0
1070
     0
1070
     0
1071
        0
1070
     0
1070
     0
1070
     0
1070
     0
1070
     0
1070
     0
1070
     0
1070
     0
1070
     0
1070
     0
1070
     0
1071
        0
1070
     0
1070
     0
1070
     0
1070
     0
1070
     0
1070
     0
1070
     0
1070
     0
1070
     0
1070
     0
1070
     0
1071
        0
1070
     0
1070
     0
1070
     0
1070
     0
1070
     0
1070
     0
1070
     0
1070
     0
1070
     0
1070
     0
1070
     0
1071
        0
1070
     0
1070
     0
1070
     0
1070
     0
1070
     0
1070
     0
1070
     0
1070
     0
1070
     0
1070
     0
1070
     0
1071
        0
1070
     0
1070
     0
1070
     0
1070
     0
1070
     0
1070
     0
1070
     0
1070
     0
1070
     0
1070
     0
1070
     0
1071
        0
1070
     0
1070
     0
1070
     0
1070
     0
1070
     0
1070
     0
1070
     0
1070
     0
1070
     0
1070
     0
1070
     0
1071
        0
1070
     0
1070
     0
1070
     0
1070
     0
1070
     0
1070
     0
1070
     0
1070
     0
1070
     0
1070
     0
  0
TEXT
  5
79B
330
1F
100
AcDbEntity
  8
COLUMN_TEXT__BM_
100
AcDbText
 39
0.0463826642588751
 10
2690.807463174898
 20
990.4077155055049
 30
-0.0000000082728956
 40
0.2
  1
C02
  7
NAME
100
AcDbText
  0
ELLIPSE
  5
79C
330
1F
100
AcDbEntity
  8
COLUMN_TEXT_BOX__BM_
100
AcDbEllipse
 10
2691.068574636567
 20
990.5071845530858
 30
0.0
 11
-0.3141047421322583
 21
0.0
 31
0.0
210
0.0
220
0.0
230
1.0
 40
0.4476558537982991
 41
0.0
 42
6.283185307179586
1001
ACAD_OBJECT_CHANGE_GUID
1070
     0
1071
        0
1070
     0
1070
     0
1070
     0
1070
     0
1070
     0
1070
     0
1070
     0
1070
     0
1070
     0
1070
     0
1070
     0
1071
        0
1070
     0
1070
     0
1070
     0
1070
     0
1070
     0
1070
     0
1070
     0
1070
     0
1070
     0
1070
     0
1070
     0
1071
        0
1070
     0
1070
     0
1070
     0
1070
     0
1070
     0
1070
     0
1070
     0
1070
     0
1070
     0
1070
     0
1070
     0
1071
        0
1070
     0
1070
     0
1070
     0
1070
     0
1070
     0
1070
     0
1070
     0
1070
     0
1070
     0
1070
     0
1070
     0
1071
        0
1070
     0
1070
     0
1070
     0
1070
     0
1070
     0
1070
     0
1070
     0
1070
     0
1070
     0
1070
     0
1070
     0
1071
        0
1070
     0
1070
     0
1070
     0
1070
     0
1070
     0
1070
     0
1070
     0
1070
     0
1070
     0
1070
     0
1070
     0
1071
        0
1070
     0
1070
     0
1070
     0
1070
     0
1070
     0
1070
     0
1070
     0
1070
     0
1070
     0
1070
     0
1070
     0
1071
        0
1070
     0
1070
     0
1070
     0
1070
     0
1070
     0
1070
     0
1070
     0
1070
     0
1070
     0
1070
     0
1070
     0
1071
        0
1070
     0
1070
     0
1070
     0
1070
     0
1070
     0
1070
     0
1070
     0
1070
     0
1070
     0
1070
     0
1070
     0
1071
        0
1070
     0
1070
     0
1070
     0
1070
     0
1070
     0
1070
     0
1070
     0
1070
     0
1070
     0
1070
     0
1070
     0
1071
        0
1070
     0
1070
     0
1070
     0
1070
     0
1070
     0
1070
     0
1070
     0
1070
     0
1070
     0
1070
     0
1070
     0
1071
        0
1070
     0
1070
     0
1070
     0
1070
     0
1070
     0
1070
     0
1070
     0
1070
     0
1070
     0
1070
     0
1070
     0
1071
        0
1070
     0
1070
     0
1070
     0
1070
     0
1070
     0
1070
     0
1070
     0
1070
     0
1070
     0
1070
     0
1070
     0
1071
        0
1070
     0
1070
     0
1070
     0
1070
     0
1070
     0
1070
     0
1070
     0
1070
     0
1070
     0
1070
     0
1070
     0
1071
        0
1070
     0
1070
     0
1070
     0
1070
     0
1070
     0
1070
     0
1070
     0
1070
     0
1070
     0
1070
     0
1070
     0
1071
        0
1070
     0
1070
     0
1070
     0
1070
     0
1070
     0
1070
     0
1070
     0
1070
     0
1070
     0
1070
     0
1070
     0
1071
        0
1070
     0
1070
     0
1070
     0
1070
     0
1070
     0
1070
     0
1070
     0
1070
     0
1070
     0
1070
     0
1070
     0
1071
        0
1070
     0
1070
     0
1070
     0
1070
     0
1070
     0
1070
     0
1070
     0
1070
     0
1070
     0
1070
     0
1070
     0
1071
        0
1070
     0
1070
     0
1070
     0
1070
     0
1070
     0
1070
     0
1070
     0
1070
     0
1070
     0
1070
     0
1070
     0
1071
        0
1070
     0
1070
     0
1070
     0
1070
     0
1070
     0
1070
     0
1070
     0
1070
     0
1070
     0
1070
     0
1070
     0
1071
        0
1070
     0
1070
     0
1070
     0
1070
     0
1070
     0
1070
     0
1070
     0
1070
     0
1070
     0
1070
     0
1070
     0
1071
        0
1070
     0
1070
     0
1070
     0
1070
     0
1070
     0
1070
     0
1070
     0
1070
     0
1070
     0
1070
     0
1070
     0
1071
        0
1070
     0
1070
     0
1070
     0
1070
     0
1070
     0
1070
     0
1070
     0
1070
     0
1070
     0
1070
     0
1070
     0
1071
        0
1070
     0
1070
     0
1070
     0
1070
     0
1070
     0
1070
     0
1070
     0
1070
     0
1070
     0
1070
     0
1070
     0
1071
        0
1070
     0
1070
     0
1070
     0
1070
     0
1070
     0
1070
     0
1070
     0
1070
     0
1070
     0
1070
     0
1070
     0
1071
        0
1070
     0
1070
     0
1070
     0
1070
     0
1070
     0
1070
     0
1070
     0
1070
     0
1070
     0
1070
     0
1070
     0
1071
        0
1070
     0
1070
     0
1070
     0
1070
     0
1070
     0
1070
     0
1070
     0
1070
     0
1070
     0
1070
     0
1070
     0
1071
        0
1070
     0
1070
     0
1070
     0
1070
     0
1070
     0
1070
     0
1070
     0
1070
     0
1070
     0
1070
     0
1070
     0
1071
        0
1070
     0
1070
     0
1070
     0
1070
     0
1070
     0
1070
     0
1070
     0
1070
     0
1070
     0
1070
     0
1070
     0
1071
        0
1070
     0
1070
     0
1070
     0
1070
     0
1070
     0
1070
     0
1070
     0
1070
     0
1070
     0
1070
     0
1070
     0
1071
        0
1070
     0
1070
     0
1070
     0
1070
     0
1070
     0
1070
     0
1070
     0
1070
     0
1070
     0
1070
     0
1070
     0
1071
        0
1070
     0
1070
     0
1070
     0
1070
     0
1070
     0
1070
     0
1070
     0
1070
     0
1070
     0
1070
     0
1070
     0
1071
        0
1070
     0
1070
     0
1070
     0
1070
     0
1070
     0
1070
     0
1070
     0
1070
     0
1070
     0
1070
     0
1070
     0
1071
        0
1070
     0
1070
     0
1070
     0
1070
     0
1070
     0
1070
     0
1070
     0
1070
     0
1070
     0
1070
     0
1070
     0
1071
        0
1070
     0
1070
     0
1070
     0
1070
     0
1070
     0
1070
     0
1070
     0
1070
     0
1070
     0
1070
     0
1070
     0
1071
        0
1070
     0
1070
     0
1070
     0
1070
     0
1070
     0
1070
     0
1070
     0
1070
     0
1070
     0
1070
     0
1070
     0
1071
        0
1070
     0
1070
     0
1070
     0
1070
     0
1070
     0
1070
     0
1070
     0
1070
     0
1070
     0
1070
     0
1070
     0
1071
        0
1070
     0
1070
     0
1070
     0
1070
     0
1070
     0
1070
     0
1070
     0
1070
     0
1070
     0
1070
     0
1070
     0
1071
        0
1070
     0
1070
     0
1070
     0
1070
     0
1070
     0
1070
     0
1070
     0
1070
     0
1070
     0
1070
     0
1070
     0
1071
        0
1070
     0
1070
     0
1070
     0
1070
     0
1070
     0
1070
     0
1070
     0
1070
     0
1070
     0
1070
     0
1070
     0
1071
        0
1070
     0
1070
     0
1070
     0
1070
     0
1070
     0
1070
     0
1070
     0
1070
     0
1070
     0
1070
     0
1070
     0
1071
        0
1070
     0
1070
     0
1070
     0
1070
     0
1070
     0
1070
     0
1070
     0
1070
     0
1070
     0
1070
     0
1070
     0
1071
        0
1070
     0
1070
     0
1070
     0
1070
     0
1070
     0
1070
     0
1070
     0
1070
     0
1070
     0
1070
     0
1070
     0
1071
        0
1070
     0
1070
     0
1070
     0
1070
     0
1070
     0
1070
     0
1070
     0
1070
     0
1070
     0
1070
     0
1070
     0
1071
        0
1070
     0
1070
     0
1070
     0
1070
     0
1070
     0
1070
     0
1070
     0
1070
     0
1070
     0
1070
     0
1070
     0
1071
        0
1070
     0
1070
     0
1070
     0
1070
     0
1070
     0
1070
     0
1070
     0
1070
     0
1070
     0
1070
     0
1070
     0
1071
        0
1070
     0
1070
     0
1070
     0
1070
     0
1070
     0
1070
     0
1070
     0
1070
     0
1070
     0
1070
     0
1070
     0
1071
        0
1070
     0
1070
     0
1070
     0
1070
     0
1070
     0
1070
     0
1070
     0
1070
     0
1070
     0
1070
     0
1070
     0
1071
        0
1070
     0
1070
     0
1070
     0
1070
     0
1070
     0
1070
     0
1070
     0
1070
     0
1070
     0
1070
     0
1070
     0
1071
        0
1070
     0
1070
     0
1070
     0
1070
     0
1070
     0
1070
     0
1070
     0
1070
     0
1070
     0
1070
     0
1070
     0
1071
        0
1070
     0
1070
     0
1070
     0
1070
     0
1070
     0
1070
     0
1070
     0
1070
     0
1070
     0
1070
     0
1070
     0
1071
        0
1070
     0
1070
     0
1070
     0
1070
     0
1070
     0
1070
     0
1070
     0
1070
     0
1070
     0
1070
     0
1070
     0
1071
        0
1070
     0
1070
     0
1070
     0
1070
     0
1070
     0
1070
     0
1070
     0
1070
     0
1070
     0
1070
     0
1070
     0
1071
        0
1070
     0
1070
     0
1070
     0
1070
     0
1070
     0
1070
     0
1070
     0
1070
     0
1070
     0
1070
     0
1070
     0
1071
        0
1070
     0
1070
     0
1070
     0
1070
     0
1070
     0
1070
     0
1070
     0
1070
     0
1070
     0
1070
     0
1070
     0
1071
        0
1070
     0
1070
     0
1070
     0
1070
     0
1070
     0
1070
     0
1070
     0
1070
     0
1070
     0
1070
     0
1070
     0
1071
        0
1070
     0
1070
     0
1070
     0
1070
     0
1070
     0
1070
     0
1070
     0
1070
     0
1070
     0
1070
     0
1070
     0
1071
        0
1070
     0
1070
     0
1070
     0
1070
     0
1070
     0
1070
     0
1070
     0
1070
     0
1070
     0
1070
     0
1070
     0
1071
        0
1070
     0
1070
     0
1070
     0
1070
     0
1070
     0
1070
     0
1070
     0
1070
     0
1070
     0
1070
     0
1070
     0
1071
        0
1070
     0
1070
     0
1070
     0
1070
     0
1070
     0
1070
     0
1070
     0
1070
     0
1070
     0
1070
     0
1070
     0
1071
        0
1070
     0
1070
     0
1070
     0
1070
     0
1070
     0
1070
     0
1070
     0
1070
     0
1070
     0
1070
     0
1070
     0
1071
        0
1070
     0
1070
     0
1070
     0
1070
     0
1070
     0
1070
     0
1070
     0
1070
     0
1070
     0
1070
     0
1070
     0
1071
        0
1070
     0
1070
     0
1070
     0
1070
     0
1070
     0
1070
     0
1070
     0
1070
     0
1070
     0
1070
     0
1070
     0
1071
        0
1070
     0
1070
     0
1070
     0
1070
     0
1070
     0
1070
     0
1070
     0
1070
     0
1070
     0
1070
     0
1070
     0
1071
        0
1070
     0
1070
     0
1070
     0
1070
     0
1070
     0
1070
     0
1070
     0
1070
     0
1070
     0
1070
     0
1070
     0
1071
        0
1070
     0
1070
     0
1070
     0
1070
     0
1070
     0
1070
     0
1070
     0
1070
     0
1070
     0
1070
     0
1070
     0
1071
        0
1070
     0
1070
     0
1070
     0
1070
     0
1070
     0
1070
     0
1070
     0
1070
     0
1070
     0
1070
     0
1070
     0
1071
        0
1070
     0
1070
     0
1070
     0
1070
     0
1070
     0
1070
     0
1070
     0
1070
     0
1070
     0
1070
     0
1070
     0
1071
        0
1070
     0
1070
     0
1070
     0
1070
     0
1070
     0
1070
     0
1070
     0
1070
     0
1070
     0
1070
     0
1070
     0
1071
        0
1070
     0
1070
     0
1070
     0
1070
     0
1070
     0
1070
     0
1070
     0
1070
     0
1070
     0
1070
     0
1070
     0
1071
        0
1070
     0
1070
     0
1070
     0
1070
     0
1070
     0
1070
     0
1070
     0
1070
     0
1070
     0
1070
     0
1070
     0
1071
        0
1070
     0
1070
     0
1070
     0
1070
     0
1070
     0
1070
     0
1070
     0
1070
     0
1070
     0
1070
     0
1070
     0
1071
        0
1070
     0
1070
     0
1070
     0
1070
     0
1070
     0
1070
     0
1070
     0
1070
     0
1070
     0
1070
     0
1070
     0
1071
        0
1070
     0
1070
     0
1070
     0
1070
     0
1070
     0
1070
     0
1070
     0
1070
     0
1070
     0
1070
     0
1070
     0
1071
        0
1070
     0
1070
     0
1070
     0
1070
     0
1070
     0
1070
     0
1070
     0
1070
     0
1070
     0
1070
     0
1070
     0
1071
        0
1070
     0
1070
     0
1070
     0
1070
     0
1070
     0
1070
     0
1070
     0
1070
     0
1070
     0
1070
     0
1070
     0
1071
        0
1070
     0
1070
     0
1070
     0
1070
     0
1070
     0
1070
     0
1070
     0
1070
     0
1070
     0
1070
     0
1070
     0
1071
        0
1070
     0
1070
     0
1070
     0
1070
     0
1070
     0
1070
     0
1070
     0
1070
     0
1070
     0
1070
     0
1070
     0
1071
        0
1070
     0
1070
     0
1070
     0
1070
     0
1070
     0
1070
     0
1070
     0
1070
     0
1070
     0
1070
     0
1070
     0
1071
        0
1070
     0
1070
     0
1070
     0
1070
     0
1070
     0
1070
     0
1070
     0
1070
     0
1070
     0
1070
     0
1070
     0
1071
        0
1070
     0
1070
     0
1070
     0
1070
     0
1070
     0
1070
     0
1070
     0
1070
     0
1070
     0
1070
     0
1070
     0
1071
        0
1070
     0
1070
     0
1070
     0
1070
     0
1070
     0
1070
     0
1070
     0
1070
     0
1070
     0
1070
     0
1070
     0
1071
        0
1070
     0
1070
     0
1070
     0
1070
     0
1070
     0
1070
     0
1070
     0
1070
     0
1070
     0
1070
     0
1070
     0
1071
        0
1070
     0
1070
     0
1070
     0
1070
     0
1070
     0
1070
     0
1070
     0
1070
     0
1070
     0
1070
     0
1070
     0
1071
        0
1070
     0
1070
     0
1070
     0
1070
     0
1070
     0
1070
     0
1070
     0
1070
     0
1070
     0
1070
     0
1070
     0
1071
        0
1070
     0
1070
     0
1070
     0
1070
     0
1070
     0
1070
     0
1070
     0
1070
     0
1070
     0
1070
     0
1070
     0
1071
        0
1070
     0
1070
     0
1070
     0
1070
     0
1070
     0
1070
     0
1070
     0
1070
     0
1070
     0
1070
     0
1070
     0
1071
        0
1070
     0
1070
     0
1070
     0
1070
     0
1070
     0
1070
     0
1070
     0
1070
     0
1070
     0
1070
     0
1070
     0
1071
        0
1070
     0
1070
     0
1070
     0
1070
     0
1070
     0
1070
     0
1070
     0
1070
     0
1070
     0
1070
     0
1070
     0
1071
        0
1070
     0
1070
     0
1070
     0
1070
     0
1070
     0
1070
     0
1070
     0
1070
     0
1070
     0
1070
     0
1070
     0
1071
        0
1070
     0
1070
     0
1070
     0
1070
     0
1070
     0
1070
     0
1070
     0
1070
     0
1070
     0
1070
     0
1070
     0
1071
        0
1070
     0
1070
     0
1070
     0
1070
     0
1070
     0
1070
     0
1070
     0
1070
     0
1070
     0
1070
     0
1070
     0
1071
        0
1070
     0
1070
     0
1070
     0
1070
     0
1070
     0
1070
     0
1070
     0
1070
     0
1070
     0
1070
     0
1070
     0
1071
        0
1070
     0
1070
     0
1070
     0
1070
     0
1070
     0
1070
     0
1070
     0
1070
     0
1070
     0
1070
     0
1070
     0
1071
        0
1070
     0
1070
     0
1070
     0
1070
     0
1070
     0
1070
     0
1070
     0
1070
     0
1070
     0
1070
     0
1070
     0
1071
        0
1070
     0
1070
     0
1070
     0
1070
     0
1070
     0
1070
     0
1070
     0
1070
     0
1070
     0
1070
     0
1070
     0
1071
        0
1070
     0
1070
     0
1070
     0
1070
     0
1070
     0
1070
     0
1070
     0
1070
     0
1070
     0
1070
     0
1070
     0
1071
        0
1070
     0
1070
     0
1070
     0
1070
     0
1070
     0
1070
     0
1070
     0
1070
     0
1070
     0
1070
     0
1070
     0
1071
        0
1070
     0
1070
     0
1070
     0
1070
     0
1070
     0
1070
     0
1070
     0
1070
     0
1070
     0
1070
     0
1070
     0
1071
        0
1070
     0
1070
     0
1070
     0
1070
     0
1070
     0
1070
     0
1070
     0
1070
     0
1070
     0
1070
     0
1070
     0
1071
        0
1070
     0
1070
     0
1070
     0
1070
     0
1070
     0
1070
     0
1070
     0
1070
     0
1070
     0
1070
     0
1070
     0
1071
        0
1070
     0
1070
     0
1070
     0
1070
     0
1070
     0
1070
     0
1070
     0
1070
     0
1070
     0
1070
     0
1070
     0
1071
        0
1070
     0
1070
     0
1070
     0
1070
     0
1070
     0
1070
     0
1070
     0
1070
     0
1070
     0
1070
     0
1070
     0
1071
        0
1070
     0
1070
     0
1070
     0
1070
     0
1070
     0
1070
     0
1070
     0
1070
     0
1070
     0
1070
     0
1070
     0
1071
        0
1070
     0
1070
     0
1070
     0
1070
     0
1070
     0
1070
     0
1070
     0
1070
     0
1070
     0
1070
     0
1070
     0
1071
        0
1070
     0
1070
     0
1070
     0
1070
     0
1070
     0
1070
     0
1070
     0
1070
     0
1070
     0
1070
     0
1070
     0
1071
        0
1070
     0
1070
     0
1070
     0
1070
     0
1070
     0
1070
     0
1070
     0
1070
     0
1070
     0
1070
     0
1070
     0
1071
        0
1070
     0
1070
     0
1070
     0
1070
     0
1070
     0
1070
     0
1070
     0
1070
     0
1070
     0
1070
     0
1070
     0
1071
        0
1070
     0
1070
     0
1070
     0
1070
     0
1070
     0
1070
     0
1070
     0
1070
     0
1070
     0
1070
     0
1070
     0
1071
        0
1070
     0
1070
     0
1070
     0
1070
     0
1070
     0
1070
     0
1070
     0
1070
     0
1070
     0
1070
     0
1070
     0
1071
        0
1070
     0
1070
     0
1070
     0
1070
     0
1070
     0
1070
     0
1070
     0
1070
     0
1070
     0
1070
     0
1070
     0
1071
        0
1070
     0
1070
     0
1070
     0
1070
     0
1070
     0
1070
     0
1070
     0
1070
     0
1070
     0
1070
     0
1070
     0
1071
        0
1070
     0
1070
     0
1070
     0
1070
     0
1070
     0
1070
     0
1070
     0
1070
     0
1070
     0
1070
     0
1070
     0
1071
        0
1070
     0
1070
     0
1070
     0
1070
     0
1070
     0
1070
     0
1070
     0
1070
     0
1070
     0
1070
     0
1070
     0
1071
        0
1070
     0
1070
     0
1070
     0
1070
     0
1070
     0
1070
     0
1070
     0
1070
     0
1070
     0
1070
     0
1070
     0
1071
        0
1070
     0
1070
     0
1070
     0
1070
     0
1070
     0
1070
     0
1070
     0
1070
     0
1070
     0
1070
     0
1070
     0
1071
        0
1070
     0
1070
     0
1070
     0
1070
     0
1070
     0
1070
     0
1070
     0
1070
     0
1070
     0
1070
     0
1070
     0
1071
        0
1070
     0
1070
     0
1070
     0
1070
     0
1070
     0
1070
     0
1070
     0
1070
     0
1070
     0
1070
     0
1070
     0
1071
        0
1070
     0
1070
     0
1070
     0
1070
     0
1070
     0
1070
     0
1070
     0
1070
     0
1070
     0
1070
     0
1070
     0
1071
        0
1070
     0
1070
     0
1070
     0
1070
     0
1070
     0
1070
     0
1070
     0
1070
     0
1070
     0
1070
     0
1070
     0
1071
        0
1070
     0
1070
     0
1070
     0
1070
     0
1070
     0
1070
     0
1070
     0
1070
     0
1070
     0
1070
     0
1070
     0
1071
        0
1070
     0
1070
     0
1070
     0
1070
     0
1070
     0
1070
     0
1070
     0
1070
     0
1070
     0
1070
     0
1070
     0
1071
        0
1070
     0
1070
     0
1070
     0
1070
     0
1070
     0
1070
     0
1070
     0
1070
     0
1070
     0
1070
     0
1070
     0
1071
        0
1070
     0
1070
     0
1070
     0
1070
     0
1070
     0
1070
     0
1070
     0
1070
     0
1070
     0
1070
     0
1070
     0
1071
        0
1070
     0
1070
     0
1070
     0
1070
     0
1070
     0
1070
     0
1070
     0
1070
     0
1070
     0
1070
     0
1070
     0
1071
        0
1070
     0
1070
     0
1070
     0
1070
     0
1070
     0
1070
     0
1070
     0
1070
     0
1070
     0
1070
     0
1070
     0
1071
        0
1070
     0
1070
     0
1070
     0
1070
     0
1070
     0
1070
     0
1070
     0
1070
     0
1070
     0
1070
     0
1070
     0
1071
        0
1070
     0
1070
     0
1070
     0
1070
     0
1070
     0
1070
     0
1070
     0
1070
     0
1070
     0
1070
     0
1070
     0
1071
        0
1070
     0
1070
     0
1070
     0
1070
     0
1070
     0
1070
     0
1070
     0
1070
     0
1070
     0
1070
     0
1070
     0
1071
        0
1070
     0
1070
     0
1070
     0
1070
     0
1070
     0
1070
     0
1070
     0
1070
     0
1070
     0
1070
     0
1070
     0
1071
        0
1070
     0
1070
     0
1070
     0
1070
     0
1070
     0
1070
     0
1070
     0
1070
     0
1070
     0
1070
     0
1070
     0
1071
        0
1070
     0
1070
     0
1070
     0
1070
     0
1070
     0
1070
     0
1070
     0
1070
     0
1070
     0
1070
     0
1070
     0
1071
        0
1070
     0
1070
     0
1070
     0
1070
     0
1070
     0
1070
     0
1070
     0
1070
     0
1070
     0
1070
     0
1070
     0
1071
        0
1070
     0
1070
     0
1070
     0
1070
     0
1070
     0
1070
     0
1070
     0
1070
     0
1070
     0
1070
     0
1070
     0
1071
        0
1070
     0
1070
     0
1070
     0
1070
     0
1070
     0
1070
     0
1070
     0
1070
     0
1070
     0
1070
     0
1070
     0
1071
        0
1070
     0
1070
     0
1070
     0
1070
     0
1070
     0
1070
     0
1070
     0
1070
     0
1070
     0
1070
     0
1070
     0
1071
        0
1070
     0
1070
     0
1070
     0
1070
     0
1070
     0
1070
     0
1070
     0
1070
     0
1070
     0
1070
     0
1070
     0
1071
        0
1070
     0
1070
     0
1070
     0
1070
     0
1070
     0
1070
     0
1070
     0
1070
     0
1070
     0
1070
     0
1070
     0
1071
        0
1070
     0
1070
     0
1070
     0
1070
     0
1070
     0
1070
     0
1070
     0
1070
     0
1070
     0
1070
     0
1070
     0
1071
        0
1070
     0
1070
     0
1070
     0
1070
     0
1070
     0
1070
     0
1070
     0
1070
     0
1070
     0
1070
     0
1070
     0
1071
        0
1070
     0
1070
     0
1070
     0
1070
     0
1070
     0
1070
     0
1070
     0
1070
     0
1070
     0
1070
     0
1070
     0
1071
        0
1070
     0
1070
     0
1070
     0
1070
     0
1070
     0
1070
     0
1070
     0
1070
     0
1070
     0
1070
     0
1070
     0
1071
        0
1070
     0
1070
     0
1070
     0
1070
     0
1070
     0
1070
     0
1070
     0
1070
     0
1070
     0
1070
     0
1070
     0
1071
        0
1070
     0
1070
     0
1070
     0
1070
     0
1070
     0
1070
     0
1070
     0
1070
     0
1070
     0
1070
     0
1070
     0
1071
        0
1070
     0
1070
     0
1070
     0
1070
     0
1070
     0
1070
     0
1070
     0
1070
     0
1070
     0
1070
     0
1070
     0
1071
        0
1070
     0
1070
     0
1070
     0
1070
     0
1070
     0
1070
     0
1070
     0
1070
     0
1070
     0
1070
     0
1070
     0
1071
        0
1070
     0
1070
     0
1070
     0
1070
     0
1070
     0
1070
     0
1070
     0
1070
     0
1070
     0
1070
     0
1070
     0
1071
        0
1070
     0
1070
     0
1070
     0
1070
     0
1070
     0
1070
     0
1070
     0
1070
     0
1070
     0
1070
     0
1070
     0
1071
        0
1070
     0
1070
     0
1070
     0
1070
     0
1070
     0
1070
     0
1070
     0
1070
     0
1070
     0
1070
     0
1070
     0
1071
        0
1070
     0
1070
     0
1070
     0
1070
     0
1070
     0
1070
     0
1070
     0
1070
     0
1070
     0
1070
     0
1070
     0
1071
        0
1070
     0
1070
     0
1070
     0
1070
     0
1070
     0
1070
     0
1070
     0
1070
     0
1070
     0
1070
     0
1070
     0
1071
        0
1070
     0
1070
     0
1070
     0
1070
     0
1070
     0
1070
     0
1070
     0
1070
     0
1070
     0
1070
     0
1070
     0
1071
        0
1070
     0
1070
     0
1070
     0
1070
     0
1070
     0
1070
     0
1070
     0
1070
     0
1070
     0
1070
     0
1070
     0
1071
        0
1070
     0
1070
     0
1070
     0
1070
     0
1070
     0
1070
     0
1070
     0
1070
     0
1070
     0
1070
     0
1070
     0
1071
        0
1070
     0
1070
     0
1070
     0
1070
     0
1070
     0
1070
     0
1070
     0
1070
     0
1070
     0
1070
     0
1070
     0
1071
        0
1070
     0
1070
     0
1070
     0
1070
     0
1070
     0
1070
     0
1070
     0
1070
     0
1070
     0
1070
     0
1070
     0
1071
        0
1070
     0
1070
     0
1070
     0
1070
     0
1070
     0
1070
     0
1070
     0
1070
     0
1070
     0
1070
     0
1070
     0
1071
        0
1070
     0
1070
     0
1070
     0
1070
     0
1070
     0
1070
     0
1070
     0
1070
     0
1070
     0
1070
     0
1070
     0
1071
        0
1070
     0
1070
     0
1070
     0
1070
     0
1070
     0
1070
     0
1070
     0
1070
     0
1070
     0
1070
     0
1070
     0
1071
        0
1070
     0
1070
     0
1070
     0
1070
     0
1070
     0
1070
     0
1070
     0
1070
     0
1070
     0
1070
     0
1070
     0
1071
        0
1070
     0
1070
     0
1070
     0
1070
     0
1070
     0
1070
     0
1070
     0
1070
     0
1070
     0
1070
     0
1070
     0
1071
        0
1070
     0
1070
     0
1070
     0
1070
     0
1070
     0
1070
     0
1070
     0
1070
     0
1070
     0
1070
     0
1070
     0
1071
        0
1070
     0
1070
     0
1070
     0
1070
     0
1070
     0
1070
     0
1070
     0
1070
     0
1070
     0
1070
     0
1070
     0
1071
        0
1070
     0
1070
     0
1070
     0
1070
     0
1070
     0
1070
     0
1070
     0
1070
     0
1070
     0
1070
     0
1070
     0
1071
        0
1070
     0
1070
     0
1070
     0
1070
     0
1070
     0
1070
     0
1070
     0
1070
     0
1070
     0
1070
     0
1070
     0
1071
        0
1070
     0
1070
     0
1070
     0
1070
     0
1070
     0
1070
     0
1070
     0
1070
     0
1070
     0
1070
     0
1070
     0
1071
        0
1070
     0
1070
     0
1070
     0
1070
     0
1070
     0
1070
     0
1070
     0
1070
     0
1070
     0
1070
     0
1070
     0
1071
        0
1070
     0
1070
     0
1070
     0
1070
     0
1070
     0
1070
     0
1070
     0
1070
     0
1070
     0
1070
     0
1070
     0
1071
        0
1070
     0
1070
     0
1070
     0
1070
     0
1070
     0
1070
     0
1070
     0
1070
     0
1070
     0
1070
     0
1070
     0
1071
        0
1070
     0
1070
     0
1070
     0
1070
     0
1070
     0
1070
     0
1070
     0
1070
     0
1070
     0
1070
     0
1070
     0
1071
        0
1070
     0
1070
     0
1070
     0
1070
     0
1070
     0
1070
     0
1070
     0
1070
     0
1070
     0
1070
     0
1070
     0
1071
        0
1070
     0
1070
     0
1070
     0
1070
     0
1070
     0
1070
     0
1070
     0
1070
     0
1070
     0
1070
     0
1070
     0
1071
        0
1070
     0
1070
     0
1070
     0
1070
     0
1070
     0
1070
     0
1070
     0
1070
     0
1070
     0
1070
     0
1070
     0
1071
        0
1070
     0
1070
     0
1070
     0
1070
     0
1070
     0
1070
     0
1070
     0
1070
     0
1070
     0
1070
     0
1070
     0
1071
        0
1070
     0
1070
     0
1070
     0
1070
     0
1070
     0
1070
     0
1070
     0
1070
     0
1070
     0
1070
     0
1070
     0
1071
        0
1070
     0
1070
     0
1070
     0
1070
     0
1070
     0
1070
     0
1070
     0
1070
     0
1070
     0
1070
     0
1070
     0
1071
        0
1070
     0
1070
     0
1070
     0
1070
     0
1070
     0
1070
     0
1070
     0
1070
     0
1070
     0
1070
     0
1070
     0
1071
        0
1070
     0
1070
     0
1070
     0
1070
     0
1070
     0
1070
     0
1070
     0
1070
     0
1070
     0
1070
     0
1070
     0
1071
        0
1070
     0
1070
     0
1070
     0
1070
     0
1070
     0
1070
     0
1070
     0
1070
     0
1070
     0
1070
     0
1070
     0
1071
        0
1070
     0
1070
     0
1070
     0
1070
     0
1070
     0
1070
     0
1070
     0
1070
     0
1070
     0
1070
     0
1070
     0
1071
        0
1070
     0
1070
     0
1070
     0
1070
     0
1070
     0
1070
     0
1070
     0
1070
     0
1070
     0
1070
     0
1070
     0
1071
        0
1070
     0
1070
     0
1070
     0
1070
     0
1070
     0
1070
     0
1070
     0
1070
     0
1070
     0
1070
     0
1070
     0
1071
        0
1070
     0
1070
     0
1070
     0
1070
     0
1070
     0
1070
     0
1070
     0
1070
     0
1070
     0
1070
     0
1070
     0
1071
        0
1070
     0
1070
     0
1070
     0
1070
     0
1070
     0
1070
     0
1070
     0
1070
     0
1070
     0
1070
     0
1070
     0
1071
        0
1070
     0
1070
     0
1070
     0
1070
     0
1070
     0
1070
     0
1070
     0
1070
     0
1070
     0
1070
     0
1070
     0
1071
        0
1070
     0
1070
     0
1070
     0
1070
     0
1070
     0
1070
     0
1070
     0
1070
     0
1070
     0
1070
     0
1070
     0
1071
        0
1070
     0
1070
     0
1070
     0
1070
     0
1070
     0
1070
     0
1070
     0
1070
     0
1070
     0
1070
     0
1070
     0
1071
        0
1070
     0
1070
     0
1070
     0
1070
     0
1070
     0
1070
     0
1070
     0
1070
     0
1070
     0
1070
     0
1070
     0
1071
        0
1070
     0
1070
     0
1070
     0
1070
     0
1070
     0
1070
     0
1070
     0
1070
     0
1070
     0
1070
     0
1070
     0
1071
        0
1070
     0
1070
     0
1070
     0
1070
     0
1070
     0
1070
     0
1070
     0
1070
     0
1070
     0
1070
     0
1070
     0
1071
        0
1070
     0
1070
     0
1070
     0
1070
     0
1070
     0
1070
     0
1070
     0
1070
     0
1070
     0
1070
     0
1070
     0
1071
        0
1070
     0
1070
     0
1070
     0
1070
     0
1070
     0
1070
     0
1070
     0
1070
     0
1070
     0
1070
     0
1070
     0
1071
        0
1070
     0
1070
     0
1070
     0
1070
     0
1070
     0
1070
     0
1070
     0
1070
     0
1070
     0
1070
     0
1070
     0
1071
        0
1070
     0
1070
     0
1070
     0
1070
     0
1070
     0
1070
     0
1070
     0
1070
     0
1070
     0
1070
     0
1070
     0
1071
        0
1070
     0
1070
     0
1070
     0
1070
     0
1070
     0
1070
     0
1070
     0
1070
     0
1070
     0
1070
     0
1070
     0
1071
        0
1070
     0
1070
     0
1070
     0
1070
     0
1070
     0
1070
     0
1070
     0
1070
     0
1070
     0
1070
     0
1070
     0
1071
        0
1070
     0
1070
     0
1070
     0
1070
     0
1070
     0
1070
     0
1070
     0
1070
     0
1070
     0
1070
     0
1070
     0
1071
        0
1070
     0
1070
     0
1070
     0
1070
     0
1070
     0
1070
     0
1070
     0
1070
     0
1070
     0
1070
     0
1070
     0
1071
        0
1070
     0
1070
     0
1070
     0
1070
     0
1070
     0
1070
     0
1070
     0
1070
     0
1070
     0
1070
     0
1070
     0
1071
        0
1070
     0
1070
     0
1070
     0
1070
     0
1070
     0
1070
     0
1070
     0
1070
     0
1070
     0
1070
     0
1070
     0
1071
        0
1070
     0
1070
     0
1070
     0
1070
     0
1070
     0
1070
     0
1070
     0
1070
     0
1070
     0
1070
     0
1070
     0
1071
        0
1070
     0
1070
     0
1070
     0
1070
     0
1070
     0
1070
     0
1070
     0
1070
     0
1070
     0
1070
     0
1070
     0
1071
        0
1070
     0
1070
     0
1070
     0
1070
     0
1070
     0
1070
     0
1070
     0
1070
     0
1070
     0
1070
     0
1070
     0
1071
        0
1070
     0
1070
     0
1070
     0
1070
     0
1070
     0
1070
     0
1070
     0
1070
     0
1070
     0
1070
     0
1070
     0
1071
        0
1070
     0
1070
     0
1070
     0
1070
     0
1070
     0
1070
     0
1070
     0
1070
     0
1070
     0
1070
     0
1070
     0
1071
        0
1070
     0
1070
     0
1070
     0
1070
     0
1070
     0
1070
     0
1070
     0
1070
     0
1070
     0
1070
     0
1070
     0
1071
        0
1070
     0
1070
     0
1070
     0
1070
     0
1070
     0
1070
     0
1070
     0
1070
     0
1070
     0
1070
     0
1070
     0
1071
        0
1070
     0
1070
     0
1070
     0
1070
     0
1070
     0
1070
     0
1070
     0
1070
     0
1070
     0
1070
     0
1070
     0
1071
        0
1070
     0
1070
     0
1070
     0
1070
     0
1070
     0
1070
     0
1070
     0
1070
     0
1070
     0
1070
     0
1070
     0
1071
        0
1070
     0
1070
     0
1070
     0
1070
     0
1070
     0
1070
     0
1070
     0
1070
     0
1070
     0
1070
     0
1070
     0
1071
        0
1070
     0
1070
     0
1070
     0
1070
     0
1070
     0
1070
     0
1070
     0
1070
     0
1070
     0
1070
     0
1070
     0
1071
        0
1070
     0
1070
     0
1070
     0
1070
     0
1070
     0
1070
     0
1070
     0
1070
     0
1070
     0
1070
     0
1070
     0
1071
        0
1070
     0
1070
     0
1070
     0
1070
     0
1070
     0
1070
     0
1070
     0
1070
     0
1070
     0
1070
     0
1070
     0
1071
        0
1070
     0
1070
     0
1070
     0
1070
     0
1070
     0
1070
     0
1070
     0
1070
     0
1070
     0
1070
     0
1070
     0
1071
        0
1070
     0
1070
     0
1070
     0
1070
     0
1070
     0
1070
     0
1070
     0
1070
     0
1070
     0
1070
     0
1070
     0
1071
        0
1070
     0
1070
     0
1070
     0
1070
     0
1070
     0
1070
     0
1070
     0
1070
     0
1070
     0
1070
     0
1070
     0
1071
        0
1070
     0
1070
     0
1070
     0
1070
     0
1070
     0
1070
     0
1070
     0
1070
     0
1070
     0
1070
     0
1070
     0
1071
        0
1070
     0
1070
     0
1070
     0
1070
     0
1070
     0
1070
     0
1070
     0
1070
     0
1070
     0
1070
     0
1070
     0
1071
        0
1070
     0
1070
     0
1070
     0
1070
     0
1070
     0
1070
     0
1070
     0
1070
     0
1070
     0
1070
     0
1070
     0
1071
        0
1070
     0
1070
     0
1070
     0
1070
     0
1070
     0
1070
     0
1070
     0
1070
     0
1070
     0
1070
     0
1070
     0
1071
        0
1070
     0
1070
     0
1070
     0
1070
     0
1070
     0
1070
     0
1070
     0
1070
     0
1070
     0
1070
     0
1070
     0
1071
        0
1070
     0
1070
     0
1070
     0
1070
     0
1070
     0
1070
     0
1070
     0
1070
     0
1070
     0
1070
     0
1070
     0
1071
        0
1070
     0
1070
     0
1070
     0
1070
     0
1070
     0
1070
     0
1070
     0
1070
     0
1070
     0
1070
     0
1070
     0
1071
        0
1070
     0
1070
     0
1070
     0
1070
     0
1070
     0
1070
     0
1070
     0
1070
     0
1070
     0
1070
     0
1070
     0
1071
        0
1070
     0
1070
     0
1070
     0
1070
     0
1070
     0
1070
     0
1070
     0
1070
     0
1070
     0
1070
     0
1070
     0
1071
        0
1070
     0
1070
     0
1070
     0
1070
     0
1070
     0
1070
     0
1070
     0
1070
     0
1070
     0
1070
     0
1070
     0
1071
        0
1070
     0
1070
     0
1070
     0
1070
     0
1070
     0
1070
     0
1070
     0
1070
     0
1070
     0
1070
     0
1070
     0
1071
        0
1070
     0
1070
     0
1070
     0
1070
     0
1070
     0
1070
     0
1070
     0
1070
     0
1070
     0
1070
     0
  0
TEXT
  5
79D
330
1F
100
AcDbEntity
  8
COLUMN_TEXT__BM_
100
AcDbText
 39
0.0463826642588751
 10
2693.345584985882
 20
990.4348781329697
 30
-0.0000000082728956
 40
0.2
  1
C03
  7
NAME
100
AcDbText
  0
ELLIPSE
  5
79E
330
1F
100
AcDbEntity
  8
COLUMN_TEXT_BOX__BM_
100
AcDbEllipse
 10
2693.606696447551
 20
990.5343471805506
 30
0.0
 11
-0.3141047421322583
 21
0.0
 31
0.0
210
0.0
220
0.0
230
1.0
 40
0.4476558537982991
 41
0.0
 42
6.283185307179586
1001
ACAD_OBJECT_CHANGE_GUID
1070
     0
1071
        0
1070
     0
1070
     0
1070
     0
1070
     0
1070
     0
1070
     0
1070
     0
1070
     0
1070
     0
1070
     0
1070
     0
1071
        0
1070
     0
1070
     0
1070
     0
1070
     0
1070
     0
1070
     0
1070
     0
1070
     0
1070
     0
1070
     0
1070
     0
1071
        0
1070
     0
1070
     0
1070
     0
1070
     0
1070
     0
1070
     0
1070
     0
1070
     0
1070
     0
1070
     0
1070
     0
1071
        0
1070
     0
1070
     0
1070
     0
1070
     0
1070
     0
1070
     0
1070
     0
1070
     0
1070
     0
1070
     0
1070
     0
1071
        0
1070
     0
1070
     0
1070
     0
1070
     0
1070
     0
1070
     0
1070
     0
1070
     0
1070
     0
1070
     0
1070
     0
1071
        0
1070
     0
1070
     0
1070
     0
1070
     0
1070
     0
1070
     0
1070
     0
1070
     0
1070
     0
1070
     0
1070
     0
1071
        0
1070
     0
1070
     0
1070
     0
1070
     0
1070
     0
1070
     0
1070
     0
1070
     0
1070
     0
1070
     0
1070
     0
1071
        0
1070
     0
1070
     0
1070
     0
1070
     0
1070
     0
1070
     0
1070
     0
1070
     0
1070
     0
1070
     0
1070
     0
1071
        0
1070
     0
1070
     0
1070
     0
1070
     0
1070
     0
1070
     0
1070
     0
1070
     0
1070
     0
1070
     0
1070
     0
1071
        0
1070
     0
1070
     0
1070
     0
1070
     0
1070
     0
1070
     0
1070
     0
1070
     0
1070
     0
1070
     0
1070
     0
1071
        0
1070
     0
1070
     0
1070
     0
1070
     0
1070
     0
1070
     0
1070
     0
1070
     0
1070
     0
1070
     0
1070
     0
1071
        0
1070
     0
1070
     0
1070
     0
1070
     0
1070
     0
1070
     0
1070
     0
1070
     0
1070
     0
1070
     0
1070
     0
1071
        0
1070
     0
1070
     0
1070
     0
1070
     0
1070
     0
1070
     0
1070
     0
1070
     0
1070
     0
1070
     0
1070
     0
1071
        0
1070
     0
1070
     0
1070
     0
1070
     0
1070
     0
1070
     0
1070
     0
1070
     0
1070
     0
1070
     0
1070
     0
1071
        0
1070
     0
1070
     0
1070
     0
1070
     0
1070
     0
1070
     0
1070
     0
1070
     0
1070
     0
1070
     0
1070
     0
1071
        0
1070
     0
1070
     0
1070
     0
1070
     0
1070
     0
1070
     0
1070
     0
1070
     0
1070
     0
1070
     0
1070
     0
1071
        0
1070
     0
1070
     0
1070
     0
1070
     0
1070
     0
1070
     0
1070
     0
1070
     0
1070
     0
1070
     0
1070
     0
1071
        0
1070
     0
1070
     0
1070
     0
1070
     0
1070
     0
1070
     0
1070
     0
1070
     0
1070
     0
1070
     0
1070
     0
1071
        0
1070
     0
1070
     0
1070
     0
1070
     0
1070
     0
1070
     0
1070
     0
1070
     0
1070
     0
1070
     0
1070
     0
1071
        0
1070
     0
1070
     0
1070
     0
1070
     0
1070
     0
1070
     0
1070
     0
1070
     0
1070
     0
1070
     0
1070
     0
1071
        0
1070
     0
1070
     0
1070
     0
1070
     0
1070
     0
1070
     0
1070
     0
1070
     0
1070
     0
1070
     0
1070
     0
1071
        0
1070
     0
1070
     0
1070
     0
1070
     0
1070
     0
1070
     0
1070
     0
1070
     0
1070
     0
1070
     0
1070
     0
1071
        0
1070
     0
1070
     0
1070
     0
1070
     0
1070
     0
1070
     0
1070
     0
1070
     0
1070
     0
1070
     0
1070
     0
1071
        0
1070
     0
1070
     0
1070
     0
1070
     0
1070
     0
1070
     0
1070
     0
1070
     0
1070
     0
1070
     0
1070
     0
1071
        0
1070
     0
1070
     0
1070
     0
1070
     0
1070
     0
1070
     0
1070
     0
1070
     0
1070
     0
1070
     0
1070
     0
1071
        0
1070
     0
1070
     0
1070
     0
1070
     0
1070
     0
1070
     0
1070
     0
1070
     0
1070
     0
1070
     0
1070
     0
1071
        0
1070
     0
1070
     0
1070
     0
1070
     0
1070
     0
1070
     0
1070
     0
1070
     0
1070
     0
1070
     0
1070
     0
1071
        0
1070
     0
1070
     0
1070
     0
1070
     0
1070
     0
1070
     0
1070
     0
1070
     0
1070
     0
1070
     0
1070
     0
1071
        0
1070
     0
1070
     0
1070
     0
1070
     0
1070
     0
1070
     0
1070
     0
1070
     0
1070
     0
1070
     0
1070
     0
1071
        0
1070
     0
1070
     0
1070
     0
1070
     0
1070
     0
1070
     0
1070
     0
1070
     0
1070
     0
1070
     0
1070
     0
1071
        0
1070
     0
1070
     0
1070
     0
1070
     0
1070
     0
1070
     0
1070
     0
1070
     0
1070
     0
1070
     0
1070
     0
1071
        0
1070
     0
1070
     0
1070
     0
1070
     0
1070
     0
1070
     0
1070
     0
1070
     0
1070
     0
1070
     0
1070
     0
1071
        0
1070
     0
1070
     0
1070
     0
1070
     0
1070
     0
1070
     0
1070
     0
1070
     0
1070
     0
1070
     0
1070
     0
1071
        0
1070
     0
1070
     0
1070
     0
1070
     0
1070
     0
1070
     0
1070
     0
1070
     0
1070
     0
1070
     0
1070
     0
1071
        0
1070
     0
1070
     0
1070
     0
1070
     0
1070
     0
1070
     0
1070
     0
1070
     0
1070
     0
1070
     0
1070
     0
1071
        0
1070
     0
1070
     0
1070
     0
1070
     0
1070
     0
1070
     0
1070
     0
1070
     0
1070
     0
1070
     0
1070
     0
1071
        0
1070
     0
1070
     0
1070
     0
1070
     0
1070
     0
1070
     0
1070
     0
1070
     0
1070
     0
1070
     0
1070
     0
1071
        0
1070
     0
1070
     0
1070
     0
1070
     0
1070
     0
1070
     0
1070
     0
1070
     0
1070
     0
1070
     0
1070
     0
1071
        0
1070
     0
1070
     0
1070
     0
1070
     0
1070
     0
1070
     0
1070
     0
1070
     0
1070
     0
1070
     0
1070
     0
1071
        0
1070
     0
1070
     0
1070
     0
1070
     0
1070
     0
1070
     0
1070
     0
1070
     0
1070
     0
1070
     0
1070
     0
1071
        0
1070
     0
1070
     0
1070
     0
1070
     0
1070
     0
1070
     0
1070
     0
1070
     0
1070
     0
1070
     0
1070
     0
1071
        0
1070
     0
1070
     0
1070
     0
1070
     0
1070
     0
1070
     0
1070
     0
1070
     0
1070
     0
1070
     0
1070
     0
1071
        0
1070
     0
1070
     0
1070
     0
1070
     0
1070
     0
1070
     0
1070
     0
1070
     0
1070
     0
1070
     0
1070
     0
1071
        0
1070
     0
1070
     0
1070
     0
1070
     0
1070
     0
1070
     0
1070
     0
1070
     0
1070
     0
1070
     0
1070
     0
1071
        0
1070
     0
1070
     0
1070
     0
1070
     0
1070
     0
1070
     0
1070
     0
1070
     0
1070
     0
1070
     0
1070
     0
1071
        0
1070
     0
1070
     0
1070
     0
1070
     0
1070
     0
1070
     0
1070
     0
1070
     0
1070
     0
1070
     0
1070
     0
1071
        0
1070
     0
1070
     0
1070
     0
1070
     0
1070
     0
1070
     0
1070
     0
1070
     0
1070
     0
1070
     0
1070
     0
1071
        0
1070
     0
1070
     0
1070
     0
1070
     0
1070
     0
1070
     0
1070
     0
1070
     0
1070
     0
1070
     0
1070
     0
1071
        0
1070
     0
1070
     0
1070
     0
1070
     0
1070
     0
1070
     0
1070
     0
1070
     0
1070
     0
1070
     0
1070
     0
1071
        0
1070
     0
1070
     0
1070
     0
1070
     0
1070
     0
1070
     0
1070
     0
1070
     0
1070
     0
1070
     0
1070
     0
1071
        0
1070
     0
1070
     0
1070
     0
1070
     0
1070
     0
1070
     0
1070
     0
1070
     0
1070
     0
1070
     0
1070
     0
1071
        0
1070
     0
1070
     0
1070
     0
1070
     0
1070
     0
1070
     0
1070
     0
1070
     0
1070
     0
1070
     0
1070
     0
1071
        0
1070
     0
1070
     0
1070
     0
1070
     0
1070
     0
1070
     0
1070
     0
1070
     0
1070
     0
1070
     0
1070
     0
1071
        0
1070
     0
1070
     0
1070
     0
1070
     0
1070
     0
1070
     0
1070
     0
1070
     0
1070
     0
1070
     0
1070
     0
1071
        0
1070
     0
1070
     0
1070
     0
1070
     0
1070
     0
1070
     0
1070
     0
1070
     0
1070
     0
1070
     0
1070
     0
1071
        0
1070
     0
1070
     0
1070
     0
1070
     0
1070
     0
1070
     0
1070
     0
1070
     0
1070
     0
1070
     0
1070
     0
1071
        0
1070
     0
1070
     0
1070
     0
1070
     0
1070
     0
1070
     0
1070
     0
1070
     0
1070
     0
1070
     0
1070
     0
1071
        0
1070
     0
1070
     0
1070
     0
1070
     0
1070
     0
1070
     0
1070
     0
1070
     0
1070
     0
1070
     0
1070
     0
1071
        0
1070
     0
1070
     0
1070
     0
1070
     0
1070
     0
1070
     0
1070
     0
1070
     0
1070
     0
1070
     0
1070
     0
1071
        0
1070
     0
1070
     0
1070
     0
1070
     0
1070
     0
1070
     0
1070
     0
1070
     0
1070
     0
1070
     0
1070
     0
1071
        0
1070
     0
1070
     0
1070
     0
1070
     0
1070
     0
1070
     0
1070
     0
1070
     0
1070
     0
1070
     0
1070
     0
1071
        0
1070
     0
1070
     0
1070
     0
1070
     0
1070
     0
1070
     0
1070
     0
1070
     0
1070
     0
1070
     0
1070
     0
1071
        0
1070
     0
1070
     0
1070
     0
1070
     0
1070
     0
1070
     0
1070
     0
1070
     0
1070
     0
1070
     0
1070
     0
1071
        0
1070
     0
1070
     0
1070
     0
1070
     0
1070
     0
1070
     0
1070
     0
1070
     0
1070
     0
1070
     0
1070
     0
1071
        0
1070
     0
1070
     0
1070
     0
1070
     0
1070
     0
1070
     0
1070
     0
1070
     0
1070
     0
1070
     0
1070
     0
1071
        0
1070
     0
1070
     0
1070
     0
1070
     0
1070
     0
1070
     0
1070
     0
1070
     0
1070
     0
1070
     0
1070
     0
1071
        0
1070
     0
1070
     0
1070
     0
1070
     0
1070
     0
1070
     0
1070
     0
1070
     0
1070
     0
1070
     0
1070
     0
1071
        0
1070
     0
1070
     0
1070
     0
1070
     0
1070
     0
1070
     0
1070
     0
1070
     0
1070
     0
1070
     0
1070
     0
1071
        0
1070
     0
1070
     0
1070
     0
1070
     0
1070
     0
1070
     0
1070
     0
1070
     0
1070
     0
1070
     0
1070
     0
1071
        0
1070
     0
1070
     0
1070
     0
1070
     0
1070
     0
1070
     0
1070
     0
1070
     0
1070
     0
1070
     0
1070
     0
1071
        0
1070
     0
1070
     0
1070
     0
1070
     0
1070
     0
1070
     0
1070
     0
1070
     0
1070
     0
1070
     0
1070
     0
1071
        0
1070
     0
1070
     0
1070
     0
1070
     0
1070
     0
1070
     0
1070
     0
1070
     0
1070
     0
1070
     0
1070
     0
1071
        0
1070
     0
1070
     0
1070
     0
1070
     0
1070
     0
1070
     0
1070
     0
1070
     0
1070
     0
1070
     0
1070
     0
1071
        0
1070
     0
1070
     0
1070
     0
1070
     0
1070
     0
1070
     0
1070
     0
1070
     0
1070
     0
1070
     0
1070
     0
1071
        0
1070
     0
1070
     0
1070
     0
1070
     0
1070
     0
1070
     0
1070
     0
1070
     0
1070
     0
1070
     0
1070
     0
1071
        0
1070
     0
1070
     0
1070
     0
1070
     0
1070
     0
1070
     0
1070
     0
1070
     0
1070
     0
1070
     0
1070
     0
1071
        0
1070
     0
1070
     0
1070
     0
1070
     0
1070
     0
1070
     0
1070
     0
1070
     0
1070
     0
1070
     0
1070
     0
1071
        0
1070
     0
1070
     0
1070
     0
1070
     0
1070
     0
1070
     0
1070
     0
1070
     0
1070
     0
1070
     0
1070
     0
1071
        0
1070
     0
1070
     0
1070
     0
1070
     0
1070
     0
1070
     0
1070
     0
1070
     0
1070
     0
1070
     0
1070
     0
1071
        0
1070
     0
1070
     0
1070
     0
1070
     0
1070
     0
1070
     0
1070
     0
1070
     0
1070
     0
1070
     0
1070
     0
1071
        0
1070
     0
1070
     0
1070
     0
1070
     0
1070
     0
1070
     0
1070
     0
1070
     0
1070
     0
1070
     0
1070
     0
1071
        0
1070
     0
1070
     0
1070
     0
1070
     0
1070
     0
1070
     0
1070
     0
1070
     0
1070
     0
1070
     0
1070
     0
1071
        0
1070
     0
1070
     0
1070
     0
1070
     0
1070
     0
1070
     0
1070
     0
1070
     0
1070
     0
1070
     0
1070
     0
1071
        0
1070
     0
1070
     0
1070
     0
1070
     0
1070
     0
1070
     0
1070
     0
1070
     0
1070
     0
1070
     0
1070
     0
1071
        0
1070
     0
1070
     0
1070
     0
1070
     0
1070
     0
1070
     0
1070
     0
1070
     0
1070
     0
1070
     0
1070
     0
1071
        0
1070
     0
1070
     0
1070
     0
1070
     0
1070
     0
1070
     0
1070
     0
1070
     0
1070
     0
1070
     0
1070
     0
1071
        0
1070
     0
1070
     0
1070
     0
1070
     0
1070
     0
1070
     0
1070
     0
1070
     0
1070
     0
1070
     0
1070
     0
1071
        0
1070
     0
1070
     0
1070
     0
1070
     0
1070
     0
1070
     0
1070
     0
1070
     0
1070
     0
1070
     0
1070
     0
1071
        0
1070
     0
1070
     0
1070
     0
1070
     0
1070
     0
1070
     0
1070
     0
1070
     0
1070
     0
1070
     0
1070
     0
1071
        0
1070
     0
1070
     0
1070
     0
1070
     0
1070
     0
1070
     0
1070
     0
1070
     0
1070
     0
1070
     0
1070
     0
1071
        0
1070
     0
1070
     0
1070
     0
1070
     0
1070
     0
1070
     0
1070
     0
1070
     0
1070
     0
1070
     0
1070
     0
1071
        0
1070
     0
1070
     0
1070
     0
1070
     0
1070
     0
1070
     0
1070
     0
1070
     0
1070
     0
1070
     0
1070
     0
1071
        0
1070
     0
1070
     0
1070
     0
1070
     0
1070
     0
1070
     0
1070
     0
1070
     0
1070
     0
1070
     0
1070
     0
1071
        0
1070
     0
1070
     0
1070
     0
1070
     0
1070
     0
1070
     0
1070
     0
1070
     0
1070
     0
1070
     0
1070
     0
1071
        0
1070
     0
1070
     0
1070
     0
1070
     0
1070
     0
1070
     0
1070
     0
1070
     0
1070
     0
1070
     0
1070
     0
1071
        0
1070
     0
1070
     0
1070
     0
1070
     0
1070
     0
1070
     0
1070
     0
1070
     0
1070
     0
1070
     0
1070
     0
1071
        0
1070
     0
1070
     0
1070
     0
1070
     0
1070
     0
1070
     0
1070
     0
1070
     0
1070
     0
1070
     0
1070
     0
1071
        0
1070
     0
1070
     0
1070
     0
1070
     0
1070
     0
1070
     0
1070
     0
1070
     0
1070
     0
1070
     0
1070
     0
1071
        0
1070
     0
1070
     0
1070
     0
1070
     0
1070
     0
1070
     0
1070
     0
1070
     0
1070
     0
1070
     0
1070
     0
1071
        0
1070
     0
1070
     0
1070
     0
1070
     0
1070
     0
1070
     0
1070
     0
1070
     0
1070
     0
1070
     0
1070
     0
1071
        0
1070
     0
1070
     0
1070
     0
1070
     0
1070
     0
1070
     0
1070
     0
1070
     0
1070
     0
1070
     0
1070
     0
1071
        0
1070
     0
1070
     0
1070
     0
1070
     0
1070
     0
1070
     0
1070
     0
1070
     0
1070
     0
1070
     0
1070
     0
1071
        0
1070
     0
1070
     0
1070
     0
1070
     0
1070
     0
1070
     0
1070
     0
1070
     0
1070
     0
1070
     0
1070
     0
1071
        0
1070
     0
1070
     0
1070
     0
1070
     0
1070
     0
1070
     0
1070
     0
1070
     0
1070
     0
1070
     0
1070
     0
1071
        0
1070
     0
1070
     0
1070
     0
1070
     0
1070
     0
1070
     0
1070
     0
1070
     0
1070
     0
1070
     0
1070
     0
1071
        0
1070
     0
1070
     0
1070
     0
1070
     0
1070
     0
1070
     0
1070
     0
1070
     0
1070
     0
1070
     0
1070
     0
1071
        0
1070
     0
1070
     0
1070
     0
1070
     0
1070
     0
1070
     0
1070
     0
1070
     0
1070
     0
1070
     0
1070
     0
1071
        0
1070
     0
1070
     0
1070
     0
1070
     0
1070
     0
1070
     0
1070
     0
1070
     0
1070
     0
1070
     0
1070
     0
1071
        0
1070
     0
1070
     0
1070
     0
1070
     0
1070
     0
1070
     0
1070
     0
1070
     0
1070
     0
1070
     0
1070
     0
1071
        0
1070
     0
1070
     0
1070
     0
1070
     0
1070
     0
1070
     0
1070
     0
1070
     0
1070
     0
1070
     0
1070
     0
1071
        0
1070
     0
1070
     0
1070
     0
1070
     0
1070
     0
1070
     0
1070
     0
1070
     0
1070
     0
1070
     0
1070
     0
1071
        0
1070
     0
1070
     0
1070
     0
1070
     0
1070
     0
1070
     0
1070
     0
1070
     0
1070
     0
1070
     0
1070
     0
1071
        0
1070
     0
1070
     0
1070
     0
1070
     0
1070
     0
1070
     0
1070
     0
1070
     0
1070
     0
1070
     0
1070
     0
1071
        0
1070
     0
1070
     0
1070
     0
1070
     0
1070
     0
1070
     0
1070
     0
1070
     0
1070
     0
1070
     0
1070
     0
1071
        0
1070
     0
1070
     0
1070
     0
1070
     0
1070
     0
1070
     0
1070
     0
1070
     0
1070
     0
1070
     0
1070
     0
1071
        0
1070
     0
1070
     0
1070
     0
1070
     0
1070
     0
1070
     0
1070
     0
1070
     0
1070
     0
1070
     0
1070
     0
1071
        0
1070
     0
1070
     0
1070
     0
1070
     0
1070
     0
1070
     0
1070
     0
1070
     0
1070
     0
1070
     0
1070
     0
1071
        0
1070
     0
1070
     0
1070
     0
1070
     0
1070
     0
1070
     0
1070
     0
1070
     0
1070
     0
1070
     0
1070
     0
1071
        0
1070
     0
1070
     0
1070
     0
1070
     0
1070
     0
1070
     0
1070
     0
1070
     0
1070
     0
1070
     0
1070
     0
1071
        0
1070
     0
1070
     0
1070
     0
1070
     0
1070
     0
1070
     0
1070
     0
1070
     0
1070
     0
1070
     0
1070
     0
1071
        0
1070
     0
1070
     0
1070
     0
1070
     0
1070
     0
1070
     0
1070
     0
1070
     0
1070
     0
1070
     0
1070
     0
1071
        0
1070
     0
1070
     0
1070
     0
1070
     0
1070
     0
1070
     0
1070
     0
1070
     0
1070
     0
1070
     0
1070
     0
1071
        0
1070
     0
1070
     0
1070
     0
1070
     0
1070
     0
1070
     0
1070
     0
1070
     0
1070
     0
1070
     0
1070
     0
1071
        0
1070
     0
1070
     0
1070
     0
1070
     0
1070
     0
1070
     0
1070
     0
1070
     0
1070
     0
1070
     0
1070
     0
1071
        0
1070
     0
1070
     0
1070
     0
1070
     0
1070
     0
1070
     0
1070
     0
1070
     0
1070
     0
1070
     0
1070
     0
1071
        0
1070
     0
1070
     0
1070
     0
1070
     0
1070
     0
1070
     0
1070
     0
1070
     0
1070
     0
1070
     0
1070
     0
1071
        0
1070
     0
1070
     0
1070
     0
1070
     0
1070
     0
1070
     0
1070
     0
1070
     0
1070
     0
1070
     0
1070
     0
1071
        0
1070
     0
1070
     0
1070
     0
1070
     0
1070
     0
1070
     0
1070
     0
1070
     0
1070
     0
1070
     0
1070
     0
1071
        0
1070
     0
1070
     0
1070
     0
1070
     0
1070
     0
1070
     0
1070
     0
1070
     0
1070
     0
1070
     0
1070
     0
1071
        0
1070
     0
1070
     0
1070
     0
1070
     0
1070
     0
1070
     0
1070
     0
1070
     0
1070
     0
1070
     0
1070
     0
1071
        0
1070
     0
1070
     0
1070
     0
1070
     0
1070
     0
1070
     0
1070
     0
1070
     0
1070
     0
1070
     0
1070
     0
1071
        0
1070
     0
1070
     0
1070
     0
1070
     0
1070
     0
1070
     0
1070
     0
1070
     0
1070
     0
1070
     0
1070
     0
1071
        0
1070
     0
1070
     0
1070
     0
1070
     0
1070
     0
1070
     0
1070
     0
1070
     0
1070
     0
1070
     0
1070
     0
1071
        0
1070
     0
1070
     0
1070
     0
1070
     0
1070
     0
1070
     0
1070
     0
1070
     0
1070
     0
1070
     0
1070
     0
1071
        0
1070
     0
1070
     0
1070
     0
1070
     0
1070
     0
1070
     0
1070
     0
1070
     0
1070
     0
1070
     0
1070
     0
1071
        0
1070
     0
1070
     0
1070
     0
1070
     0
1070
     0
1070
     0
1070
     0
1070
     0
1070
     0
1070
     0
1070
     0
1071
        0
1070
     0
1070
     0
1070
     0
1070
     0
1070
     0
1070
     0
1070
     0
1070
     0
1070
     0
1070
     0
1070
     0
1071
        0
1070
     0
1070
     0
1070
     0
1070
     0
1070
     0
1070
     0
1070
     0
1070
     0
1070
     0
1070
     0
1070
     0
1071
        0
1070
     0
1070
     0
1070
     0
1070
     0
1070
     0
1070
     0
1070
     0
1070
     0
1070
     0
1070
     0
1070
     0
1071
        0
1070
     0
1070
     0
1070
     0
1070
     0
1070
     0
1070
     0
1070
     0
1070
     0
1070
     0
1070
     0
1070
     0
1071
        0
1070
     0
1070
     0
1070
     0
1070
     0
1070
     0
1070
     0
1070
     0
1070
     0
1070
     0
1070
     0
1070
     0
1071
        0
1070
     0
1070
     0
1070
     0
1070
     0
1070
     0
1070
     0
1070
     0
1070
     0
1070
     0
1070
     0
1070
     0
1071
        0
1070
     0
1070
     0
1070
     0
1070
     0
1070
     0
1070
     0
1070
     0
1070
     0
1070
     0
1070
     0
1070
     0
1071
        0
1070
     0
1070
     0
1070
     0
1070
     0
1070
     0
1070
     0
1070
     0
1070
     0
1070
     0
1070
     0
1070
     0
1071
        0
1070
     0
1070
     0
1070
     0
1070
     0
1070
     0
1070
     0
1070
     0
1070
     0
1070
     0
1070
     0
1070
     0
1071
        0
1070
     0
1070
     0
1070
     0
1070
     0
1070
     0
1070
     0
1070
     0
1070
     0
1070
     0
1070
     0
1070
     0
1071
        0
1070
     0
1070
     0
1070
     0
1070
     0
1070
     0
1070
     0
1070
     0
1070
     0
1070
     0
1070
     0
1070
     0
1071
        0
1070
     0
1070
     0
1070
     0
1070
     0
1070
     0
1070
     0
1070
     0
1070
     0
1070
     0
1070
     0
1070
     0
1071
        0
1070
     0
1070
     0
1070
     0
1070
     0
1070
     0
1070
     0
1070
     0
1070
     0
1070
     0
1070
     0
1070
     0
1071
        0
1070
     0
1070
     0
1070
     0
1070
     0
1070
     0
1070
     0
1070
     0
1070
     0
1070
     0
1070
     0
1070
     0
1071
        0
1070
     0
1070
     0
1070
     0
1070
     0
1070
     0
1070
     0
1070
     0
1070
     0
1070
     0
1070
     0
1070
     0
1071
        0
1070
     0
1070
     0
1070
     0
1070
     0
1070
     0
1070
     0
1070
     0
1070
     0
1070
     0
1070
     0
1070
     0
1071
        0
1070
     0
1070
     0
1070
     0
1070
     0
1070
     0
1070
     0
1070
     0
1070
     0
1070
     0
1070
     0
1070
     0
1071
        0
1070
     0
1070
     0
1070
     0
1070
     0
1070
     0
1070
     0
1070
     0
1070
     0
1070
     0
1070
     0
1070
     0
1071
        0
1070
     0
1070
     0
1070
     0
1070
     0
1070
     0
1070
     0
1070
     0
1070
     0
1070
     0
1070
     0
1070
     0
1071
        0
1070
     0
1070
     0
1070
     0
1070
     0
1070
     0
1070
     0
1070
     0
1070
     0
1070
     0
1070
     0
1070
     0
1071
        0
1070
     0
1070
     0
1070
     0
1070
     0
1070
     0
1070
     0
1070
     0
1070
     0
1070
     0
1070
     0
1070
     0
1071
        0
1070
     0
1070
     0
1070
     0
1070
     0
1070
     0
1070
     0
1070
     0
1070
     0
1070
     0
1070
     0
1070
     0
1071
        0
1070
     0
1070
     0
1070
     0
1070
     0
1070
     0
1070
     0
1070
     0
1070
     0
1070
     0
1070
     0
1070
     0
1071
        0
1070
     0
1070
     0
1070
     0
1070
     0
1070
     0
1070
     0
1070
     0
1070
     0
1070
     0
1070
     0
1070
     0
1071
        0
1070
     0
1070
     0
1070
     0
1070
     0
1070
     0
1070
     0
1070
     0
1070
     0
1070
     0
1070
     0
1070
     0
1071
        0
1070
     0
1070
     0
1070
     0
1070
     0
1070
     0
1070
     0
1070
     0
1070
     0
1070
     0
1070
     0
1070
     0
1071
        0
1070
     0
1070
     0
1070
     0
1070
     0
1070
     0
1070
     0
1070
     0
1070
     0
1070
     0
1070
     0
1070
     0
1071
        0
1070
     0
1070
     0
1070
     0
1070
     0
1070
     0
1070
     0
1070
     0
1070
     0
1070
     0
1070
     0
1070
     0
1071
        0
1070
     0
1070
     0
1070
     0
1070
     0
1070
     0
1070
     0
1070
     0
1070
     0
1070
     0
1070
     0
1070
     0
1071
        0
1070
     0
1070
     0
1070
     0
1070
     0
1070
     0
1070
     0
1070
     0
1070
     0
1070
     0
1070
     0
1070
     0
1071
        0
1070
     0
1070
     0
1070
     0
1070
     0
1070
     0
1070
     0
1070
     0
1070
     0
1070
     0
1070
     0
1070
     0
1071
        0
1070
     0
1070
     0
1070
     0
1070
     0
1070
     0
1070
     0
1070
     0
1070
     0
1070
     0
1070
     0
1070
     0
1071
        0
1070
     0
1070
     0
1070
     0
1070
     0
1070
     0
1070
     0
1070
     0
1070
     0
1070
     0
1070
     0
1070
     0
1071
        0
1070
     0
1070
     0
1070
     0
1070
     0
1070
     0
1070
     0
1070
     0
1070
     0
1070
     0
1070
     0
1070
     0
1071
        0
1070
     0
1070
     0
1070
     0
1070
     0
1070
     0
1070
     0
1070
     0
1070
     0
1070
     0
1070
     0
1070
     0
1071
        0
1070
     0
1070
     0
1070
     0
1070
     0
1070
     0
1070
     0
1070
     0
1070
     0
1070
     0
1070
     0
1070
     0
1071
        0
1070
     0
1070
     0
1070
     0
1070
     0
1070
     0
1070
     0
1070
     0
1070
     0
1070
     0
1070
     0
1070
     0
1071
        0
1070
     0
1070
     0
1070
     0
1070
     0
1070
     0
1070
     0
1070
     0
1070
     0
1070
     0
1070
     0
1070
     0
1071
        0
1070
     0
1070
     0
1070
     0
1070
     0
1070
     0
1070
     0
1070
     0
1070
     0
1070
     0
1070
     0
1070
     0
1071
        0
1070
     0
1070
     0
1070
     0
1070
     0
1070
     0
1070
     0
1070
     0
1070
     0
1070
     0
1070
     0
1070
     0
1071
        0
1070
     0
1070
     0
1070
     0
1070
     0
1070
     0
1070
     0
1070
     0
1070
     0
1070
     0
1070
     0
1070
     0
1071
        0
1070
     0
1070
     0
1070
     0
1070
     0
1070
     0
1070
     0
1070
     0
1070
     0
1070
     0
1070
     0
1070
     0
1071
        0
1070
     0
1070
     0
1070
     0
1070
     0
1070
     0
1070
     0
1070
     0
1070
     0
1070
     0
1070
     0
1070
     0
1071
        0
1070
     0
1070
     0
1070
     0
1070
     0
1070
     0
1070
     0
1070
     0
1070
     0
1070
     0
1070
     0
1070
     0
1071
        0
1070
     0
1070
     0
1070
     0
1070
     0
1070
     0
1070
     0
1070
     0
1070
     0
1070
     0
1070
     0
1070
     0
1071
        0
1070
     0
1070
     0
1070
     0
1070
     0
1070
     0
1070
     0
1070
     0
1070
     0
1070
     0
1070
     0
1070
     0
1071
        0
1070
     0
1070
     0
1070
     0
1070
     0
1070
     0
1070
     0
1070
     0
1070
     0
1070
     0
1070
     0
1070
     0
1071
        0
1070
     0
1070
     0
1070
     0
1070
     0
1070
     0
1070
     0
1070
     0
1070
     0
1070
     0
1070
     0
1070
     0
1071
        0
1070
     0
1070
     0
1070
     0
1070
     0
1070
     0
1070
     0
1070
     0
1070
     0
1070
     0
1070
     0
1070
     0
1071
        0
1070
     0
1070
     0
1070
     0
1070
     0
1070
     0
1070
     0
1070
     0
1070
     0
1070
     0
1070
     0
1070
     0
1071
        0
1070
     0
1070
     0
1070
     0
1070
     0
1070
     0
1070
     0
1070
     0
1070
     0
1070
     0
1070
     0
1070
     0
1071
        0
1070
     0
1070
     0
1070
     0
1070
     0
1070
     0
1070
     0
1070
     0
1070
     0
1070
     0
1070
     0
1070
     0
1071
        0
1070
     0
1070
     0
1070
     0
1070
     0
1070
     0
1070
     0
1070
     0
1070
     0
1070
     0
1070
     0
1070
     0
1071
        0
1070
     0
1070
     0
1070
     0
1070
     0
1070
     0
1070
     0
1070
     0
1070
     0
1070
     0
1070
     0
1070
     0
1071
        0
1070
     0
1070
     0
1070
     0
1070
     0
1070
     0
1070
     0
1070
     0
1070
     0
1070
     0
1070
     0
1070
     0
1071
        0
1070
     0
1070
     0
1070
     0
1070
     0
1070
     0
1070
     0
1070
     0
1070
     0
1070
     0
1070
     0
1070
     0
1071
        0
1070
     0
1070
     0
1070
     0
1070
     0
1070
     0
1070
     0
1070
     0
1070
     0
1070
     0
1070
     0
1070
     0
1071
        0
1070
     0
1070
     0
1070
     0
1070
     0
1070
     0
1070
     0
1070
     0
1070
     0
1070
     0
1070
     0
1070
     0
1071
        0
1070
     0
1070
     0
1070
     0
1070
     0
1070
     0
1070
     0
1070
     0
1070
     0
1070
     0
1070
     0
1070
     0
1071
        0
1070
     0
1070
     0
1070
     0
1070
     0
1070
     0
1070
     0
1070
     0
1070
     0
1070
     0
1070
     0
1070
     0
1071
        0
1070
     0
1070
     0
1070
     0
1070
     0
1070
     0
1070
     0
1070
     0
1070
     0
1070
     0
1070
     0
1070
     0
1071
        0
1070
     0
1070
     0
1070
     0
1070
     0
1070
     0
1070
     0
1070
     0
1070
     0
1070
     0
1070
     0
1070
     0
1071
        0
1070
     0
1070
     0
1070
     0
1070
     0
1070
     0
1070
     0
1070
     0
1070
     0
1070
     0
1070
     0
1070
     0
1071
        0
1070
     0
1070
     0
1070
     0
1070
     0
1070
     0
1070
     0
1070
     0
1070
     0
1070
     0
1070
     0
1070
     0
1071
        0
1070
     0
1070
     0
1070
     0
1070
     0
1070
     0
1070
     0
1070
     0
1070
     0
1070
     0
1070
     0
1070
     0
1071
        0
1070
     0
1070
     0
1070
     0
1070
     0
1070
     0
1070
     0
1070
     0
1070
     0
1070
     0
1070
     0
1070
     0
1071
        0
1070
     0
1070
     0
1070
     0
1070
     0
1070
     0
1070
     0
1070
     0
1070
     0
1070
     0
1070
     0
1070
     0
1071
        0
1070
     0
1070
     0
1070
     0
1070
     0
1070
     0
1070
     0
1070
     0
1070
     0
1070
     0
1070
     0
1070
     0
1071
        0
1070
     0
1070
     0
1070
     0
1070
     0
1070
     0
1070
     0
1070
     0
1070
     0
1070
     0
1070
     0
1070
     0
1071
        0
1070
     0
1070
     0
1070
     0
1070
     0
1070
     0
1070
     0
1070
     0
1070
     0
1070
     0
1070
     0
1070
     0
1071
        0
1070
     0
1070
     0
1070
     0
1070
     0
1070
     0
1070
     0
1070
     0
1070
     0
1070
     0
1070
     0
1070
     0
1071
        0
1070
     0
1070
     0
1070
     0
1070
     0
1070
     0
1070
     0
1070
     0
1070
     0
1070
     0
1070
     0
1070
     0
1071
        0
1070
     0
1070
     0
1070
     0
1070
     0
1070
     0
1070
     0
1070
     0
1070
     0
1070
     0
1070
     0
1070
     0
1071
        0
1070
     0
1070
     0
1070
     0
1070
     0
1070
     0
1070
     0
1070
     0
1070
     0
1070
     0
1070
     0
1070
     0
1071
        0
1070
     0
1070
     0
1070
     0
1070
     0
1070
     0
1070
     0
1070
     0
1070
     0
1070
     0
1070
     0
1070
     0
1071
        0
1070
     0
1070
     0
1070
     0
1070
     0
1070
     0
1070
     0
1070
     0
1070
     0
1070
     0
1070
     0
1070
     0
1071
        0
1070
     0
1070
     0
1070
     0
1070
     0
1070
     0
1070
     0
1070
     0
1070
     0
1070
     0
1070
     0
1070
     0
1071
        0
1070
     0
1070
     0
1070
     0
1070
     0
1070
     0
1070
     0
1070
     0
1070
     0
1070
     0
1070
     0
1070
     0
1071
        0
1070
     0
1070
     0
1070
     0
1070
     0
1070
     0
1070
     0
1070
     0
1070
     0
1070
     0
1070
     0
1070
     0
1071
        0
1070
     0
1070
     0
1070
     0
1070
     0
1070
     0
1070
     0
1070
     0
1070
     0
1070
     0
1070
     0
1070
     0
1071
        0
1070
     0
1070
     0
1070
     0
1070
     0
1070
     0
1070
     0
1070
     0
1070
     0
1070
     0
1070
     0
1070
     0
1071
        0
1070
     0
1070
     0
1070
     0
1070
     0
1070
     0
1070
     0
1070
     0
1070
     0
1070
     0
1070
     0
1070
     0
1071
        0
1070
     0
1070
     0
1070
     0
1070
     0
1070
     0
1070
     0
1070
     0
1070
     0
1070
     0
1070
     0
1070
     0
1071
        0
1070
     0
1070
     0
1070
     0
1070
     0
1070
     0
1070
     0
1070
     0
1070
     0
1070
     0
1070
     0
1070
     0
1071
        0
1070
     0
1070
     0
1070
     0
1070
     0
1070
     0
1070
     0
1070
     0
1070
     0
1070
     0
1070
     0
1070
     0
1071
        0
1070
     0
1070
     0
1070
     0
1070
     0
1070
     0
1070
     0
1070
     0
1070
     0
1070
     0
1070
     0
1070
     0
1071
        0
1070
     0
1070
     0
1070
     0
1070
     0
1070
     0
1070
     0
1070
     0
1070
     0
1070
     0
1070
     0
1070
     0
1071
        0
1070
     0
1070
     0
1070
     0
1070
     0
1070
     0
1070
     0
1070
     0
1070
     0
1070
     0
1070
     0
1070
     0
1071
        0
1070
     0
1070
     0
1070
     0
1070
     0
1070
     0
1070
     0
1070
     0
1070
     0
1070
     0
1070
     0
1070
     0
1071
        0
1070
     0
1070
     0
1070
     0
1070
     0
1070
     0
1070
     0
1070
     0
1070
     0
1070
     0
1070
     0
1070
     0
1071
        0
1070
     0
1070
     0
1070
     0
1070
     0
1070
     0
1070
     0
1070
     0
1070
     0
1070
     0
1070
     0
1070
     0
1071
        0
1070
     0
1070
     0
1070
     0
1070
     0
1070
     0
1070
     0
1070
     0
1070
     0
1070
     0
1070
     0
  0
TEXT
  5
79F
330
1F
100
AcDbEntity
  8
COLUMN_TEXT__BM_
100
AcDbText
 39
0.0463826642588751
 10
2696.442776141891
 20
990.5119850061553
 30
-0.0000000082728956
 40
0.2
  1
C04
  7
NAME
100
AcDbText
  0
ELLIPSE
  5
7A0
330
1F
100
AcDbEntity
  8
COLUMN_TEXT_BOX__BM_
100
AcDbEllipse
 10
2696.70388760356
 20
990.6114540537362
 30
0.0
 11
-0.3141047421322583
 21
0.0
 31
0.0
210
0.0
220
0.0
230
1.0
 40
0.4476558537982991
 41
0.0
 42
6.283185307179586
1001
ACAD_OBJECT_CHANGE_GUID
1070
     0
1071
        0
1070
     0
1070
     0
1070
     0
1070
     0
1070
     0
1070
     0
1070
     0
1070
     0
1070
     0
1070
     0
1070
     0
1071
        0
1070
     0
1070
     0
1070
     0
1070
     0
1070
     0
1070
     0
1070
     0
1070
     0
1070
     0
1070
     0
1070
     0
1071
        0
1070
     0
1070
     0
1070
     0
1070
     0
1070
     0
1070
     0
1070
     0
1070
     0
1070
     0
1070
     0
1070
     0
1071
        0
1070
     0
1070
     0
1070
     0
1070
     0
1070
     0
1070
     0
1070
     0
1070
     0
1070
     0
1070
     0
1070
     0
1071
        0
1070
     0
1070
     0
1070
     0
1070
     0
1070
     0
1070
     0
1070
     0
1070
     0
1070
     0
1070
     0
1070
     0
1071
        0
1070
     0
1070
     0
1070
     0
1070
     0
1070
     0
1070
     0
1070
     0
1070
     0
1070
     0
1070
     0
1070
     0
1071
        0
1070
     0
1070
     0
1070
     0
1070
     0
1070
     0
1070
     0
1070
     0
1070
     0
1070
     0
1070
     0
1070
     0
1071
        0
1070
     0
1070
     0
1070
     0
1070
     0
1070
     0
1070
     0
1070
     0
1070
     0
1070
     0
1070
     0
1070
     0
1071
        0
1070
     0
1070
     0
1070
     0
1070
     0
1070
     0
1070
     0
1070
     0
1070
     0
1070
     0
1070
     0
1070
     0
1071
        0
1070
     0
1070
     0
1070
     0
1070
     0
1070
     0
1070
     0
1070
     0
1070
     0
1070
     0
1070
     0
1070
     0
1071
        0
1070
     0
1070
     0
1070
     0
1070
     0
1070
     0
1070
     0
1070
     0
1070
     0
1070
     0
1070
     0
1070
     0
1071
        0
1070
     0
1070
     0
1070
     0
1070
     0
1070
     0
1070
     0
1070
     0
1070
     0
1070
     0
1070
     0
1070
     0
1071
        0
1070
     0
1070
     0
1070
     0
1070
     0
1070
     0
1070
     0
1070
     0
1070
     0
1070
     0
1070
     0
1070
     0
1071
        0
1070
     0
1070
     0
1070
     0
1070
     0
1070
     0
1070
     0
1070
     0
1070
     0
1070
     0
1070
     0
1070
     0
1071
        0
1070
     0
1070
     0
1070
     0
1070
     0
1070
     0
1070
     0
1070
     0
1070
     0
1070
     0
1070
     0
1070
     0
1071
        0
1070
     0
1070
     0
1070
     0
1070
     0
1070
     0
1070
     0
1070
     0
1070
     0
1070
     0
1070
     0
1070
     0
1071
        0
1070
     0
1070
     0
1070
     0
1070
     0
1070
     0
1070
     0
1070
     0
1070
     0
1070
     0
1070
     0
1070
     0
1071
        0
1070
     0
1070
     0
1070
     0
1070
     0
1070
     0
1070
     0
1070
     0
1070
     0
1070
     0
1070
     0
1070
     0
1071
        0
1070
     0
1070
     0
1070
     0
1070
     0
1070
     0
1070
     0
1070
     0
1070
     0
1070
     0
1070
     0
1070
     0
1071
        0
1070
     0
1070
     0
1070
     0
1070
     0
1070
     0
1070
     0
1070
     0
1070
     0
1070
     0
1070
     0
1070
     0
1071
        0
1070
     0
1070
     0
1070
     0
1070
     0
1070
     0
1070
     0
1070
     0
1070
     0
1070
     0
1070
     0
1070
     0
1071
        0
1070
     0
1070
     0
1070
     0
1070
     0
1070
     0
1070
     0
1070
     0
1070
     0
1070
     0
1070
     0
1070
     0
1071
        0
1070
     0
1070
     0
1070
     0
1070
     0
1070
     0
1070
     0
1070
     0
1070
     0
1070
     0
1070
     0
1070
     0
1071
        0
1070
     0
1070
     0
1070
     0
1070
     0
1070
     0
1070
     0
1070
     0
1070
     0
1070
     0
1070
     0
1070
     0
1071
        0
1070
     0
1070
     0
1070
     0
1070
     0
1070
     0
1070
     0
1070
     0
1070
     0
1070
     0
1070
     0
1070
     0
1071
        0
1070
     0
1070
     0
1070
     0
1070
     0
1070
     0
1070
     0
1070
     0
1070
     0
1070
     0
1070
     0
1070
     0
1071
        0
1070
     0
1070
     0
1070
     0
1070
     0
1070
     0
1070
     0
1070
     0
1070
     0
1070
     0
1070
     0
1070
     0
1071
        0
1070
     0
1070
     0
1070
     0
1070
     0
1070
     0
1070
     0
1070
     0
1070
     0
1070
     0
1070
     0
1070
     0
1071
        0
1070
     0
1070
     0
1070
     0
1070
     0
1070
     0
1070
     0
1070
     0
1070
     0
1070
     0
1070
     0
1070
     0
1071
        0
1070
     0
1070
     0
1070
     0
1070
     0
1070
     0
1070
     0
1070
     0
1070
     0
1070
     0
1070
     0
1070
     0
1071
        0
1070
     0
1070
     0
1070
     0
1070
     0
1070
     0
1070
     0
1070
     0
1070
     0
1070
     0
1070
     0
1070
     0
1071
        0
1070
     0
1070
     0
1070
     0
1070
     0
1070
     0
1070
     0
1070
     0
1070
     0
1070
     0
1070
     0
1070
     0
1071
        0
1070
     0
1070
     0
1070
     0
1070
     0
1070
     0
1070
     0
1070
     0
1070
     0
1070
     0
1070
     0
1070
     0
1071
        0
1070
     0
1070
     0
1070
     0
1070
     0
1070
     0
1070
     0
1070
     0
1070
     0
1070
     0
1070
     0
1070
     0
1071
        0
1070
     0
1070
     0
1070
     0
1070
     0
1070
     0
1070
     0
1070
     0
1070
     0
1070
     0
1070
     0
1070
     0
1071
        0
1070
     0
1070
     0
1070
     0
1070
     0
1070
     0
1070
     0
1070
     0
1070
     0
1070
     0
1070
     0
1070
     0
1071
        0
1070
     0
1070
     0
1070
     0
1070
     0
1070
     0
1070
     0
1070
     0
1070
     0
1070
     0
1070
     0
1070
     0
1071
        0
1070
     0
1070
     0
1070
     0
1070
     0
1070
     0
1070
     0
1070
     0
1070
     0
1070
     0
1070
     0
1070
     0
1071
        0
1070
     0
1070
     0
1070
     0
1070
     0
1070
     0
1070
     0
1070
     0
1070
     0
1070
     0
1070
     0
1070
     0
1071
        0
1070
     0
1070
     0
1070
     0
1070
     0
1070
     0
1070
     0
1070
     0
1070
     0
1070
     0
1070
     0
1070
     0
1071
        0
1070
     0
1070
     0
1070
     0
1070
     0
1070
     0
1070
     0
1070
     0
1070
     0
1070
     0
1070
     0
1070
     0
1071
        0
1070
     0
1070
     0
1070
     0
1070
     0
1070
     0
1070
     0
1070
     0
1070
     0
1070
     0
1070
     0
1070
     0
1071
        0
1070
     0
1070
     0
1070
     0
1070
     0
1070
     0
1070
     0
1070
     0
1070
     0
1070
     0
1070
     0
1070
     0
1071
        0
1070
     0
1070
     0
1070
     0
1070
     0
1070
     0
1070
     0
1070
     0
1070
     0
1070
     0
1070
     0
1070
     0
1071
        0
1070
     0
1070
     0
1070
     0
1070
     0
1070
     0
1070
     0
1070
     0
1070
     0
1070
     0
1070
     0
1070
     0
1071
        0
1070
     0
1070
     0
1070
     0
1070
     0
1070
     0
1070
     0
1070
     0
1070
     0
1070
     0
1070
     0
1070
     0
1071
        0
1070
     0
1070
     0
1070
     0
1070
     0
1070
     0
1070
     0
1070
     0
1070
     0
1070
     0
1070
     0
1070
     0
1071
        0
1070
     0
1070
     0
1070
     0
1070
     0
1070
     0
1070
     0
1070
     0
1070
     0
1070
     0
1070
     0
1070
     0
1071
        0
1070
     0
1070
     0
1070
     0
1070
     0
1070
     0
1070
     0
1070
     0
1070
     0
1070
     0
1070
     0
1070
     0
1071
        0
1070
     0
1070
     0
1070
     0
1070
     0
1070
     0
1070
     0
1070
     0
1070
     0
1070
     0
1070
     0
1070
     0
1071
        0
1070
     0
1070
     0
1070
     0
1070
     0
1070
     0
1070
     0
1070
     0
1070
     0
1070
     0
1070
     0
1070
     0
1071
        0
1070
     0
1070
     0
1070
     0
1070
     0
1070
     0
1070
     0
1070
     0
1070
     0
1070
     0
1070
     0
1070
     0
1071
        0
1070
     0
1070
     0
1070
     0
1070
     0
1070
     0
1070
     0
1070
     0
1070
     0
1070
     0
1070
     0
1070
     0
1071
        0
1070
     0
1070
     0
1070
     0
1070
     0
1070
     0
1070
     0
1070
     0
1070
     0
1070
     0
1070
     0
1070
     0
1071
        0
1070
     0
1070
     0
1070
     0
1070
     0
1070
     0
1070
     0
1070
     0
1070
     0
1070
     0
1070
     0
1070
     0
1071
        0
1070
     0
1070
     0
1070
     0
1070
     0
1070
     0
1070
     0
1070
     0
1070
     0
1070
     0
1070
     0
1070
     0
1071
        0
1070
     0
1070
     0
1070
     0
1070
     0
1070
     0
1070
     0
1070
     0
1070
     0
1070
     0
1070
     0
1070
     0
1071
        0
1070
     0
1070
     0
1070
     0
1070
     0
1070
     0
1070
     0
1070
     0
1070
     0
1070
     0
1070
     0
1070
     0
1071
        0
1070
     0
1070
     0
1070
     0
1070
     0
1070
     0
1070
     0
1070
     0
1070
     0
1070
     0
1070
     0
1070
     0
1071
        0
1070
     0
1070
     0
1070
     0
1070
     0
1070
     0
1070
     0
1070
     0
1070
     0
1070
     0
1070
     0
1070
     0
1071
        0
1070
     0
1070
     0
1070
     0
1070
     0
1070
     0
1070
     0
1070
     0
1070
     0
1070
     0
1070
     0
1070
     0
1071
        0
1070
     0
1070
     0
1070
     0
1070
     0
1070
     0
1070
     0
1070
     0
1070
     0
1070
     0
1070
     0
1070
     0
1071
        0
1070
     0
1070
     0
1070
     0
1070
     0
1070
     0
1070
     0
1070
     0
1070
     0
1070
     0
1070
     0
1070
     0
1071
        0
1070
     0
1070
     0
1070
     0
1070
     0
1070
     0
1070
     0
1070
     0
1070
     0
1070
     0
1070
     0
1070
     0
1071
        0
1070
     0
1070
     0
1070
     0
1070
     0
1070
     0
1070
     0
1070
     0
1070
     0
1070
     0
1070
     0
1070
     0
1071
        0
1070
     0
1070
     0
1070
     0
1070
     0
1070
     0
1070
     0
1070
     0
1070
     0
1070
     0
1070
     0
1070
     0
1071
        0
1070
     0
1070
     0
1070
     0
1070
     0
1070
     0
1070
     0
1070
     0
1070
     0
1070
     0
1070
     0
1070
     0
1071
        0
1070
     0
1070
     0
1070
     0
1070
     0
1070
     0
1070
     0
1070
     0
1070
     0
1070
     0
1070
     0
1070
     0
1071
        0
1070
     0
1070
     0
1070
     0
1070
     0
1070
     0
1070
     0
1070
     0
1070
     0
1070
     0
1070
     0
1070
     0
1071
        0
1070
     0
1070
     0
1070
     0
1070
     0
1070
     0
1070
     0
1070
     0
1070
     0
1070
     0
1070
     0
1070
     0
1071
        0
1070
     0
1070
     0
1070
     0
1070
     0
1070
     0
1070
     0
1070
     0
1070
     0
1070
     0
1070
     0
1070
     0
1071
        0
1070
     0
1070
     0
1070
     0
1070
     0
1070
     0
1070
     0
1070
     0
1070
     0
1070
     0
1070
     0
1070
     0
1071
        0
1070
     0
1070
     0
1070
     0
1070
     0
1070
     0
1070
     0
1070
     0
1070
     0
1070
     0
1070
     0
1070
     0
1071
        0
1070
     0
1070
     0
1070
     0
1070
     0
1070
     0
1070
     0
1070
     0
1070
     0
1070
     0
1070
     0
1070
     0
1071
        0
1070
     0
1070
     0
1070
     0
1070
     0
1070
     0
1070
     0
1070
     0
1070
     0
1070
     0
1070
     0
1070
     0
1071
        0
1070
     0
1070
     0
1070
     0
1070
     0
1070
     0
1070
     0
1070
     0
1070
     0
1070
     0
1070
     0
1070
     0
1071
        0
1070
     0
1070
     0
1070
     0
1070
     0
1070
     0
1070
     0
1070
     0
1070
     0
1070
     0
1070
     0
1070
     0
1071
        0
1070
     0
1070
     0
1070
     0
1070
     0
1070
     0
1070
     0
1070
     0
1070
     0
1070
     0
1070
     0
1070
     0
1071
        0
1070
     0
1070
     0
1070
     0
1070
     0
1070
     0
1070
     0
1070
     0
1070
     0
1070
     0
1070
     0
1070
     0
1071
        0
1070
     0
1070
     0
1070
     0
1070
     0
1070
     0
1070
     0
1070
     0
1070
     0
1070
     0
1070
     0
1070
     0
1071
        0
1070
     0
1070
     0
1070
     0
1070
     0
1070
     0
1070
     0
1070
     0
1070
     0
1070
     0
1070
     0
1070
     0
1071
        0
1070
     0
1070
     0
1070
     0
1070
     0
1070
     0
1070
     0
1070
     0
1070
     0
1070
     0
1070
     0
1070
     0
1071
        0
1070
     0
1070
     0
1070
     0
1070
     0
1070
     0
1070
     0
1070
     0
1070
     0
1070
     0
1070
     0
1070
     0
1071
        0
1070
     0
1070
     0
1070
     0
1070
     0
1070
     0
1070
     0
1070
     0
1070
     0
1070
     0
1070
     0
1070
     0
1071
        0
1070
     0
1070
     0
1070
     0
1070
     0
1070
     0
1070
     0
1070
     0
1070
     0
1070
     0
1070
     0
1070
     0
1071
        0
1070
     0
1070
     0
1070
     0
1070
     0
1070
     0
1070
     0
1070
     0
1070
     0
1070
     0
1070
     0
1070
     0
1071
        0
1070
     0
1070
     0
1070
     0
1070
     0
1070
     0
1070
     0
1070
     0
1070
     0
1070
     0
1070
     0
1070
     0
1071
        0
1070
     0
1070
     0
1070
     0
1070
     0
1070
     0
1070
     0
1070
     0
1070
     0
1070
     0
1070
     0
1070
     0
1071
        0
1070
     0
1070
     0
1070
     0
1070
     0
1070
     0
1070
     0
1070
     0
1070
     0
1070
     0
1070
     0
1070
     0
1071
        0
1070
     0
1070
     0
1070
     0
1070
     0
1070
     0
1070
     0
1070
     0
1070
     0
1070
     0
1070
     0
1070
     0
1071
        0
1070
     0
1070
     0
1070
     0
1070
     0
1070
     0
1070
     0
1070
     0
1070
     0
1070
     0
1070
     0
1070
     0
1071
        0
1070
     0
1070
     0
1070
     0
1070
     0
1070
     0
1070
     0
1070
     0
1070
     0
1070
     0
1070
     0
1070
     0
1071
        0
1070
     0
1070
     0
1070
     0
1070
     0
1070
     0
1070
     0
1070
     0
1070
     0
1070
     0
1070
     0
1070
     0
1071
        0
1070
     0
1070
     0
1070
     0
1070
     0
1070
     0
1070
     0
1070
     0
1070
     0
1070
     0
1070
     0
1070
     0
1071
        0
1070
     0
1070
     0
1070
     0
1070
     0
1070
     0
1070
     0
1070
     0
1070
     0
1070
     0
1070
     0
1070
     0
1071
        0
1070
     0
1070
     0
1070
     0
1070
     0
1070
     0
1070
     0
1070
     0
1070
     0
1070
     0
1070
     0
1070
     0
1071
        0
1070
     0
1070
     0
1070
     0
1070
     0
1070
     0
1070
     0
1070
     0
1070
     0
1070
     0
1070
     0
1070
     0
1071
        0
1070
     0
1070
     0
1070
     0
1070
     0
1070
     0
1070
     0
1070
     0
1070
     0
1070
     0
1070
     0
1070
     0
1071
        0
1070
     0
1070
     0
1070
     0
1070
     0
1070
     0
1070
     0
1070
     0
1070
     0
1070
     0
1070
     0
1070
     0
1071
        0
1070
     0
1070
     0
1070
     0
1070
     0
1070
     0
1070
     0
1070
     0
1070
     0
1070
     0
1070
     0
1070
     0
1071
        0
1070
     0
1070
     0
1070
     0
1070
     0
1070
     0
1070
     0
1070
     0
1070
     0
1070
     0
1070
     0
1070
     0
1071
        0
1070
     0
1070
     0
1070
     0
1070
     0
1070
     0
1070
     0
1070
     0
1070
     0
1070
     0
1070
     0
1070
     0
1071
        0
1070
     0
1070
     0
1070
     0
1070
     0
1070
     0
1070
     0
1070
     0
1070
     0
1070
     0
1070
     0
1070
     0
1071
        0
1070
     0
1070
     0
1070
     0
1070
     0
1070
     0
1070
     0
1070
     0
1070
     0
1070
     0
1070
     0
1070
     0
1071
        0
1070
     0
1070
     0
1070
     0
1070
     0
1070
     0
1070
     0
1070
     0
1070
     0
1070
     0
1070
     0
1070
     0
1071
        0
1070
     0
1070
     0
1070
     0
1070
     0
1070
     0
1070
     0
1070
     0
1070
     0
1070
     0
1070
     0
1070
     0
1071
        0
1070
     0
1070
     0
1070
     0
1070
     0
1070
     0
1070
     0
1070
     0
1070
     0
1070
     0
1070
     0
1070
     0
1071
        0
1070
     0
1070
     0
1070
     0
1070
     0
1070
     0
1070
     0
1070
     0
1070
     0
1070
     0
1070
     0
1070
     0
1071
        0
1070
     0
1070
     0
1070
     0
1070
     0
1070
     0
1070
     0
1070
     0
1070
     0
1070
     0
1070
     0
1070
     0
1071
        0
1070
     0
1070
     0
1070
     0
1070
     0
1070
     0
1070
     0
1070
     0
1070
     0
1070
     0
1070
     0
1070
     0
1071
        0
1070
     0
1070
     0
1070
     0
1070
     0
1070
     0
1070
     0
1070
     0
1070
     0
1070
     0
1070
     0
1070
     0
1071
        0
1070
     0
1070
     0
1070
     0
1070
     0
1070
     0
1070
     0
1070
     0
1070
     0
1070
     0
1070
     0
1070
     0
1071
        0
1070
     0
1070
     0
1070
     0
1070
     0
1070
     0
1070
     0
1070
     0
1070
     0
1070
     0
1070
     0
1070
     0
1071
        0
1070
     0
1070
     0
1070
     0
1070
     0
1070
     0
1070
     0
1070
     0
1070
     0
1070
     0
1070
     0
1070
     0
1071
        0
1070
     0
1070
     0
1070
     0
1070
     0
1070
     0
1070
     0
1070
     0
1070
     0
1070
     0
1070
     0
1070
     0
1071
        0
1070
     0
1070
     0
1070
     0
1070
     0
1070
     0
1070
     0
1070
     0
1070
     0
1070
     0
1070
     0
1070
     0
1071
        0
1070
     0
1070
     0
1070
     0
1070
     0
1070
     0
1070
     0
1070
     0
1070
     0
1070
     0
1070
     0
1070
     0
1071
        0
1070
     0
1070
     0
1070
     0
1070
     0
1070
     0
1070
     0
1070
     0
1070
     0
1070
     0
1070
     0
1070
     0
1071
        0
1070
     0
1070
     0
1070
     0
1070
     0
1070
     0
1070
     0
1070
     0
1070
     0
1070
     0
1070
     0
1070
     0
1071
        0
1070
     0
1070
     0
1070
     0
1070
     0
1070
     0
1070
     0
1070
     0
1070
     0
1070
     0
1070
     0
1070
     0
1071
        0
1070
     0
1070
     0
1070
     0
1070
     0
1070
     0
1070
     0
1070
     0
1070
     0
1070
     0
1070
     0
1070
     0
1071
        0
1070
     0
1070
     0
1070
     0
1070
     0
1070
     0
1070
     0
1070
     0
1070
     0
1070
     0
1070
     0
1070
     0
1071
        0
1070
     0
1070
     0
1070
     0
1070
     0
1070
     0
1070
     0
1070
     0
1070
     0
1070
     0
1070
     0
1070
     0
1071
        0
1070
     0
1070
     0
1070
     0
1070
     0
1070
     0
1070
     0
1070
     0
1070
     0
1070
     0
1070
     0
1070
     0
1071
        0
1070
     0
1070
     0
1070
     0
1070
     0
1070
     0
1070
     0
1070
     0
1070
     0
1070
     0
1070
     0
1070
     0
1071
        0
1070
     0
1070
     0
1070
     0
1070
     0
1070
     0
1070
     0
1070
     0
1070
     0
1070
     0
1070
     0
1070
     0
1071
        0
1070
     0
1070
     0
1070
     0
1070
     0
1070
     0
1070
     0
1070
     0
1070
     0
1070
     0
1070
     0
1070
     0
1071
        0
1070
     0
1070
     0
1070
     0
1070
     0
1070
     0
1070
     0
1070
     0
1070
     0
1070
     0
1070
     0
1070
     0
1071
        0
1070
     0
1070
     0
1070
     0
1070
     0
1070
     0
1070
     0
1070
     0
1070
     0
1070
     0
1070
     0
1070
     0
1071
        0
1070
     0
1070
     0
1070
     0
1070
     0
1070
     0
1070
     0
1070
     0
1070
     0
1070
     0
1070
     0
1070
     0
1071
        0
1070
     0
1070
     0
1070
     0
1070
     0
1070
     0
1070
     0
1070
     0
1070
     0
1070
     0
1070
     0
1070
     0
1071
        0
1070
     0
1070
     0
1070
     0
1070
     0
1070
     0
1070
     0
1070
     0
1070
     0
1070
     0
1070
     0
1070
     0
1071
        0
1070
     0
1070
     0
1070
     0
1070
     0
1070
     0
1070
     0
1070
     0
1070
     0
1070
     0
1070
     0
1070
     0
1071
        0
1070
     0
1070
     0
1070
     0
1070
     0
1070
     0
1070
     0
1070
     0
1070
     0
1070
     0
1070
     0
1070
     0
1071
        0
1070
     0
1070
     0
1070
     0
1070
     0
1070
     0
1070
     0
1070
     0
1070
     0
1070
     0
1070
     0
1070
     0
1071
        0
1070
     0
1070
     0
1070
     0
1070
     0
1070
     0
1070
     0
1070
     0
1070
     0
1070
     0
1070
     0
1070
     0
1071
        0
1070
     0
1070
     0
1070
     0
1070
     0
1070
     0
1070
     0
1070
     0
1070
     0
1070
     0
1070
     0
1070
     0
1071
        0
1070
     0
1070
     0
1070
     0
1070
     0
1070
     0
1070
     0
1070
     0
1070
     0
1070
     0
1070
     0
1070
     0
1071
        0
1070
     0
1070
     0
1070
     0
1070
     0
1070
     0
1070
     0
1070
     0
1070
     0
1070
     0
1070
     0
1070
     0
1071
        0
1070
     0
1070
     0
1070
     0
1070
     0
1070
     0
1070
     0
1070
     0
1070
     0
1070
     0
1070
     0
1070
     0
1071
        0
1070
     0
1070
     0
1070
     0
1070
     0
1070
     0
1070
     0
1070
     0
1070
     0
1070
     0
1070
     0
1070
     0
1071
        0
1070
     0
1070
     0
1070
     0
1070
     0
1070
     0
1070
     0
1070
     0
1070
     0
1070
     0
1070
     0
1070
     0
1071
        0
1070
     0
1070
     0
1070
     0
1070
     0
1070
     0
1070
     0
1070
     0
1070
     0
1070
     0
1070
     0
1070
     0
1071
        0
1070
     0
1070
     0
1070
     0
1070
     0
1070
     0
1070
     0
1070
     0
1070
     0
1070
     0
1070
     0
1070
     0
1071
        0
1070
     0
1070
     0
1070
     0
1070
     0
1070
     0
1070
     0
1070
     0
1070
     0
1070
     0
1070
     0
1070
     0
1071
        0
1070
     0
1070
     0
1070
     0
1070
     0
1070
     0
1070
     0
1070
     0
1070
     0
1070
     0
1070
     0
1070
     0
1071
        0
1070
     0
1070
     0
1070
     0
1070
     0
1070
     0
1070
     0
1070
     0
1070
     0
1070
     0
1070
     0
1070
     0
1071
        0
1070
     0
1070
     0
1070
     0
1070
     0
1070
     0
1070
     0
1070
     0
1070
     0
1070
     0
1070
     0
1070
     0
1071
        0
1070
     0
1070
     0
1070
     0
1070
     0
1070
     0
1070
     0
1070
     0
1070
     0
1070
     0
1070
     0
1070
     0
1071
        0
1070
     0
1070
     0
1070
     0
1070
     0
1070
     0
1070
     0
1070
     0
1070
     0
1070
     0
1070
     0
1070
     0
1071
        0
1070
     0
1070
     0
1070
     0
1070
     0
1070
     0
1070
     0
1070
     0
1070
     0
1070
     0
1070
     0
1070
     0
1071
        0
1070
     0
1070
     0
1070
     0
1070
     0
1070
     0
1070
     0
1070
     0
1070
     0
1070
     0
1070
     0
1070
     0
1071
        0
1070
     0
1070
     0
1070
     0
1070
     0
1070
     0
1070
     0
1070
     0
1070
     0
1070
     0
1070
     0
1070
     0
1071
        0
1070
     0
1070
     0
1070
     0
1070
     0
1070
     0
1070
     0
1070
     0
1070
     0
1070
     0
1070
     0
1070
     0
1071
        0
1070
     0
1070
     0
1070
     0
1070
     0
1070
     0
1070
     0
1070
     0
1070
     0
1070
     0
1070
     0
1070
     0
1071
        0
1070
     0
1070
     0
1070
     0
1070
     0
1070
     0
1070
     0
1070
     0
1070
     0
1070
     0
1070
     0
1070
     0
1071
        0
1070
     0
1070
     0
1070
     0
1070
     0
1070
     0
1070
     0
1070
     0
1070
     0
1070
     0
1070
     0
1070
     0
1071
        0
1070
     0
1070
     0
1070
     0
1070
     0
1070
     0
1070
     0
1070
     0
1070
     0
1070
     0
1070
     0
1070
     0
1071
        0
1070
     0
1070
     0
1070
     0
1070
     0
1070
     0
1070
     0
1070
     0
1070
     0
1070
     0
1070
     0
1070
     0
1071
        0
1070
     0
1070
     0
1070
     0
1070
     0
1070
     0
1070
     0
1070
     0
1070
     0
1070
     0
1070
     0
1070
     0
1071
        0
1070
     0
1070
     0
1070
     0
1070
     0
1070
     0
1070
     0
1070
     0
1070
     0
1070
     0
1070
     0
1070
     0
1071
        0
1070
     0
1070
     0
1070
     0
1070
     0
1070
     0
1070
     0
1070
     0
1070
     0
1070
     0
1070
     0
1070
     0
1071
        0
1070
     0
1070
     0
1070
     0
1070
     0
1070
     0
1070
     0
1070
     0
1070
     0
1070
     0
1070
     0
1070
     0
1071
        0
1070
     0
1070
     0
1070
     0
1070
     0
1070
     0
1070
     0
1070
     0
1070
     0
1070
     0
1070
     0
1070
     0
1071
        0
1070
     0
1070
     0
1070
     0
1070
     0
1070
     0
1070
     0
1070
     0
1070
     0
1070
     0
1070
     0
1070
     0
1071
        0
1070
     0
1070
     0
1070
     0
1070
     0
1070
     0
1070
     0
1070
     0
1070
     0
1070
     0
1070
     0
1070
     0
1071
        0
1070
     0
1070
     0
1070
     0
1070
     0
1070
     0
1070
     0
1070
     0
1070
     0
1070
     0
1070
     0
1070
     0
1071
        0
1070
     0
1070
     0
1070
     0
1070
     0
1070
     0
1070
     0
1070
     0
1070
     0
1070
     0
1070
     0
1070
     0
1071
        0
1070
     0
1070
     0
1070
     0
1070
     0
1070
     0
1070
     0
1070
     0
1070
     0
1070
     0
1070
     0
1070
     0
1071
        0
1070
     0
1070
     0
1070
     0
1070
     0
1070
     0
1070
     0
1070
     0
1070
     0
1070
     0
1070
     0
1070
     0
1071
        0
1070
     0
1070
     0
1070
     0
1070
     0
1070
     0
1070
     0
1070
     0
1070
     0
1070
     0
1070
     0
1070
     0
1071
        0
1070
     0
1070
     0
1070
     0
1070
     0
1070
     0
1070
     0
1070
     0
1070
     0
1070
     0
1070
     0
1070
     0
1071
        0
1070
     0
1070
     0
1070
     0
1070
     0
1070
     0
1070
     0
1070
     0
1070
     0
1070
     0
1070
     0
1070
     0
1071
        0
1070
     0
1070
     0
1070
     0
1070
     0
1070
     0
1070
     0
1070
     0
1070
     0
1070
     0
1070
     0
1070
     0
1071
        0
1070
     0
1070
     0
1070
     0
1070
     0
1070
     0
1070
     0
1070
     0
1070
     0
1070
     0
1070
     0
1070
     0
1071
        0
1070
     0
1070
     0
1070
     0
1070
     0
1070
     0
1070
     0
1070
     0
1070
     0
1070
     0
1070
     0
1070
     0
1071
        0
1070
     0
1070
     0
1070
     0
1070
     0
1070
     0
1070
     0
1070
     0
1070
     0
1070
     0
1070
     0
1070
     0
1071
        0
1070
     0
1070
     0
1070
     0
1070
     0
1070
     0
1070
     0
1070
     0
1070
     0
1070
     0
1070
     0
1070
     0
1071
        0
1070
     0
1070
     0
1070
     0
1070
     0
1070
     0
1070
     0
1070
     0
1070
     0
1070
     0
1070
     0
1070
     0
1071
        0
1070
     0
1070
     0
1070
     0
1070
     0
1070
     0
1070
     0
1070
     0
1070
     0
1070
     0
1070
     0
1070
     0
1071
        0
1070
     0
1070
     0
1070
     0
1070
     0
1070
     0
1070
     0
1070
     0
1070
     0
1070
     0
1070
     0
1070
     0
1071
        0
1070
     0
1070
     0
1070
     0
1070
     0
1070
     0
1070
     0
1070
     0
1070
     0
1070
     0
1070
     0
1070
     0
1071
        0
1070
     0
1070
     0
1070
     0
1070
     0
1070
     0
1070
     0
1070
     0
1070
     0
1070
     0
1070
     0
1070
     0
1071
        0
1070
     0
1070
     0
1070
     0
1070
     0
1070
     0
1070
     0
1070
     0
1070
     0
1070
     0
1070
     0
1070
     0
1071
        0
1070
     0
1070
     0
1070
     0
1070
     0
1070
     0
1070
     0
1070
     0
1070
     0
1070
     0
1070
     0
1070
     0
1071
        0
1070
     0
1070
     0
1070
     0
1070
     0
1070
     0
1070
     0
1070
     0
1070
     0
1070
     0
1070
     0
1070
     0
1071
        0
1070
     0
1070
     0
1070
     0
1070
     0
1070
     0
1070
     0
1070
     0
1070
     0
1070
     0
1070
     0
1070
     0
1071
        0
1070
     0
1070
     0
1070
     0
1070
     0
1070
     0
1070
     0
1070
     0
1070
     0
1070
     0
1070
     0
1070
     0
1071
        0
1070
     0
1070
     0
1070
     0
1070
     0
1070
     0
1070
     0
1070
     0
1070
     0
1070
     0
1070
     0
1070
     0
1071
        0
1070
     0
1070
     0
1070
     0
1070
     0
1070
     0
1070
     0
1070
     0
1070
     0
1070
     0
1070
     0
1070
     0
1071
        0
1070
     0
1070
     0
1070
     0
1070
     0
1070
     0
1070
     0
1070
     0
1070
     0
1070
     0
1070
     0
1070
     0
1071
        0
1070
     0
1070
     0
1070
     0
1070
     0
1070
     0
1070
     0
1070
     0
1070
     0
1070
     0
1070
     0
1070
     0
1071
        0
1070
     0
1070
     0
1070
     0
1070
     0
1070
     0
1070
     0
1070
     0
1070
     0
1070
     0
1070
     0
1070
     0
1071
        0
1070
     0
1070
     0
1070
     0
1070
     0
1070
     0
1070
     0
1070
     0
1070
     0
1070
     0
1070
     0
1070
     0
1071
        0
1070
     0
1070
     0
1070
     0
1070
     0
1070
     0
1070
     0
1070
     0
1070
     0
1070
     0
1070
     0
1070
     0
1071
        0
1070
     0
1070
     0
1070
     0
1070
     0
1070
     0
1070
     0
1070
     0
1070
     0
1070
     0
1070
     0
1070
     0
1071
        0
1070
     0
1070
     0
1070
     0
1070
     0
1070
     0
1070
     0
1070
     0
1070
     0
1070
     0
1070
     0
1070
     0
1071
        0
1070
     0
1070
     0
1070
     0
1070
     0
1070
     0
1070
     0
1070
     0
1070
     0
1070
     0
1070
     0
1070
     0
1071
        0
1070
     0
1070
     0
1070
     0
1070
     0
1070
     0
1070
     0
1070
     0
1070
     0
1070
     0
1070
     0
1070
     0
1071
        0
1070
     0
1070
     0
1070
     0
1070
     0
1070
     0
1070
     0
1070
     0
1070
     0
1070
     0
1070
     0
1070
     0
1071
        0
1070
     0
1070
     0
1070
     0
1070
     0
1070
     0
1070
     0
1070
     0
1070
     0
1070
     0
1070
     0
1070
     0
1071
        0
1070
     0
1070
     0
1070
     0
1070
     0
1070
     0
1070
     0
1070
     0
1070
     0
1070
     0
1070
     0
1070
     0
1071
        0
1070
     0
1070
     0
1070
     0
1070
     0
1070
     0
1070
     0
1070
     0
1070
     0
1070
     0
1070
     0
1070
     0
1071
        0
1070
     0
1070
     0
1070
     0
1070
     0
1070
     0
1070
     0
1070
     0
1070
     0
1070
     0
1070
     0
1070
     0
1071
        0
1070
     0
1070
     0
1070
     0
1070
     0
1070
     0
1070
     0
1070
     0
1070
     0
1070
     0
1070
     0
1070
     0
1071
        0
1070
     0
1070
     0
1070
     0
1070
     0
1070
     0
1070
     0
1070
     0
1070
     0
1070
     0
1070
     0
1070
     0
1071
        0
1070
     0
1070
     0
1070
     0
1070
     0
1070
     0
1070
     0
1070
     0
1070
     0
1070
     0
1070
     0
1070
     0
1071
        0
1070
     0
1070
     0
1070
     0
1070
     0
1070
     0
1070
     0
1070
     0
1070
     0
1070
     0
1070
     0
1070
     0
1071
        0
1070
     0
1070
     0
1070
     0
1070
     0
1070
     0
1070
     0
1070
     0
1070
     0
1070
     0
1070
     0
1070
     0
1071
        0
1070
     0
1070
     0
1070
     0
1070
     0
1070
     0
1070
     0
1070
     0
1070
     0
1070
     0
1070
     0
1070
     0
1071
        0
1070
     0
1070
     0
1070
     0
1070
     0
1070
     0
1070
     0
1070
     0
1070
     0
1070
     0
1070
     0
1070
     0
1071
        0
1070
     0
1070
     0
1070
     0
1070
     0
1070
     0
1070
     0
1070
     0
1070
     0
1070
     0
1070
     0
1070
     0
1071
        0
1070
     0
1070
     0
1070
     0
1070
     0
1070
     0
1070
     0
1070
     0
1070
     0
1070
     0
1070
     0
1070
     0
1071
        0
1070
     0
1070
     0
1070
     0
1070
     0
1070
     0
1070
     0
1070
     0
1070
     0
1070
     0
1070
     0
1070
     0
1071
        0
1070
     0
1070
     0
1070
     0
1070
     0
1070
     0
1070
     0
1070
     0
1070
     0
1070
     0
1070
     0
1070
     0
1071
        0
1070
     0
1070
     0
1070
     0
1070
     0
1070
     0
1070
     0
1070
     0
1070
     0
1070
     0
1070
     0
1070
     0
1071
        0
1070
     0
1070
     0
1070
     0
1070
     0
1070
     0
1070
     0
1070
     0
1070
     0
1070
     0
1070
     0
1070
     0
1071
        0
1070
     0
1070
     0
1070
     0
1070
     0
1070
     0
1070
     0
1070
     0
1070
     0
1070
     0
1070
     0
1070
     0
1071
        0
1070
     0
1070
     0
1070
     0
1070
     0
1070
     0
1070
     0
1070
     0
1070
     0
1070
     0
1070
     0
1070
     0
1071
        0
1070
     0
1070
     0
1070
     0
1070
     0
1070
     0
1070
     0
1070
     0
1070
     0
1070
     0
1070
     0
1070
     0
1071
        0
1070
     0
1070
     0
1070
     0
1070
     0
1070
     0
1070
     0
1070
     0
1070
     0
1070
     0
1070
     0
1070
     0
1071
        0
1070
     0
1070
     0
1070
     0
1070
     0
1070
     0
1070
     0
1070
     0
1070
     0
1070
     0
1070
     0
1070
     0
1071
        0
1070
     0
1070
     0
1070
     0
1070
     0
1070
     0
1070
     0
1070
     0
1070
     0
1070
     0
1070
     0
1070
     0
1071
        0
1070
     0
1070
     0
1070
     0
1070
     0
1070
     0
1070
     0
1070
     0
1070
     0
1070
     0
1070
     0
1070
     0
1071
        0
1070
     0
1070
     0
1070
     0
1070
     0
1070
     0
1070
     0
1070
     0
1070
     0
1070
     0
1070
     0
1070
     0
1071
        0
1070
     0
1070
     0
1070
     0
1070
     0
1070
     0
1070
     0
1070
     0
1070
     0
1070
     0
1070
     0
1070
     0
1071
        0
1070
     0
1070
     0
1070
     0
1070
     0
1070
     0
1070
     0
1070
     0
1070
     0
1070
     0
1070
     0
1070
     0
1071
        0
1070
     0
1070
     0
1070
     0
1070
     0
1070
     0
1070
     0
1070
     0
1070
     0
1070
     0
1070
     0
  0
TEXT
  5
7A1
330
1F
100
AcDbEntity
  8
COLUMN_TEXT__BM_
100
AcDbText
 39
0.0463826642588751
 10
2696.429907192035
 20
987.2020731005434
 30
-0.0000000082728956
 40
0.2
  1
C07
  7
NAME
100
AcDbText
  0
ELLIPSE
  5
7A2
330
1F
100
AcDbEntity
  8
COLUMN_TEXT_BOX__BM_
100
AcDbEllipse
 10
2696.691018653704
 20
987.3015421481243
 30
0.0
 11
-0.3141047421322583
 21
0.0
 31
0.0
210
0.0
220
0.0
230
1.0
 40
0.4476558537982991
 41
0.0
 42
6.283185307179586
1001
ACAD_OBJECT_CHANGE_GUID
1070
     0
1071
        0
1070
     0
1070
     0
1070
     0
1070
     0
1070
     0
1070
     0
1070
     0
1070
     0
1070
     0
1070
     0
1070
     0
1071
        0
1070
     0
1070
     0
1070
     0
1070
     0
1070
     0
1070
     0
1070
     0
1070
     0
1070
     0
1070
     0
1070
     0
1071
        0
1070
     0
1070
     0
1070
     0
1070
     0
1070
     0
1070
     0
1070
     0
1070
     0
1070
     0
1070
     0
1070
     0
1071
        0
1070
     0
1070
     0
1070
     0
1070
     0
1070
     0
1070
     0
1070
     0
1070
     0
1070
     0
1070
     0
1070
     0
1071
        0
1070
     0
1070
     0
1070
     0
1070
     0
1070
     0
1070
     0
1070
     0
1070
     0
1070
     0
1070
     0
1070
     0
1071
        0
1070
     0
1070
     0
1070
     0
1070
     0
1070
     0
1070
     0
1070
     0
1070
     0
1070
     0
1070
     0
1070
     0
1071
        0
1070
     0
1070
     0
1070
     0
1070
     0
1070
     0
1070
     0
1070
     0
1070
     0
1070
     0
1070
     0
1070
     0
1071
        0
1070
     0
1070
     0
1070
     0
1070
     0
1070
     0
1070
     0
1070
     0
1070
     0
1070
     0
1070
     0
1070
     0
1071
        0
1070
     0
1070
     0
1070
     0
1070
     0
1070
     0
1070
     0
1070
     0
1070
     0
1070
     0
1070
     0
1070
     0
1071
        0
1070
     0
1070
     0
1070
     0
1070
     0
1070
     0
1070
     0
1070
     0
1070
     0
1070
     0
1070
     0
1070
     0
1071
        0
1070
     0
1070
     0
1070
     0
1070
     0
1070
     0
1070
     0
1070
     0
1070
     0
1070
     0
1070
     0
1070
     0
1071
        0
1070
     0
1070
     0
1070
     0
1070
     0
1070
     0
1070
     0
1070
     0
1070
     0
1070
     0
1070
     0
1070
     0
1071
        0
1070
     0
1070
     0
1070
     0
1070
     0
1070
     0
1070
     0
1070
     0
1070
     0
1070
     0
1070
     0
1070
     0
1071
        0
1070
     0
1070
     0
1070
     0
1070
     0
1070
     0
1070
     0
1070
     0
1070
     0
1070
     0
1070
     0
1070
     0
1071
        0
1070
     0
1070
     0
1070
     0
1070
     0
1070
     0
1070
     0
1070
     0
1070
     0
1070
     0
1070
     0
1070
     0
1071
        0
1070
     0
1070
     0
1070
     0
1070
     0
1070
     0
1070
     0
1070
     0
1070
     0
1070
     0
1070
     0
1070
     0
1071
        0
1070
     0
1070
     0
1070
     0
1070
     0
1070
     0
1070
     0
1070
     0
1070
     0
1070
     0
1070
     0
1070
     0
1071
        0
1070
     0
1070
     0
1070
     0
1070
     0
1070
     0
1070
     0
1070
     0
1070
     0
1070
     0
1070
     0
1070
     0
1071
        0
1070
     0
1070
     0
1070
     0
1070
     0
1070
     0
1070
     0
1070
     0
1070
     0
1070
     0
1070
     0
1070
     0
1071
        0
1070
     0
1070
     0
1070
     0
1070
     0
1070
     0
1070
     0
1070
     0
1070
     0
1070
     0
1070
     0
1070
     0
1071
        0
1070
     0
1070
     0
1070
     0
1070
     0
1070
     0
1070
     0
1070
     0
1070
     0
1070
     0
1070
     0
1070
     0
1071
        0
1070
     0
1070
     0
1070
     0
1070
     0
1070
     0
1070
     0
1070
     0
1070
     0
1070
     0
1070
     0
1070
     0
1071
        0
1070
     0
1070
     0
1070
     0
1070
     0
1070
     0
1070
     0
1070
     0
1070
     0
1070
     0
1070
     0
1070
     0
1071
        0
1070
     0
1070
     0
1070
     0
1070
     0
1070
     0
1070
     0
1070
     0
1070
     0
1070
     0
1070
     0
1070
     0
1071
        0
1070
     0
1070
     0
1070
     0
1070
     0
1070
     0
1070
     0
1070
     0
1070
     0
1070
     0
1070
     0
1070
     0
1071
        0
1070
     0
1070
     0
1070
     0
1070
     0
1070
     0
1070
     0
1070
     0
1070
     0
1070
     0
1070
     0
1070
     0
1071
        0
1070
     0
1070
     0
1070
     0
1070
     0
1070
     0
1070
     0
1070
     0
1070
     0
1070
     0
1070
     0
1070
     0
1071
        0
1070
     0
1070
     0
1070
     0
1070
     0
1070
     0
1070
     0
1070
     0
1070
     0
1070
     0
1070
     0
1070
     0
1071
        0
1070
     0
1070
     0
1070
     0
1070
     0
1070
     0
1070
     0
1070
     0
1070
     0
1070
     0
1070
     0
1070
     0
1071
        0
1070
     0
1070
     0
1070
     0
1070
     0
1070
     0
1070
     0
1070
     0
1070
     0
1070
     0
1070
     0
1070
     0
1071
        0
1070
     0
1070
     0
1070
     0
1070
     0
1070
     0
1070
     0
1070
     0
1070
     0
1070
     0
1070
     0
1070
     0
1071
        0
1070
     0
1070
     0
1070
     0
1070
     0
1070
     0
1070
     0
1070
     0
1070
     0
1070
     0
1070
     0
1070
     0
1071
        0
1070
     0
1070
     0
1070
     0
1070
     0
1070
     0
1070
     0
1070
     0
1070
     0
1070
     0
1070
     0
1070
     0
1071
        0
1070
     0
1070
     0
1070
     0
1070
     0
1070
     0
1070
     0
1070
     0
1070
     0
1070
     0
1070
     0
1070
     0
1071
        0
1070
     0
1070
     0
1070
     0
1070
     0
1070
     0
1070
     0
1070
     0
1070
     0
1070
     0
1070
     0
1070
     0
1071
        0
1070
     0
1070
     0
1070
     0
1070
     0
1070
     0
1070
     0
1070
     0
1070
     0
1070
     0
1070
     0
1070
     0
1071
        0
1070
     0
1070
     0
1070
     0
1070
     0
1070
     0
1070
     0
1070
     0
1070
     0
1070
     0
1070
     0
1070
     0
1071
        0
1070
     0
1070
     0
1070
     0
1070
     0
1070
     0
1070
     0
1070
     0
1070
     0
1070
     0
1070
     0
1070
     0
1071
        0
1070
     0
1070
     0
1070
     0
1070
     0
1070
     0
1070
     0
1070
     0
1070
     0
1070
     0
1070
     0
1070
     0
1071
        0
1070
     0
1070
     0
1070
     0
1070
     0
1070
     0
1070
     0
1070
     0
1070
     0
1070
     0
1070
     0
1070
     0
1071
        0
1070
     0
1070
     0
1070
     0
1070
     0
1070
     0
1070
     0
1070
     0
1070
     0
1070
     0
1070
     0
1070
     0
1071
        0
1070
     0
1070
     0
1070
     0
1070
     0
1070
     0
1070
     0
1070
     0
1070
     0
1070
     0
1070
     0
1070
     0
1071
        0
1070
     0
1070
     0
1070
     0
1070
     0
1070
     0
1070
     0
1070
     0
1070
     0
1070
     0
1070
     0
1070
     0
1071
        0
1070
     0
1070
     0
1070
     0
1070
     0
1070
     0
1070
     0
1070
     0
1070
     0
1070
     0
1070
     0
1070
     0
1071
        0
1070
     0
1070
     0
1070
     0
1070
     0
1070
     0
1070
     0
1070
     0
1070
     0
1070
     0
1070
     0
1070
     0
1071
        0
1070
     0
1070
     0
1070
     0
1070
     0
1070
     0
1070
     0
1070
     0
1070
     0
1070
     0
1070
     0
1070
     0
1071
        0
1070
     0
1070
     0
1070
     0
1070
     0
1070
     0
1070
     0
1070
     0
1070
     0
1070
     0
1070
     0
1070
     0
1071
        0
1070
     0
1070
     0
1070
     0
1070
     0
1070
     0
1070
     0
1070
     0
1070
     0
1070
     0
1070
     0
1070
     0
1071
        0
1070
     0
1070
     0
1070
     0
1070
     0
1070
     0
1070
     0
1070
     0
1070
     0
1070
     0
1070
     0
1070
     0
1071
        0
1070
     0
1070
     0
1070
     0
1070
     0
1070
     0
1070
     0
1070
     0
1070
     0
1070
     0
1070
     0
1070
     0
1071
        0
1070
     0
1070
     0
1070
     0
1070
     0
1070
     0
1070
     0
1070
     0
1070
     0
1070
     0
1070
     0
1070
     0
1071
        0
1070
     0
1070
     0
1070
     0
1070
     0
1070
     0
1070
     0
1070
     0
1070
     0
1070
     0
1070
     0
1070
     0
1071
        0
1070
     0
1070
     0
1070
     0
1070
     0
1070
     0
1070
     0
1070
     0
1070
     0
1070
     0
1070
     0
1070
     0
1071
        0
1070
     0
1070
     0
1070
     0
1070
     0
1070
     0
1070
     0
1070
     0
1070
     0
1070
     0
1070
     0
1070
     0
1071
        0
1070
     0
1070
     0
1070
     0
1070
     0
1070
     0
1070
     0
1070
     0
1070
     0
1070
     0
1070
     0
1070
     0
1071
        0
1070
     0
1070
     0
1070
     0
1070
     0
1070
     0
1070
     0
1070
     0
1070
     0
1070
     0
1070
     0
1070
     0
1071
        0
1070
     0
1070
     0
1070
     0
1070
     0
1070
     0
1070
     0
1070
     0
1070
     0
1070
     0
1070
     0
1070
     0
1071
        0
1070
     0
1070
     0
1070
     0
1070
     0
1070
     0
1070
     0
1070
     0
1070
     0
1070
     0
1070
     0
1070
     0
1071
        0
1070
     0
1070
     0
1070
     0
1070
     0
1070
     0
1070
     0
1070
     0
1070
     0
1070
     0
1070
     0
1070
     0
1071
        0
1070
     0
1070
     0
1070
     0
1070
     0
1070
     0
1070
     0
1070
     0
1070
     0
1070
     0
1070
     0
1070
     0
1071
        0
1070
     0
1070
     0
1070
     0
1070
     0
1070
     0
1070
     0
1070
     0
1070
     0
1070
     0
1070
     0
1070
     0
1071
        0
1070
     0
1070
     0
1070
     0
1070
     0
1070
     0
1070
     0
1070
     0
1070
     0
1070
     0
1070
     0
1070
     0
1071
        0
1070
     0
1070
     0
1070
     0
1070
     0
1070
     0
1070
     0
1070
     0
1070
     0
1070
     0
1070
     0
1070
     0
1071
        0
1070
     0
1070
     0
1070
     0
1070
     0
1070
     0
1070
     0
1070
     0
1070
     0
1070
     0
1070
     0
1070
     0
1071
        0
1070
     0
1070
     0
1070
     0
1070
     0
1070
     0
1070
     0
1070
     0
1070
     0
1070
     0
1070
     0
1070
     0
1071
        0
1070
     0
1070
     0
1070
     0
1070
     0
1070
     0
1070
     0
1070
     0
1070
     0
1070
     0
1070
     0
1070
     0
1071
        0
1070
     0
1070
     0
1070
     0
1070
     0
1070
     0
1070
     0
1070
     0
1070
     0
1070
     0
1070
     0
1070
     0
1071
        0
1070
     0
1070
     0
1070
     0
1070
     0
1070
     0
1070
     0
1070
     0
1070
     0
1070
     0
1070
     0
1070
     0
1071
        0
1070
     0
1070
     0
1070
     0
1070
     0
1070
     0
1070
     0
1070
     0
1070
     0
1070
     0
1070
     0
1070
     0
1071
        0
1070
     0
1070
     0
1070
     0
1070
     0
1070
     0
1070
     0
1070
     0
1070
     0
1070
     0
1070
     0
1070
     0
1071
        0
1070
     0
1070
     0
1070
     0
1070
     0
1070
     0
1070
     0
1070
     0
1070
     0
1070
     0
1070
     0
1070
     0
1071
        0
1070
     0
1070
     0
1070
     0
1070
     0
1070
     0
1070
     0
1070
     0
1070
     0
1070
     0
1070
     0
1070
     0
1071
        0
1070
     0
1070
     0
1070
     0
1070
     0
1070
     0
1070
     0
1070
     0
1070
     0
1070
     0
1070
     0
1070
     0
1071
        0
1070
     0
1070
     0
1070
     0
1070
     0
1070
     0
1070
     0
1070
     0
1070
     0
1070
     0
1070
     0
1070
     0
1071
        0
1070
     0
1070
     0
1070
     0
1070
     0
1070
     0
1070
     0
1070
     0
1070
     0
1070
     0
1070
     0
1070
     0
1071
        0
1070
     0
1070
     0
1070
     0
1070
     0
1070
     0
1070
     0
1070
     0
1070
     0
1070
     0
1070
     0
1070
     0
1071
        0
1070
     0
1070
     0
1070
     0
1070
     0
1070
     0
1070
     0
1070
     0
1070
     0
1070
     0
1070
     0
1070
     0
1071
        0
1070
     0
1070
     0
1070
     0
1070
     0
1070
     0
1070
     0
1070
     0
1070
     0
1070
     0
1070
     0
1070
     0
1071
        0
1070
     0
1070
     0
1070
     0
1070
     0
1070
     0
1070
     0
1070
     0
1070
     0
1070
     0
1070
     0
1070
     0
1071
        0
1070
     0
1070
     0
1070
     0
1070
     0
1070
     0
1070
     0
1070
     0
1070
     0
1070
     0
1070
     0
1070
     0
1071
        0
1070
     0
1070
     0
1070
     0
1070
     0
1070
     0
1070
     0
1070
     0
1070
     0
1070
     0
1070
     0
1070
     0
1071
        0
1070
     0
1070
     0
1070
     0
1070
     0
1070
     0
1070
     0
1070
     0
1070
     0
1070
     0
1070
     0
1070
     0
1071
        0
1070
     0
1070
     0
1070
     0
1070
     0
1070
     0
1070
     0
1070
     0
1070
     0
1070
     0
1070
     0
1070
     0
1071
        0
1070
     0
1070
     0
1070
     0
1070
     0
1070
     0
1070
     0
1070
     0
1070
     0
1070
     0
1070
     0
1070
     0
1071
        0
1070
     0
1070
     0
1070
     0
1070
     0
1070
     0
1070
     0
1070
     0
1070
     0
1070
     0
1070
     0
1070
     0
1071
        0
1070
     0
1070
     0
1070
     0
1070
     0
1070
     0
1070
     0
1070
     0
1070
     0
1070
     0
1070
     0
1070
     0
1071
        0
1070
     0
1070
     0
1070
     0
1070
     0
1070
     0
1070
     0
1070
     0
1070
     0
1070
     0
1070
     0
1070
     0
1071
        0
1070
     0
1070
     0
1070
     0
1070
     0
1070
     0
1070
     0
1070
     0
1070
     0
1070
     0
1070
     0
1070
     0
1071
        0
1070
     0
1070
     0
1070
     0
1070
     0
1070
     0
1070
     0
1070
     0
1070
     0
1070
     0
1070
     0
1070
     0
1071
        0
1070
     0
1070
     0
1070
     0
1070
     0
1070
     0
1070
     0
1070
     0
1070
     0
1070
     0
1070
     0
1070
     0
1071
        0
1070
     0
1070
     0
1070
     0
1070
     0
1070
     0
1070
     0
1070
     0
1070
     0
1070
     0
1070
     0
1070
     0
1071
        0
1070
     0
1070
     0
1070
     0
1070
     0
1070
     0
1070
     0
1070
     0
1070
     0
1070
     0
1070
     0
1070
     0
1071
        0
1070
     0
1070
     0
1070
     0
1070
     0
1070
     0
1070
     0
1070
     0
1070
     0
1070
     0
1070
     0
1070
     0
1071
        0
1070
     0
1070
     0
1070
     0
1070
     0
1070
     0
1070
     0
1070
     0
1070
     0
1070
     0
1070
     0
1070
     0
1071
        0
1070
     0
1070
     0
1070
     0
1070
     0
1070
     0
1070
     0
1070
     0
1070
     0
1070
     0
1070
     0
1070
     0
1071
        0
1070
     0
1070
     0
1070
     0
1070
     0
1070
     0
1070
     0
1070
     0
1070
     0
1070
     0
1070
     0
1070
     0
1071
        0
1070
     0
1070
     0
1070
     0
1070
     0
1070
     0
1070
     0
1070
     0
1070
     0
1070
     0
1070
     0
1070
     0
1071
        0
1070
     0
1070
     0
1070
     0
1070
     0
1070
     0
1070
     0
1070
     0
1070
     0
1070
     0
1070
     0
1070
     0
1071
        0
1070
     0
1070
     0
1070
     0
1070
     0
1070
     0
1070
     0
1070
     0
1070
     0
1070
     0
1070
     0
1070
     0
1071
        0
1070
     0
1070
     0
1070
     0
1070
     0
1070
     0
1070
     0
1070
     0
1070
     0
1070
     0
1070
     0
1070
     0
1071
        0
1070
     0
1070
     0
1070
     0
1070
     0
1070
     0
1070
     0
1070
     0
1070
     0
1070
     0
1070
     0
1070
     0
1071
        0
1070
     0
1070
     0
1070
     0
1070
     0
1070
     0
1070
     0
1070
     0
1070
     0
1070
     0
1070
     0
1070
     0
1071
        0
1070
     0
1070
     0
1070
     0
1070
     0
1070
     0
1070
     0
1070
     0
1070
     0
1070
     0
1070
     0
1070
     0
1071
        0
1070
     0
1070
     0
1070
     0
1070
     0
1070
     0
1070
     0
1070
     0
1070
     0
1070
     0
1070
     0
1070
     0
1071
        0
1070
     0
1070
     0
1070
     0
1070
     0
1070
     0
1070
     0
1070
     0
1070
     0
1070
     0
1070
     0
1070
     0
1071
        0
1070
     0
1070
     0
1070
     0
1070
     0
1070
     0
1070
     0
1070
     0
1070
     0
1070
     0
1070
     0
1070
     0
1071
        0
1070
     0
1070
     0
1070
     0
1070
     0
1070
     0
1070
     0
1070
     0
1070
     0
1070
     0
1070
     0
1070
     0
1071
        0
1070
     0
1070
     0
1070
     0
1070
     0
1070
     0
1070
     0
1070
     0
1070
     0
1070
     0
1070
     0
1070
     0
1071
        0
1070
     0
1070
     0
1070
     0
1070
     0
1070
     0
1070
     0
1070
     0
1070
     0
1070
     0
1070
     0
1070
     0
1071
        0
1070
     0
1070
     0
1070
     0
1070
     0
1070
     0
1070
     0
1070
     0
1070
     0
1070
     0
1070
     0
1070
     0
1071
        0
1070
     0
1070
     0
1070
     0
1070
     0
1070
     0
1070
     0
1070
     0
1070
     0
1070
     0
1070
     0
1070
     0
1071
        0
1070
     0
1070
     0
1070
     0
1070
     0
1070
     0
1070
     0
1070
     0
1070
     0
1070
     0
1070
     0
1070
     0
1071
        0
1070
     0
1070
     0
1070
     0
1070
     0
1070
     0
1070
     0
1070
     0
1070
     0
1070
     0
1070
     0
1070
     0
1071
        0
1070
     0
1070
     0
1070
     0
1070
     0
1070
     0
1070
     0
1070
     0
1070
     0
1070
     0
1070
     0
1070
     0
1071
        0
1070
     0
1070
     0
1070
     0
1070
     0
1070
     0
1070
     0
1070
     0
1070
     0
1070
     0
1070
     0
1070
     0
1071
        0
1070
     0
1070
     0
1070
     0
1070
     0
1070
     0
1070
     0
1070
     0
1070
     0
1070
     0
1070
     0
1070
     0
1071
        0
1070
     0
1070
     0
1070
     0
1070
     0
1070
     0
1070
     0
1070
     0
1070
     0
1070
     0
1070
     0
1070
     0
1071
        0
1070
     0
1070
     0
1070
     0
1070
     0
1070
     0
1070
     0
1070
     0
1070
     0
1070
     0
1070
     0
1070
     0
1071
        0
1070
     0
1070
     0
1070
     0
1070
     0
1070
     0
1070
     0
1070
     0
1070
     0
1070
     0
1070
     0
1070
     0
1071
        0
1070
     0
1070
     0
1070
     0
1070
     0
1070
     0
1070
     0
1070
     0
1070
     0
1070
     0
1070
     0
1070
     0
1071
        0
1070
     0
1070
     0
1070
     0
1070
     0
1070
     0
1070
     0
1070
     0
1070
     0
1070
     0
1070
     0
1070
     0
1071
        0
1070
     0
1070
     0
1070
     0
1070
     0
1070
     0
1070
     0
1070
     0
1070
     0
1070
     0
1070
     0
1070
     0
1071
        0
1070
     0
1070
     0
1070
     0
1070
     0
1070
     0
1070
     0
1070
     0
1070
     0
1070
     0
1070
     0
1070
     0
1071
        0
1070
     0
1070
     0
1070
     0
1070
     0
1070
     0
1070
     0
1070
     0
1070
     0
1070
     0
1070
     0
1070
     0
1071
        0
1070
     0
1070
     0
1070
     0
1070
     0
1070
     0
1070
     0
1070
     0
1070
     0
1070
     0
1070
     0
1070
     0
1071
        0
1070
     0
1070
     0
1070
     0
1070
     0
1070
     0
1070
     0
1070
     0
1070
     0
1070
     0
1070
     0
1070
     0
1071
        0
1070
     0
1070
     0
1070
     0
1070
     0
1070
     0
1070
     0
1070
     0
1070
     0
1070
     0
1070
     0
1070
     0
1071
        0
1070
     0
1070
     0
1070
     0
1070
     0
1070
     0
1070
     0
1070
     0
1070
     0
1070
     0
1070
     0
1070
     0
1071
        0
1070
     0
1070
     0
1070
     0
1070
     0
1070
     0
1070
     0
1070
     0
1070
     0
1070
     0
1070
     0
1070
     0
1071
        0
1070
     0
1070
     0
1070
     0
1070
     0
1070
     0
1070
     0
1070
     0
1070
     0
1070
     0
1070
     0
1070
     0
1071
        0
1070
     0
1070
     0
1070
     0
1070
     0
1070
     0
1070
     0
1070
     0
1070
     0
1070
     0
1070
     0
1070
     0
1071
        0
1070
     0
1070
     0
1070
     0
1070
     0
1070
     0
1070
     0
1070
     0
1070
     0
1070
     0
1070
     0
1070
     0
1071
        0
1070
     0
1070
     0
1070
     0
1070
     0
1070
     0
1070
     0
1070
     0
1070
     0
1070
     0
1070
     0
1070
     0
1071
        0
1070
     0
1070
     0
1070
     0
1070
     0
1070
     0
1070
     0
1070
     0
1070
     0
1070
     0
1070
     0
1070
     0
1071
        0
1070
     0
1070
     0
1070
     0
1070
     0
1070
     0
1070
     0
1070
     0
1070
     0
1070
     0
1070
     0
1070
     0
1071
        0
1070
     0
1070
     0
1070
     0
1070
     0
1070
     0
1070
     0
1070
     0
1070
     0
1070
     0
1070
     0
1070
     0
1071
        0
1070
     0
1070
     0
1070
     0
1070
     0
1070
     0
1070
     0
1070
     0
1070
     0
1070
     0
1070
     0
1070
     0
1071
        0
1070
     0
1070
     0
1070
     0
1070
     0
1070
     0
1070
     0
1070
     0
1070
     0
1070
     0
1070
     0
1070
     0
1071
        0
1070
     0
1070
     0
1070
     0
1070
     0
1070
     0
1070
     0
1070
     0
1070
     0
1070
     0
1070
     0
1070
     0
1071
        0
1070
     0
1070
     0
1070
     0
1070
     0
1070
     0
1070
     0
1070
     0
1070
     0
1070
     0
1070
     0
1070
     0
1071
        0
1070
     0
1070
     0
1070
     0
1070
     0
1070
     0
1070
     0
1070
     0
1070
     0
1070
     0
1070
     0
1070
     0
1071
        0
1070
     0
1070
     0
1070
     0
1070
     0
1070
     0
1070
     0
1070
     0
1070
     0
1070
     0
1070
     0
1070
     0
1071
        0
1070
     0
1070
     0
1070
     0
1070
     0
1070
     0
1070
     0
1070
     0
1070
     0
1070
     0
1070
     0
1070
     0
1071
        0
1070
     0
1070
     0
1070
     0
1070
     0
1070
     0
1070
     0
1070
     0
1070
     0
1070
     0
1070
     0
1070
     0
1071
        0
1070
     0
1070
     0
1070
     0
1070
     0
1070
     0
1070
     0
1070
     0
1070
     0
1070
     0
1070
     0
1070
     0
1071
        0
1070
     0
1070
     0
1070
     0
1070
     0
1070
     0
1070
     0
1070
     0
1070
     0
1070
     0
1070
     0
1070
     0
1071
        0
1070
     0
1070
     0
1070
     0
1070
     0
1070
     0
1070
     0
1070
     0
1070
     0
1070
     0
1070
     0
1070
     0
1071
        0
1070
     0
1070
     0
1070
     0
1070
     0
1070
     0
1070
     0
1070
     0
1070
     0
1070
     0
1070
     0
1070
     0
1071
        0
1070
     0
1070
     0
1070
     0
1070
     0
1070
     0
1070
     0
1070
     0
1070
     0
1070
     0
1070
     0
1070
     0
1071
        0
1070
     0
1070
     0
1070
     0
1070
     0
1070
     0
1070
     0
1070
     0
1070
     0
1070
     0
1070
     0
1070
     0
1071
        0
1070
     0
1070
     0
1070
     0
1070
     0
1070
     0
1070
     0
1070
     0
1070
     0
1070
     0
1070
     0
1070
     0
1071
        0
1070
     0
1070
     0
1070
     0
1070
     0
1070
     0
1070
     0
1070
     0
1070
     0
1070
     0
1070
     0
1070
     0
1071
        0
1070
     0
1070
     0
1070
     0
1070
     0
1070
     0
1070
     0
1070
     0
1070
     0
1070
     0
1070
     0
1070
     0
1071
        0
1070
     0
1070
     0
1070
     0
1070
     0
1070
     0
1070
     0
1070
     0
1070
     0
1070
     0
1070
     0
1070
     0
1071
        0
1070
     0
1070
     0
1070
     0
1070
     0
1070
     0
1070
     0
1070
     0
1070
     0
1070
     0
1070
     0
1070
     0
1071
        0
1070
     0
1070
     0
1070
     0
1070
     0
1070
     0
1070
     0
1070
     0
1070
     0
1070
     0
1070
     0
1070
     0
1071
        0
1070
     0
1070
     0
1070
     0
1070
     0
1070
     0
1070
     0
1070
     0
1070
     0
1070
     0
1070
     0
1070
     0
1071
        0
1070
     0
1070
     0
1070
     0
1070
     0
1070
     0
1070
     0
1070
     0
1070
     0
1070
     0
1070
     0
1070
     0
1071
        0
1070
     0
1070
     0
1070
     0
1070
     0
1070
     0
1070
     0
1070
     0
1070
     0
1070
     0
1070
     0
1070
     0
1071
        0
1070
     0
1070
     0
1070
     0
1070
     0
1070
     0
1070
     0
1070
     0
1070
     0
1070
     0
1070
     0
1070
     0
1071
        0
1070
     0
1070
     0
1070
     0
1070
     0
1070
     0
1070
     0
1070
     0
1070
     0
1070
     0
1070
     0
1070
     0
1071
        0
1070
     0
1070
     0
1070
     0
1070
     0
1070
     0
1070
     0
1070
     0
1070
     0
1070
     0
1070
     0
1070
     0
1071
        0
1070
     0
1070
     0
1070
     0
1070
     0
1070
     0
1070
     0
1070
     0
1070
     0
1070
     0
1070
     0
1070
     0
1071
        0
1070
     0
1070
     0
1070
     0
1070
     0
1070
     0
1070
     0
1070
     0
1070
     0
1070
     0
1070
     0
1070
     0
1071
        0
1070
     0
1070
     0
1070
     0
1070
     0
1070
     0
1070
     0
1070
     0
1070
     0
1070
     0
1070
     0
1070
     0
1071
        0
1070
     0
1070
     0
1070
     0
1070
     0
1070
     0
1070
     0
1070
     0
1070
     0
1070
     0
1070
     0
1070
     0
1071
        0
1070
     0
1070
     0
1070
     0
1070
     0
1070
     0
1070
     0
1070
     0
1070
     0
1070
     0
1070
     0
1070
     0
1071
        0
1070
     0
1070
     0
1070
     0
1070
     0
1070
     0
1070
     0
1070
     0
1070
     0
1070
     0
1070
     0
1070
     0
1071
        0
1070
     0
1070
     0
1070
     0
1070
     0
1070
     0
1070
     0
1070
     0
1070
     0
1070
     0
1070
     0
1070
     0
1071
        0
1070
     0
1070
     0
1070
     0
1070
     0
1070
     0
1070
     0
1070
     0
1070
     0
1070
     0
1070
     0
1070
     0
1071
        0
1070
     0
1070
     0
1070
     0
1070
     0
1070
     0
1070
     0
1070
     0
1070
     0
1070
     0
1070
     0
1070
     0
1071
        0
1070
     0
1070
     0
1070
     0
1070
     0
1070
     0
1070
     0
1070
     0
1070
     0
1070
     0
1070
     0
1070
     0
1071
        0
1070
     0
1070
     0
1070
     0
1070
     0
1070
     0
1070
     0
1070
     0
1070
     0
1070
     0
1070
     0
1070
     0
1071
        0
1070
     0
1070
     0
1070
     0
1070
     0
1070
     0
1070
     0
1070
     0
1070
     0
1070
     0
1070
     0
1070
     0
1071
        0
1070
     0
1070
     0
1070
     0
1070
     0
1070
     0
1070
     0
1070
     0
1070
     0
1070
     0
1070
     0
1070
     0
1071
        0
1070
     0
1070
     0
1070
     0
1070
     0
1070
     0
1070
     0
1070
     0
1070
     0
1070
     0
1070
     0
1070
     0
1071
        0
1070
     0
1070
     0
1070
     0
1070
     0
1070
     0
1070
     0
1070
     0
1070
     0
1070
     0
1070
     0
1070
     0
1071
        0
1070
     0
1070
     0
1070
     0
1070
     0
1070
     0
1070
     0
1070
     0
1070
     0
1070
     0
1070
     0
1070
     0
1071
        0
1070
     0
1070
     0
1070
     0
1070
     0
1070
     0
1070
     0
1070
     0
1070
     0
1070
     0
1070
     0
1070
     0
1071
        0
1070
     0
1070
     0
1070
     0
1070
     0
1070
     0
1070
     0
1070
     0
1070
     0
1070
     0
1070
     0
1070
     0
1071
        0
1070
     0
1070
     0
1070
     0
1070
     0
1070
     0
1070
     0
1070
     0
1070
     0
1070
     0
1070
     0
1070
     0
1071
        0
1070
     0
1070
     0
1070
     0
1070
     0
1070
     0
1070
     0
1070
     0
1070
     0
1070
     0
1070
     0
1070
     0
1071
        0
1070
     0
1070
     0
1070
     0
1070
     0
1070
     0
1070
     0
1070
     0
1070
     0
1070
     0
1070
     0
1070
     0
1071
        0
1070
     0
1070
     0
1070
     0
1070
     0
1070
     0
1070
     0
1070
     0
1070
     0
1070
     0
1070
     0
1070
     0
1071
        0
1070
     0
1070
     0
1070
     0
1070
     0
1070
     0
1070
     0
1070
     0
1070
     0
1070
     0
1070
     0
1070
     0
1071
        0
1070
     0
1070
     0
1070
     0
1070
     0
1070
     0
1070
     0
1070
     0
1070
     0
1070
     0
1070
     0
1070
     0
1071
        0
1070
     0
1070
     0
1070
     0
1070
     0
1070
     0
1070
     0
1070
     0
1070
     0
1070
     0
1070
     0
1070
     0
1071
        0
1070
     0
1070
     0
1070
     0
1070
     0
1070
     0
1070
     0
1070
     0
1070
     0
1070
     0
1070
     0
1070
     0
1071
        0
1070
     0
1070
     0
1070
     0
1070
     0
1070
     0
1070
     0
1070
     0
1070
     0
1070
     0
1070
     0
1070
     0
1071
        0
1070
     0
1070
     0
1070
     0
1070
     0
1070
     0
1070
     0
1070
     0
1070
     0
1070
     0
1070
     0
1070
     0
1071
        0
1070
     0
1070
     0
1070
     0
1070
     0
1070
     0
1070
     0
1070
     0
1070
     0
1070
     0
1070
     0
1070
     0
1071
        0
1070
     0
1070
     0
1070
     0
1070
     0
1070
     0
1070
     0
1070
     0
1070
     0
1070
     0
1070
     0
1070
     0
1071
        0
1070
     0
1070
     0
1070
     0
1070
     0
1070
     0
1070
     0
1070
     0
1070
     0
1070
     0
1070
     0
1070
     0
1071
        0
1070
     0
1070
     0
1070
     0
1070
     0
1070
     0
1070
     0
1070
     0
1070
     0
1070
     0
1070
     0
1070
     0
1071
        0
1070
     0
1070
     0
1070
     0
1070
     0
1070
     0
1070
     0
1070
     0
1070
     0
1070
     0
1070
     0
1070
     0
1071
        0
1070
     0
1070
     0
1070
     0
1070
     0
1070
     0
1070
     0
1070
     0
1070
     0
1070
     0
1070
     0
1070
     0
1071
        0
1070
     0
1070
     0
1070
     0
1070
     0
1070
     0
1070
     0
1070
     0
1070
     0
1070
     0
1070
     0
1070
     0
1071
        0
1070
     0
1070
     0
1070
     0
1070
     0
1070
     0
1070
     0
1070
     0
1070
     0
1070
     0
1070
     0
1070
     0
1071
        0
1070
     0
1070
     0
1070
     0
1070
     0
1070
     0
1070
     0
1070
     0
1070
     0
1070
     0
1070
     0
1070
     0
1071
        0
1070
     0
1070
     0
1070
     0
1070
     0
1070
     0
1070
     0
1070
     0
1070
     0
1070
     0
1070
     0
1070
     0
1071
        0
1070
     0
1070
     0
1070
     0
1070
     0
1070
     0
1070
     0
1070
     0
1070
     0
1070
     0
1070
     0
1070
     0
1071
        0
1070
     0
1070
     0
1070
     0
1070
     0
1070
     0
1070
     0
1070
     0
1070
     0
1070
     0
1070
     0
1070
     0
1071
        0
1070
     0
1070
     0
1070
     0
1070
     0
1070
     0
1070
     0
1070
     0
1070
     0
1070
     0
1070
     0
1070
     0
1071
        0
1070
     0
1070
     0
1070
     0
1070
     0
1070
     0
1070
     0
1070
     0
1070
     0
1070
     0
1070
     0
1070
     0
1071
        0
1070
     0
1070
     0
1070
     0
1070
     0
1070
     0
1070
     0
1070
     0
1070
     0
1070
     0
1070
     0
1070
     0
1071
        0
1070
     0
1070
     0
1070
     0
1070
     0
1070
     0
1070
     0
1070
     0
1070
     0
1070
     0
1070
     0
1070
     0
1071
        0
1070
     0
1070
     0
1070
     0
1070
     0
1070
     0
1070
     0
1070
     0
1070
     0
1070
     0
1070
     0
1070
     0
1071
        0
1070
     0
1070
     0
1070
     0
1070
     0
1070
     0
1070
     0
1070
     0
1070
     0
1070
     0
1070
     0
1070
     0
1071
        0
1070
     0
1070
     0
1070
     0
1070
     0
1070
     0
1070
     0
1070
     0
1070
     0
1070
     0
1070
     0
1070
     0
1071
        0
1070
     0
1070
     0
1070
     0
1070
     0
1070
     0
1070
     0
1070
     0
1070
     0
1070
     0
1070
     0
1070
     0
1071
        0
1070
     0
1070
     0
1070
     0
1070
     0
1070
     0
1070
     0
1070
     0
1070
     0
1070
     0
1070
     0
1070
     0
1071
        0
1070
     0
1070
     0
1070
     0
1070
     0
1070
     0
1070
     0
1070
     0
1070
     0
1070
     0
1070
     0
1070
     0
1071
        0
1070
     0
1070
     0
1070
     0
1070
     0
1070
     0
1070
     0
1070
     0
1070
     0
1070
     0
1070
     0
1070
     0
1071
        0
1070
     0
1070
     0
1070
     0
1070
     0
1070
     0
1070
     0
1070
     0
1070
     0
1070
     0
1070
     0
1070
     0
1071
        0
1070
     0
1070
     0
1070
     0
1070
     0
1070
     0
1070
     0
1070
     0
1070
     0
1070
     0
1070
     0
1070
     0
1071
        0
1070
     0
1070
     0
1070
     0
1070
     0
1070
     0
1070
     0
1070
     0
1070
     0
1070
     0
1070
     0
1070
     0
1071
        0
1070
     0
1070
     0
1070
     0
1070
     0
1070
     0
1070
     0
1070
     0
1070
     0
1070
     0
1070
     0
1070
     0
1071
        0
1070
     0
1070
     0
1070
     0
1070
     0
1070
     0
1070
     0
1070
     0
1070
     0
1070
     0
1070
     0
1070
     0
1071
        0
1070
     0
1070
     0
1070
     0
1070
     0
1070
     0
1070
     0
1070
     0
1070
     0
1070
     0
1070
     0
1070
     0
1071
        0
1070
     0
1070
     0
1070
     0
1070
     0
1070
     0
1070
     0
1070
     0
1070
     0
1070
     0
1070
     0
1070
     0
1071
        0
1070
     0
1070
     0
1070
     0
1070
     0
1070
     0
1070
     0
1070
     0
1070
     0
1070
     0
1070
     0
1070
     0
1071
        0
1070
     0
1070
     0
1070
     0
1070
     0
1070
     0
1070
     0
1070
     0
1070
     0
1070
     0
1070
     0
1070
     0
1071
        0
1070
     0
1070
     0
1070
     0
1070
     0
1070
     0
1070
     0
1070
     0
1070
     0
1070
     0
1070
     0
1070
     0
1071
        0
1070
     0
1070
     0
1070
     0
1070
     0
1070
     0
1070
     0
1070
     0
1070
     0
1070
     0
1070
     0
1070
     0
1071
        0
1070
     0
1070
     0
1070
     0
1070
     0
1070
     0
1070
     0
1070
     0
1070
     0
1070
     0
1070
     0
1070
     0
1071
        0
1070
     0
1070
     0
1070
     0
1070
     0
1070
     0
1070
     0
1070
     0
1070
     0
1070
     0
1070
     0
1070
     0
1071
        0
1070
     0
1070
     0
1070
     0
1070
     0
1070
     0
1070
     0
1070
     0
1070
     0
1070
     0
1070
     0
1070
     0
1071
        0
1070
     0
1070
     0
1070
     0
1070
     0
1070
     0
1070
     0
1070
     0
1070
     0
1070
     0
1070
     0
  0
TEXT
  5
7A3
330
1F
100
AcDbEntity
  8
COLUMN_TEXT__BM_
100
AcDbText
 39
0.0463826642588751
 10
2687.776662229075
 20
987.9947528868383
 30
-0.0000000082728956
 40
0.2
  1
C05
  7
NAME
100
AcDbText
  0
ELLIPSE
  5
7A4
330
1F
100
AcDbEntity
  8
COLUMN_TEXT_BOX__BM_
100
AcDbEllipse
 10
2688.037773690744
 20
988.0942219344192
 30
0.0
 11
-0.3141047421322583
 21
0.0
 31
0.0
210
0.0
220
0.0
230
1.0
 40
0.4476558537982991
 41
0.0
 42
6.283185307179586
1001
ACAD_OBJECT_CHANGE_GUID
1070
     0
1071
        0
1070
     0
1070
     0
1070
     0
1070
     0
1070
     0
1070
     0
1070
     0
1070
     0
1070
     0
1070
     0
1070
     0
1071
        0
1070
     0
1070
     0
1070
     0
1070
     0
1070
     0
1070
     0
1070
     0
1070
     0
1070
     0
1070
     0
1070
     0
1071
        0
1070
     0
1070
     0
1070
     0
1070
     0
1070
     0
1070
     0
1070
     0
1070
     0
1070
     0
1070
     0
1070
     0
1071
        0
1070
     0
1070
     0
1070
     0
1070
     0
1070
     0
1070
     0
1070
     0
1070
     0
1070
     0
1070
     0
1070
     0
1071
        0
1070
     0
1070
     0
1070
     0
1070
     0
1070
     0
1070
     0
1070
     0
1070
     0
1070
     0
1070
     0
1070
     0
1071
        0
1070
     0
1070
     0
1070
     0
1070
     0
1070
     0
1070
     0
1070
     0
1070
     0
1070
     0
1070
     0
1070
     0
1071
        0
1070
     0
1070
     0
1070
     0
1070
     0
1070
     0
1070
     0
1070
     0
1070
     0
1070
     0
1070
     0
1070
     0
1071
        0
1070
     0
1070
     0
1070
     0
1070
     0
1070
     0
1070
     0
1070
     0
1070
     0
1070
     0
1070
     0
1070
     0
1071
        0
1070
     0
1070
     0
1070
     0
1070
     0
1070
     0
1070
     0
1070
     0
1070
     0
1070
     0
1070
     0
1070
     0
1071
        0
1070
     0
1070
     0
1070
     0
1070
     0
1070
     0
1070
     0
1070
     0
1070
     0
1070
     0
1070
     0
1070
     0
1071
        0
1070
     0
1070
     0
1070
     0
1070
     0
1070
     0
1070
     0
1070
     0
1070
     0
1070
     0
1070
     0
1070
     0
1071
        0
1070
     0
1070
     0
1070
     0
1070
     0
1070
     0
1070
     0
1070
     0
1070
     0
1070
     0
1070
     0
1070
     0
1071
        0
1070
     0
1070
     0
1070
     0
1070
     0
1070
     0
1070
     0
1070
     0
1070
     0
1070
     0
1070
     0
1070
     0
1071
        0
1070
     0
1070
     0
1070
     0
1070
     0
1070
     0
1070
     0
1070
     0
1070
     0
1070
     0
1070
     0
1070
     0
1071
        0
1070
     0
1070
     0
1070
     0
1070
     0
1070
     0
1070
     0
1070
     0
1070
     0
1070
     0
1070
     0
1070
     0
1071
        0
1070
     0
1070
     0
1070
     0
1070
     0
1070
     0
1070
     0
1070
     0
1070
     0
1070
     0
1070
     0
1070
     0
1071
        0
1070
     0
1070
     0
1070
     0
1070
     0
1070
     0
1070
     0
1070
     0
1070
     0
1070
     0
1070
     0
1070
     0
1071
        0
1070
     0
1070
     0
1070
     0
1070
     0
1070
     0
1070
     0
1070
     0
1070
     0
1070
     0
1070
     0
1070
     0
1071
        0
1070
     0
1070
     0
1070
     0
1070
     0
1070
     0
1070
     0
1070
     0
1070
     0
1070
     0
1070
     0
1070
     0
1071
        0
1070
     0
1070
     0
1070
     0
1070
     0
1070
     0
1070
     0
1070
     0
1070
     0
1070
     0
1070
     0
1070
     0
1071
        0
1070
     0
1070
     0
1070
     0
1070
     0
1070
     0
1070
     0
1070
     0
1070
     0
1070
     0
1070
     0
1070
     0
1071
        0
1070
     0
1070
     0
1070
     0
1070
     0
1070
     0
1070
     0
1070
     0
1070
     0
1070
     0
1070
     0
1070
     0
1071
        0
1070
     0
1070
     0
1070
     0
1070
     0
1070
     0
1070
     0
1070
     0
1070
     0
1070
     0
1070
     0
1070
     0
1071
        0
1070
     0
1070
     0
1070
     0
1070
     0
1070
     0
1070
     0
1070
     0
1070
     0
1070
     0
1070
     0
1070
     0
1071
        0
1070
     0
1070
     0
1070
     0
1070
     0
1070
     0
1070
     0
1070
     0
1070
     0
1070
     0
1070
     0
1070
     0
1071
        0
1070
     0
1070
     0
1070
     0
1070
     0
1070
     0
1070
     0
1070
     0
1070
     0
1070
     0
1070
     0
1070
     0
1071
        0
1070
     0
1070
     0
1070
     0
1070
     0
1070
     0
1070
     0
1070
     0
1070
     0
1070
     0
1070
     0
1070
     0
1071
        0
1070
     0
1070
     0
1070
     0
1070
     0
1070
     0
1070
     0
1070
     0
1070
     0
1070
     0
1070
     0
1070
     0
1071
        0
1070
     0
1070
     0
1070
     0
1070
     0
1070
     0
1070
     0
1070
     0
1070
     0
1070
     0
1070
     0
1070
     0
1071
        0
1070
     0
1070
     0
1070
     0
1070
     0
1070
     0
1070
     0
1070
     0
1070
     0
1070
     0
1070
     0
1070
     0
1071
        0
1070
     0
1070
     0
1070
     0
1070
     0
1070
     0
1070
     0
1070
     0
1070
     0
1070
     0
1070
     0
1070
     0
1071
        0
1070
     0
1070
     0
1070
     0
1070
     0
1070
     0
1070
     0
1070
     0
1070
     0
1070
     0
1070
     0
1070
     0
1071
        0
1070
     0
1070
     0
1070
     0
1070
     0
1070
     0
1070
     0
1070
     0
1070
     0
1070
     0
1070
     0
1070
     0
1071
        0
1070
     0
1070
     0
1070
     0
1070
     0
1070
     0
1070
     0
1070
     0
1070
     0
1070
     0
1070
     0
1070
     0
1071
        0
1070
     0
1070
     0
1070
     0
1070
     0
1070
     0
1070
     0
1070
     0
1070
     0
1070
     0
1070
     0
1070
     0
1071
        0
1070
     0
1070
     0
1070
     0
1070
     0
1070
     0
1070
     0
1070
     0
1070
     0
1070
     0
1070
     0
1070
     0
1071
        0
1070
     0
1070
     0
1070
     0
1070
     0
1070
     0
1070
     0
1070
     0
1070
     0
1070
     0
1070
     0
1070
     0
1071
        0
1070
     0
1070
     0
1070
     0
1070
     0
1070
     0
1070
     0
1070
     0
1070
     0
1070
     0
1070
     0
1070
     0
1071
        0
1070
     0
1070
     0
1070
     0
1070
     0
1070
     0
1070
     0
1070
     0
1070
     0
1070
     0
1070
     0
1070
     0
1071
        0
1070
     0
1070
     0
1070
     0
1070
     0
1070
     0
1070
     0
1070
     0
1070
     0
1070
     0
1070
     0
1070
     0
1071
        0
1070
     0
1070
     0
1070
     0
1070
     0
1070
     0
1070
     0
1070
     0
1070
     0
1070
     0
1070
     0
1070
     0
1071
        0
1070
     0
1070
     0
1070
     0
1070
     0
1070
     0
1070
     0
1070
     0
1070
     0
1070
     0
1070
     0
1070
     0
1071
        0
1070
     0
1070
     0
1070
     0
1070
     0
1070
     0
1070
     0
1070
     0
1070
     0
1070
     0
1070
     0
1070
     0
1071
        0
1070
     0
1070
     0
1070
     0
1070
     0
1070
     0
1070
     0
1070
     0
1070
     0
1070
     0
1070
     0
1070
     0
1071
        0
1070
     0
1070
     0
1070
     0
1070
     0
1070
     0
1070
     0
1070
     0
1070
     0
1070
     0
1070
     0
1070
     0
1071
        0
1070
     0
1070
     0
1070
     0
1070
     0
1070
     0
1070
     0
1070
     0
1070
     0
1070
     0
1070
     0
1070
     0
1071
        0
1070
     0
1070
     0
1070
     0
1070
     0
1070
     0
1070
     0
1070
     0
1070
     0
1070
     0
1070
     0
1070
     0
1071
        0
1070
     0
1070
     0
1070
     0
1070
     0
1070
     0
1070
     0
1070
     0
1070
     0
1070
     0
1070
     0
1070
     0
1071
        0
1070
     0
1070
     0
1070
     0
1070
     0
1070
     0
1070
     0
1070
     0
1070
     0
1070
     0
1070
     0
1070
     0
1071
        0
1070
     0
1070
     0
1070
     0
1070
     0
1070
     0
1070
     0
1070
     0
1070
     0
1070
     0
1070
     0
1070
     0
1071
        0
1070
     0
1070
     0
1070
     0
1070
     0
1070
     0
1070
     0
1070
     0
1070
     0
1070
     0
1070
     0
1070
     0
1071
        0
1070
     0
1070
     0
1070
     0
1070
     0
1070
     0
1070
     0
1070
     0
1070
     0
1070
     0
1070
     0
1070
     0
1071
        0
1070
     0
1070
     0
1070
     0
1070
     0
1070
     0
1070
     0
1070
     0
1070
     0
1070
     0
1070
     0
1070
     0
1071
        0
1070
     0
1070
     0
1070
     0
1070
     0
1070
     0
1070
     0
1070
     0
1070
     0
1070
     0
1070
     0
1070
     0
1071
        0
1070
     0
1070
     0
1070
     0
1070
     0
1070
     0
1070
     0
1070
     0
1070
     0
1070
     0
1070
     0
1070
     0
1071
        0
1070
     0
1070
     0
1070
     0
1070
     0
1070
     0
1070
     0
1070
     0
1070
     0
1070
     0
1070
     0
1070
     0
1071
        0
1070
     0
1070
     0
1070
     0
1070
     0
1070
     0
1070
     0
1070
     0
1070
     0
1070
     0
1070
     0
1070
     0
1071
        0
1070
     0
1070
     0
1070
     0
1070
     0
1070
     0
1070
     0
1070
     0
1070
     0
1070
     0
1070
     0
1070
     0
1071
        0
1070
     0
1070
     0
1070
     0
1070
     0
1070
     0
1070
     0
1070
     0
1070
     0
1070
     0
1070
     0
1070
     0
1071
        0
1070
     0
1070
     0
1070
     0
1070
     0
1070
     0
1070
     0
1070
     0
1070
     0
1070
     0
1070
     0
1070
     0
1071
        0
1070
     0
1070
     0
1070
     0
1070
     0
1070
     0
1070
     0
1070
     0
1070
     0
1070
     0
1070
     0
1070
     0
1071
        0
1070
     0
1070
     0
1070
     0
1070
     0
1070
     0
1070
     0
1070
     0
1070
     0
1070
     0
1070
     0
1070
     0
1071
        0
1070
     0
1070
     0
1070
     0
1070
     0
1070
     0
1070
     0
1070
     0
1070
     0
1070
     0
1070
     0
1070
     0
1071
        0
1070
     0
1070
     0
1070
     0
1070
     0
1070
     0
1070
     0
1070
     0
1070
     0
1070
     0
1070
     0
1070
     0
1071
        0
1070
     0
1070
     0
1070
     0
1070
     0
1070
     0
1070
     0
1070
     0
1070
     0
1070
     0
1070
     0
1070
     0
1071
        0
1070
     0
1070
     0
1070
     0
1070
     0
1070
     0
1070
     0
1070
     0
1070
     0
1070
     0
1070
     0
1070
     0
1071
        0
1070
     0
1070
     0
1070
     0
1070
     0
1070
     0
1070
     0
1070
     0
1070
     0
1070
     0
1070
     0
1070
     0
1071
        0
1070
     0
1070
     0
1070
     0
1070
     0
1070
     0
1070
     0
1070
     0
1070
     0
1070
     0
1070
     0
1070
     0
1071
        0
1070
     0
1070
     0
1070
     0
1070
     0
1070
     0
1070
     0
1070
     0
1070
     0
1070
     0
1070
     0
1070
     0
1071
        0
1070
     0
1070
     0
1070
     0
1070
     0
1070
     0
1070
     0
1070
     0
1070
     0
1070
     0
1070
     0
1070
     0
1071
        0
1070
     0
1070
     0
1070
     0
1070
     0
1070
     0
1070
     0
1070
     0
1070
     0
1070
     0
1070
     0
1070
     0
1071
        0
1070
     0
1070
     0
1070
     0
1070
     0
1070
     0
1070
     0
1070
     0
1070
     0
1070
     0
1070
     0
1070
     0
1071
        0
1070
     0
1070
     0
1070
     0
1070
     0
1070
     0
1070
     0
1070
     0
1070
     0
1070
     0
1070
     0
1070
     0
1071
        0
1070
     0
1070
     0
1070
     0
1070
     0
1070
     0
1070
     0
1070
     0
1070
     0
1070
     0
1070
     0
1070
     0
1071
        0
1070
     0
1070
     0
1070
     0
1070
     0
1070
     0
1070
     0
1070
     0
1070
     0
1070
     0
1070
     0
1070
     0
1071
        0
1070
     0
1070
     0
1070
     0
1070
     0
1070
     0
1070
     0
1070
     0
1070
     0
1070
     0
1070
     0
1070
     0
1071
        0
1070
     0
1070
     0
1070
     0
1070
     0
1070
     0
1070
     0
1070
     0
1070
     0
1070
     0
1070
     0
1070
     0
1071
        0
1070
     0
1070
     0
1070
     0
1070
     0
1070
     0
1070
     0
1070
     0
1070
     0
1070
     0
1070
     0
1070
     0
1071
        0
1070
     0
1070
     0
1070
     0
1070
     0
1070
     0
1070
     0
1070
     0
1070
     0
1070
     0
1070
     0
1070
     0
1071
        0
1070
     0
1070
     0
1070
     0
1070
     0
1070
     0
1070
     0
1070
     0
1070
     0
1070
     0
1070
     0
1070
     0
1071
        0
1070
     0
1070
     0
1070
     0
1070
     0
1070
     0
1070
     0
1070
     0
1070
     0
1070
     0
1070
     0
1070
     0
1071
        0
1070
     0
1070
     0
1070
     0
1070
     0
1070
     0
1070
     0
1070
     0
1070
     0
1070
     0
1070
     0
1070
     0
1071
        0
1070
     0
1070
     0
1070
     0
1070
     0
1070
     0
1070
     0
1070
     0
1070
     0
1070
     0
1070
     0
1070
     0
1071
        0
1070
     0
1070
     0
1070
     0
1070
     0
1070
     0
1070
     0
1070
     0
1070
     0
1070
     0
1070
     0
1070
     0
1071
        0
1070
     0
1070
     0
1070
     0
1070
     0
1070
     0
1070
     0
1070
     0
1070
     0
1070
     0
1070
     0
1070
     0
1071
        0
1070
     0
1070
     0
1070
     0
1070
     0
1070
     0
1070
     0
1070
     0
1070
     0
1070
     0
1070
     0
1070
     0
1071
        0
1070
     0
1070
     0
1070
     0
1070
     0
1070
     0
1070
     0
1070
     0
1070
     0
1070
     0
1070
     0
1070
     0
1071
        0
1070
     0
1070
     0
1070
     0
1070
     0
1070
     0
1070
     0
1070
     0
1070
     0
1070
     0
1070
     0
1070
     0
1071
        0
1070
     0
1070
     0
1070
     0
1070
     0
1070
     0
1070
     0
1070
     0
1070
     0
1070
     0
1070
     0
1070
     0
1071
        0
1070
     0
1070
     0
1070
     0
1070
     0
1070
     0
1070
     0
1070
     0
1070
     0
1070
     0
1070
     0
1070
     0
1071
        0
1070
     0
1070
     0
1070
     0
1070
     0
1070
     0
1070
     0
1070
     0
1070
     0
1070
     0
1070
     0
1070
     0
1071
        0
1070
     0
1070
     0
1070
     0
1070
     0
1070
     0
1070
     0
1070
     0
1070
     0
1070
     0
1070
     0
1070
     0
1071
        0
1070
     0
1070
     0
1070
     0
1070
     0
1070
     0
1070
     0
1070
     0
1070
     0
1070
     0
1070
     0
1070
     0
1071
        0
1070
     0
1070
     0
1070
     0
1070
     0
1070
     0
1070
     0
1070
     0
1070
     0
1070
     0
1070
     0
1070
     0
1071
        0
1070
     0
1070
     0
1070
     0
1070
     0
1070
     0
1070
     0
1070
     0
1070
     0
1070
     0
1070
     0
1070
     0
1071
        0
1070
     0
1070
     0
1070
     0
1070
     0
1070
     0
1070
     0
1070
     0
1070
     0
1070
     0
1070
     0
1070
     0
1071
        0
1070
     0
1070
     0
1070
     0
1070
     0
1070
     0
1070
     0
1070
     0
1070
     0
1070
     0
1070
     0
1070
     0
1071
        0
1070
     0
1070
     0
1070
     0
1070
     0
1070
     0
1070
     0
1070
     0
1070
     0
1070
     0
1070
     0
1070
     0
1071
        0
1070
     0
1070
     0
1070
     0
1070
     0
1070
     0
1070
     0
1070
     0
1070
     0
1070
     0
1070
     0
1070
     0
1071
        0
1070
     0
1070
     0
1070
     0
1070
     0
1070
     0
1070
     0
1070
     0
1070
     0
1070
     0
1070
     0
1070
     0
1071
        0
1070
     0
1070
     0
1070
     0
1070
     0
1070
     0
1070
     0
1070
     0
1070
     0
1070
     0
1070
     0
1070
     0
1071
        0
1070
     0
1070
     0
1070
     0
1070
     0
1070
     0
1070
     0
1070
     0
1070
     0
1070
     0
1070
     0
1070
     0
1071
        0
1070
     0
1070
     0
1070
     0
1070
     0
1070
     0
1070
     0
1070
     0
1070
     0
1070
     0
1070
     0
1070
     0
1071
        0
1070
     0
1070
     0
1070
     0
1070
     0
1070
     0
1070
     0
1070
     0
1070
     0
1070
     0
1070
     0
1070
     0
1071
        0
1070
     0
1070
     0
1070
     0
1070
     0
1070
     0
1070
     0
1070
     0
1070
     0
1070
     0
1070
     0
1070
     0
1071
        0
1070
     0
1070
     0
1070
     0
1070
     0
1070
     0
1070
     0
1070
     0
1070
     0
1070
     0
1070
     0
1070
     0
1071
        0
1070
     0
1070
     0
1070
     0
1070
     0
1070
     0
1070
     0
1070
     0
1070
     0
1070
     0
1070
     0
1070
     0
1071
        0
1070
     0
1070
     0
1070
     0
1070
     0
1070
     0
1070
     0
1070
     0
1070
     0
1070
     0
1070
     0
1070
     0
1071
        0
1070
     0
1070
     0
1070
     0
1070
     0
1070
     0
1070
     0
1070
     0
1070
     0
1070
     0
1070
     0
1070
     0
1071
        0
1070
     0
1070
     0
1070
     0
1070
     0
1070
     0
1070
     0
1070
     0
1070
     0
1070
     0
1070
     0
1070
     0
1071
        0
1070
     0
1070
     0
1070
     0
1070
     0
1070
     0
1070
     0
1070
     0
1070
     0
1070
     0
1070
     0
1070
     0
1071
        0
1070
     0
1070
     0
1070
     0
1070
     0
1070
     0
1070
     0
1070
     0
1070
     0
1070
     0
1070
     0
1070
     0
1071
        0
1070
     0
1070
     0
1070
     0
1070
     0
1070
     0
1070
     0
1070
     0
1070
     0
1070
     0
1070
     0
1070
     0
1071
        0
1070
     0
1070
     0
1070
     0
1070
     0
1070
     0
1070
     0
1070
     0
1070
     0
1070
     0
1070
     0
1070
     0
1071
        0
1070
     0
1070
     0
1070
     0
1070
     0
1070
     0
1070
     0
1070
     0
1070
     0
1070
     0
1070
     0
1070
     0
1071
        0
1070
     0
1070
     0
1070
     0
1070
     0
1070
     0
1070
     0
1070
     0
1070
     0
1070
     0
1070
     0
1070
     0
1071
        0
1070
     0
1070
     0
1070
     0
1070
     0
1070
     0
1070
     0
1070
     0
1070
     0
1070
     0
1070
     0
1070
     0
1071
        0
1070
     0
1070
     0
1070
     0
1070
     0
1070
     0
1070
     0
1070
     0
1070
     0
1070
     0
1070
     0
1070
     0
1071
        0
1070
     0
1070
     0
1070
     0
1070
     0
1070
     0
1070
     0
1070
     0
1070
     0
1070
     0
1070
     0
1070
     0
1071
        0
1070
     0
1070
     0
1070
     0
1070
     0
1070
     0
1070
     0
1070
     0
1070
     0
1070
     0
1070
     0
1070
     0
1071
        0
1070
     0
1070
     0
1070
     0
1070
     0
1070
     0
1070
     0
1070
     0
1070
     0
1070
     0
1070
     0
1070
     0
1071
        0
1070
     0
1070
     0
1070
     0
1070
     0
1070
     0
1070
     0
1070
     0
1070
     0
1070
     0
1070
     0
1070
     0
1071
        0
1070
     0
1070
     0
1070
     0
1070
     0
1070
     0
1070
     0
1070
     0
1070
     0
1070
     0
1070
     0
1070
     0
1071
        0
1070
     0
1070
     0
1070
     0
1070
     0
1070
     0
1070
     0
1070
     0
1070
     0
1070
     0
1070
     0
1070
     0
1071
        0
1070
     0
1070
     0
1070
     0
1070
     0
1070
     0
1070
     0
1070
     0
1070
     0
1070
     0
1070
     0
1070
     0
1071
        0
1070
     0
1070
     0
1070
     0
1070
     0
1070
     0
1070
     0
1070
     0
1070
     0
1070
     0
1070
     0
1070
     0
1071
        0
1070
     0
1070
     0
1070
     0
1070
     0
1070
     0
1070
     0
1070
     0
1070
     0
1070
     0
1070
     0
1070
     0
1071
        0
1070
     0
1070
     0
1070
     0
1070
     0
1070
     0
1070
     0
1070
     0
1070
     0
1070
     0
1070
     0
1070
     0
1071
        0
1070
     0
1070
     0
1070
     0
1070
     0
1070
     0
1070
     0
1070
     0
1070
     0
1070
     0
1070
     0
1070
     0
1071
        0
1070
     0
1070
     0
1070
     0
1070
     0
1070
     0
1070
     0
1070
     0
1070
     0
1070
     0
1070
     0
1070
     0
1071
        0
1070
     0
1070
     0
1070
     0
1070
     0
1070
     0
1070
     0
1070
     0
1070
     0
1070
     0
1070
     0
1070
     0
1071
        0
1070
     0
1070
     0
1070
     0
1070
     0
1070
     0
1070
     0
1070
     0
1070
     0
1070
     0
1070
     0
1070
     0
1071
        0
1070
     0
1070
     0
1070
     0
1070
     0
1070
     0
1070
     0
1070
     0
1070
     0
1070
     0
1070
     0
1070
     0
1071
        0
1070
     0
1070
     0
1070
     0
1070
     0
1070
     0
1070
     0
1070
     0
1070
     0
1070
     0
1070
     0
1070
     0
1071
        0
1070
     0
1070
     0
1070
     0
1070
     0
1070
     0
1070
     0
1070
     0
1070
     0
1070
     0
1070
     0
1070
     0
1071
        0
1070
     0
1070
     0
1070
     0
1070
     0
1070
     0
1070
     0
1070
     0
1070
     0
1070
     0
1070
     0
1070
     0
1071
        0
1070
     0
1070
     0
1070
     0
1070
     0
1070
     0
1070
     0
1070
     0
1070
     0
1070
     0
1070
     0
1070
     0
1071
        0
1070
     0
1070
     0
1070
     0
1070
     0
1070
     0
1070
     0
1070
     0
1070
     0
1070
     0
1070
     0
1070
     0
1071
        0
1070
     0
1070
     0
1070
     0
1070
     0
1070
     0
1070
     0
1070
     0
1070
     0
1070
     0
1070
     0
1070
     0
1071
        0
1070
     0
1070
     0
1070
     0
1070
     0
1070
     0
1070
     0
1070
     0
1070
     0
1070
     0
1070
     0
1070
     0
1071
        0
1070
     0
1070
     0
1070
     0
1070
     0
1070
     0
1070
     0
1070
     0
1070
     0
1070
     0
1070
     0
1070
     0
1071
        0
1070
     0
1070
     0
1070
     0
1070
     0
1070
     0
1070
     0
1070
     0
1070
     0
1070
     0
1070
     0
1070
     0
1071
        0
1070
     0
1070
     0
1070
     0
1070
     0
1070
     0
1070
     0
1070
     0
1070
     0
1070
     0
1070
     0
1070
     0
1071
        0
1070
     0
1070
     0
1070
     0
1070
     0
1070
     0
1070
     0
1070
     0
1070
     0
1070
     0
1070
     0
1070
     0
1071
        0
1070
     0
1070
     0
1070
     0
1070
     0
1070
     0
1070
     0
1070
     0
1070
     0
1070
     0
1070
     0
1070
     0
1071
        0
1070
     0
1070
     0
1070
     0
1070
     0
1070
     0
1070
     0
1070
     0
1070
     0
1070
     0
1070
     0
1070
     0
1071
        0
1070
     0
1070
     0
1070
     0
1070
     0
1070
     0
1070
     0
1070
     0
1070
     0
1070
     0
1070
     0
1070
     0
1071
        0
1070
     0
1070
     0
1070
     0
1070
     0
1070
     0
1070
     0
1070
     0
1070
     0
1070
     0
1070
     0
1070
     0
1071
        0
1070
     0
1070
     0
1070
     0
1070
     0
1070
     0
1070
     0
1070
     0
1070
     0
1070
     0
1070
     0
1070
     0
1071
        0
1070
     0
1070
     0
1070
     0
1070
     0
1070
     0
1070
     0
1070
     0
1070
     0
1070
     0
1070
     0
1070
     0
1071
        0
1070
     0
1070
     0
1070
     0
1070
     0
1070
     0
1070
     0
1070
     0
1070
     0
1070
     0
1070
     0
1070
     0
1071
        0
1070
     0
1070
     0
1070
     0
1070
     0
1070
     0
1070
     0
1070
     0
1070
     0
1070
     0
1070
     0
1070
     0
1071
        0
1070
     0
1070
     0
1070
     0
1070
     0
1070
     0
1070
     0
1070
     0
1070
     0
1070
     0
1070
     0
1070
     0
1071
        0
1070
     0
1070
     0
1070
     0
1070
     0
1070
     0
1070
     0
1070
     0
1070
     0
1070
     0
1070
     0
1070
     0
1071
        0
1070
     0
1070
     0
1070
     0
1070
     0
1070
     0
1070
     0
1070
     0
1070
     0
1070
     0
1070
     0
1070
     0
1071
        0
1070
     0
1070
     0
1070
     0
1070
     0
1070
     0
1070
     0
1070
     0
1070
     0
1070
     0
1070
     0
1070
     0
1071
        0
1070
     0
1070
     0
1070
     0
1070
     0
1070
     0
1070
     0
1070
     0
1070
     0
1070
     0
1070
     0
1070
     0
1071
        0
1070
     0
1070
     0
1070
     0
1070
     0
1070
     0
1070
     0
1070
     0
1070
     0
1070
     0
1070
     0
1070
     0
1071
        0
1070
     0
1070
     0
1070
     0
1070
     0
1070
     0
1070
     0
1070
     0
1070
     0
1070
     0
1070
     0
1070
     0
1071
        0
1070
     0
1070
     0
1070
     0
1070
     0
1070
     0
1070
     0
1070
     0
1070
     0
1070
     0
1070
     0
1070
     0
1071
        0
1070
     0
1070
     0
1070
     0
1070
     0
1070
     0
1070
     0
1070
     0
1070
     0
1070
     0
1070
     0
1070
     0
1071
        0
1070
     0
1070
     0
1070
     0
1070
     0
1070
     0
1070
     0
1070
     0
1070
     0
1070
     0
1070
     0
1070
     0
1071
        0
1070
     0
1070
     0
1070
     0
1070
     0
1070
     0
1070
     0
1070
     0
1070
     0
1070
     0
1070
     0
1070
     0
1071
        0
1070
     0
1070
     0
1070
     0
1070
     0
1070
     0
1070
     0
1070
     0
1070
     0
1070
     0
1070
     0
1070
     0
1071
        0
1070
     0
1070
     0
1070
     0
1070
     0
1070
     0
1070
     0
1070
     0
1070
     0
1070
     0
1070
     0
1070
     0
1071
        0
1070
     0
1070
     0
1070
     0
1070
     0
1070
     0
1070
     0
1070
     0
1070
     0
1070
     0
1070
     0
1070
     0
1071
        0
1070
     0
1070
     0
1070
     0
1070
     0
1070
     0
1070
     0
1070
     0
1070
     0
1070
     0
1070
     0
1070
     0
1071
        0
1070
     0
1070
     0
1070
     0
1070
     0
1070
     0
1070
     0
1070
     0
1070
     0
1070
     0
1070
     0
1070
     0
1071
        0
1070
     0
1070
     0
1070
     0
1070
     0
1070
     0
1070
     0
1070
     0
1070
     0
1070
     0
1070
     0
1070
     0
1071
        0
1070
     0
1070
     0
1070
     0
1070
     0
1070
     0
1070
     0
1070
     0
1070
     0
1070
     0
1070
     0
1070
     0
1071
        0
1070
     0
1070
     0
1070
     0
1070
     0
1070
     0
1070
     0
1070
     0
1070
     0
1070
     0
1070
     0
1070
     0
1071
        0
1070
     0
1070
     0
1070
     0
1070
     0
1070
     0
1070
     0
1070
     0
1070
     0
1070
     0
1070
     0
1070
     0
1071
        0
1070
     0
1070
     0
1070
     0
1070
     0
1070
     0
1070
     0
1070
     0
1070
     0
1070
     0
1070
     0
1070
     0
1071
        0
1070
     0
1070
     0
1070
     0
1070
     0
1070
     0
1070
     0
1070
     0
1070
     0
1070
     0
1070
     0
1070
     0
1071
        0
1070
     0
1070
     0
1070
     0
1070
     0
1070
     0
1070
     0
1070
     0
1070
     0
1070
     0
1070
     0
1070
     0
1071
        0
1070
     0
1070
     0
1070
     0
1070
     0
1070
     0
1070
     0
1070
     0
1070
     0
1070
     0
1070
     0
1070
     0
1071
        0
1070
     0
1070
     0
1070
     0
1070
     0
1070
     0
1070
     0
1070
     0
1070
     0
1070
     0
1070
     0
1070
     0
1071
        0
1070
     0
1070
     0
1070
     0
1070
     0
1070
     0
1070
     0
1070
     0
1070
     0
1070
     0
1070
     0
1070
     0
1071
        0
1070
     0
1070
     0
1070
     0
1070
     0
1070
     0
1070
     0
1070
     0
1070
     0
1070
     0
1070
     0
1070
     0
1071
        0
1070
     0
1070
     0
1070
     0
1070
     0
1070
     0
1070
     0
1070
     0
1070
     0
1070
     0
1070
     0
1070
     0
1071
        0
1070
     0
1070
     0
1070
     0
1070
     0
1070
     0
1070
     0
1070
     0
1070
     0
1070
     0
1070
     0
1070
     0
1071
        0
1070
     0
1070
     0
1070
     0
1070
     0
1070
     0
1070
     0
1070
     0
1070
     0
1070
     0
1070
     0
1070
     0
1071
        0
1070
     0
1070
     0
1070
     0
1070
     0
1070
     0
1070
     0
1070
     0
1070
     0
1070
     0
1070
     0
1070
     0
1071
        0
1070
     0
1070
     0
1070
     0
1070
     0
1070
     0
1070
     0
1070
     0
1070
     0
1070
     0
1070
     0
1070
     0
1071
        0
1070
     0
1070
     0
1070
     0
1070
     0
1070
     0
1070
     0
1070
     0
1070
     0
1070
     0
1070
     0
1070
     0
1071
        0
1070
     0
1070
     0
1070
     0
1070
     0
1070
     0
1070
     0
1070
     0
1070
     0
1070
     0
1070
     0
1070
     0
1071
        0
1070
     0
1070
     0
1070
     0
1070
     0
1070
     0
1070
     0
1070
     0
1070
     0
1070
     0
1070
     0
1070
     0
1071
        0
1070
     0
1070
     0
1070
     0
1070
     0
1070
     0
1070
     0
1070
     0
1070
     0
1070
     0
1070
     0
1070
     0
1071
        0
1070
     0
1070
     0
1070
     0
1070
     0
1070
     0
1070
     0
1070
     0
1070
     0
1070
     0
1070
     0
1070
     0
1071
        0
1070
     0
1070
     0
1070
     0
1070
     0
1070
     0
1070
     0
1070
     0
1070
     0
1070
     0
1070
     0
1070
     0
1071
        0
1070
     0
1070
     0
1070
     0
1070
     0
1070
     0
1070
     0
1070
     0
1070
     0
1070
     0
1070
     0
1070
     0
1071
        0
1070
     0
1070
     0
1070
     0
1070
     0
1070
     0
1070
     0
1070
     0
1070
     0
1070
     0
1070
     0
1070
     0
1071
        0
1070
     0
1070
     0
1070
     0
1070
     0
1070
     0
1070
     0
1070
     0
1070
     0
1070
     0
1070
     0
1070
     0
1071
        0
1070
     0
1070
     0
1070
     0
1070
     0
1070
     0
1070
     0
1070
     0
1070
     0
1070
     0
1070
     0
1070
     0
1071
        0
1070
     0
1070
     0
1070
     0
1070
     0
1070
     0
1070
     0
1070
     0
1070
     0
1070
     0
1070
     0
1070
     0
1071
        0
1070
     0
1070
     0
1070
     0
1070
     0
1070
     0
1070
     0
1070
     0
1070
     0
1070
     0
1070
     0
1070
     0
1071
        0
1070
     0
1070
     0
1070
     0
1070
     0
1070
     0
1070
     0
1070
     0
1070
     0
1070
     0
1070
     0
1070
     0
1071
        0
1070
     0
1070
     0
1070
     0
1070
     0
1070
     0
1070
     0
1070
     0
1070
     0
1070
     0
1070
     0
1070
     0
1071
        0
1070
     0
1070
     0
1070
     0
1070
     0
1070
     0
1070
     0
1070
     0
1070
     0
1070
     0
1070
     0
1070
     0
1071
        0
1070
     0
1070
     0
1070
     0
1070
     0
1070
     0
1070
     0
1070
     0
1070
     0
1070
     0
1070
     0
1070
     0
1071
        0
1070
     0
1070
     0
1070
     0
1070
     0
1070
     0
1070
     0
1070
     0
1070
     0
1070
     0
1070
     0
1070
     0
1071
        0
1070
     0
1070
     0
1070
     0
1070
     0
1070
     0
1070
     0
1070
     0
1070
     0
1070
     0
1070
     0
1070
     0
1071
        0
1070
     0
1070
     0
1070
     0
1070
     0
1070
     0
1070
     0
1070
     0
1070
     0
1070
     0
1070
     0
1070
     0
1071
        0
1070
     0
1070
     0
1070
     0
1070
     0
1070
     0
1070
     0
1070
     0
1070
     0
1070
     0
1070
     0
1070
     0
1071
        0
1070
     0
1070
     0
1070
     0
1070
     0
1070
     0
1070
     0
1070
     0
1070
     0
1070
     0
1070
     0
1070
     0
1071
        0
1070
     0
1070
     0
1070
     0
1070
     0
1070
     0
1070
     0
1070
     0
1070
     0
1070
     0
1070
     0
1070
     0
1071
        0
1070
     0
1070
     0
1070
     0
1070
     0
1070
     0
1070
     0
1070
     0
1070
     0
1070
     0
1070
     0
1070
     0
1071
        0
1070
     0
1070
     0
1070
     0
1070
     0
1070
     0
1070
     0
1070
     0
1070
     0
1070
     0
1070
     0
1070
     0
1071
        0
1070
     0
1070
     0
1070
     0
1070
     0
1070
     0
1070
     0
1070
     0
1070
     0
1070
     0
1070
     0
1070
     0
1071
        0
1070
     0
1070
     0
1070
     0
1070
     0
1070
     0
1070
     0
1070
     0
1070
     0
1070
     0
1070
     0
1070
     0
1071
        0
1070
     0
1070
     0
1070
     0
1070
     0
1070
     0
1070
     0
1070
     0
1070
     0
1070
     0
1070
     0
1070
     0
1071
        0
1070
     0
1070
     0
1070
     0
1070
     0
1070
     0
1070
     0
1070
     0
1070
     0
1070
     0
1070
     0
1070
     0
1071
        0
1070
     0
1070
     0
1070
     0
1070
     0
1070
     0
1070
     0
1070
     0
1070
     0
1070
     0
1070
     0
1070
     0
1071
        0
1070
     0
1070
     0
1070
     0
1070
     0
1070
     0
1070
     0
1070
     0
1070
     0
1070
     0
1070
     0
1070
     0
1071
        0
1070
     0
1070
     0
1070
     0
1070
     0
1070
     0
1070
     0
1070
     0
1070
     0
1070
     0
1070
     0
1070
     0
1071
        0
1070
     0
1070
     0
1070
     0
1070
     0
1070
     0
1070
     0
1070
     0
1070
     0
1070
     0
1070
     0
1070
     0
1071
        0
1070
     0
1070
     0
1070
     0
1070
     0
1070
     0
1070
     0
1070
     0
1070
     0
1070
     0
1070
     0
1070
     0
1071
        0
1070
     0
1070
     0
1070
     0
1070
     0
1070
     0
1070
     0
1070
     0
1070
     0
1070
     0
1070
     0
1070
     0
1071
        0
1070
     0
1070
     0
1070
     0
1070
     0
1070
     0
1070
     0
1070
     0
1070
     0
1070
     0
1070
     0
1070
     0
1071
        0
1070
     0
1070
     0
1070
     0
1070
     0
1070
     0
1070
     0
1070
     0
1070
     0
1070
     0
1070
     0
1070
     0
1071
        0
1070
     0
1070
     0
1070
     0
1070
     0
1070
     0
1070
     0
1070
     0
1070
     0
1070
     0
1070
     0
1070
     0
1071
        0
1070
     0
1070
     0
1070
     0
1070
     0
1070
     0
1070
     0
1070
     0
1070
     0
1070
     0
1070
     0
1070
     0
1071
        0
1070
     0
1070
     0
1070
     0
1070
     0
1070
     0
1070
     0
1070
     0
1070
     0
1070
     0
1070
     0
1070
     0
1071
        0
1070
     0
1070
     0
1070
     0
1070
     0
1070
     0
1070
     0
1070
     0
1070
     0
1070
     0
1070
     0
1070
     0
1071
        0
1070
     0
1070
     0
1070
     0
1070
     0
1070
     0
1070
     0
1070
     0
1070
     0
1070
     0
1070
     0
1070
     0
1071
        0
1070
     0
1070
     0
1070
     0
1070
     0
1070
     0
1070
     0
1070
     0
1070
     0
1070
     0
1070
     0
1070
     0
1071
        0
1070
     0
1070
     0
1070
     0
1070
     0
1070
     0
1070
     0
1070
     0
1070
     0
1070
     0
1070
     0
1070
     0
1071
        0
1070
     0
1070
     0
1070
     0
1070
     0
1070
     0
1070
     0
1070
     0
1070
     0
1070
     0
1070
     0
  0
TEXT
  5
7A5
330
1F
100
AcDbEntity
  8
COLUMN_TEXT__BM_
100
AcDbText
 39
0.0463826642588751
 10
2691.941431350409
 20
982.6433889795983
 30
-0.0000000082728956
 40
0.2
  1
C12
  7
NAME
100
AcDbText
  0
ELLIPSE
  5
7A6
330
1F
100
AcDbEntity
  8
COLUMN_TEXT_BOX__BM_
100
AcDbEllipse
 10
2692.202542812078
 20
982.7428580271792
 30
0.0
 11
-0.3141047421322583
 21
0.0
 31
0.0
210
0.0
220
0.0
230
1.0
 40
0.4476558537982991
 41
0.0
 42
6.283185307179586
1001
ACAD_OBJECT_CHANGE_GUID
1070
     0
1071
        0
1070
     0
1070
     0
1070
     0
1070
     0
1070
     0
1070
     0
1070
     0
1070
     0
1070
     0
1070
     0
1070
     0
1071
        0
1070
     0
1070
     0
1070
     0
1070
     0
1070
     0
1070
     0
1070
     0
1070
     0
1070
     0
1070
     0
1070
     0
1071
        0
1070
     0
1070
     0
1070
     0
1070
     0
1070
     0
1070
     0
1070
     0
1070
     0
1070
     0
1070
     0
1070
     0
1071
        0
1070
     0
1070
     0
1070
     0
1070
     0
1070
     0
1070
     0
1070
     0
1070
     0
1070
     0
1070
     0
1070
     0
1071
        0
1070
     0
1070
     0
1070
     0
1070
     0
1070
     0
1070
     0
1070
     0
1070
     0
1070
     0
1070
     0
1070
     0
1071
        0
1070
     0
1070
     0
1070
     0
1070
     0
1070
     0
1070
     0
1070
     0
1070
     0
1070
     0
1070
     0
1070
     0
1071
        0
1070
     0
1070
     0
1070
     0
1070
     0
1070
     0
1070
     0
1070
     0
1070
     0
1070
     0
1070
     0
1070
     0
1071
        0
1070
     0
1070
     0
1070
     0
1070
     0
1070
     0
1070
     0
1070
     0
1070
     0
1070
     0
1070
     0
1070
     0
1071
        0
1070
     0
1070
     0
1070
     0
1070
     0
1070
     0
1070
     0
1070
     0
1070
     0
1070
     0
1070
     0
1070
     0
1071
        0
1070
     0
1070
     0
1070
     0
1070
     0
1070
     0
1070
     0
1070
     0
1070
     0
1070
     0
1070
     0
1070
     0
1071
        0
1070
     0
1070
     0
1070
     0
1070
     0
1070
     0
1070
     0
1070
     0
1070
     0
1070
     0
1070
     0
1070
     0
1071
        0
1070
     0
1070
     0
1070
     0
1070
     0
1070
     0
1070
     0
1070
     0
1070
     0
1070
     0
1070
     0
1070
     0
1071
        0
1070
     0
1070
     0
1070
     0
1070
     0
1070
     0
1070
     0
1070
     0
1070
     0
1070
     0
1070
     0
1070
     0
1071
        0
1070
     0
1070
     0
1070
     0
1070
     0
1070
     0
1070
     0
1070
     0
1070
     0
1070
     0
1070
     0
1070
     0
1071
        0
1070
     0
1070
     0
1070
     0
1070
     0
1070
     0
1070
     0
1070
     0
1070
     0
1070
     0
1070
     0
1070
     0
1071
        0
1070
     0
1070
     0
1070
     0
1070
     0
1070
     0
1070
     0
1070
     0
1070
     0
1070
     0
1070
     0
1070
     0
1071
        0
1070
     0
1070
     0
1070
     0
1070
     0
1070
     0
1070
     0
1070
     0
1070
     0
1070
     0
1070
     0
1070
     0
1071
        0
1070
     0
1070
     0
1070
     0
1070
     0
1070
     0
1070
     0
1070
     0
1070
     0
1070
     0
1070
     0
1070
     0
1071
        0
1070
     0
1070
     0
1070
     0
1070
     0
1070
     0
1070
     0
1070
     0
1070
     0
1070
     0
1070
     0
1070
     0
1071
        0
1070
     0
1070
     0
1070
     0
1070
     0
1070
     0
1070
     0
1070
     0
1070
     0
1070
     0
1070
     0
1070
     0
1071
        0
1070
     0
1070
     0
1070
     0
1070
     0
1070
     0
1070
     0
1070
     0
1070
     0
1070
     0
1070
     0
1070
     0
1071
        0
1070
     0
1070
     0
1070
     0
1070
     0
1070
     0
1070
     0
1070
     0
1070
     0
1070
     0
1070
     0
1070
     0
1071
        0
1070
     0
1070
     0
1070
     0
1070
     0
1070
     0
1070
     0
1070
     0
1070
     0
1070
     0
1070
     0
1070
     0
1071
        0
1070
     0
1070
     0
1070
     0
1070
     0
1070
     0
1070
     0
1070
     0
1070
     0
1070
     0
1070
     0
1070
     0
1071
        0
1070
     0
1070
     0
1070
     0
1070
     0
1070
     0
1070
     0
1070
     0
1070
     0
1070
     0
1070
     0
1070
     0
1071
        0
1070
     0
1070
     0
1070
     0
1070
     0
1070
     0
1070
     0
1070
     0
1070
     0
1070
     0
1070
     0
1070
     0
1071
        0
1070
     0
1070
     0
1070
     0
1070
     0
1070
     0
1070
     0
1070
     0
1070
     0
1070
     0
1070
     0
1070
     0
1071
        0
1070
     0
1070
     0
1070
     0
1070
     0
1070
     0
1070
     0
1070
     0
1070
     0
1070
     0
1070
     0
1070
     0
1071
        0
1070
     0
1070
     0
1070
     0
1070
     0
1070
     0
1070
     0
1070
     0
1070
     0
1070
     0
1070
     0
1070
     0
1071
        0
1070
     0
1070
     0
1070
     0
1070
     0
1070
     0
1070
     0
1070
     0
1070
     0
1070
     0
1070
     0
1070
     0
1071
        0
1070
     0
1070
     0
1070
     0
1070
     0
1070
     0
1070
     0
1070
     0
1070
     0
1070
     0
1070
     0
1070
     0
1071
        0
1070
     0
1070
     0
1070
     0
1070
     0
1070
     0
1070
     0
1070
     0
1070
     0
1070
     0
1070
     0
1070
     0
1071
        0
1070
     0
1070
     0
1070
     0
1070
     0
1070
     0
1070
     0
1070
     0
1070
     0
1070
     0
1070
     0
1070
     0
1071
        0
1070
     0
1070
     0
1070
     0
1070
     0
1070
     0
1070
     0
1070
     0
1070
     0
1070
     0
1070
     0
1070
     0
1071
        0
1070
     0
1070
     0
1070
     0
1070
     0
1070
     0
1070
     0
1070
     0
1070
     0
1070
     0
1070
     0
1070
     0
1071
        0
1070
     0
1070
     0
1070
     0
1070
     0
1070
     0
1070
     0
1070
     0
1070
     0
1070
     0
1070
     0
1070
     0
1071
        0
1070
     0
1070
     0
1070
     0
1070
     0
1070
     0
1070
     0
1070
     0
1070
     0
1070
     0
1070
     0
1070
     0
1071
        0
1070
     0
1070
     0
1070
     0
1070
     0
1070
     0
1070
     0
1070
     0
1070
     0
1070
     0
1070
     0
1070
     0
1071
        0
1070
     0
1070
     0
1070
     0
1070
     0
1070
     0
1070
     0
1070
     0
1070
     0
1070
     0
1070
     0
1070
     0
1071
        0
1070
     0
1070
     0
1070
     0
1070
     0
1070
     0
1070
     0
1070
     0
1070
     0
1070
     0
1070
     0
1070
     0
1071
        0
1070
     0
1070
     0
1070
     0
1070
     0
1070
     0
1070
     0
1070
     0
1070
     0
1070
     0
1070
     0
1070
     0
1071
        0
1070
     0
1070
     0
1070
     0
1070
     0
1070
     0
1070
     0
1070
     0
1070
     0
1070
     0
1070
     0
1070
     0
1071
        0
1070
     0
1070
     0
1070
     0
1070
     0
1070
     0
1070
     0
1070
     0
1070
     0
1070
     0
1070
     0
1070
     0
1071
        0
1070
     0
1070
     0
1070
     0
1070
     0
1070
     0
1070
     0
1070
     0
1070
     0
1070
     0
1070
     0
1070
     0
1071
        0
1070
     0
1070
     0
1070
     0
1070
     0
1070
     0
1070
     0
1070
     0
1070
     0
1070
     0
1070
     0
1070
     0
1071
        0
1070
     0
1070
     0
1070
     0
1070
     0
1070
     0
1070
     0
1070
     0
1070
     0
1070
     0
1070
     0
1070
     0
1071
        0
1070
     0
1070
     0
1070
     0
1070
     0
1070
     0
1070
     0
1070
     0
1070
     0
1070
     0
1070
     0
1070
     0
1071
        0
1070
     0
1070
     0
1070
     0
1070
     0
1070
     0
1070
     0
1070
     0
1070
     0
1070
     0
1070
     0
1070
     0
1071
        0
1070
     0
1070
     0
1070
     0
1070
     0
1070
     0
1070
     0
1070
     0
1070
     0
1070
     0
1070
     0
1070
     0
1071
        0
1070
     0
1070
     0
1070
     0
1070
     0
1070
     0
1070
     0
1070
     0
1070
     0
1070
     0
1070
     0
1070
     0
1071
        0
1070
     0
1070
     0
1070
     0
1070
     0
1070
     0
1070
     0
1070
     0
1070
     0
1070
     0
1070
     0
1070
     0
1071
        0
1070
     0
1070
     0
1070
     0
1070
     0
1070
     0
1070
     0
1070
     0
1070
     0
1070
     0
1070
     0
1070
     0
1071
        0
1070
     0
1070
     0
1070
     0
1070
     0
1070
     0
1070
     0
1070
     0
1070
     0
1070
     0
1070
     0
1070
     0
1071
        0
1070
     0
1070
     0
1070
     0
1070
     0
1070
     0
1070
     0
1070
     0
1070
     0
1070
     0
1070
     0
1070
     0
1071
        0
1070
     0
1070
     0
1070
     0
1070
     0
1070
     0
1070
     0
1070
     0
1070
     0
1070
     0
1070
     0
1070
     0
1071
        0
1070
     0
1070
     0
1070
     0
1070
     0
1070
     0
1070
     0
1070
     0
1070
     0
1070
     0
1070
     0
1070
     0
1071
        0
1070
     0
1070
     0
1070
     0
1070
     0
1070
     0
1070
     0
1070
     0
1070
     0
1070
     0
1070
     0
1070
     0
1071
        0
1070
     0
1070
     0
1070
     0
1070
     0
1070
     0
1070
     0
1070
     0
1070
     0
1070
     0
1070
     0
1070
     0
1071
        0
1070
     0
1070
     0
1070
     0
1070
     0
1070
     0
1070
     0
1070
     0
1070
     0
1070
     0
1070
     0
1070
     0
1071
        0
1070
     0
1070
     0
1070
     0
1070
     0
1070
     0
1070
     0
1070
     0
1070
     0
1070
     0
1070
     0
1070
     0
1071
        0
1070
     0
1070
     0
1070
     0
1070
     0
1070
     0
1070
     0
1070
     0
1070
     0
1070
     0
1070
     0
1070
     0
1071
        0
1070
     0
1070
     0
1070
     0
1070
     0
1070
     0
1070
     0
1070
     0
1070
     0
1070
     0
1070
     0
1070
     0
1071
        0
1070
     0
1070
     0
1070
     0
1070
     0
1070
     0
1070
     0
1070
     0
1070
     0
1070
     0
1070
     0
1070
     0
1071
        0
1070
     0
1070
     0
1070
     0
1070
     0
1070
     0
1070
     0
1070
     0
1070
     0
1070
     0
1070
     0
1070
     0
1071
        0
1070
     0
1070
     0
1070
     0
1070
     0
1070
     0
1070
     0
1070
     0
1070
     0
1070
     0
1070
     0
1070
     0
1071
        0
1070
     0
1070
     0
1070
     0
1070
     0
1070
     0
1070
     0
1070
     0
1070
     0
1070
     0
1070
     0
1070
     0
1071
        0
1070
     0
1070
     0
1070
     0
1070
     0
1070
     0
1070
     0
1070
     0
1070
     0
1070
     0
1070
     0
1070
     0
1071
        0
1070
     0
1070
     0
1070
     0
1070
     0
1070
     0
1070
     0
1070
     0
1070
     0
1070
     0
1070
     0
1070
     0
1071
        0
1070
     0
1070
     0
1070
     0
1070
     0
1070
     0
1070
     0
1070
     0
1070
     0
1070
     0
1070
     0
1070
     0
1071
        0
1070
     0
1070
     0
1070
     0
1070
     0
1070
     0
1070
     0
1070
     0
1070
     0
1070
     0
1070
     0
1070
     0
1071
        0
1070
     0
1070
     0
1070
     0
1070
     0
1070
     0
1070
     0
1070
     0
1070
     0
1070
     0
1070
     0
1070
     0
1071
        0
1070
     0
1070
     0
1070
     0
1070
     0
1070
     0
1070
     0
1070
     0
1070
     0
1070
     0
1070
     0
1070
     0
1071
        0
1070
     0
1070
     0
1070
     0
1070
     0
1070
     0
1070
     0
1070
     0
1070
     0
1070
     0
1070
     0
1070
     0
1071
        0
1070
     0
1070
     0
1070
     0
1070
     0
1070
     0
1070
     0
1070
     0
1070
     0
1070
     0
1070
     0
1070
     0
1071
        0
1070
     0
1070
     0
1070
     0
1070
     0
1070
     0
1070
     0
1070
     0
1070
     0
1070
     0
1070
     0
1070
     0
1071
        0
1070
     0
1070
     0
1070
     0
1070
     0
1070
     0
1070
     0
1070
     0
1070
     0
1070
     0
1070
     0
1070
     0
1071
        0
1070
     0
1070
     0
1070
     0
1070
     0
1070
     0
1070
     0
1070
     0
1070
     0
1070
     0
1070
     0
1070
     0
1071
        0
1070
     0
1070
     0
1070
     0
1070
     0
1070
     0
1070
     0
1070
     0
1070
     0
1070
     0
1070
     0
1070
     0
1071
        0
1070
     0
1070
     0
1070
     0
1070
     0
1070
     0
1070
     0
1070
     0
1070
     0
1070
     0
1070
     0
1070
     0
1071
        0
1070
     0
1070
     0
1070
     0
1070
     0
1070
     0
1070
     0
1070
     0
1070
     0
1070
     0
1070
     0
1070
     0
1071
        0
1070
     0
1070
     0
1070
     0
1070
     0
1070
     0
1070
     0
1070
     0
1070
     0
1070
     0
1070
     0
1070
     0
1071
        0
1070
     0
1070
     0
1070
     0
1070
     0
1070
     0
1070
     0
1070
     0
1070
     0
1070
     0
1070
     0
1070
     0
1071
        0
1070
     0
1070
     0
1070
     0
1070
     0
1070
     0
1070
     0
1070
     0
1070
     0
1070
     0
1070
     0
1070
     0
1071
        0
1070
     0
1070
     0
1070
     0
1070
     0
1070
     0
1070
     0
1070
     0
1070
     0
1070
     0
1070
     0
1070
     0
1071
        0
1070
     0
1070
     0
1070
     0
1070
     0
1070
     0
1070
     0
1070
     0
1070
     0
1070
     0
1070
     0
1070
     0
1071
        0
1070
     0
1070
     0
1070
     0
1070
     0
1070
     0
1070
     0
1070
     0
1070
     0
1070
     0
1070
     0
1070
     0
1071
        0
1070
     0
1070
     0
1070
     0
1070
     0
1070
     0
1070
     0
1070
     0
1070
     0
1070
     0
1070
     0
1070
     0
1071
        0
1070
     0
1070
     0
1070
     0
1070
     0
1070
     0
1070
     0
1070
     0
1070
     0
1070
     0
1070
     0
1070
     0
1071
        0
1070
     0
1070
     0
1070
     0
1070
     0
1070
     0
1070
     0
1070
     0
1070
     0
1070
     0
1070
     0
1070
     0
1071
        0
1070
     0
1070
     0
1070
     0
1070
     0
1070
     0
1070
     0
1070
     0
1070
     0
1070
     0
1070
     0
1070
     0
1071
        0
1070
     0
1070
     0
1070
     0
1070
     0
1070
     0
1070
     0
1070
     0
1070
     0
1070
     0
1070
     0
1070
     0
1071
        0
1070
     0
1070
     0
1070
     0
1070
     0
1070
     0
1070
     0
1070
     0
1070
     0
1070
     0
1070
     0
1070
     0
1071
        0
1070
     0
1070
     0
1070
     0
1070
     0
1070
     0
1070
     0
1070
     0
1070
     0
1070
     0
1070
     0
1070
     0
1071
        0
1070
     0
1070
     0
1070
     0
1070
     0
1070
     0
1070
     0
1070
     0
1070
     0
1070
     0
1070
     0
1070
     0
1071
        0
1070
     0
1070
     0
1070
     0
1070
     0
1070
     0
1070
     0
1070
     0
1070
     0
1070
     0
1070
     0
1070
     0
1071
        0
1070
     0
1070
     0
1070
     0
1070
     0
1070
     0
1070
     0
1070
     0
1070
     0
1070
     0
1070
     0
1070
     0
1071
        0
1070
     0
1070
     0
1070
     0
1070
     0
1070
     0
1070
     0
1070
     0
1070
     0
1070
     0
1070
     0
1070
     0
1071
        0
1070
     0
1070
     0
1070
     0
1070
     0
1070
     0
1070
     0
1070
     0
1070
     0
1070
     0
1070
     0
1070
     0
1071
        0
1070
     0
1070
     0
1070
     0
1070
     0
1070
     0
1070
     0
1070
     0
1070
     0
1070
     0
1070
     0
1070
     0
1071
        0
1070
     0
1070
     0
1070
     0
1070
     0
1070
     0
1070
     0
1070
     0
1070
     0
1070
     0
1070
     0
1070
     0
1071
        0
1070
     0
1070
     0
1070
     0
1070
     0
1070
     0
1070
     0
1070
     0
1070
     0
1070
     0
1070
     0
1070
     0
1071
        0
1070
     0
1070
     0
1070
     0
1070
     0
1070
     0
1070
     0
1070
     0
1070
     0
1070
     0
1070
     0
1070
     0
1071
        0
1070
     0
1070
     0
1070
     0
1070
     0
1070
     0
1070
     0
1070
     0
1070
     0
1070
     0
1070
     0
1070
     0
1071
        0
1070
     0
1070
     0
1070
     0
1070
     0
1070
     0
1070
     0
1070
     0
1070
     0
1070
     0
1070
     0
1070
     0
1071
        0
1070
     0
1070
     0
1070
     0
1070
     0
1070
     0
1070
     0
1070
     0
1070
     0
1070
     0
1070
     0
1070
     0
1071
        0
1070
     0
1070
     0
1070
     0
1070
     0
1070
     0
1070
     0
1070
     0
1070
     0
1070
     0
1070
     0
1070
     0
1071
        0
1070
     0
1070
     0
1070
     0
1070
     0
1070
     0
1070
     0
1070
     0
1070
     0
1070
     0
1070
     0
1070
     0
1071
        0
1070
     0
1070
     0
1070
     0
1070
     0
1070
     0
1070
     0
1070
     0
1070
     0
1070
     0
1070
     0
1070
     0
1071
        0
1070
     0
1070
     0
1070
     0
1070
     0
1070
     0
1070
     0
1070
     0
1070
     0
1070
     0
1070
     0
1070
     0
1071
        0
1070
     0
1070
     0
1070
     0
1070
     0
1070
     0
1070
     0
1070
     0
1070
     0
1070
     0
1070
     0
1070
     0
1071
        0
1070
     0
1070
     0
1070
     0
1070
     0
1070
     0
1070
     0
1070
     0
1070
     0
1070
     0
1070
     0
1070
     0
1071
        0
1070
     0
1070
     0
1070
     0
1070
     0
1070
     0
1070
     0
1070
     0
1070
     0
1070
     0
1070
     0
1070
     0
1071
        0
1070
     0
1070
     0
1070
     0
1070
     0
1070
     0
1070
     0
1070
     0
1070
     0
1070
     0
1070
     0
1070
     0
1071
        0
1070
     0
1070
     0
1070
     0
1070
     0
1070
     0
1070
     0
1070
     0
1070
     0
1070
     0
1070
     0
1070
     0
1071
        0
1070
     0
1070
     0
1070
     0
1070
     0
1070
     0
1070
     0
1070
     0
1070
     0
1070
     0
1070
     0
1070
     0
1071
        0
1070
     0
1070
     0
1070
     0
1070
     0
1070
     0
1070
     0
1070
     0
1070
     0
1070
     0
1070
     0
1070
     0
1071
        0
1070
     0
1070
     0
1070
     0
1070
     0
1070
     0
1070
     0
1070
     0
1070
     0
1070
     0
1070
     0
1070
     0
1071
        0
1070
     0
1070
     0
1070
     0
1070
     0
1070
     0
1070
     0
1070
     0
1070
     0
1070
     0
1070
     0
1070
     0
1071
        0
1070
     0
1070
     0
1070
     0
1070
     0
1070
     0
1070
     0
1070
     0
1070
     0
1070
     0
1070
     0
1070
     0
1071
        0
1070
     0
1070
     0
1070
     0
1070
     0
1070
     0
1070
     0
1070
     0
1070
     0
1070
     0
1070
     0
1070
     0
1071
        0
1070
     0
1070
     0
1070
     0
1070
     0
1070
     0
1070
     0
1070
     0
1070
     0
1070
     0
1070
     0
1070
     0
1071
        0
1070
     0
1070
     0
1070
     0
1070
     0
1070
     0
1070
     0
1070
     0
1070
     0
1070
     0
1070
     0
1070
     0
1071
        0
1070
     0
1070
     0
1070
     0
1070
     0
1070
     0
1070
     0
1070
     0
1070
     0
1070
     0
1070
     0
1070
     0
1071
        0
1070
     0
1070
     0
1070
     0
1070
     0
1070
     0
1070
     0
1070
     0
1070
     0
1070
     0
1070
     0
1070
     0
1071
        0
1070
     0
1070
     0
1070
     0
1070
     0
1070
     0
1070
     0
1070
     0
1070
     0
1070
     0
1070
     0
1070
     0
1071
        0
1070
     0
1070
     0
1070
     0
1070
     0
1070
     0
1070
     0
1070
     0
1070
     0
1070
     0
1070
     0
1070
     0
1071
        0
1070
     0
1070
     0
1070
     0
1070
     0
1070
     0
1070
     0
1070
     0
1070
     0
1070
     0
1070
     0
1070
     0
1071
        0
1070
     0
1070
     0
1070
     0
1070
     0
1070
     0
1070
     0
1070
     0
1070
     0
1070
     0
1070
     0
1070
     0
1071
        0
1070
     0
1070
     0
1070
     0
1070
     0
1070
     0
1070
     0
1070
     0
1070
     0
1070
     0
1070
     0
1070
     0
1071
        0
1070
     0
1070
     0
1070
     0
1070
     0
1070
     0
1070
     0
1070
     0
1070
     0
1070
     0
1070
     0
1070
     0
1071
        0
1070
     0
1070
     0
1070
     0
1070
     0
1070
     0
1070
     0
1070
     0
1070
     0
1070
     0
1070
     0
1070
     0
1071
        0
1070
     0
1070
     0
1070
     0
1070
     0
1070
     0
1070
     0
1070
     0
1070
     0
1070
     0
1070
     0
1070
     0
1071
        0
1070
     0
1070
     0
1070
     0
1070
     0
1070
     0
1070
     0
1070
     0
1070
     0
1070
     0
1070
     0
1070
     0
1071
        0
1070
     0
1070
     0
1070
     0
1070
     0
1070
     0
1070
     0
1070
     0
1070
     0
1070
     0
1070
     0
1070
     0
1071
        0
1070
     0
1070
     0
1070
     0
1070
     0
1070
     0
1070
     0
1070
     0
1070
     0
1070
     0
1070
     0
1070
     0
1071
        0
1070
     0
1070
     0
1070
     0
1070
     0
1070
     0
1070
     0
1070
     0
1070
     0
1070
     0
1070
     0
1070
     0
1071
        0
1070
     0
1070
     0
1070
     0
1070
     0
1070
     0
1070
     0
1070
     0
1070
     0
1070
     0
1070
     0
1070
     0
1071
        0
1070
     0
1070
     0
1070
     0
1070
     0
1070
     0
1070
     0
1070
     0
1070
     0
1070
     0
1070
     0
1070
     0
1071
        0
1070
     0
1070
     0
1070
     0
1070
     0
1070
     0
1070
     0
1070
     0
1070
     0
1070
     0
1070
     0
1070
     0
1071
        0
1070
     0
1070
     0
1070
     0
1070
     0
1070
     0
1070
     0
1070
     0
1070
     0
1070
     0
1070
     0
1070
     0
1071
        0
1070
     0
1070
     0
1070
     0
1070
     0
1070
     0
1070
     0
1070
     0
1070
     0
1070
     0
1070
     0
1070
     0
1071
        0
1070
     0
1070
     0
1070
     0
1070
     0
1070
     0
1070
     0
1070
     0
1070
     0
1070
     0
1070
     0
1070
     0
1071
        0
1070
     0
1070
     0
1070
     0
1070
     0
1070
     0
1070
     0
1070
     0
1070
     0
1070
     0
1070
     0
1070
     0
1071
        0
1070
     0
1070
     0
1070
     0
1070
     0
1070
     0
1070
     0
1070
     0
1070
     0
1070
     0
1070
     0
1070
     0
1071
        0
1070
     0
1070
     0
1070
     0
1070
     0
1070
     0
1070
     0
1070
     0
1070
     0
1070
     0
1070
     0
1070
     0
1071
        0
1070
     0
1070
     0
1070
     0
1070
     0
1070
     0
1070
     0
1070
     0
1070
     0
1070
     0
1070
     0
1070
     0
1071
        0
1070
     0
1070
     0
1070
     0
1070
     0
1070
     0
1070
     0
1070
     0
1070
     0
1070
     0
1070
     0
1070
     0
1071
        0
1070
     0
1070
     0
1070
     0
1070
     0
1070
     0
1070
     0
1070
     0
1070
     0
1070
     0
1070
     0
1070
     0
1071
        0
1070
     0
1070
     0
1070
     0
1070
     0
1070
     0
1070
     0
1070
     0
1070
     0
1070
     0
1070
     0
1070
     0
1071
        0
1070
     0
1070
     0
1070
     0
1070
     0
1070
     0
1070
     0
1070
     0
1070
     0
1070
     0
1070
     0
1070
     0
1071
        0
1070
     0
1070
     0
1070
     0
1070
     0
1070
     0
1070
     0
1070
     0
1070
     0
1070
     0
1070
     0
1070
     0
1071
        0
1070
     0
1070
     0
1070
     0
1070
     0
1070
     0
1070
     0
1070
     0
1070
     0
1070
     0
1070
     0
1070
     0
1071
        0
1070
     0
1070
     0
1070
     0
1070
     0
1070
     0
1070
     0
1070
     0
1070
     0
1070
     0
1070
     0
1070
     0
1071
        0
1070
     0
1070
     0
1070
     0
1070
     0
1070
     0
1070
     0
1070
     0
1070
     0
1070
     0
1070
     0
1070
     0
1071
        0
1070
     0
1070
     0
1070
     0
1070
     0
1070
     0
1070
     0
1070
     0
1070
     0
1070
     0
1070
     0
1070
     0
1071
        0
1070
     0
1070
     0
1070
     0
1070
     0
1070
     0
1070
     0
1070
     0
1070
     0
1070
     0
1070
     0
1070
     0
1071
        0
1070
     0
1070
     0
1070
     0
1070
     0
1070
     0
1070
     0
1070
     0
1070
     0
1070
     0
1070
     0
1070
     0
1071
        0
1070
     0
1070
     0
1070
     0
1070
     0
1070
     0
1070
     0
1070
     0
1070
     0
1070
     0
1070
     0
1070
     0
1071
        0
1070
     0
1070
     0
1070
     0
1070
     0
1070
     0
1070
     0
1070
     0
1070
     0
1070
     0
1070
     0
1070
     0
1071
        0
1070
     0
1070
     0
1070
     0
1070
     0
1070
     0
1070
     0
1070
     0
1070
     0
1070
     0
1070
     0
1070
     0
1071
        0
1070
     0
1070
     0
1070
     0
1070
     0
1070
     0
1070
     0
1070
     0
1070
     0
1070
     0
1070
     0
1070
     0
1071
        0
1070
     0
1070
     0
1070
     0
1070
     0
1070
     0
1070
     0
1070
     0
1070
     0
1070
     0
1070
     0
1070
     0
1071
        0
1070
     0
1070
     0
1070
     0
1070
     0
1070
     0
1070
     0
1070
     0
1070
     0
1070
     0
1070
     0
1070
     0
1071
        0
1070
     0
1070
     0
1070
     0
1070
     0
1070
     0
1070
     0
1070
     0
1070
     0
1070
     0
1070
     0
1070
     0
1071
        0
1070
     0
1070
     0
1070
     0
1070
     0
1070
     0
1070
     0
1070
     0
1070
     0
1070
     0
1070
     0
1070
     0
1071
        0
1070
     0
1070
     0
1070
     0
1070
     0
1070
     0
1070
     0
1070
     0
1070
     0
1070
     0
1070
     0
1070
     0
1071
        0
1070
     0
1070
     0
1070
     0
1070
     0
1070
     0
1070
     0
1070
     0
1070
     0
1070
     0
1070
     0
1070
     0
1071
        0
1070
     0
1070
     0
1070
     0
1070
     0
1070
     0
1070
     0
1070
     0
1070
     0
1070
     0
1070
     0
1070
     0
1071
        0
1070
     0
1070
     0
1070
     0
1070
     0
1070
     0
1070
     0
1070
     0
1070
     0
1070
     0
1070
     0
1070
     0
1071
        0
1070
     0
1070
     0
1070
     0
1070
     0
1070
     0
1070
     0
1070
     0
1070
     0
1070
     0
1070
     0
1070
     0
1071
        0
1070
     0
1070
     0
1070
     0
1070
     0
1070
     0
1070
     0
1070
     0
1070
     0
1070
     0
1070
     0
1070
     0
1071
        0
1070
     0
1070
     0
1070
     0
1070
     0
1070
     0
1070
     0
1070
     0
1070
     0
1070
     0
1070
     0
1070
     0
1071
        0
1070
     0
1070
     0
1070
     0
1070
     0
1070
     0
1070
     0
1070
     0
1070
     0
1070
     0
1070
     0
1070
     0
1071
        0
1070
     0
1070
     0
1070
     0
1070
     0
1070
     0
1070
     0
1070
     0
1070
     0
1070
     0
1070
     0
1070
     0
1071
        0
1070
     0
1070
     0
1070
     0
1070
     0
1070
     0
1070
     0
1070
     0
1070
     0
1070
     0
1070
     0
1070
     0
1071
        0
1070
     0
1070
     0
1070
     0
1070
     0
1070
     0
1070
     0
1070
     0
1070
     0
1070
     0
1070
     0
1070
     0
1071
        0
1070
     0
1070
     0
1070
     0
1070
     0
1070
     0
1070
     0
1070
     0
1070
     0
1070
     0
1070
     0
1070
     0
1071
        0
1070
     0
1070
     0
1070
     0
1070
     0
1070
     0
1070
     0
1070
     0
1070
     0
1070
     0
1070
     0
1070
     0
1071
        0
1070
     0
1070
     0
1070
     0
1070
     0
1070
     0
1070
     0
1070
     0
1070
     0
1070
     0
1070
     0
1070
     0
1071
        0
1070
     0
1070
     0
1070
     0
1070
     0
1070
     0
1070
     0
1070
     0
1070
     0
1070
     0
1070
     0
1070
     0
1071
        0
1070
     0
1070
     0
1070
     0
1070
     0
1070
     0
1070
     0
1070
     0
1070
     0
1070
     0
1070
     0
1070
     0
1071
        0
1070
     0
1070
     0
1070
     0
1070
     0
1070
     0
1070
     0
1070
     0
1070
     0
1070
     0
1070
     0
1070
     0
1071
        0
1070
     0
1070
     0
1070
     0
1070
     0
1070
     0
1070
     0
1070
     0
1070
     0
1070
     0
1070
     0
1070
     0
1071
        0
1070
     0
1070
     0
1070
     0
1070
     0
1070
     0
1070
     0
1070
     0
1070
     0
1070
     0
1070
     0
1070
     0
1071
        0
1070
     0
1070
     0
1070
     0
1070
     0
1070
     0
1070
     0
1070
     0
1070
     0
1070
     0
1070
     0
1070
     0
1071
        0
1070
     0
1070
     0
1070
     0
1070
     0
1070
     0
1070
     0
1070
     0
1070
     0
1070
     0
1070
     0
1070
     0
1071
        0
1070
     0
1070
     0
1070
     0
1070
     0
1070
     0
1070
     0
1070
     0
1070
     0
1070
     0
1070
     0
1070
     0
1071
        0
1070
     0
1070
     0
1070
     0
1070
     0
1070
     0
1070
     0
1070
     0
1070
     0
1070
     0
1070
     0
1070
     0
1071
        0
1070
     0
1070
     0
1070
     0
1070
     0
1070
     0
1070
     0
1070
     0
1070
     0
1070
     0
1070
     0
1070
     0
1071
        0
1070
     0
1070
     0
1070
     0
1070
     0
1070
     0
1070
     0
1070
     0
1070
     0
1070
     0
1070
     0
1070
     0
1071
        0
1070
     0
1070
     0
1070
     0
1070
     0
1070
     0
1070
     0
1070
     0
1070
     0
1070
     0
1070
     0
1070
     0
1071
        0
1070
     0
1070
     0
1070
     0
1070
     0
1070
     0
1070
     0
1070
     0
1070
     0
1070
     0
1070
     0
1070
     0
1071
        0
1070
     0
1070
     0
1070
     0
1070
     0
1070
     0
1070
     0
1070
     0
1070
     0
1070
     0
1070
     0
1070
     0
1071
        0
1070
     0
1070
     0
1070
     0
1070
     0
1070
     0
1070
     0
1070
     0
1070
     0
1070
     0
1070
     0
1070
     0
1071
        0
1070
     0
1070
     0
1070
     0
1070
     0
1070
     0
1070
     0
1070
     0
1070
     0
1070
     0
1070
     0
1070
     0
1071
        0
1070
     0
1070
     0
1070
     0
1070
     0
1070
     0
1070
     0
1070
     0
1070
     0
1070
     0
1070
     0
1070
     0
1071
        0
1070
     0
1070
     0
1070
     0
1070
     0
1070
     0
1070
     0
1070
     0
1070
     0
1070
     0
1070
     0
1070
     0
1071
        0
1070
     0
1070
     0
1070
     0
1070
     0
1070
     0
1070
     0
1070
     0
1070
     0
1070
     0
1070
     0
1070
     0
1071
        0
1070
     0
1070
     0
1070
     0
1070
     0
1070
     0
1070
     0
1070
     0
1070
     0
1070
     0
1070
     0
1070
     0
1071
        0
1070
     0
1070
     0
1070
     0
1070
     0
1070
     0
1070
     0
1070
     0
1070
     0
1070
     0
1070
     0
1070
     0
1071
        0
1070
     0
1070
     0
1070
     0
1070
     0
1070
     0
1070
     0
1070
     0
1070
     0
1070
     0
1070
     0
1070
     0
1071
        0
1070
     0
1070
     0
1070
     0
1070
     0
1070
     0
1070
     0
1070
     0
1070
     0
1070
     0
1070
     0
1070
     0
1071
        0
1070
     0
1070
     0
1070
     0
1070
     0
1070
     0
1070
     0
1070
     0
1070
     0
1070
     0
1070
     0
1070
     0
1071
        0
1070
     0
1070
     0
1070
     0
1070
     0
1070
     0
1070
     0
1070
     0
1070
     0
1070
     0
1070
     0
1070
     0
1071
        0
1070
     0
1070
     0
1070
     0
1070
     0
1070
     0
1070
     0
1070
     0
1070
     0
1070
     0
1070
     0
1070
     0
1071
        0
1070
     0
1070
     0
1070
     0
1070
     0
1070
     0
1070
     0
1070
     0
1070
     0
1070
     0
1070
     0
1070
     0
1071
        0
1070
     0
1070
     0
1070
     0
1070
     0
1070
     0
1070
     0
1070
     0
1070
     0
1070
     0
1070
     0
1070
     0
1071
        0
1070
     0
1070
     0
1070
     0
1070
     0
1070
     0
1070
     0
1070
     0
1070
     0
1070
     0
1070
     0
1070
     0
1071
        0
1070
     0
1070
     0
1070
     0
1070
     0
1070
     0
1070
     0
1070
     0
1070
     0
1070
     0
1070
     0
1070
     0
1071
        0
1070
     0
1070
     0
1070
     0
1070
     0
1070
     0
1070
     0
1070
     0
1070
     0
1070
     0
1070
     0
1070
     0
1071
        0
1070
     0
1070
     0
1070
     0
1070
     0
1070
     0
1070
     0
1070
     0
1070
     0
1070
     0
1070
     0
1070
     0
1071
        0
1070
     0
1070
     0
1070
     0
1070
     0
1070
     0
1070
     0
1070
     0
1070
     0
1070
     0
1070
     0
1070
     0
1071
        0
1070
     0
1070
     0
1070
     0
1070
     0
1070
     0
1070
     0
1070
     0
1070
     0
1070
     0
1070
     0
1070
     0
1071
        0
1070
     0
1070
     0
1070
     0
1070
     0
1070
     0
1070
     0
1070
     0
1070
     0
1070
     0
1070
     0
1070
     0
1071
        0
1070
     0
1070
     0
1070
     0
1070
     0
1070
     0
1070
     0
1070
     0
1070
     0
1070
     0
1070
     0
1070
     0
1071
        0
1070
     0
1070
     0
1070
     0
1070
     0
1070
     0
1070
     0
1070
     0
1070
     0
1070
     0
1070
     0
1070
     0
1071
        0
1070
     0
1070
     0
1070
     0
1070
     0
1070
     0
1070
     0
1070
     0
1070
     0
1070
     0
1070
     0
1070
     0
1071
        0
1070
     0
1070
     0
1070
     0
1070
     0
1070
     0
1070
     0
1070
     0
1070
     0
1070
     0
1070
     0
1070
     0
1071
        0
1070
     0
1070
     0
1070
     0
1070
     0
1070
     0
1070
     0
1070
     0
1070
     0
1070
     0
1070
     0
1070
     0
1071
        0
1070
     0
1070
     0
1070
     0
1070
     0
1070
     0
1070
     0
1070
     0
1070
     0
1070
     0
1070
     0
1070
     0
1071
        0
1070
     0
1070
     0
1070
     0
1070
     0
1070
     0
1070
     0
1070
     0
1070
     0
1070
     0
1070
     0
1070
     0
1071
        0
1070
     0
1070
     0
1070
     0
1070
     0
1070
     0
1070
     0
1070
     0
1070
     0
1070
     0
1070
     0
1070
     0
1071
        0
1070
     0
1070
     0
1070
     0
1070
     0
1070
     0
1070
     0
1070
     0
1070
     0
1070
     0
1070
     0
1070
     0
1071
        0
1070
     0
1070
     0
1070
     0
1070
     0
1070
     0
1070
     0
1070
     0
1070
     0
1070
     0
1070
     0
1070
     0
1071
        0
1070
     0
1070
     0
1070
     0
1070
     0
1070
     0
1070
     0
1070
     0
1070
     0
1070
     0
1070
     0
1070
     0
1071
        0
1070
     0
1070
     0
1070
     0
1070
     0
1070
     0
1070
     0
1070
     0
1070
     0
1070
     0
1070
     0
1070
     0
1071
        0
1070
     0
1070
     0
1070
     0
1070
     0
1070
     0
1070
     0
1070
     0
1070
     0
1070
     0
1070
     0
1070
     0
1071
        0
1070
     0
1070
     0
1070
     0
1070
     0
1070
     0
1070
     0
1070
     0
1070
     0
1070
     0
1070
     0
  0
TEXT
  5
7A7
330
1F
100
AcDbEntity
  8
COLUMN_TEXT__BM_
100
AcDbText
 39
0.0463826642588751
 10
2696.437903402132
 20
984.0621787724938
 30
-0.0000000082728956
 40
0.2
  1
C10
  7
NAME
100
AcDbText
  0
ELLIPSE
  5
7A8
330
1F
100
AcDbEntity
  8
COLUMN_TEXT_BOX__BM_
100
AcDbEllipse
 10
2696.699014863801
 20
984.1616478200747
 30
0.0
 11
-0.3141047421322583
 21
0.0
 31
0.0
210
0.0
220
0.0
230
1.0
 40
0.4476558537982991
 41
0.0
 42
6.283185307179586
1001
ACAD_OBJECT_CHANGE_GUID
1070
     0
1071
        0
1070
     0
1070
     0
1070
     0
1070
     0
1070
     0
1070
     0
1070
     0
1070
     0
1070
     0
1070
     0
1070
     0
1071
        0
1070
     0
1070
     0
1070
     0
1070
     0
1070
     0
1070
     0
1070
     0
1070
     0
1070
     0
1070
     0
1070
     0
1071
        0
1070
     0
1070
     0
1070
     0
1070
     0
1070
     0
1070
     0
1070
     0
1070
     0
1070
     0
1070
     0
1070
     0
1071
        0
1070
     0
1070
     0
1070
     0
1070
     0
1070
     0
1070
     0
1070
     0
1070
     0
1070
     0
1070
     0
1070
     0
1071
        0
1070
     0
1070
     0
1070
     0
1070
     0
1070
     0
1070
     0
1070
     0
1070
     0
1070
     0
1070
     0
1070
     0
1071
        0
1070
     0
1070
     0
1070
     0
1070
     0
1070
     0
1070
     0
1070
     0
1070
     0
1070
     0
1070
     0
1070
     0
1071
        0
1070
     0
1070
     0
1070
     0
1070
     0
1070
     0
1070
     0
1070
     0
1070
     0
1070
     0
1070
     0
1070
     0
1071
        0
1070
     0
1070
     0
1070
     0
1070
     0
1070
     0
1070
     0
1070
     0
1070
     0
1070
     0
1070
     0
1070
     0
1071
        0
1070
     0
1070
     0
1070
     0
1070
     0
1070
     0
1070
     0
1070
     0
1070
     0
1070
     0
1070
     0
1070
     0
1071
        0
1070
     0
1070
     0
1070
     0
1070
     0
1070
     0
1070
     0
1070
     0
1070
     0
1070
     0
1070
     0
1070
     0
1071
        0
1070
     0
1070
     0
1070
     0
1070
     0
1070
     0
1070
     0
1070
     0
1070
     0
1070
     0
1070
     0
1070
     0
1071
        0
1070
     0
1070
     0
1070
     0
1070
     0
1070
     0
1070
     0
1070
     0
1070
     0
1070
     0
1070
     0
1070
     0
1071
        0
1070
     0
1070
     0
1070
     0
1070
     0
1070
     0
1070
     0
1070
     0
1070
     0
1070
     0
1070
     0
1070
     0
1071
        0
1070
     0
1070
     0
1070
     0
1070
     0
1070
     0
1070
     0
1070
     0
1070
     0
1070
     0
1070
     0
1070
     0
1071
        0
1070
     0
1070
     0
1070
     0
1070
     0
1070
     0
1070
     0
1070
     0
1070
     0
1070
     0
1070
     0
1070
     0
1071
        0
1070
     0
1070
     0
1070
     0
1070
     0
1070
     0
1070
     0
1070
     0
1070
     0
1070
     0
1070
     0
1070
     0
1071
        0
1070
     0
1070
     0
1070
     0
1070
     0
1070
     0
1070
     0
1070
     0
1070
     0
1070
     0
1070
     0
1070
     0
1071
        0
1070
     0
1070
     0
1070
     0
1070
     0
1070
     0
1070
     0
1070
     0
1070
     0
1070
     0
1070
     0
1070
     0
1071
        0
1070
     0
1070
     0
1070
     0
1070
     0
1070
     0
1070
     0
1070
     0
1070
     0
1070
     0
1070
     0
1070
     0
1071
        0
1070
     0
1070
     0
1070
     0
1070
     0
1070
     0
1070
     0
1070
     0
1070
     0
1070
     0
1070
     0
1070
     0
1071
        0
1070
     0
1070
     0
1070
     0
1070
     0
1070
     0
1070
     0
1070
     0
1070
     0
1070
     0
1070
     0
1070
     0
1071
        0
1070
     0
1070
     0
1070
     0
1070
     0
1070
     0
1070
     0
1070
     0
1070
     0
1070
     0
1070
     0
1070
     0
1071
        0
1070
     0
1070
     0
1070
     0
1070
     0
1070
     0
1070
     0
1070
     0
1070
     0
1070
     0
1070
     0
1070
     0
1071
        0
1070
     0
1070
     0
1070
     0
1070
     0
1070
     0
1070
     0
1070
     0
1070
     0
1070
     0
1070
     0
1070
     0
1071
        0
1070
     0
1070
     0
1070
     0
1070
     0
1070
     0
1070
     0
1070
     0
1070
     0
1070
     0
1070
     0
1070
     0
1071
        0
1070
     0
1070
     0
1070
     0
1070
     0
1070
     0
1070
     0
1070
     0
1070
     0
1070
     0
1070
     0
1070
     0
1071
        0
1070
     0
1070
     0
1070
     0
1070
     0
1070
     0
1070
     0
1070
     0
1070
     0
1070
     0
1070
     0
1070
     0
1071
        0
1070
     0
1070
     0
1070
     0
1070
     0
1070
     0
1070
     0
1070
     0
1070
     0
1070
     0
1070
     0
1070
     0
1071
        0
1070
     0
1070
     0
1070
     0
1070
     0
1070
     0
1070
     0
1070
     0
1070
     0
1070
     0
1070
     0
1070
     0
1071
        0
1070
     0
1070
     0
1070
     0
1070
     0
1070
     0
1070
     0
1070
     0
1070
     0
1070
     0
1070
     0
1070
     0
1071
        0
1070
     0
1070
     0
1070
     0
1070
     0
1070
     0
1070
     0
1070
     0
1070
     0
1070
     0
1070
     0
1070
     0
1071
        0
1070
     0
1070
     0
1070
     0
1070
     0
1070
     0
1070
     0
1070
     0
1070
     0
1070
     0
1070
     0
1070
     0
1071
        0
1070
     0
1070
     0
1070
     0
1070
     0
1070
     0
1070
     0
1070
     0
1070
     0
1070
     0
1070
     0
1070
     0
1071
        0
1070
     0
1070
     0
1070
     0
1070
     0
1070
     0
1070
     0
1070
     0
1070
     0
1070
     0
1070
     0
1070
     0
1071
        0
1070
     0
1070
     0
1070
     0
1070
     0
1070
     0
1070
     0
1070
     0
1070
     0
1070
     0
1070
     0
1070
     0
1071
        0
1070
     0
1070
     0
1070
     0
1070
     0
1070
     0
1070
     0
1070
     0
1070
     0
1070
     0
1070
     0
1070
     0
1071
        0
1070
     0
1070
     0
1070
     0
1070
     0
1070
     0
1070
     0
1070
     0
1070
     0
1070
     0
1070
     0
1070
     0
1071
        0
1070
     0
1070
     0
1070
     0
1070
     0
1070
     0
1070
     0
1070
     0
1070
     0
1070
     0
1070
     0
1070
     0
1071
        0
1070
     0
1070
     0
1070
     0
1070
     0
1070
     0
1070
     0
1070
     0
1070
     0
1070
     0
1070
     0
1070
     0
1071
        0
1070
     0
1070
     0
1070
     0
1070
     0
1070
     0
1070
     0
1070
     0
1070
     0
1070
     0
1070
     0
1070
     0
1071
        0
1070
     0
1070
     0
1070
     0
1070
     0
1070
     0
1070
     0
1070
     0
1070
     0
1070
     0
1070
     0
1070
     0
1071
        0
1070
     0
1070
     0
1070
     0
1070
     0
1070
     0
1070
     0
1070
     0
1070
     0
1070
     0
1070
     0
1070
     0
1071
        0
1070
     0
1070
     0
1070
     0
1070
     0
1070
     0
1070
     0
1070
     0
1070
     0
1070
     0
1070
     0
1070
     0
1071
        0
1070
     0
1070
     0
1070
     0
1070
     0
1070
     0
1070
     0
1070
     0
1070
     0
1070
     0
1070
     0
1070
     0
1071
        0
1070
     0
1070
     0
1070
     0
1070
     0
1070
     0
1070
     0
1070
     0
1070
     0
1070
     0
1070
     0
1070
     0
1071
        0
1070
     0
1070
     0
1070
     0
1070
     0
1070
     0
1070
     0
1070
     0
1070
     0
1070
     0
1070
     0
1070
     0
1071
        0
1070
     0
1070
     0
1070
     0
1070
     0
1070
     0
1070
     0
1070
     0
1070
     0
1070
     0
1070
     0
1070
     0
1071
        0
1070
     0
1070
     0
1070
     0
1070
     0
1070
     0
1070
     0
1070
     0
1070
     0
1070
     0
1070
     0
1070
     0
1071
        0
1070
     0
1070
     0
1070
     0
1070
     0
1070
     0
1070
     0
1070
     0
1070
     0
1070
     0
1070
     0
1070
     0
1071
        0
1070
     0
1070
     0
1070
     0
1070
     0
1070
     0
1070
     0
1070
     0
1070
     0
1070
     0
1070
     0
1070
     0
1071
        0
1070
     0
1070
     0
1070
     0
1070
     0
1070
     0
1070
     0
1070
     0
1070
     0
1070
     0
1070
     0
1070
     0
1071
        0
1070
     0
1070
     0
1070
     0
1070
     0
1070
     0
1070
     0
1070
     0
1070
     0
1070
     0
1070
     0
1070
     0
1071
        0
1070
     0
1070
     0
1070
     0
1070
     0
1070
     0
1070
     0
1070
     0
1070
     0
1070
     0
1070
     0
1070
     0
1071
        0
1070
     0
1070
     0
1070
     0
1070
     0
1070
     0
1070
     0
1070
     0
1070
     0
1070
     0
1070
     0
1070
     0
1071
        0
1070
     0
1070
     0
1070
     0
1070
     0
1070
     0
1070
     0
1070
     0
1070
     0
1070
     0
1070
     0
1070
     0
1071
        0
1070
     0
1070
     0
1070
     0
1070
     0
1070
     0
1070
     0
1070
     0
1070
     0
1070
     0
1070
     0
1070
     0
1071
        0
1070
     0
1070
     0
1070
     0
1070
     0
1070
     0
1070
     0
1070
     0
1070
     0
1070
     0
1070
     0
1070
     0
1071
        0
1070
     0
1070
     0
1070
     0
1070
     0
1070
     0
1070
     0
1070
     0
1070
     0
1070
     0
1070
     0
1070
     0
1071
        0
1070
     0
1070
     0
1070
     0
1070
     0
1070
     0
1070
     0
1070
     0
1070
     0
1070
     0
1070
     0
1070
     0
1071
        0
1070
     0
1070
     0
1070
     0
1070
     0
1070
     0
1070
     0
1070
     0
1070
     0
1070
     0
1070
     0
1070
     0
1071
        0
1070
     0
1070
     0
1070
     0
1070
     0
1070
     0
1070
     0
1070
     0
1070
     0
1070
     0
1070
     0
1070
     0
1071
        0
1070
     0
1070
     0
1070
     0
1070
     0
1070
     0
1070
     0
1070
     0
1070
     0
1070
     0
1070
     0
1070
     0
1071
        0
1070
     0
1070
     0
1070
     0
1070
     0
1070
     0
1070
     0
1070
     0
1070
     0
1070
     0
1070
     0
1070
     0
1071
        0
1070
     0
1070
     0
1070
     0
1070
     0
1070
     0
1070
     0
1070
     0
1070
     0
1070
     0
1070
     0
1070
     0
1071
        0
1070
     0
1070
     0
1070
     0
1070
     0
1070
     0
1070
     0
1070
     0
1070
     0
1070
     0
1070
     0
1070
     0
1071
        0
1070
     0
1070
     0
1070
     0
1070
     0
1070
     0
1070
     0
1070
     0
1070
     0
1070
     0
1070
     0
1070
     0
1071
        0
1070
     0
1070
     0
1070
     0
1070
     0
1070
     0
1070
     0
1070
     0
1070
     0
1070
     0
1070
     0
1070
     0
1071
        0
1070
     0
1070
     0
1070
     0
1070
     0
1070
     0
1070
     0
1070
     0
1070
     0
1070
     0
1070
     0
1070
     0
1071
        0
1070
     0
1070
     0
1070
     0
1070
     0
1070
     0
1070
     0
1070
     0
1070
     0
1070
     0
1070
     0
1070
     0
1071
        0
1070
     0
1070
     0
1070
     0
1070
     0
1070
     0
1070
     0
1070
     0
1070
     0
1070
     0
1070
     0
1070
     0
1071
        0
1070
     0
1070
     0
1070
     0
1070
     0
1070
     0
1070
     0
1070
     0
1070
     0
1070
     0
1070
     0
1070
     0
1071
        0
1070
     0
1070
     0
1070
     0
1070
     0
1070
     0
1070
     0
1070
     0
1070
     0
1070
     0
1070
     0
1070
     0
1071
        0
1070
     0
1070
     0
1070
     0
1070
     0
1070
     0
1070
     0
1070
     0
1070
     0
1070
     0
1070
     0
1070
     0
1071
        0
1070
     0
1070
     0
1070
     0
1070
     0
1070
     0
1070
     0
1070
     0
1070
     0
1070
     0
1070
     0
1070
     0
1071
        0
1070
     0
1070
     0
1070
     0
1070
     0
1070
     0
1070
     0
1070
     0
1070
     0
1070
     0
1070
     0
1070
     0
1071
        0
1070
     0
1070
     0
1070
     0
1070
     0
1070
     0
1070
     0
1070
     0
1070
     0
1070
     0
1070
     0
1070
     0
1071
        0
1070
     0
1070
     0
1070
     0
1070
     0
1070
     0
1070
     0
1070
     0
1070
     0
1070
     0
1070
     0
1070
     0
1071
        0
1070
     0
1070
     0
1070
     0
1070
     0
1070
     0
1070
     0
1070
     0
1070
     0
1070
     0
1070
     0
1070
     0
1071
        0
1070
     0
1070
     0
1070
     0
1070
     0
1070
     0
1070
     0
1070
     0
1070
     0
1070
     0
1070
     0
1070
     0
1071
        0
1070
     0
1070
     0
1070
     0
1070
     0
1070
     0
1070
     0
1070
     0
1070
     0
1070
     0
1070
     0
1070
     0
1071
        0
1070
     0
1070
     0
1070
     0
1070
     0
1070
     0
1070
     0
1070
     0
1070
     0
1070
     0
1070
     0
1070
     0
1071
        0
1070
     0
1070
     0
1070
     0
1070
     0
1070
     0
1070
     0
1070
     0
1070
     0
1070
     0
1070
     0
1070
     0
1071
        0
1070
     0
1070
     0
1070
     0
1070
     0
1070
     0
1070
     0
1070
     0
1070
     0
1070
     0
1070
     0
1070
     0
1071
        0
1070
     0
1070
     0
1070
     0
1070
     0
1070
     0
1070
     0
1070
     0
1070
     0
1070
     0
1070
     0
1070
     0
1071
        0
1070
     0
1070
     0
1070
     0
1070
     0
1070
     0
1070
     0
1070
     0
1070
     0
1070
     0
1070
     0
1070
     0
1071
        0
1070
     0
1070
     0
1070
     0
1070
     0
1070
     0
1070
     0
1070
     0
1070
     0
1070
     0
1070
     0
1070
     0
1071
        0
1070
     0
1070
     0
1070
     0
1070
     0
1070
     0
1070
     0
1070
     0
1070
     0
1070
     0
1070
     0
1070
     0
1071
        0
1070
     0
1070
     0
1070
     0
1070
     0
1070
     0
1070
     0
1070
     0
1070
     0
1070
     0
1070
     0
1070
     0
1071
        0
1070
     0
1070
     0
1070
     0
1070
     0
1070
     0
1070
     0
1070
     0
1070
     0
1070
     0
1070
     0
1070
     0
1071
        0
1070
     0
1070
     0
1070
     0
1070
     0
1070
     0
1070
     0
1070
     0
1070
     0
1070
     0
1070
     0
1070
     0
1071
        0
1070
     0
1070
     0
1070
     0
1070
     0
1070
     0
1070
     0
1070
     0
1070
     0
1070
     0
1070
     0
1070
     0
1071
        0
1070
     0
1070
     0
1070
     0
1070
     0
1070
     0
1070
     0
1070
     0
1070
     0
1070
     0
1070
     0
1070
     0
1071
        0
1070
     0
1070
     0
1070
     0
1070
     0
1070
     0
1070
     0
1070
     0
1070
     0
1070
     0
1070
     0
1070
     0
1071
        0
1070
     0
1070
     0
1070
     0
1070
     0
1070
     0
1070
     0
1070
     0
1070
     0
1070
     0
1070
     0
1070
     0
1071
        0
1070
     0
1070
     0
1070
     0
1070
     0
1070
     0
1070
     0
1070
     0
1070
     0
1070
     0
1070
     0
1070
     0
1071
        0
1070
     0
1070
     0
1070
     0
1070
     0
1070
     0
1070
     0
1070
     0
1070
     0
1070
     0
1070
     0
1070
     0
1071
        0
1070
     0
1070
     0
1070
     0
1070
     0
1070
     0
1070
     0
1070
     0
1070
     0
1070
     0
1070
     0
1070
     0
1071
        0
1070
     0
1070
     0
1070
     0
1070
     0
1070
     0
1070
     0
1070
     0
1070
     0
1070
     0
1070
     0
1070
     0
1071
        0
1070
     0
1070
     0
1070
     0
1070
     0
1070
     0
1070
     0
1070
     0
1070
     0
1070
     0
1070
     0
1070
     0
1071
        0
1070
     0
1070
     0
1070
     0
1070
     0
1070
     0
1070
     0
1070
     0
1070
     0
1070
     0
1070
     0
1070
     0
1071
        0
1070
     0
1070
     0
1070
     0
1070
     0
1070
     0
1070
     0
1070
     0
1070
     0
1070
     0
1070
     0
1070
     0
1071
        0
1070
     0
1070
     0
1070
     0
1070
     0
1070
     0
1070
     0
1070
     0
1070
     0
1070
     0
1070
     0
1070
     0
1071
        0
1070
     0
1070
     0
1070
     0
1070
     0
1070
     0
1070
     0
1070
     0
1070
     0
1070
     0
1070
     0
1070
     0
1071
        0
1070
     0
1070
     0
1070
     0
1070
     0
1070
     0
1070
     0
1070
     0
1070
     0
1070
     0
1070
     0
1070
     0
1071
        0
1070
     0
1070
     0
1070
     0
1070
     0
1070
     0
1070
     0
1070
     0
1070
     0
1070
     0
1070
     0
1070
     0
1071
        0
1070
     0
1070
     0
1070
     0
1070
     0
1070
     0
1070
     0
1070
     0
1070
     0
1070
     0
1070
     0
1070
     0
1071
        0
1070
     0
1070
     0
1070
     0
1070
     0
1070
     0
1070
     0
1070
     0
1070
     0
1070
     0
1070
     0
1070
     0
1071
        0
1070
     0
1070
     0
1070
     0
1070
     0
1070
     0
1070
     0
1070
     0
1070
     0
1070
     0
1070
     0
1070
     0
1071
        0
1070
     0
1070
     0
1070
     0
1070
     0
1070
     0
1070
     0
1070
     0
1070
     0
1070
     0
1070
     0
1070
     0
1071
        0
1070
     0
1070
     0
1070
     0
1070
     0
1070
     0
1070
     0
1070
     0
1070
     0
1070
     0
1070
     0
1070
     0
1071
        0
1070
     0
1070
     0
1070
     0
1070
     0
1070
     0
1070
     0
1070
     0
1070
     0
1070
     0
1070
     0
1070
     0
1071
        0
1070
     0
1070
     0
1070
     0
1070
     0
1070
     0
1070
     0
1070
     0
1070
     0
1070
     0
1070
     0
1070
     0
1071
        0
1070
     0
1070
     0
1070
     0
1070
     0
1070
     0
1070
     0
1070
     0
1070
     0
1070
     0
1070
     0
1070
     0
1071
        0
1070
     0
1070
     0
1070
     0
1070
     0
1070
     0
1070
     0
1070
     0
1070
     0
1070
     0
1070
     0
1070
     0
1071
        0
1070
     0
1070
     0
1070
     0
1070
     0
1070
     0
1070
     0
1070
     0
1070
     0
1070
     0
1070
     0
1070
     0
1071
        0
1070
     0
1070
     0
1070
     0
1070
     0
1070
     0
1070
     0
1070
     0
1070
     0
1070
     0
1070
     0
1070
     0
1071
        0
1070
     0
1070
     0
1070
     0
1070
     0
1070
     0
1070
     0
1070
     0
1070
     0
1070
     0
1070
     0
1070
     0
1071
        0
1070
     0
1070
     0
1070
     0
1070
     0
1070
     0
1070
     0
1070
     0
1070
     0
1070
     0
1070
     0
1070
     0
1071
        0
1070
     0
1070
     0
1070
     0
1070
     0
1070
     0
1070
     0
1070
     0
1070
     0
1070
     0
1070
     0
1070
     0
1071
        0
1070
     0
1070
     0
1070
     0
1070
     0
1070
     0
1070
     0
1070
     0
1070
     0
1070
     0
1070
     0
1070
     0
1071
        0
1070
     0
1070
     0
1070
     0
1070
     0
1070
     0
1070
     0
1070
     0
1070
     0
1070
     0
1070
     0
1070
     0
1071
        0
1070
     0
1070
     0
1070
     0
1070
     0
1070
     0
1070
     0
1070
     0
1070
     0
1070
     0
1070
     0
1070
     0
1071
        0
1070
     0
1070
     0
1070
     0
1070
     0
1070
     0
1070
     0
1070
     0
1070
     0
1070
     0
1070
     0
1070
     0
1071
        0
1070
     0
1070
     0
1070
     0
1070
     0
1070
     0
1070
     0
1070
     0
1070
     0
1070
     0
1070
     0
1070
     0
1071
        0
1070
     0
1070
     0
1070
     0
1070
     0
1070
     0
1070
     0
1070
     0
1070
     0
1070
     0
1070
     0
1070
     0
1071
        0
1070
     0
1070
     0
1070
     0
1070
     0
1070
     0
1070
     0
1070
     0
1070
     0
1070
     0
1070
     0
1070
     0
1071
        0
1070
     0
1070
     0
1070
     0
1070
     0
1070
     0
1070
     0
1070
     0
1070
     0
1070
     0
1070
     0
1070
     0
1071
        0
1070
     0
1070
     0
1070
     0
1070
     0
1070
     0
1070
     0
1070
     0
1070
     0
1070
     0
1070
     0
1070
     0
1071
        0
1070
     0
1070
     0
1070
     0
1070
     0
1070
     0
1070
     0
1070
     0
1070
     0
1070
     0
1070
     0
1070
     0
1071
        0
1070
     0
1070
     0
1070
     0
1070
     0
1070
     0
1070
     0
1070
     0
1070
     0
1070
     0
1070
     0
1070
     0
1071
        0
1070
     0
1070
     0
1070
     0
1070
     0
1070
     0
1070
     0
1070
     0
1070
     0
1070
     0
1070
     0
1070
     0
1071
        0
1070
     0
1070
     0
1070
     0
1070
     0
1070
     0
1070
     0
1070
     0
1070
     0
1070
     0
1070
     0
1070
     0
1071
        0
1070
     0
1070
     0
1070
     0
1070
     0
1070
     0
1070
     0
1070
     0
1070
     0
1070
     0
1070
     0
1070
     0
1071
        0
1070
     0
1070
     0
1070
     0
1070
     0
1070
     0
1070
     0
1070
     0
1070
     0
1070
     0
1070
     0
1070
     0
1071
        0
1070
     0
1070
     0
1070
     0
1070
     0
1070
     0
1070
     0
1070
     0
1070
     0
1070
     0
1070
     0
1070
     0
1071
        0
1070
     0
1070
     0
1070
     0
1070
     0
1070
     0
1070
     0
1070
     0
1070
     0
1070
     0
1070
     0
1070
     0
1071
        0
1070
     0
1070
     0
1070
     0
1070
     0
1070
     0
1070
     0
1070
     0
1070
     0
1070
     0
1070
     0
1070
     0
1071
        0
1070
     0
1070
     0
1070
     0
1070
     0
1070
     0
1070
     0
1070
     0
1070
     0
1070
     0
1070
     0
1070
     0
1071
        0
1070
     0
1070
     0
1070
     0
1070
     0
1070
     0
1070
     0
1070
     0
1070
     0
1070
     0
1070
     0
1070
     0
1071
        0
1070
     0
1070
     0
1070
     0
1070
     0
1070
     0
1070
     0
1070
     0
1070
     0
1070
     0
1070
     0
1070
     0
1071
        0
1070
     0
1070
     0
1070
     0
1070
     0
1070
     0
1070
     0
1070
     0
1070
     0
1070
     0
1070
     0
1070
     0
1071
        0
1070
     0
1070
     0
1070
     0
1070
     0
1070
     0
1070
     0
1070
     0
1070
     0
1070
     0
1070
     0
1070
     0
1071
        0
1070
     0
1070
     0
1070
     0
1070
     0
1070
     0
1070
     0
1070
     0
1070
     0
1070
     0
1070
     0
1070
     0
1071
        0
1070
     0
1070
     0
1070
     0
1070
     0
1070
     0
1070
     0
1070
     0
1070
     0
1070
     0
1070
     0
1070
     0
1071
        0
1070
     0
1070
     0
1070
     0
1070
     0
1070
     0
1070
     0
1070
     0
1070
     0
1070
     0
1070
     0
1070
     0
1071
        0
1070
     0
1070
     0
1070
     0
1070
     0
1070
     0
1070
     0
1070
     0
1070
     0
1070
     0
1070
     0
1070
     0
1071
        0
1070
     0
1070
     0
1070
     0
1070
     0
1070
     0
1070
     0
1070
     0
1070
     0
1070
     0
1070
     0
1070
     0
1071
        0
1070
     0
1070
     0
1070
     0
1070
     0
1070
     0
1070
     0
1070
     0
1070
     0
1070
     0
1070
     0
1070
     0
1071
        0
1070
     0
1070
     0
1070
     0
1070
     0
1070
     0
1070
     0
1070
     0
1070
     0
1070
     0
1070
     0
1070
     0
1071
        0
1070
     0
1070
     0
1070
     0
1070
     0
1070
     0
1070
     0
1070
     0
1070
     0
1070
     0
1070
     0
1070
     0
1071
        0
1070
     0
1070
     0
1070
     0
1070
     0
1070
     0
1070
     0
1070
     0
1070
     0
1070
     0
1070
     0
1070
     0
1071
        0
1070
     0
1070
     0
1070
     0
1070
     0
1070
     0
1070
     0
1070
     0
1070
     0
1070
     0
1070
     0
1070
     0
1071
        0
1070
     0
1070
     0
1070
     0
1070
     0
1070
     0
1070
     0
1070
     0
1070
     0
1070
     0
1070
     0
1070
     0
1071
        0
1070
     0
1070
     0
1070
     0
1070
     0
1070
     0
1070
     0
1070
     0
1070
     0
1070
     0
1070
     0
1070
     0
1071
        0
1070
     0
1070
     0
1070
     0
1070
     0
1070
     0
1070
     0
1070
     0
1070
     0
1070
     0
1070
     0
1070
     0
1071
        0
1070
     0
1070
     0
1070
     0
1070
     0
1070
     0
1070
     0
1070
     0
1070
     0
1070
     0
1070
     0
1070
     0
1071
        0
1070
     0
1070
     0
1070
     0
1070
     0
1070
     0
1070
     0
1070
     0
1070
     0
1070
     0
1070
     0
1070
     0
1071
        0
1070
     0
1070
     0
1070
     0
1070
     0
1070
     0
1070
     0
1070
     0
1070
     0
1070
     0
1070
     0
1070
     0
1071
        0
1070
     0
1070
     0
1070
     0
1070
     0
1070
     0
1070
     0
1070
     0
1070
     0
1070
     0
1070
     0
1070
     0
1071
        0
1070
     0
1070
     0
1070
     0
1070
     0
1070
     0
1070
     0
1070
     0
1070
     0
1070
     0
1070
     0
1070
     0
1071
        0
1070
     0
1070
     0
1070
     0
1070
     0
1070
     0
1070
     0
1070
     0
1070
     0
1070
     0
1070
     0
1070
     0
1071
        0
1070
     0
1070
     0
1070
     0
1070
     0
1070
     0
1070
     0
1070
     0
1070
     0
1070
     0
1070
     0
1070
     0
1071
        0
1070
     0
1070
     0
1070
     0
1070
     0
1070
     0
1070
     0
1070
     0
1070
     0
1070
     0
1070
     0
1070
     0
1071
        0
1070
     0
1070
     0
1070
     0
1070
     0
1070
     0
1070
     0
1070
     0
1070
     0
1070
     0
1070
     0
1070
     0
1071
        0
1070
     0
1070
     0
1070
     0
1070
     0
1070
     0
1070
     0
1070
     0
1070
     0
1070
     0
1070
     0
1070
     0
1071
        0
1070
     0
1070
     0
1070
     0
1070
     0
1070
     0
1070
     0
1070
     0
1070
     0
1070
     0
1070
     0
1070
     0
1071
        0
1070
     0
1070
     0
1070
     0
1070
     0
1070
     0
1070
     0
1070
     0
1070
     0
1070
     0
1070
     0
1070
     0
1071
        0
1070
     0
1070
     0
1070
     0
1070
     0
1070
     0
1070
     0
1070
     0
1070
     0
1070
     0
1070
     0
1070
     0
1071
        0
1070
     0
1070
     0
1070
     0
1070
     0
1070
     0
1070
     0
1070
     0
1070
     0
1070
     0
1070
     0
1070
     0
1071
        0
1070
     0
1070
     0
1070
     0
1070
     0
1070
     0
1070
     0
1070
     0
1070
     0
1070
     0
1070
     0
1070
     0
1071
        0
1070
     0
1070
     0
1070
     0
1070
     0
1070
     0
1070
     0
1070
     0
1070
     0
1070
     0
1070
     0
1070
     0
1071
        0
1070
     0
1070
     0
1070
     0
1070
     0
1070
     0
1070
     0
1070
     0
1070
     0
1070
     0
1070
     0
1070
     0
1071
        0
1070
     0
1070
     0
1070
     0
1070
     0
1070
     0
1070
     0
1070
     0
1070
     0
1070
     0
1070
     0
1070
     0
1071
        0
1070
     0
1070
     0
1070
     0
1070
     0
1070
     0
1070
     0
1070
     0
1070
     0
1070
     0
1070
     0
1070
     0
1071
        0
1070
     0
1070
     0
1070
     0
1070
     0
1070
     0
1070
     0
1070
     0
1070
     0
1070
     0
1070
     0
1070
     0
1071
        0
1070
     0
1070
     0
1070
     0
1070
     0
1070
     0
1070
     0
1070
     0
1070
     0
1070
     0
1070
     0
1070
     0
1071
        0
1070
     0
1070
     0
1070
     0
1070
     0
1070
     0
1070
     0
1070
     0
1070
     0
1070
     0
1070
     0
1070
     0
1071
        0
1070
     0
1070
     0
1070
     0
1070
     0
1070
     0
1070
     0
1070
     0
1070
     0
1070
     0
1070
     0
1070
     0
1071
        0
1070
     0
1070
     0
1070
     0
1070
     0
1070
     0
1070
     0
1070
     0
1070
     0
1070
     0
1070
     0
1070
     0
1071
        0
1070
     0
1070
     0
1070
     0
1070
     0
1070
     0
1070
     0
1070
     0
1070
     0
1070
     0
1070
     0
1070
     0
1071
        0
1070
     0
1070
     0
1070
     0
1070
     0
1070
     0
1070
     0
1070
     0
1070
     0
1070
     0
1070
     0
1070
     0
1071
        0
1070
     0
1070
     0
1070
     0
1070
     0
1070
     0
1070
     0
1070
     0
1070
     0
1070
     0
1070
     0
1070
     0
1071
        0
1070
     0
1070
     0
1070
     0
1070
     0
1070
     0
1070
     0
1070
     0
1070
     0
1070
     0
1070
     0
1070
     0
1071
        0
1070
     0
1070
     0
1070
     0
1070
     0
1070
     0
1070
     0
1070
     0
1070
     0
1070
     0
1070
     0
1070
     0
1071
        0
1070
     0
1070
     0
1070
     0
1070
     0
1070
     0
1070
     0
1070
     0
1070
     0
1070
     0
1070
     0
1070
     0
1071
        0
1070
     0
1070
     0
1070
     0
1070
     0
1070
     0
1070
     0
1070
     0
1070
     0
1070
     0
1070
     0
1070
     0
1071
        0
1070
     0
1070
     0
1070
     0
1070
     0
1070
     0
1070
     0
1070
     0
1070
     0
1070
     0
1070
     0
1070
     0
1071
        0
1070
     0
1070
     0
1070
     0
1070
     0
1070
     0
1070
     0
1070
     0
1070
     0
1070
     0
1070
     0
1070
     0
1071
        0
1070
     0
1070
     0
1070
     0
1070
     0
1070
     0
1070
     0
1070
     0
1070
     0
1070
     0
1070
     0
1070
     0
1071
        0
1070
     0
1070
     0
1070
     0
1070
     0
1070
     0
1070
     0
1070
     0
1070
     0
1070
     0
1070
     0
1070
     0
1071
        0
1070
     0
1070
     0
1070
     0
1070
     0
1070
     0
1070
     0
1070
     0
1070
     0
1070
     0
1070
     0
1070
     0
1071
        0
1070
     0
1070
     0
1070
     0
1070
     0
1070
     0
1070
     0
1070
     0
1070
     0
1070
     0
1070
     0
1070
     0
1071
        0
1070
     0
1070
     0
1070
     0
1070
     0
1070
     0
1070
     0
1070
     0
1070
     0
1070
     0
1070
     0
1070
     0
1071
        0
1070
     0
1070
     0
1070
     0
1070
     0
1070
     0
1070
     0
1070
     0
1070
     0
1070
     0
1070
     0
1070
     0
1071
        0
1070
     0
1070
     0
1070
     0
1070
     0
1070
     0
1070
     0
1070
     0
1070
     0
1070
     0
1070
     0
1070
     0
1071
        0
1070
     0
1070
     0
1070
     0
1070
     0
1070
     0
1070
     0
1070
     0
1070
     0
1070
     0
1070
     0
1070
     0
1071
        0
1070
     0
1070
     0
1070
     0
1070
     0
1070
     0
1070
     0
1070
     0
1070
     0
1070
     0
1070
     0
1070
     0
1071
        0
1070
     0
1070
     0
1070
     0
1070
     0
1070
     0
1070
     0
1070
     0
1070
     0
1070
     0
1070
     0
1070
     0
1071
        0
1070
     0
1070
     0
1070
     0
1070
     0
1070
     0
1070
     0
1070
     0
1070
     0
1070
     0
1070
     0
1070
     0
1071
        0
1070
     0
1070
     0
1070
     0
1070
     0
1070
     0
1070
     0
1070
     0
1070
     0
1070
     0
1070
     0
1070
     0
1071
        0
1070
     0
1070
     0
1070
     0
1070
     0
1070
     0
1070
     0
1070
     0
1070
     0
1070
     0
1070
     0
1070
     0
1071
        0
1070
     0
1070
     0
1070
     0
1070
     0
1070
     0
1070
     0
1070
     0
1070
     0
1070
     0
1070
     0
1070
     0
1071
        0
1070
     0
1070
     0
1070
     0
1070
     0
1070
     0
1070
     0
1070
     0
1070
     0
1070
     0
1070
     0
1070
     0
1071
        0
1070
     0
1070
     0
1070
     0
1070
     0
1070
     0
1070
     0
1070
     0
1070
     0
1070
     0
1070
     0
1070
     0
1071
        0
1070
     0
1070
     0
1070
     0
1070
     0
1070
     0
1070
     0
1070
     0
1070
     0
1070
     0
1070
     0
1070
     0
1071
        0
1070
     0
1070
     0
1070
     0
1070
     0
1070
     0
1070
     0
1070
     0
1070
     0
1070
     0
1070
     0
1070
     0
1071
        0
1070
     0
1070
     0
1070
     0
1070
     0
1070
     0
1070
     0
1070
     0
1070
     0
1070
     0
1070
     0
1070
     0
1071
        0
1070
     0
1070
     0
1070
     0
1070
     0
1070
     0
1070
     0
1070
     0
1070
     0
1070
     0
1070
     0
1070
     0
1071
        0
1070
     0
1070
     0
1070
     0
1070
     0
1070
     0
1070
     0
1070
     0
1070
     0
1070
     0
1070
     0
1070
     0
1071
        0
1070
     0
1070
     0
1070
     0
1070
     0
1070
     0
1070
     0
1070
     0
1070
     0
1070
     0
1070
     0
1070
     0
1071
        0
1070
     0
1070
     0
1070
     0
1070
     0
1070
     0
1070
     0
1070
     0
1070
     0
1070
     0
1070
     0
1070
     0
1071
        0
1070
     0
1070
     0
1070
     0
1070
     0
1070
     0
1070
     0
1070
     0
1070
     0
1070
     0
1070
     0
1070
     0
1071
        0
1070
     0
1070
     0
1070
     0
1070
     0
1070
     0
1070
     0
1070
     0
1070
     0
1070
     0
1070
     0
1070
     0
1071
        0
1070
     0
1070
     0
1070
     0
1070
     0
1070
     0
1070
     0
1070
     0
1070
     0
1070
     0
1070
     0
1070
     0
1071
        0
1070
     0
1070
     0
1070
     0
1070
     0
1070
     0
1070
     0
1070
     0
1070
     0
1070
     0
1070
     0
1070
     0
1071
        0
1070
     0
1070
     0
1070
     0
1070
     0
1070
     0
1070
     0
1070
     0
1070
     0
1070
     0
1070
     0
1070
     0
1071
        0
1070
     0
1070
     0
1070
     0
1070
     0
1070
     0
1070
     0
1070
     0
1070
     0
1070
     0
1070
     0
1070
     0
1071
        0
1070
     0
1070
     0
1070
     0
1070
     0
1070
     0
1070
     0
1070
     0
1070
     0
1070
     0
1070
     0
1070
     0
1071
        0
1070
     0
1070
     0
1070
     0
1070
     0
1070
     0
1070
     0
1070
     0
1070
     0
1070
     0
1070
     0
1070
     0
1071
        0
1070
     0
1070
     0
1070
     0
1070
     0
1070
     0
1070
     0
1070
     0
1070
     0
1070
     0
1070
     0
1070
     0
1071
        0
1070
     0
1070
     0
1070
     0
1070
     0
1070
     0
1070
     0
1070
     0
1070
     0
1070
     0
1070
     0
1070
     0
1071
        0
1070
     0
1070
     0
1070
     0
1070
     0
1070
     0
1070
     0
1070
     0
1070
     0
1070
     0
1070
     0
1070
     0
1071
        0
1070
     0
1070
     0
1070
     0
1070
     0
1070
     0
1070
     0
1070
     0
1070
     0
1070
     0
1070
     0
1070
     0
1071
        0
1070
     0
1070
     0
1070
     0
1070
     0
1070
     0
1070
     0
1070
     0
1070
     0
1070
     0
1070
     0
1070
     0
1071
        0
1070
     0
1070
     0
1070
     0
1070
     0
1070
     0
1070
     0
1070
     0
1070
     0
1070
     0
1070
     0
1070
     0
1071
        0
1070
     0
1070
     0
1070
     0
1070
     0
1070
     0
1070
     0
1070
     0
1070
     0
1070
     0
1070
     0
1070
     0
1071
        0
1070
     0
1070
     0
1070
     0
1070
     0
1070
     0
1070
     0
1070
     0
1070
     0
1070
     0
1070
     0
1070
     0
1071
        0
1070
     0
1070
     0
1070
     0
1070
     0
1070
     0
1070
     0
1070
     0
1070
     0
1070
     0
1070
     0
  0
TEXT
  5
7A9
330
1F
100
AcDbEntity
  8
COLUMN_TEXT__BM_
100
AcDbText
 39
0.0463826642588751
 10
2687.741392868515
 20
979.7679554731374
 30
-0.0000000082728956
 40
0.2
  1
C13
  7
NAME
100
AcDbText
  0
ELLIPSE
  5
7AA
330
1F
100
AcDbEntity
  8
COLUMN_TEXT_BOX__BM_
100
AcDbEllipse
 10
2688.002504330184
 20
979.8674245207183
 30
0.0
 11
-0.3141047421322583
 21
0.0
 31
0.0
210
0.0
220
0.0
230
1.0
 40
0.4476558537982991
 41
0.0
 42
6.283185307179586
1001
ACAD_OBJECT_CHANGE_GUID
1070
     0
1071
        0
1070
     0
1070
     0
1070
     0
1070
     0
1070
     0
1070
     0
1070
     0
1070
     0
1070
     0
1070
     0
1070
     0
1071
        0
1070
     0
1070
     0
1070
     0
1070
     0
1070
     0
1070
     0
1070
     0
1070
     0
1070
     0
1070
     0
1070
     0
1071
        0
1070
     0
1070
     0
1070
     0
1070
     0
1070
     0
1070
     0
1070
     0
1070
     0
1070
     0
1070
     0
1070
     0
1071
        0
1070
     0
1070
     0
1070
     0
1070
     0
1070
     0
1070
     0
1070
     0
1070
     0
1070
     0
1070
     0
1070
     0
1071
        0
1070
     0
1070
     0
1070
     0
1070
     0
1070
     0
1070
     0
1070
     0
1070
     0
1070
     0
1070
     0
1070
     0
1071
        0
1070
     0
1070
     0
1070
     0
1070
     0
1070
     0
1070
     0
1070
     0
1070
     0
1070
     0
1070
     0
1070
     0
1071
        0
1070
     0
1070
     0
1070
     0
1070
     0
1070
     0
1070
     0
1070
     0
1070
     0
1070
     0
1070
     0
1070
     0
1071
        0
1070
     0
1070
     0
1070
     0
1070
     0
1070
     0
1070
     0
1070
     0
1070
     0
1070
     0
1070
     0
1070
     0
1071
        0
1070
     0
1070
     0
1070
     0
1070
     0
1070
     0
1070
     0
1070
     0
1070
     0
1070
     0
1070
     0
1070
     0
1071
        0
1070
     0
1070
     0
1070
     0
1070
     0
1070
     0
1070
     0
1070
     0
1070
     0
1070
     0
1070
     0
1070
     0
1071
        0
1070
     0
1070
     0
1070
     0
1070
     0
1070
     0
1070
     0
1070
     0
1070
     0
1070
     0
1070
     0
1070
     0
1071
        0
1070
     0
1070
     0
1070
     0
1070
     0
1070
     0
1070
     0
1070
     0
1070
     0
1070
     0
1070
     0
1070
     0
1071
        0
1070
     0
1070
     0
1070
     0
1070
     0
1070
     0
1070
     0
1070
     0
1070
     0
1070
     0
1070
     0
1070
     0
1071
        0
1070
     0
1070
     0
1070
     0
1070
     0
1070
     0
1070
     0
1070
     0
1070
     0
1070
     0
1070
     0
1070
     0
1071
        0
1070
     0
1070
     0
1070
     0
1070
     0
1070
     0
1070
     0
1070
     0
1070
     0
1070
     0
1070
     0
1070
     0
1071
        0
1070
     0
1070
     0
1070
     0
1070
     0
1070
     0
1070
     0
1070
     0
1070
     0
1070
     0
1070
     0
1070
     0
1071
        0
1070
     0
1070
     0
1070
     0
1070
     0
1070
     0
1070
     0
1070
     0
1070
     0
1070
     0
1070
     0
1070
     0
1071
        0
1070
     0
1070
     0
1070
     0
1070
     0
1070
     0
1070
     0
1070
     0
1070
     0
1070
     0
1070
     0
1070
     0
1071
        0
1070
     0
1070
     0
1070
     0
1070
     0
1070
     0
1070
     0
1070
     0
1070
     0
1070
     0
1070
     0
1070
     0
1071
        0
1070
     0
1070
     0
1070
     0
1070
     0
1070
     0
1070
     0
1070
     0
1070
     0
1070
     0
1070
     0
1070
     0
1071
        0
1070
     0
1070
     0
1070
     0
1070
     0
1070
     0
1070
     0
1070
     0
1070
     0
1070
     0
1070
     0
1070
     0
1071
        0
1070
     0
1070
     0
1070
     0
1070
     0
1070
     0
1070
     0
1070
     0
1070
     0
1070
     0
1070
     0
1070
     0
1071
        0
1070
     0
1070
     0
1070
     0
1070
     0
1070
     0
1070
     0
1070
     0
1070
     0
1070
     0
1070
     0
1070
     0
1071
        0
1070
     0
1070
     0
1070
     0
1070
     0
1070
     0
1070
     0
1070
     0
1070
     0
1070
     0
1070
     0
1070
     0
1071
        0
1070
     0
1070
     0
1070
     0
1070
     0
1070
     0
1070
     0
1070
     0
1070
     0
1070
     0
1070
     0
1070
     0
1071
        0
1070
     0
1070
     0
1070
     0
1070
     0
1070
     0
1070
     0
1070
     0
1070
     0
1070
     0
1070
     0
1070
     0
1071
        0
1070
     0
1070
     0
1070
     0
1070
     0
1070
     0
1070
     0
1070
     0
1070
     0
1070
     0
1070
     0
1070
     0
1071
        0
1070
     0
1070
     0
1070
     0
1070
     0
1070
     0
1070
     0
1070
     0
1070
     0
1070
     0
1070
     0
1070
     0
1071
        0
1070
     0
1070
     0
1070
     0
1070
     0
1070
     0
1070
     0
1070
     0
1070
     0
1070
     0
1070
     0
1070
     0
1071
        0
1070
     0
1070
     0
1070
     0
1070
     0
1070
     0
1070
     0
1070
     0
1070
     0
1070
     0
1070
     0
1070
     0
1071
        0
1070
     0
1070
     0
1070
     0
1070
     0
1070
     0
1070
     0
1070
     0
1070
     0
1070
     0
1070
     0
1070
     0
1071
        0
1070
     0
1070
     0
1070
     0
1070
     0
1070
     0
1070
     0
1070
     0
1070
     0
1070
     0
1070
     0
1070
     0
1071
        0
1070
     0
1070
     0
1070
     0
1070
     0
1070
     0
1070
     0
1070
     0
1070
     0
1070
     0
1070
     0
1070
     0
1071
        0
1070
     0
1070
     0
1070
     0
1070
     0
1070
     0
1070
     0
1070
     0
1070
     0
1070
     0
1070
     0
1070
     0
1071
        0
1070
     0
1070
     0
1070
     0
1070
     0
1070
     0
1070
     0
1070
     0
1070
     0
1070
     0
1070
     0
1070
     0
1071
        0
1070
     0
1070
     0
1070
     0
1070
     0
1070
     0
1070
     0
1070
     0
1070
     0
1070
     0
1070
     0
1070
     0
1071
        0
1070
     0
1070
     0
1070
     0
1070
     0
1070
     0
1070
     0
1070
     0
1070
     0
1070
     0
1070
     0
1070
     0
1071
        0
1070
     0
1070
     0
1070
     0
1070
     0
1070
     0
1070
     0
1070
     0
1070
     0
1070
     0
1070
     0
1070
     0
1071
        0
1070
     0
1070
     0
1070
     0
1070
     0
1070
     0
1070
     0
1070
     0
1070
     0
1070
     0
1070
     0
1070
     0
1071
        0
1070
     0
1070
     0
1070
     0
1070
     0
1070
     0
1070
     0
1070
     0
1070
     0
1070
     0
1070
     0
1070
     0
1071
        0
1070
     0
1070
     0
1070
     0
1070
     0
1070
     0
1070
     0
1070
     0
1070
     0
1070
     0
1070
     0
1070
     0
1071
        0
1070
     0
1070
     0
1070
     0
1070
     0
1070
     0
1070
     0
1070
     0
1070
     0
1070
     0
1070
     0
1070
     0
1071
        0
1070
     0
1070
     0
1070
     0
1070
     0
1070
     0
1070
     0
1070
     0
1070
     0
1070
     0
1070
     0
1070
     0
1071
        0
1070
     0
1070
     0
1070
     0
1070
     0
1070
     0
1070
     0
1070
     0
1070
     0
1070
     0
1070
     0
1070
     0
1071
        0
1070
     0
1070
     0
1070
     0
1070
     0
1070
     0
1070
     0
1070
     0
1070
     0
1070
     0
1070
     0
1070
     0
1071
        0
1070
     0
1070
     0
1070
     0
1070
     0
1070
     0
1070
     0
1070
     0
1070
     0
1070
     0
1070
     0
1070
     0
1071
        0
1070
     0
1070
     0
1070
     0
1070
     0
1070
     0
1070
     0
1070
     0
1070
     0
1070
     0
1070
     0
1070
     0
1071
        0
1070
     0
1070
     0
1070
     0
1070
     0
1070
     0
1070
     0
1070
     0
1070
     0
1070
     0
1070
     0
1070
     0
1071
        0
1070
     0
1070
     0
1070
     0
1070
     0
1070
     0
1070
     0
1070
     0
1070
     0
1070
     0
1070
     0
1070
     0
1071
        0
1070
     0
1070
     0
1070
     0
1070
     0
1070
     0
1070
     0
1070
     0
1070
     0
1070
     0
1070
     0
1070
     0
1071
        0
1070
     0
1070
     0
1070
     0
1070
     0
1070
     0
1070
     0
1070
     0
1070
     0
1070
     0
1070
     0
1070
     0
1071
        0
1070
     0
1070
     0
1070
     0
1070
     0
1070
     0
1070
     0
1070
     0
1070
     0
1070
     0
1070
     0
1070
     0
1071
        0
1070
     0
1070
     0
1070
     0
1070
     0
1070
     0
1070
     0
1070
     0
1070
     0
1070
     0
1070
     0
1070
     0
1071
        0
1070
     0
1070
     0
1070
     0
1070
     0
1070
     0
1070
     0
1070
     0
1070
     0
1070
     0
1070
     0
1070
     0
1071
        0
1070
     0
1070
     0
1070
     0
1070
     0
1070
     0
1070
     0
1070
     0
1070
     0
1070
     0
1070
     0
1070
     0
1071
        0
1070
     0
1070
     0
1070
     0
1070
     0
1070
     0
1070
     0
1070
     0
1070
     0
1070
     0
1070
     0
1070
     0
1071
        0
1070
     0
1070
     0
1070
     0
1070
     0
1070
     0
1070
     0
1070
     0
1070
     0
1070
     0
1070
     0
1070
     0
1071
        0
1070
     0
1070
     0
1070
     0
1070
     0
1070
     0
1070
     0
1070
     0
1070
     0
1070
     0
1070
     0
1070
     0
1071
        0
1070
     0
1070
     0
1070
     0
1070
     0
1070
     0
1070
     0
1070
     0
1070
     0
1070
     0
1070
     0
1070
     0
1071
        0
1070
     0
1070
     0
1070
     0
1070
     0
1070
     0
1070
     0
1070
     0
1070
     0
1070
     0
1070
     0
1070
     0
1071
        0
1070
     0
1070
     0
1070
     0
1070
     0
1070
     0
1070
     0
1070
     0
1070
     0
1070
     0
1070
     0
1070
     0
1071
        0
1070
     0
1070
     0
1070
     0
1070
     0
1070
     0
1070
     0
1070
     0
1070
     0
1070
     0
1070
     0
1070
     0
1071
        0
1070
     0
1070
     0
1070
     0
1070
     0
1070
     0
1070
     0
1070
     0
1070
     0
1070
     0
1070
     0
1070
     0
1071
        0
1070
     0
1070
     0
1070
     0
1070
     0
1070
     0
1070
     0
1070
     0
1070
     0
1070
     0
1070
     0
1070
     0
1071
        0
1070
     0
1070
     0
1070
     0
1070
     0
1070
     0
1070
     0
1070
     0
1070
     0
1070
     0
1070
     0
1070
     0
1071
        0
1070
     0
1070
     0
1070
     0
1070
     0
1070
     0
1070
     0
1070
     0
1070
     0
1070
     0
1070
     0
1070
     0
1071
        0
1070
     0
1070
     0
1070
     0
1070
     0
1070
     0
1070
     0
1070
     0
1070
     0
1070
     0
1070
     0
1070
     0
1071
        0
1070
     0
1070
     0
1070
     0
1070
     0
1070
     0
1070
     0
1070
     0
1070
     0
1070
     0
1070
     0
1070
     0
1071
        0
1070
     0
1070
     0
1070
     0
1070
     0
1070
     0
1070
     0
1070
     0
1070
     0
1070
     0
1070
     0
1070
     0
1071
        0
1070
     0
1070
     0
1070
     0
1070
     0
1070
     0
1070
     0
1070
     0
1070
     0
1070
     0
1070
     0
1070
     0
1071
        0
1070
     0
1070
     0
1070
     0
1070
     0
1070
     0
1070
     0
1070
     0
1070
     0
1070
     0
1070
     0
1070
     0
1071
        0
1070
     0
1070
     0
1070
     0
1070
     0
1070
     0
1070
     0
1070
     0
1070
     0
1070
     0
1070
     0
1070
     0
1071
        0
1070
     0
1070
     0
1070
     0
1070
     0
1070
     0
1070
     0
1070
     0
1070
     0
1070
     0
1070
     0
1070
     0
1071
        0
1070
     0
1070
     0
1070
     0
1070
     0
1070
     0
1070
     0
1070
     0
1070
     0
1070
     0
1070
     0
1070
     0
1071
        0
1070
     0
1070
     0
1070
     0
1070
     0
1070
     0
1070
     0
1070
     0
1070
     0
1070
     0
1070
     0
1070
     0
1071
        0
1070
     0
1070
     0
1070
     0
1070
     0
1070
     0
1070
     0
1070
     0
1070
     0
1070
     0
1070
     0
1070
     0
1071
        0
1070
     0
1070
     0
1070
     0
1070
     0
1070
     0
1070
     0
1070
     0
1070
     0
1070
     0
1070
     0
1070
     0
1071
        0
1070
     0
1070
     0
1070
     0
1070
     0
1070
     0
1070
     0
1070
     0
1070
     0
1070
     0
1070
     0
1070
     0
1071
        0
1070
     0
1070
     0
1070
     0
1070
     0
1070
     0
1070
     0
1070
     0
1070
     0
1070
     0
1070
     0
1070
     0
1071
        0
1070
     0
1070
     0
1070
     0
1070
     0
1070
     0
1070
     0
1070
     0
1070
     0
1070
     0
1070
     0
1070
     0
1071
        0
1070
     0
1070
     0
1070
     0
1070
     0
1070
     0
1070
     0
1070
     0
1070
     0
1070
     0
1070
     0
1070
     0
1071
        0
1070
     0
1070
     0
1070
     0
1070
     0
1070
     0
1070
     0
1070
     0
1070
     0
1070
     0
1070
     0
1070
     0
1071
        0
1070
     0
1070
     0
1070
     0
1070
     0
1070
     0
1070
     0
1070
     0
1070
     0
1070
     0
1070
     0
1070
     0
1071
        0
1070
     0
1070
     0
1070
     0
1070
     0
1070
     0
1070
     0
1070
     0
1070
     0
1070
     0
1070
     0
1070
     0
1071
        0
1070
     0
1070
     0
1070
     0
1070
     0
1070
     0
1070
     0
1070
     0
1070
     0
1070
     0
1070
     0
1070
     0
1071
        0
1070
     0
1070
     0
1070
     0
1070
     0
1070
     0
1070
     0
1070
     0
1070
     0
1070
     0
1070
     0
1070
     0
1071
        0
1070
     0
1070
     0
1070
     0
1070
     0
1070
     0
1070
     0
1070
     0
1070
     0
1070
     0
1070
     0
1070
     0
1071
        0
1070
     0
1070
     0
1070
     0
1070
     0
1070
     0
1070
     0
1070
     0
1070
     0
1070
     0
1070
     0
1070
     0
1071
        0
1070
     0
1070
     0
1070
     0
1070
     0
1070
     0
1070
     0
1070
     0
1070
     0
1070
     0
1070
     0
1070
     0
1071
        0
1070
     0
1070
     0
1070
     0
1070
     0
1070
     0
1070
     0
1070
     0
1070
     0
1070
     0
1070
     0
1070
     0
1071
        0
1070
     0
1070
     0
1070
     0
1070
     0
1070
     0
1070
     0
1070
     0
1070
     0
1070
     0
1070
     0
1070
     0
1071
        0
1070
     0
1070
     0
1070
     0
1070
     0
1070
     0
1070
     0
1070
     0
1070
     0
1070
     0
1070
     0
1070
     0
1071
        0
1070
     0
1070
     0
1070
     0
1070
     0
1070
     0
1070
     0
1070
     0
1070
     0
1070
     0
1070
     0
1070
     0
1071
        0
1070
     0
1070
     0
1070
     0
1070
     0
1070
     0
1070
     0
1070
     0
1070
     0
1070
     0
1070
     0
1070
     0
1071
        0
1070
     0
1070
     0
1070
     0
1070
     0
1070
     0
1070
     0
1070
     0
1070
     0
1070
     0
1070
     0
1070
     0
1071
        0
1070
     0
1070
     0
1070
     0
1070
     0
1070
     0
1070
     0
1070
     0
1070
     0
1070
     0
1070
     0
1070
     0
1071
        0
1070
     0
1070
     0
1070
     0
1070
     0
1070
     0
1070
     0
1070
     0
1070
     0
1070
     0
1070
     0
1070
     0
1071
        0
1070
     0
1070
     0
1070
     0
1070
     0
1070
     0
1070
     0
1070
     0
1070
     0
1070
     0
1070
     0
1070
     0
1071
        0
1070
     0
1070
     0
1070
     0
1070
     0
1070
     0
1070
     0
1070
     0
1070
     0
1070
     0
1070
     0
1070
     0
1071
        0
1070
     0
1070
     0
1070
     0
1070
     0
1070
     0
1070
     0
1070
     0
1070
     0
1070
     0
1070
     0
1070
     0
1071
        0
1070
     0
1070
     0
1070
     0
1070
     0
1070
     0
1070
     0
1070
     0
1070
     0
1070
     0
1070
     0
1070
     0
1071
        0
1070
     0
1070
     0
1070
     0
1070
     0
1070
     0
1070
     0
1070
     0
1070
     0
1070
     0
1070
     0
1070
     0
1071
        0
1070
     0
1070
     0
1070
     0
1070
     0
1070
     0
1070
     0
1070
     0
1070
     0
1070
     0
1070
     0
1070
     0
1071
        0
1070
     0
1070
     0
1070
     0
1070
     0
1070
     0
1070
     0
1070
     0
1070
     0
1070
     0
1070
     0
1070
     0
1071
        0
1070
     0
1070
     0
1070
     0
1070
     0
1070
     0
1070
     0
1070
     0
1070
     0
1070
     0
1070
     0
1070
     0
1071
        0
1070
     0
1070
     0
1070
     0
1070
     0
1070
     0
1070
     0
1070
     0
1070
     0
1070
     0
1070
     0
1070
     0
1071
        0
1070
     0
1070
     0
1070
     0
1070
     0
1070
     0
1070
     0
1070
     0
1070
     0
1070
     0
1070
     0
1070
     0
1071
        0
1070
     0
1070
     0
1070
     0
1070
     0
1070
     0
1070
     0
1070
     0
1070
     0
1070
     0
1070
     0
1070
     0
1071
        0
1070
     0
1070
     0
1070
     0
1070
     0
1070
     0
1070
     0
1070
     0
1070
     0
1070
     0
1070
     0
1070
     0
1071
        0
1070
     0
1070
     0
1070
     0
1070
     0
1070
     0
1070
     0
1070
     0
1070
     0
1070
     0
1070
     0
1070
     0
1071
        0
1070
     0
1070
     0
1070
     0
1070
     0
1070
     0
1070
     0
1070
     0
1070
     0
1070
     0
1070
     0
1070
     0
1071
        0
1070
     0
1070
     0
1070
     0
1070
     0
1070
     0
1070
     0
1070
     0
1070
     0
1070
     0
1070
     0
1070
     0
1071
        0
1070
     0
1070
     0
1070
     0
1070
     0
1070
     0
1070
     0
1070
     0
1070
     0
1070
     0
1070
     0
1070
     0
1071
        0
1070
     0
1070
     0
1070
     0
1070
     0
1070
     0
1070
     0
1070
     0
1070
     0
1070
     0
1070
     0
1070
     0
1071
        0
1070
     0
1070
     0
1070
     0
1070
     0
1070
     0
1070
     0
1070
     0
1070
     0
1070
     0
1070
     0
1070
     0
1071
        0
1070
     0
1070
     0
1070
     0
1070
     0
1070
     0
1070
     0
1070
     0
1070
     0
1070
     0
1070
     0
1070
     0
1071
        0
1070
     0
1070
     0
1070
     0
1070
     0
1070
     0
1070
     0
1070
     0
1070
     0
1070
     0
1070
     0
1070
     0
1071
        0
1070
     0
1070
     0
1070
     0
1070
     0
1070
     0
1070
     0
1070
     0
1070
     0
1070
     0
1070
     0
1070
     0
1071
        0
1070
     0
1070
     0
1070
     0
1070
     0
1070
     0
1070
     0
1070
     0
1070
     0
1070
     0
1070
     0
1070
     0
1071
        0
1070
     0
1070
     0
1070
     0
1070
     0
1070
     0
1070
     0
1070
     0
1070
     0
1070
     0
1070
     0
1070
     0
1071
        0
1070
     0
1070
     0
1070
     0
1070
     0
1070
     0
1070
     0
1070
     0
1070
     0
1070
     0
1070
     0
1070
     0
1071
        0
1070
     0
1070
     0
1070
     0
1070
     0
1070
     0
1070
     0
1070
     0
1070
     0
1070
     0
1070
     0
1070
     0
1071
        0
1070
     0
1070
     0
1070
     0
1070
     0
1070
     0
1070
     0
1070
     0
1070
     0
1070
     0
1070
     0
1070
     0
1071
        0
1070
     0
1070
     0
1070
     0
1070
     0
1070
     0
1070
     0
1070
     0
1070
     0
1070
     0
1070
     0
1070
     0
1071
        0
1070
     0
1070
     0
1070
     0
1070
     0
1070
     0
1070
     0
1070
     0
1070
     0
1070
     0
1070
     0
1070
     0
1071
        0
1070
     0
1070
     0
1070
     0
1070
     0
1070
     0
1070
     0
1070
     0
1070
     0
1070
     0
1070
     0
1070
     0
1071
        0
1070
     0
1070
     0
1070
     0
1070
     0
1070
     0
1070
     0
1070
     0
1070
     0
1070
     0
1070
     0
1070
     0
1071
        0
1070
     0
1070
     0
1070
     0
1070
     0
1070
     0
1070
     0
1070
     0
1070
     0
1070
     0
1070
     0
1070
     0
1071
        0
1070
     0
1070
     0
1070
     0
1070
     0
1070
     0
1070
     0
1070
     0
1070
     0
1070
     0
1070
     0
1070
     0
1071
        0
1070
     0
1070
     0
1070
     0
1070
     0
1070
     0
1070
     0
1070
     0
1070
     0
1070
     0
1070
     0
1070
     0
1071
        0
1070
     0
1070
     0
1070
     0
1070
     0
1070
     0
1070
     0
1070
     0
1070
     0
1070
     0
1070
     0
1070
     0
1071
        0
1070
     0
1070
     0
1070
     0
1070
     0
1070
     0
1070
     0
1070
     0
1070
     0
1070
     0
1070
     0
1070
     0
1071
        0
1070
     0
1070
     0
1070
     0
1070
     0
1070
     0
1070
     0
1070
     0
1070
     0
1070
     0
1070
     0
1070
     0
1071
        0
1070
     0
1070
     0
1070
     0
1070
     0
1070
     0
1070
     0
1070
     0
1070
     0
1070
     0
1070
     0
1070
     0
1071
        0
1070
     0
1070
     0
1070
     0
1070
     0
1070
     0
1070
     0
1070
     0
1070
     0
1070
     0
1070
     0
1070
     0
1071
        0
1070
     0
1070
     0
1070
     0
1070
     0
1070
     0
1070
     0
1070
     0
1070
     0
1070
     0
1070
     0
1070
     0
1071
        0
1070
     0
1070
     0
1070
     0
1070
     0
1070
     0
1070
     0
1070
     0
1070
     0
1070
     0
1070
     0
1070
     0
1071
        0
1070
     0
1070
     0
1070
     0
1070
     0
1070
     0
1070
     0
1070
     0
1070
     0
1070
     0
1070
     0
1070
     0
1071
        0
1070
     0
1070
     0
1070
     0
1070
     0
1070
     0
1070
     0
1070
     0
1070
     0
1070
     0
1070
     0
1070
     0
1071
        0
1070
     0
1070
     0
1070
     0
1070
     0
1070
     0
1070
     0
1070
     0
1070
     0
1070
     0
1070
     0
1070
     0
1071
        0
1070
     0
1070
     0
1070
     0
1070
     0
1070
     0
1070
     0
1070
     0
1070
     0
1070
     0
1070
     0
1070
     0
1071
        0
1070
     0
1070
     0
1070
     0
1070
     0
1070
     0
1070
     0
1070
     0
1070
     0
1070
     0
1070
     0
1070
     0
1071
        0
1070
     0
1070
     0
1070
     0
1070
     0
1070
     0
1070
     0
1070
     0
1070
     0
1070
     0
1070
     0
1070
     0
1071
        0
1070
     0
1070
     0
1070
     0
1070
     0
1070
     0
1070
     0
1070
     0
1070
     0
1070
     0
1070
     0
1070
     0
1071
        0
1070
     0
1070
     0
1070
     0
1070
     0
1070
     0
1070
     0
1070
     0
1070
     0
1070
     0
1070
     0
1070
     0
1071
        0
1070
     0
1070
     0
1070
     0
1070
     0
1070
     0
1070
     0
1070
     0
1070
     0
1070
     0
1070
     0
1070
     0
1071
        0
1070
     0
1070
     0
1070
     0
1070
     0
1070
     0
1070
     0
1070
     0
1070
     0
1070
     0
1070
     0
1070
     0
1071
        0
1070
     0
1070
     0
1070
     0
1070
     0
1070
     0
1070
     0
1070
     0
1070
     0
1070
     0
1070
     0
1070
     0
1071
        0
1070
     0
1070
     0
1070
     0
1070
     0
1070
     0
1070
     0
1070
     0
1070
     0
1070
     0
1070
     0
1070
     0
1071
        0
1070
     0
1070
     0
1070
     0
1070
     0
1070
     0
1070
     0
1070
     0
1070
     0
1070
     0
1070
     0
1070
     0
1071
        0
1070
     0
1070
     0
1070
     0
1070
     0
1070
     0
1070
     0
1070
     0
1070
     0
1070
     0
1070
     0
1070
     0
1071
        0
1070
     0
1070
     0
1070
     0
1070
     0
1070
     0
1070
     0
1070
     0
1070
     0
1070
     0
1070
     0
1070
     0
1071
        0
1070
     0
1070
     0
1070
     0
1070
     0
1070
     0
1070
     0
1070
     0
1070
     0
1070
     0
1070
     0
1070
     0
1071
        0
1070
     0
1070
     0
1070
     0
1070
     0
1070
     0
1070
     0
1070
     0
1070
     0
1070
     0
1070
     0
1070
     0
1071
        0
1070
     0
1070
     0
1070
     0
1070
     0
1070
     0
1070
     0
1070
     0
1070
     0
1070
     0
1070
     0
1070
     0
1071
        0
1070
     0
1070
     0
1070
     0
1070
     0
1070
     0
1070
     0
1070
     0
1070
     0
1070
     0
1070
     0
1070
     0
1071
        0
1070
     0
1070
     0
1070
     0
1070
     0
1070
     0
1070
     0
1070
     0
1070
     0
1070
     0
1070
     0
1070
     0
1071
        0
1070
     0
1070
     0
1070
     0
1070
     0
1070
     0
1070
     0
1070
     0
1070
     0
1070
     0
1070
     0
1070
     0
1071
        0
1070
     0
1070
     0
1070
     0
1070
     0
1070
     0
1070
     0
1070
     0
1070
     0
1070
     0
1070
     0
1070
     0
1071
        0
1070
     0
1070
     0
1070
     0
1070
     0
1070
     0
1070
     0
1070
     0
1070
     0
1070
     0
1070
     0
1070
     0
1071
        0
1070
     0
1070
     0
1070
     0
1070
     0
1070
     0
1070
     0
1070
     0
1070
     0
1070
     0
1070
     0
1070
     0
1071
        0
1070
     0
1070
     0
1070
     0
1070
     0
1070
     0
1070
     0
1070
     0
1070
     0
1070
     0
1070
     0
1070
     0
1071
        0
1070
     0
1070
     0
1070
     0
1070
     0
1070
     0
1070
     0
1070
     0
1070
     0
1070
     0
1070
     0
1070
     0
1071
        0
1070
     0
1070
     0
1070
     0
1070
     0
1070
     0
1070
     0
1070
     0
1070
     0
1070
     0
1070
     0
1070
     0
1071
        0
1070
     0
1070
     0
1070
     0
1070
     0
1070
     0
1070
     0
1070
     0
1070
     0
1070
     0
1070
     0
1070
     0
1071
        0
1070
     0
1070
     0
1070
     0
1070
     0
1070
     0
1070
     0
1070
     0
1070
     0
1070
     0
1070
     0
1070
     0
1071
        0
1070
     0
1070
     0
1070
     0
1070
     0
1070
     0
1070
     0
1070
     0
1070
     0
1070
     0
1070
     0
1070
     0
1071
        0
1070
     0
1070
     0
1070
     0
1070
     0
1070
     0
1070
     0
1070
     0
1070
     0
1070
     0
1070
     0
1070
     0
1071
        0
1070
     0
1070
     0
1070
     0
1070
     0
1070
     0
1070
     0
1070
     0
1070
     0
1070
     0
1070
     0
1070
     0
1071
        0
1070
     0
1070
     0
1070
     0
1070
     0
1070
     0
1070
     0
1070
     0
1070
     0
1070
     0
1070
     0
1070
     0
1071
        0
1070
     0
1070
     0
1070
     0
1070
     0
1070
     0
1070
     0
1070
     0
1070
     0
1070
     0
1070
     0
1070
     0
1071
        0
1070
     0
1070
     0
1070
     0
1070
     0
1070
     0
1070
     0
1070
     0
1070
     0
1070
     0
1070
     0
1070
     0
1071
        0
1070
     0
1070
     0
1070
     0
1070
     0
1070
     0
1070
     0
1070
     0
1070
     0
1070
     0
1070
     0
1070
     0
1071
        0
1070
     0
1070
     0
1070
     0
1070
     0
1070
     0
1070
     0
1070
     0
1070
     0
1070
     0
1070
     0
1070
     0
1071
        0
1070
     0
1070
     0
1070
     0
1070
     0
1070
     0
1070
     0
1070
     0
1070
     0
1070
     0
1070
     0
1070
     0
1071
        0
1070
     0
1070
     0
1070
     0
1070
     0
1070
     0
1070
     0
1070
     0
1070
     0
1070
     0
1070
     0
1070
     0
1071
        0
1070
     0
1070
     0
1070
     0
1070
     0
1070
     0
1070
     0
1070
     0
1070
     0
1070
     0
1070
     0
1070
     0
1071
        0
1070
     0
1070
     0
1070
     0
1070
     0
1070
     0
1070
     0
1070
     0
1070
     0
1070
     0
1070
     0
1070
     0
1071
        0
1070
     0
1070
     0
1070
     0
1070
     0
1070
     0
1070
     0
1070
     0
1070
     0
1070
     0
1070
     0
1070
     0
1071
        0
1070
     0
1070
     0
1070
     0
1070
     0
1070
     0
1070
     0
1070
     0
1070
     0
1070
     0
1070
     0
1070
     0
1071
        0
1070
     0
1070
     0
1070
     0
1070
     0
1070
     0
1070
     0
1070
     0
1070
     0
1070
     0
1070
     0
1070
     0
1071
        0
1070
     0
1070
     0
1070
     0
1070
     0
1070
     0
1070
     0
1070
     0
1070
     0
1070
     0
1070
     0
1070
     0
1071
        0
1070
     0
1070
     0
1070
     0
1070
     0
1070
     0
1070
     0
1070
     0
1070
     0
1070
     0
1070
     0
1070
     0
1071
        0
1070
     0
1070
     0
1070
     0
1070
     0
1070
     0
1070
     0
1070
     0
1070
     0
1070
     0
1070
     0
1070
     0
1071
        0
1070
     0
1070
     0
1070
     0
1070
     0
1070
     0
1070
     0
1070
     0
1070
     0
1070
     0
1070
     0
1070
     0
1071
        0
1070
     0
1070
     0
1070
     0
1070
     0
1070
     0
1070
     0
1070
     0
1070
     0
1070
     0
1070
     0
1070
     0
1071
        0
1070
     0
1070
     0
1070
     0
1070
     0
1070
     0
1070
     0
1070
     0
1070
     0
1070
     0
1070
     0
1070
     0
1071
        0
1070
     0
1070
     0
1070
     0
1070
     0
1070
     0
1070
     0
1070
     0
1070
     0
1070
     0
1070
     0
1070
     0
1071
        0
1070
     0
1070
     0
1070
     0
1070
     0
1070
     0
1070
     0
1070
     0
1070
     0
1070
     0
1070
     0
1070
     0
1071
        0
1070
     0
1070
     0
1070
     0
1070
     0
1070
     0
1070
     0
1070
     0
1070
     0
1070
     0
1070
     0
1070
     0
1071
        0
1070
     0
1070
     0
1070
     0
1070
     0
1070
     0
1070
     0
1070
     0
1070
     0
1070
     0
1070
     0
1070
     0
1071
        0
1070
     0
1070
     0
1070
     0
1070
     0
1070
     0
1070
     0
1070
     0
1070
     0
1070
     0
1070
     0
1070
     0
1071
        0
1070
     0
1070
     0
1070
     0
1070
     0
1070
     0
1070
     0
1070
     0
1070
     0
1070
     0
1070
     0
1070
     0
1071
        0
1070
     0
1070
     0
1070
     0
1070
     0
1070
     0
1070
     0
1070
     0
1070
     0
1070
     0
1070
     0
1070
     0
1071
        0
1070
     0
1070
     0
1070
     0
1070
     0
1070
     0
1070
     0
1070
     0
1070
     0
1070
     0
1070
     0
1070
     0
1071
        0
1070
     0
1070
     0
1070
     0
1070
     0
1070
     0
1070
     0
1070
     0
1070
     0
1070
     0
1070
     0
1070
     0
1071
        0
1070
     0
1070
     0
1070
     0
1070
     0
1070
     0
1070
     0
1070
     0
1070
     0
1070
     0
1070
     0
1070
     0
1071
        0
1070
     0
1070
     0
1070
     0
1070
     0
1070
     0
1070
     0
1070
     0
1070
     0
1070
     0
1070
     0
1070
     0
1071
        0
1070
     0
1070
     0
1070
     0
1070
     0
1070
     0
1070
     0
1070
     0
1070
     0
1070
     0
1070
     0
1070
     0
1071
        0
1070
     0
1070
     0
1070
     0
1070
     0
1070
     0
1070
     0
1070
     0
1070
     0
1070
     0
1070
     0
1070
     0
1071
        0
1070
     0
1070
     0
1070
     0
1070
     0
1070
     0
1070
     0
1070
     0
1070
     0
1070
     0
1070
     0
1070
     0
1071
        0
1070
     0
1070
     0
1070
     0
1070
     0
1070
     0
1070
     0
1070
     0
1070
     0
1070
     0
1070
     0
1070
     0
1071
        0
1070
     0
1070
     0
1070
     0
1070
     0
1070
     0
1070
     0
1070
     0
1070
     0
1070
     0
1070
     0
1070
     0
1071
        0
1070
     0
1070
     0
1070
     0
1070
     0
1070
     0
1070
     0
1070
     0
1070
     0
1070
     0
1070
     0
1070
     0
1071
        0
1070
     0
1070
     0
1070
     0
1070
     0
1070
     0
1070
     0
1070
     0
1070
     0
1070
     0
1070
     0
1070
     0
1071
        0
1070
     0
1070
     0
1070
     0
1070
     0
1070
     0
1070
     0
1070
     0
1070
     0
1070
     0
1070
     0
1070
     0
1071
        0
1070
     0
1070
     0
1070
     0
1070
     0
1070
     0
1070
     0
1070
     0
1070
     0
1070
     0
1070
     0
1070
     0
1071
        0
1070
     0
1070
     0
1070
     0
1070
     0
1070
     0
1070
     0
1070
     0
1070
     0
1070
     0
1070
     0
1070
     0
1071
        0
1070
     0
1070
     0
1070
     0
1070
     0
1070
     0
1070
     0
1070
     0
1070
     0
1070
     0
1070
     0
1070
     0
1071
        0
1070
     0
1070
     0
1070
     0
1070
     0
1070
     0
1070
     0
1070
     0
1070
     0
1070
     0
1070
     0
1070
     0
1071
        0
1070
     0
1070
     0
1070
     0
1070
     0
1070
     0
1070
     0
1070
     0
1070
     0
1070
     0
1070
     0
1070
     0
1071
        0
1070
     0
1070
     0
1070
     0
1070
     0
1070
     0
1070
     0
1070
     0
1070
     0
1070
     0
1070
     0
1070
     0
1071
        0
1070
     0
1070
     0
1070
     0
1070
     0
1070
     0
1070
     0
1070
     0
1070
     0
1070
     0
1070
     0
1070
     0
1071
        0
1070
     0
1070
     0
1070
     0
1070
     0
1070
     0
1070
     0
1070
     0
1070
     0
1070
     0
1070
     0
1070
     0
1071
        0
1070
     0
1070
     0
1070
     0
1070
     0
1070
     0
1070
     0
1070
     0
1070
     0
1070
     0
1070
     0
1070
     0
1071
        0
1070
     0
1070
     0
1070
     0
1070
     0
1070
     0
1070
     0
1070
     0
1070
     0
1070
     0
1070
     0
1070
     0
1071
        0
1070
     0
1070
     0
1070
     0
1070
     0
1070
     0
1070
     0
1070
     0
1070
     0
1070
     0
1070
     0
1070
     0
1071
        0
1070
     0
1070
     0
1070
     0
1070
     0
1070
     0
1070
     0
1070
     0
1070
     0
1070
     0
1070
     0
1070
     0
1071
        0
1070
     0
1070
     0
1070
     0
1070
     0
1070
     0
1070
     0
1070
     0
1070
     0
1070
     0
1070
     0
1070
     0
1071
        0
1070
     0
1070
     0
1070
     0
1070
     0
1070
     0
1070
     0
1070
     0
1070
     0
1070
     0
1070
     0
1070
     0
1071
        0
1070
     0
1070
     0
1070
     0
1070
     0
1070
     0
1070
     0
1070
     0
1070
     0
1070
     0
1070
     0
1070
     0
1071
        0
1070
     0
1070
     0
1070
     0
1070
     0
1070
     0
1070
     0
1070
     0
1070
     0
1070
     0
1070
     0
1070
     0
1071
        0
1070
     0
1070
     0
1070
     0
1070
     0
1070
     0
1070
     0
1070
     0
1070
     0
1070
     0
1070
     0
1070
     0
1071
        0
1070
     0
1070
     0
1070
     0
1070
     0
1070
     0
1070
     0
1070
     0
1070
     0
1070
     0
1070
     0
1070
     0
1071
        0
1070
     0
1070
     0
1070
     0
1070
     0
1070
     0
1070
     0
1070
     0
1070
     0
1070
     0
1070
     0
1070
     0
1071
        0
1070
     0
1070
     0
1070
     0
1070
     0
1070
     0
1070
     0
1070
     0
1070
     0
1070
     0
1070
     0
1070
     0
1071
        0
1070
     0
1070
     0
1070
     0
1070
     0
1070
     0
1070
     0
1070
     0
1070
     0
1070
     0
1070
     0
1070
     0
1071
        0
1070
     0
1070
     0
1070
     0
1070
     0
1070
     0
1070
     0
1070
     0
1070
     0
1070
     0
1070
     0
  0
TEXT
  5
7AB
330
1F
100
AcDbEntity
  8
COLUMN_TEXT__BM_
100
AcDbText
 39
0.0463826642588751
 10
2691.865508504889
 20
979.8649145900258
 30
-0.0000000082728956
 40
0.2
  1
C14
  7
NAME
100
AcDbText
  0
ELLIPSE
  5
7AC
330
1F
100
AcDbEntity
  8
COLUMN_TEXT_BOX__BM_
100
AcDbEllipse
 10
2692.126619966558
 20
979.9643836376067
 30
0.0
 11
-0.3141047421322583
 21
0.0
 31
0.0
210
0.0
220
0.0
230
1.0
 40
0.4476558537982991
 41
0.0
 42
6.283185307179586
1001
ACAD_OBJECT_CHANGE_GUID
1070
     0
1071
        0
1070
     0
1070
     0
1070
     0
1070
     0
1070
     0
1070
     0
1070
     0
1070
     0
1070
     0
1070
     0
1070
     0
1071
        0
1070
     0
1070
     0
1070
     0
1070
     0
1070
     0
1070
     0
1070
     0
1070
     0
1070
     0
1070
     0
1070
     0
1071
        0
1070
     0
1070
     0
1070
     0
1070
     0
1070
     0
1070
     0
1070
     0
1070
     0
1070
     0
1070
     0
1070
     0
1071
        0
1070
     0
1070
     0
1070
     0
1070
     0
1070
     0
1070
     0
1070
     0
1070
     0
1070
     0
1070
     0
1070
     0
1071
        0
1070
     0
1070
     0
1070
     0
1070
     0
1070
     0
1070
     0
1070
     0
1070
     0
1070
     0
1070
     0
1070
     0
1071
        0
1070
     0
1070
     0
1070
     0
1070
     0
1070
     0
1070
     0
1070
     0
1070
     0
1070
     0
1070
     0
1070
     0
1071
        0
1070
     0
1070
     0
1070
     0
1070
     0
1070
     0
1070
     0
1070
     0
1070
     0
1070
     0
1070
     0
1070
     0
1071
        0
1070
     0
1070
     0
1070
     0
1070
     0
1070
     0
1070
     0
1070
     0
1070
     0
1070
     0
1070
     0
1070
     0
1071
        0
1070
     0
1070
     0
1070
     0
1070
     0
1070
     0
1070
     0
1070
     0
1070
     0
1070
     0
1070
     0
1070
     0
1071
        0
1070
     0
1070
     0
1070
     0
1070
     0
1070
     0
1070
     0
1070
     0
1070
     0
1070
     0
1070
     0
1070
     0
1071
        0
1070
     0
1070
     0
1070
     0
1070
     0
1070
     0
1070
     0
1070
     0
1070
     0
1070
     0
1070
     0
1070
     0
1071
        0
1070
     0
1070
     0
1070
     0
1070
     0
1070
     0
1070
     0
1070
     0
1070
     0
1070
     0
1070
     0
1070
     0
1071
        0
1070
     0
1070
     0
1070
     0
1070
     0
1070
     0
1070
     0
1070
     0
1070
     0
1070
     0
1070
     0
1070
     0
1071
        0
1070
     0
1070
     0
1070
     0
1070
     0
1070
     0
1070
     0
1070
     0
1070
     0
1070
     0
1070
     0
1070
     0
1071
        0
1070
     0
1070
     0
1070
     0
1070
     0
1070
     0
1070
     0
1070
     0
1070
     0
1070
     0
1070
     0
1070
     0
1071
        0
1070
     0
1070
     0
1070
     0
1070
     0
1070
     0
1070
     0
1070
     0
1070
     0
1070
     0
1070
     0
1070
     0
1071
        0
1070
     0
1070
     0
1070
     0
1070
     0
1070
     0
1070
     0
1070
     0
1070
     0
1070
     0
1070
     0
1070
     0
1071
        0
1070
     0
1070
     0
1070
     0
1070
     0
1070
     0
1070
     0
1070
     0
1070
     0
1070
     0
1070
     0
1070
     0
1071
        0
1070
     0
1070
     0
1070
     0
1070
     0
1070
     0
1070
     0
1070
     0
1070
     0
1070
     0
1070
     0
1070
     0
1071
        0
1070
     0
1070
     0
1070
     0
1070
     0
1070
     0
1070
     0
1070
     0
1070
     0
1070
     0
1070
     0
1070
     0
1071
        0
1070
     0
1070
     0
1070
     0
1070
     0
1070
     0
1070
     0
1070
     0
1070
     0
1070
     0
1070
     0
1070
     0
1071
        0
1070
     0
1070
     0
1070
     0
1070
     0
1070
     0
1070
     0
1070
     0
1070
     0
1070
     0
1070
     0
1070
     0
1071
        0
1070
     0
1070
     0
1070
     0
1070
     0
1070
     0
1070
     0
1070
     0
1070
     0
1070
     0
1070
     0
1070
     0
1071
        0
1070
     0
1070
     0
1070
     0
1070
     0
1070
     0
1070
     0
1070
     0
1070
     0
1070
     0
1070
     0
1070
     0
1071
        0
1070
     0
1070
     0
1070
     0
1070
     0
1070
     0
1070
     0
1070
     0
1070
     0
1070
     0
1070
     0
1070
     0
1071
        0
1070
     0
1070
     0
1070
     0
1070
     0
1070
     0
1070
     0
1070
     0
1070
     0
1070
     0
1070
     0
1070
     0
1071
        0
1070
     0
1070
     0
1070
     0
1070
     0
1070
     0
1070
     0
1070
     0
1070
     0
1070
     0
1070
     0
1070
     0
1071
        0
1070
     0
1070
     0
1070
     0
1070
     0
1070
     0
1070
     0
1070
     0
1070
     0
1070
     0
1070
     0
1070
     0
1071
        0
1070
     0
1070
     0
1070
     0
1070
     0
1070
     0
1070
     0
1070
     0
1070
     0
1070
     0
1070
     0
1070
     0
1071
        0
1070
     0
1070
     0
1070
     0
1070
     0
1070
     0
1070
     0
1070
     0
1070
     0
1070
     0
1070
     0
1070
     0
1071
        0
1070
     0
1070
     0
1070
     0
1070
     0
1070
     0
1070
     0
1070
     0
1070
     0
1070
     0
1070
     0
1070
     0
1071
        0
1070
     0
1070
     0
1070
     0
1070
     0
1070
     0
1070
     0
1070
     0
1070
     0
1070
     0
1070
     0
1070
     0
1071
        0
1070
     0
1070
     0
1070
     0
1070
     0
1070
     0
1070
     0
1070
     0
1070
     0
1070
     0
1070
     0
1070
     0
1071
        0
1070
     0
1070
     0
1070
     0
1070
     0
1070
     0
1070
     0
1070
     0
1070
     0
1070
     0
1070
     0
1070
     0
1071
        0
1070
     0
1070
     0
1070
     0
1070
     0
1070
     0
1070
     0
1070
     0
1070
     0
1070
     0
1070
     0
1070
     0
1071
        0
1070
     0
1070
     0
1070
     0
1070
     0
1070
     0
1070
     0
1070
     0
1070
     0
1070
     0
1070
     0
1070
     0
1071
        0
1070
     0
1070
     0
1070
     0
1070
     0
1070
     0
1070
     0
1070
     0
1070
     0
1070
     0
1070
     0
1070
     0
1071
        0
1070
     0
1070
     0
1070
     0
1070
     0
1070
     0
1070
     0
1070
     0
1070
     0
1070
     0
1070
     0
1070
     0
1071
        0
1070
     0
1070
     0
1070
     0
1070
     0
1070
     0
1070
     0
1070
     0
1070
     0
1070
     0
1070
     0
1070
     0
1071
        0
1070
     0
1070
     0
1070
     0
1070
     0
1070
     0
1070
     0
1070
     0
1070
     0
1070
     0
1070
     0
1070
     0
1071
        0
1070
     0
1070
     0
1070
     0
1070
     0
1070
     0
1070
     0
1070
     0
1070
     0
1070
     0
1070
     0
1070
     0
1071
        0
1070
     0
1070
     0
1070
     0
1070
     0
1070
     0
1070
     0
1070
     0
1070
     0
1070
     0
1070
     0
1070
     0
1071
        0
1070
     0
1070
     0
1070
     0
1070
     0
1070
     0
1070
     0
1070
     0
1070
     0
1070
     0
1070
     0
1070
     0
1071
        0
1070
     0
1070
     0
1070
     0
1070
     0
1070
     0
1070
     0
1070
     0
1070
     0
1070
     0
1070
     0
1070
     0
1071
        0
1070
     0
1070
     0
1070
     0
1070
     0
1070
     0
1070
     0
1070
     0
1070
     0
1070
     0
1070
     0
1070
     0
1071
        0
1070
     0
1070
     0
1070
     0
1070
     0
1070
     0
1070
     0
1070
     0
1070
     0
1070
     0
1070
     0
1070
     0
1071
        0
1070
     0
1070
     0
1070
     0
1070
     0
1070
     0
1070
     0
1070
     0
1070
     0
1070
     0
1070
     0
1070
     0
1071
        0
1070
     0
1070
     0
1070
     0
1070
     0
1070
     0
1070
     0
1070
     0
1070
     0
1070
     0
1070
     0
1070
     0
1071
        0
1070
     0
1070
     0
1070
     0
1070
     0
1070
     0
1070
     0
1070
     0
1070
     0
1070
     0
1070
     0
1070
     0
1071
        0
1070
     0
1070
     0
1070
     0
1070
     0
1070
     0
1070
     0
1070
     0
1070
     0
1070
     0
1070
     0
1070
     0
1071
        0
1070
     0
1070
     0
1070
     0
1070
     0
1070
     0
1070
     0
1070
     0
1070
     0
1070
     0
1070
     0
1070
     0
1071
        0
1070
     0
1070
     0
1070
     0
1070
     0
1070
     0
1070
     0
1070
     0
1070
     0
1070
     0
1070
     0
1070
     0
1071
        0
1070
     0
1070
     0
1070
     0
1070
     0
1070
     0
1070
     0
1070
     0
1070
     0
1070
     0
1070
     0
1070
     0
1071
        0
1070
     0
1070
     0
1070
     0
1070
     0
1070
     0
1070
     0
1070
     0
1070
     0
1070
     0
1070
     0
1070
     0
1071
        0
1070
     0
1070
     0
1070
     0
1070
     0
1070
     0
1070
     0
1070
     0
1070
     0
1070
     0
1070
     0
1070
     0
1071
        0
1070
     0
1070
     0
1070
     0
1070
     0
1070
     0
1070
     0
1070
     0
1070
     0
1070
     0
1070
     0
1070
     0
1071
        0
1070
     0
1070
     0
1070
     0
1070
     0
1070
     0
1070
     0
1070
     0
1070
     0
1070
     0
1070
     0
1070
     0
1071
        0
1070
     0
1070
     0
1070
     0
1070
     0
1070
     0
1070
     0
1070
     0
1070
     0
1070
     0
1070
     0
1070
     0
1071
        0
1070
     0
1070
     0
1070
     0
1070
     0
1070
     0
1070
     0
1070
     0
1070
     0
1070
     0
1070
     0
1070
     0
1071
        0
1070
     0
1070
     0
1070
     0
1070
     0
1070
     0
1070
     0
1070
     0
1070
     0
1070
     0
1070
     0
1070
     0
1071
        0
1070
     0
1070
     0
1070
     0
1070
     0
1070
     0
1070
     0
1070
     0
1070
     0
1070
     0
1070
     0
1070
     0
1071
        0
1070
     0
1070
     0
1070
     0
1070
     0
1070
     0
1070
     0
1070
     0
1070
     0
1070
     0
1070
     0
1070
     0
1071
        0
1070
     0
1070
     0
1070
     0
1070
     0
1070
     0
1070
     0
1070
     0
1070
     0
1070
     0
1070
     0
1070
     0
1071
        0
1070
     0
1070
     0
1070
     0
1070
     0
1070
     0
1070
     0
1070
     0
1070
     0
1070
     0
1070
     0
1070
     0
1071
        0
1070
     0
1070
     0
1070
     0
1070
     0
1070
     0
1070
     0
1070
     0
1070
     0
1070
     0
1070
     0
1070
     0
1071
        0
1070
     0
1070
     0
1070
     0
1070
     0
1070
     0
1070
     0
1070
     0
1070
     0
1070
     0
1070
     0
1070
     0
1071
        0
1070
     0
1070
     0
1070
     0
1070
     0
1070
     0
1070
     0
1070
     0
1070
     0
1070
     0
1070
     0
1070
     0
1071
        0
1070
     0
1070
     0
1070
     0
1070
     0
1070
     0
1070
     0
1070
     0
1070
     0
1070
     0
1070
     0
1070
     0
1071
        0
1070
     0
1070
     0
1070
     0
1070
     0
1070
     0
1070
     0
1070
     0
1070
     0
1070
     0
1070
     0
1070
     0
1071
        0
1070
     0
1070
     0
1070
     0
1070
     0
1070
     0
1070
     0
1070
     0
1070
     0
1070
     0
1070
     0
1070
     0
1071
        0
1070
     0
1070
     0
1070
     0
1070
     0
1070
     0
1070
     0
1070
     0
1070
     0
1070
     0
1070
     0
1070
     0
1071
        0
1070
     0
1070
     0
1070
     0
1070
     0
1070
     0
1070
     0
1070
     0
1070
     0
1070
     0
1070
     0
1070
     0
1071
        0
1070
     0
1070
     0
1070
     0
1070
     0
1070
     0
1070
     0
1070
     0
1070
     0
1070
     0
1070
     0
1070
     0
1071
        0
1070
     0
1070
     0
1070
     0
1070
     0
1070
     0
1070
     0
1070
     0
1070
     0
1070
     0
1070
     0
1070
     0
1071
        0
1070
     0
1070
     0
1070
     0
1070
     0
1070
     0
1070
     0
1070
     0
1070
     0
1070
     0
1070
     0
1070
     0
1071
        0
1070
     0
1070
     0
1070
     0
1070
     0
1070
     0
1070
     0
1070
     0
1070
     0
1070
     0
1070
     0
1070
     0
1071
        0
1070
     0
1070
     0
1070
     0
1070
     0
1070
     0
1070
     0
1070
     0
1070
     0
1070
     0
1070
     0
1070
     0
1071
        0
1070
     0
1070
     0
1070
     0
1070
     0
1070
     0
1070
     0
1070
     0
1070
     0
1070
     0
1070
     0
1070
     0
1071
        0
1070
     0
1070
     0
1070
     0
1070
     0
1070
     0
1070
     0
1070
     0
1070
     0
1070
     0
1070
     0
1070
     0
1071
        0
1070
     0
1070
     0
1070
     0
1070
     0
1070
     0
1070
     0
1070
     0
1070
     0
1070
     0
1070
     0
1070
     0
1071
        0
1070
     0
1070
     0
1070
     0
1070
     0
1070
     0
1070
     0
1070
     0
1070
     0
1070
     0
1070
     0
1070
     0
1071
        0
1070
     0
1070
     0
1070
     0
1070
     0
1070
     0
1070
     0
1070
     0
1070
     0
1070
     0
1070
     0
1070
     0
1071
        0
1070
     0
1070
     0
1070
     0
1070
     0
1070
     0
1070
     0
1070
     0
1070
     0
1070
     0
1070
     0
1070
     0
1071
        0
1070
     0
1070
     0
1070
     0
1070
     0
1070
     0
1070
     0
1070
     0
1070
     0
1070
     0
1070
     0
1070
     0
1071
        0
1070
     0
1070
     0
1070
     0
1070
     0
1070
     0
1070
     0
1070
     0
1070
     0
1070
     0
1070
     0
1070
     0
1071
        0
1070
     0
1070
     0
1070
     0
1070
     0
1070
     0
1070
     0
1070
     0
1070
     0
1070
     0
1070
     0
1070
     0
1071
        0
1070
     0
1070
     0
1070
     0
1070
     0
1070
     0
1070
     0
1070
     0
1070
     0
1070
     0
1070
     0
1070
     0
1071
        0
1070
     0
1070
     0
1070
     0
1070
     0
1070
     0
1070
     0
1070
     0
1070
     0
1070
     0
1070
     0
1070
     0
1071
        0
1070
     0
1070
     0
1070
     0
1070
     0
1070
     0
1070
     0
1070
     0
1070
     0
1070
     0
1070
     0
1070
     0
1071
        0
1070
     0
1070
     0
1070
     0
1070
     0
1070
     0
1070
     0
1070
     0
1070
     0
1070
     0
1070
     0
1070
     0
1071
        0
1070
     0
1070
     0
1070
     0
1070
     0
1070
     0
1070
     0
1070
     0
1070
     0
1070
     0
1070
     0
1070
     0
1071
        0
1070
     0
1070
     0
1070
     0
1070
     0
1070
     0
1070
     0
1070
     0
1070
     0
1070
     0
1070
     0
1070
     0
1071
        0
1070
     0
1070
     0
1070
     0
1070
     0
1070
     0
1070
     0
1070
     0
1070
     0
1070
     0
1070
     0
1070
     0
1071
        0
1070
     0
1070
     0
1070
     0
1070
     0
1070
     0
1070
     0
1070
     0
1070
     0
1070
     0
1070
     0
1070
     0
1071
        0
1070
     0
1070
     0
1070
     0
1070
     0
1070
     0
1070
     0
1070
     0
1070
     0
1070
     0
1070
     0
1070
     0
1071
        0
1070
     0
1070
     0
1070
     0
1070
     0
1070
     0
1070
     0
1070
     0
1070
     0
1070
     0
1070
     0
1070
     0
1071
        0
1070
     0
1070
     0
1070
     0
1070
     0
1070
     0
1070
     0
1070
     0
1070
     0
1070
     0
1070
     0
1070
     0
1071
        0
1070
     0
1070
     0
1070
     0
1070
     0
1070
     0
1070
     0
1070
     0
1070
     0
1070
     0
1070
     0
1070
     0
1071
        0
1070
     0
1070
     0
1070
     0
1070
     0
1070
     0
1070
     0
1070
     0
1070
     0
1070
     0
1070
     0
1070
     0
1071
        0
1070
     0
1070
     0
1070
     0
1070
     0
1070
     0
1070
     0
1070
     0
1070
     0
1070
     0
1070
     0
1070
     0
1071
        0
1070
     0
1070
     0
1070
     0
1070
     0
1070
     0
1070
     0
1070
     0
1070
     0
1070
     0
1070
     0
1070
     0
1071
        0
1070
     0
1070
     0
1070
     0
1070
     0
1070
     0
1070
     0
1070
     0
1070
     0
1070
     0
1070
     0
1070
     0
1071
        0
1070
     0
1070
     0
1070
     0
1070
     0
1070
     0
1070
     0
1070
     0
1070
     0
1070
     0
1070
     0
1070
     0
1071
        0
1070
     0
1070
     0
1070
     0
1070
     0
1070
     0
1070
     0
1070
     0
1070
     0
1070
     0
1070
     0
1070
     0
1071
        0
1070
     0
1070
     0
1070
     0
1070
     0
1070
     0
1070
     0
1070
     0
1070
     0
1070
     0
1070
     0
1070
     0
1071
        0
1070
     0
1070
     0
1070
     0
1070
     0
1070
     0
1070
     0
1070
     0
1070
     0
1070
     0
1070
     0
1070
     0
1071
        0
1070
     0
1070
     0
1070
     0
1070
     0
1070
     0
1070
     0
1070
     0
1070
     0
1070
     0
1070
     0
1070
     0
1071
        0
1070
     0
1070
     0
1070
     0
1070
     0
1070
     0
1070
     0
1070
     0
1070
     0
1070
     0
1070
     0
1070
     0
1071
        0
1070
     0
1070
     0
1070
     0
1070
     0
1070
     0
1070
     0
1070
     0
1070
     0
1070
     0
1070
     0
1070
     0
1071
        0
1070
     0
1070
     0
1070
     0
1070
     0
1070
     0
1070
     0
1070
     0
1070
     0
1070
     0
1070
     0
1070
     0
1071
        0
1070
     0
1070
     0
1070
     0
1070
     0
1070
     0
1070
     0
1070
     0
1070
     0
1070
     0
1070
     0
1070
     0
1071
        0
1070
     0
1070
     0
1070
     0
1070
     0
1070
     0
1070
     0
1070
     0
1070
     0
1070
     0
1070
     0
1070
     0
1071
        0
1070
     0
1070
     0
1070
     0
1070
     0
1070
     0
1070
     0
1070
     0
1070
     0
1070
     0
1070
     0
1070
     0
1071
        0
1070
     0
1070
     0
1070
     0
1070
     0
1070
     0
1070
     0
1070
     0
1070
     0
1070
     0
1070
     0
1070
     0
1071
        0
1070
     0
1070
     0
1070
     0
1070
     0
1070
     0
1070
     0
1070
     0
1070
     0
1070
     0
1070
     0
1070
     0
1071
        0
1070
     0
1070
     0
1070
     0
1070
     0
1070
     0
1070
     0
1070
     0
1070
     0
1070
     0
1070
     0
1070
     0
1071
        0
1070
     0
1070
     0
1070
     0
1070
     0
1070
     0
1070
     0
1070
     0
1070
     0
1070
     0
1070
     0
1070
     0
1071
        0
1070
     0
1070
     0
1070
     0
1070
     0
1070
     0
1070
     0
1070
     0
1070
     0
1070
     0
1070
     0
1070
     0
1071
        0
1070
     0
1070
     0
1070
     0
1070
     0
1070
     0
1070
     0
1070
     0
1070
     0
1070
     0
1070
     0
1070
     0
1071
        0
1070
     0
1070
     0
1070
     0
1070
     0
1070
     0
1070
     0
1070
     0
1070
     0
1070
     0
1070
     0
1070
     0
1071
        0
1070
     0
1070
     0
1070
     0
1070
     0
1070
     0
1070
     0
1070
     0
1070
     0
1070
     0
1070
     0
1070
     0
1071
        0
1070
     0
1070
     0
1070
     0
1070
     0
1070
     0
1070
     0
1070
     0
1070
     0
1070
     0
1070
     0
1070
     0
1071
        0
1070
     0
1070
     0
1070
     0
1070
     0
1070
     0
1070
     0
1070
     0
1070
     0
1070
     0
1070
     0
1070
     0
1071
        0
1070
     0
1070
     0
1070
     0
1070
     0
1070
     0
1070
     0
1070
     0
1070
     0
1070
     0
1070
     0
1070
     0
1071
        0
1070
     0
1070
     0
1070
     0
1070
     0
1070
     0
1070
     0
1070
     0
1070
     0
1070
     0
1070
     0
1070
     0
1071
        0
1070
     0
1070
     0
1070
     0
1070
     0
1070
     0
1070
     0
1070
     0
1070
     0
1070
     0
1070
     0
1070
     0
1071
        0
1070
     0
1070
     0
1070
     0
1070
     0
1070
     0
1070
     0
1070
     0
1070
     0
1070
     0
1070
     0
1070
     0
1071
        0
1070
     0
1070
     0
1070
     0
1070
     0
1070
     0
1070
     0
1070
     0
1070
     0
1070
     0
1070
     0
1070
     0
1071
        0
1070
     0
1070
     0
1070
     0
1070
     0
1070
     0
1070
     0
1070
     0
1070
     0
1070
     0
1070
     0
1070
     0
1071
        0
1070
     0
1070
     0
1070
     0
1070
     0
1070
     0
1070
     0
1070
     0
1070
     0
1070
     0
1070
     0
1070
     0
1071
        0
1070
     0
1070
     0
1070
     0
1070
     0
1070
     0
1070
     0
1070
     0
1070
     0
1070
     0
1070
     0
1070
     0
1071
        0
1070
     0
1070
     0
1070
     0
1070
     0
1070
     0
1070
     0
1070
     0
1070
     0
1070
     0
1070
     0
1070
     0
1071
        0
1070
     0
1070
     0
1070
     0
1070
     0
1070
     0
1070
     0
1070
     0
1070
     0
1070
     0
1070
     0
1070
     0
1071
        0
1070
     0
1070
     0
1070
     0
1070
     0
1070
     0
1070
     0
1070
     0
1070
     0
1070
     0
1070
     0
1070
     0
1071
        0
1070
     0
1070
     0
1070
     0
1070
     0
1070
     0
1070
     0
1070
     0
1070
     0
1070
     0
1070
     0
1070
     0
1071
        0
1070
     0
1070
     0
1070
     0
1070
     0
1070
     0
1070
     0
1070
     0
1070
     0
1070
     0
1070
     0
1070
     0
1071
        0
1070
     0
1070
     0
1070
     0
1070
     0
1070
     0
1070
     0
1070
     0
1070
     0
1070
     0
1070
     0
1070
     0
1071
        0
1070
     0
1070
     0
1070
     0
1070
     0
1070
     0
1070
     0
1070
     0
1070
     0
1070
     0
1070
     0
1070
     0
1071
        0
1070
     0
1070
     0
1070
     0
1070
     0
1070
     0
1070
     0
1070
     0
1070
     0
1070
     0
1070
     0
1070
     0
1071
        0
1070
     0
1070
     0
1070
     0
1070
     0
1070
     0
1070
     0
1070
     0
1070
     0
1070
     0
1070
     0
1070
     0
1071
        0
1070
     0
1070
     0
1070
     0
1070
     0
1070
     0
1070
     0
1070
     0
1070
     0
1070
     0
1070
     0
1070
     0
1071
        0
1070
     0
1070
     0
1070
     0
1070
     0
1070
     0
1070
     0
1070
     0
1070
     0
1070
     0
1070
     0
1070
     0
1071
        0
1070
     0
1070
     0
1070
     0
1070
     0
1070
     0
1070
     0
1070
     0
1070
     0
1070
     0
1070
     0
1070
     0
1071
        0
1070
     0
1070
     0
1070
     0
1070
     0
1070
     0
1070
     0
1070
     0
1070
     0
1070
     0
1070
     0
1070
     0
1071
        0
1070
     0
1070
     0
1070
     0
1070
     0
1070
     0
1070
     0
1070
     0
1070
     0
1070
     0
1070
     0
1070
     0
1071
        0
1070
     0
1070
     0
1070
     0
1070
     0
1070
     0
1070
     0
1070
     0
1070
     0
1070
     0
1070
     0
1070
     0
1071
        0
1070
     0
1070
     0
1070
     0
1070
     0
1070
     0
1070
     0
1070
     0
1070
     0
1070
     0
1070
     0
1070
     0
1071
        0
1070
     0
1070
     0
1070
     0
1070
     0
1070
     0
1070
     0
1070
     0
1070
     0
1070
     0
1070
     0
1070
     0
1071
        0
1070
     0
1070
     0
1070
     0
1070
     0
1070
     0
1070
     0
1070
     0
1070
     0
1070
     0
1070
     0
1070
     0
1071
        0
1070
     0
1070
     0
1070
     0
1070
     0
1070
     0
1070
     0
1070
     0
1070
     0
1070
     0
1070
     0
1070
     0
1071
        0
1070
     0
1070
     0
1070
     0
1070
     0
1070
     0
1070
     0
1070
     0
1070
     0
1070
     0
1070
     0
1070
     0
1071
        0
1070
     0
1070
     0
1070
     0
1070
     0
1070
     0
1070
     0
1070
     0
1070
     0
1070
     0
1070
     0
1070
     0
1071
        0
1070
     0
1070
     0
1070
     0
1070
     0
1070
     0
1070
     0
1070
     0
1070
     0
1070
     0
1070
     0
1070
     0
1071
        0
1070
     0
1070
     0
1070
     0
1070
     0
1070
     0
1070
     0
1070
     0
1070
     0
1070
     0
1070
     0
1070
     0
1071
        0
1070
     0
1070
     0
1070
     0
1070
     0
1070
     0
1070
     0
1070
     0
1070
     0
1070
     0
1070
     0
1070
     0
1071
        0
1070
     0
1070
     0
1070
     0
1070
     0
1070
     0
1070
     0
1070
     0
1070
     0
1070
     0
1070
     0
1070
     0
1071
        0
1070
     0
1070
     0
1070
     0
1070
     0
1070
     0
1070
     0
1070
     0
1070
     0
1070
     0
1070
     0
1070
     0
1071
        0
1070
     0
1070
     0
1070
     0
1070
     0
1070
     0
1070
     0
1070
     0
1070
     0
1070
     0
1070
     0
1070
     0
1071
        0
1070
     0
1070
     0
1070
     0
1070
     0
1070
     0
1070
     0
1070
     0
1070
     0
1070
     0
1070
     0
1070
     0
1071
        0
1070
     0
1070
     0
1070
     0
1070
     0
1070
     0
1070
     0
1070
     0
1070
     0
1070
     0
1070
     0
1070
     0
1071
        0
1070
     0
1070
     0
1070
     0
1070
     0
1070
     0
1070
     0
1070
     0
1070
     0
1070
     0
1070
     0
1070
     0
1071
        0
1070
     0
1070
     0
1070
     0
1070
     0
1070
     0
1070
     0
1070
     0
1070
     0
1070
     0
1070
     0
1070
     0
1071
        0
1070
     0
1070
     0
1070
     0
1070
     0
1070
     0
1070
     0
1070
     0
1070
     0
1070
     0
1070
     0
1070
     0
1071
        0
1070
     0
1070
     0
1070
     0
1070
     0
1070
     0
1070
     0
1070
     0
1070
     0
1070
     0
1070
     0
1070
     0
1071
        0
1070
     0
1070
     0
1070
     0
1070
     0
1070
     0
1070
     0
1070
     0
1070
     0
1070
     0
1070
     0
1070
     0
1071
        0
1070
     0
1070
     0
1070
     0
1070
     0
1070
     0
1070
     0
1070
     0
1070
     0
1070
     0
1070
     0
1070
     0
1071
        0
1070
     0
1070
     0
1070
     0
1070
     0
1070
     0
1070
     0
1070
     0
1070
     0
1070
     0
1070
     0
1070
     0
1071
        0
1070
     0
1070
     0
1070
     0
1070
     0
1070
     0
1070
     0
1070
     0
1070
     0
1070
     0
1070
     0
1070
     0
1071
        0
1070
     0
1070
     0
1070
     0
1070
     0
1070
     0
1070
     0
1070
     0
1070
     0
1070
     0
1070
     0
1070
     0
1071
        0
1070
     0
1070
     0
1070
     0
1070
     0
1070
     0
1070
     0
1070
     0
1070
     0
1070
     0
1070
     0
1070
     0
1071
        0
1070
     0
1070
     0
1070
     0
1070
     0
1070
     0
1070
     0
1070
     0
1070
     0
1070
     0
1070
     0
1070
     0
1071
        0
1070
     0
1070
     0
1070
     0
1070
     0
1070
     0
1070
     0
1070
     0
1070
     0
1070
     0
1070
     0
1070
     0
1071
        0
1070
     0
1070
     0
1070
     0
1070
     0
1070
     0
1070
     0
1070
     0
1070
     0
1070
     0
1070
     0
1070
     0
1071
        0
1070
     0
1070
     0
1070
     0
1070
     0
1070
     0
1070
     0
1070
     0
1070
     0
1070
     0
1070
     0
1070
     0
1071
        0
1070
     0
1070
     0
1070
     0
1070
     0
1070
     0
1070
     0
1070
     0
1070
     0
1070
     0
1070
     0
1070
     0
1071
        0
1070
     0
1070
     0
1070
     0
1070
     0
1070
     0
1070
     0
1070
     0
1070
     0
1070
     0
1070
     0
1070
     0
1071
        0
1070
     0
1070
     0
1070
     0
1070
     0
1070
     0
1070
     0
1070
     0
1070
     0
1070
     0
1070
     0
1070
     0
1071
        0
1070
     0
1070
     0
1070
     0
1070
     0
1070
     0
1070
     0
1070
     0
1070
     0
1070
     0
1070
     0
1070
     0
1071
        0
1070
     0
1070
     0
1070
     0
1070
     0
1070
     0
1070
     0
1070
     0
1070
     0
1070
     0
1070
     0
1070
     0
1071
        0
1070
     0
1070
     0
1070
     0
1070
     0
1070
     0
1070
     0
1070
     0
1070
     0
1070
     0
1070
     0
1070
     0
1071
        0
1070
     0
1070
     0
1070
     0
1070
     0
1070
     0
1070
     0
1070
     0
1070
     0
1070
     0
1070
     0
1070
     0
1071
        0
1070
     0
1070
     0
1070
     0
1070
     0
1070
     0
1070
     0
1070
     0
1070
     0
1070
     0
1070
     0
1070
     0
1071
        0
1070
     0
1070
     0
1070
     0
1070
     0
1070
     0
1070
     0
1070
     0
1070
     0
1070
     0
1070
     0
1070
     0
1071
        0
1070
     0
1070
     0
1070
     0
1070
     0
1070
     0
1070
     0
1070
     0
1070
     0
1070
     0
1070
     0
1070
     0
1071
        0
1070
     0
1070
     0
1070
     0
1070
     0
1070
     0
1070
     0
1070
     0
1070
     0
1070
     0
1070
     0
1070
     0
1071
        0
1070
     0
1070
     0
1070
     0
1070
     0
1070
     0
1070
     0
1070
     0
1070
     0
1070
     0
1070
     0
1070
     0
1071
        0
1070
     0
1070
     0
1070
     0
1070
     0
1070
     0
1070
     0
1070
     0
1070
     0
1070
     0
1070
     0
1070
     0
1071
        0
1070
     0
1070
     0
1070
     0
1070
     0
1070
     0
1070
     0
1070
     0
1070
     0
1070
     0
1070
     0
1070
     0
1071
        0
1070
     0
1070
     0
1070
     0
1070
     0
1070
     0
1070
     0
1070
     0
1070
     0
1070
     0
1070
     0
1070
     0
1071
        0
1070
     0
1070
     0
1070
     0
1070
     0
1070
     0
1070
     0
1070
     0
1070
     0
1070
     0
1070
     0
1070
     0
1071
        0
1070
     0
1070
     0
1070
     0
1070
     0
1070
     0
1070
     0
1070
     0
1070
     0
1070
     0
1070
     0
1070
     0
1071
        0
1070
     0
1070
     0
1070
     0
1070
     0
1070
     0
1070
     0
1070
     0
1070
     0
1070
     0
1070
     0
1070
     0
1071
        0
1070
     0
1070
     0
1070
     0
1070
     0
1070
     0
1070
     0
1070
     0
1070
     0
1070
     0
1070
     0
1070
     0
1071
        0
1070
     0
1070
     0
1070
     0
1070
     0
1070
     0
1070
     0
1070
     0
1070
     0
1070
     0
1070
     0
1070
     0
1071
        0
1070
     0
1070
     0
1070
     0
1070
     0
1070
     0
1070
     0
1070
     0
1070
     0
1070
     0
1070
     0
1070
     0
1071
        0
1070
     0
1070
     0
1070
     0
1070
     0
1070
     0
1070
     0
1070
     0
1070
     0
1070
     0
1070
     0
1070
     0
1071
        0
1070
     0
1070
     0
1070
     0
1070
     0
1070
     0
1070
     0
1070
     0
1070
     0
1070
     0
1070
     0
1070
     0
1071
        0
1070
     0
1070
     0
1070
     0
1070
     0
1070
     0
1070
     0
1070
     0
1070
     0
1070
     0
1070
     0
1070
     0
1071
        0
1070
     0
1070
     0
1070
     0
1070
     0
1070
     0
1070
     0
1070
     0
1070
     0
1070
     0
1070
     0
1070
     0
1071
        0
1070
     0
1070
     0
1070
     0
1070
     0
1070
     0
1070
     0
1070
     0
1070
     0
1070
     0
1070
     0
1070
     0
1071
        0
1070
     0
1070
     0
1070
     0
1070
     0
1070
     0
1070
     0
1070
     0
1070
     0
1070
     0
1070
     0
1070
     0
1071
        0
1070
     0
1070
     0
1070
     0
1070
     0
1070
     0
1070
     0
1070
     0
1070
     0
1070
     0
1070
     0
1070
     0
1071
        0
1070
     0
1070
     0
1070
     0
1070
     0
1070
     0
1070
     0
1070
     0
1070
     0
1070
     0
1070
     0
1070
     0
1071
        0
1070
     0
1070
     0
1070
     0
1070
     0
1070
     0
1070
     0
1070
     0
1070
     0
1070
     0
1070
     0
1070
     0
1071
        0
1070
     0
1070
     0
1070
     0
1070
     0
1070
     0
1070
     0
1070
     0
1070
     0
1070
     0
1070
     0
1070
     0
1071
        0
1070
     0
1070
     0
1070
     0
1070
     0
1070
     0
1070
     0
1070
     0
1070
     0
1070
     0
1070
     0
1070
     0
1071
        0
1070
     0
1070
     0
1070
     0
1070
     0
1070
     0
1070
     0
1070
     0
1070
     0
1070
     0
1070
     0
1070
     0
1071
        0
1070
     0
1070
     0
1070
     0
1070
     0
1070
     0
1070
     0
1070
     0
1070
     0
1070
     0
1070
     0
1070
     0
1071
        0
1070
     0
1070
     0
1070
     0
1070
     0
1070
     0
1070
     0
1070
     0
1070
     0
1070
     0
1070
     0
1070
     0
1071
        0
1070
     0
1070
     0
1070
     0
1070
     0
1070
     0
1070
     0
1070
     0
1070
     0
1070
     0
1070
     0
1070
     0
1071
        0
1070
     0
1070
     0
1070
     0
1070
     0
1070
     0
1070
     0
1070
     0
1070
     0
1070
     0
1070
     0
1070
     0
1071
        0
1070
     0
1070
     0
1070
     0
1070
     0
1070
     0
1070
     0
1070
     0
1070
     0
1070
     0
1070
     0
1070
     0
1071
        0
1070
     0
1070
     0
1070
     0
1070
     0
1070
     0
1070
     0
1070
     0
1070
     0
1070
     0
1070
     0
1070
     0
1071
        0
1070
     0
1070
     0
1070
     0
1070
     0
1070
     0
1070
     0
1070
     0
1070
     0
1070
     0
1070
     0
1070
     0
1071
        0
1070
     0
1070
     0
1070
     0
1070
     0
1070
     0
1070
     0
1070
     0
1070
     0
1070
     0
1070
     0
1070
     0
1071
        0
1070
     0
1070
     0
1070
     0
1070
     0
1070
     0
1070
     0
1070
     0
1070
     0
1070
     0
1070
     0
1070
     0
1071
        0
1070
     0
1070
     0
1070
     0
1070
     0
1070
     0
1070
     0
1070
     0
1070
     0
1070
     0
1070
     0
1070
     0
1071
        0
1070
     0
1070
     0
1070
     0
1070
     0
1070
     0
1070
     0
1070
     0
1070
     0
1070
     0
1070
     0
1070
     0
1071
        0
1070
     0
1070
     0
1070
     0
1070
     0
1070
     0
1070
     0
1070
     0
1070
     0
1070
     0
1070
     0
1070
     0
1071
        0
1070
     0
1070
     0
1070
     0
1070
     0
1070
     0
1070
     0
1070
     0
1070
     0
1070
     0
1070
     0
1070
     0
1071
        0
1070
     0
1070
     0
1070
     0
1070
     0
1070
     0
1070
     0
1070
     0
1070
     0
1070
     0
1070
     0
1070
     0
1071
        0
1070
     0
1070
     0
1070
     0
1070
     0
1070
     0
1070
     0
1070
     0
1070
     0
1070
     0
1070
     0
1070
     0
1071
        0
1070
     0
1070
     0
1070
     0
1070
     0
1070
     0
1070
     0
1070
     0
1070
     0
1070
     0
1070
     0
1070
     0
1071
        0
1070
     0
1070
     0
1070
     0
1070
     0
1070
     0
1070
     0
1070
     0
1070
     0
1070
     0
1070
     0
1070
     0
1071
        0
1070
     0
1070
     0
1070
     0
1070
     0
1070
     0
1070
     0
1070
     0
1070
     0
1070
     0
1070
     0
1070
     0
1071
        0
1070
     0
1070
     0
1070
     0
1070
     0
1070
     0
1070
     0
1070
     0
1070
     0
1070
     0
1070
     0
1070
     0
1071
        0
1070
     0
1070
     0
1070
     0
1070
     0
1070
     0
1070
     0
1070
     0
1070
     0
1070
     0
1070
     0
1070
     0
1071
        0
1070
     0
1070
     0
1070
     0
1070
     0
1070
     0
1070
     0
1070
     0
1070
     0
1070
     0
1070
     0
  0
TEXT
  5
7AD
330
1F
100
AcDbEntity
  8
COLUMN_TEXT__BM_
100
AcDbText
 39
0.0463826642588751
 10
2696.471796476942
 20
979.859408255245
 30
-0.0000000082728956
 40
0.2
  1
C15
  7
NAME
100
AcDbText
  0
ELLIPSE
  5
7AE
330
1F
100
AcDbEntity
  8
COLUMN_TEXT_BOX__BM_
100
AcDbEllipse
 10
2696.732907938612
 20
979.9588773028258
 30
0.0
 11
-0.3141047421322583
 21
0.0
 31
0.0
210
0.0
220
0.0
230
1.0
 40
0.4476558537982991
 41
0.0
 42
6.283185307179586
1001
ACAD_OBJECT_CHANGE_GUID
1070
     0
1071
        0
1070
     0
1070
     0
1070
     0
1070
     0
1070
     0
1070
     0
1070
     0
1070
     0
1070
     0
1070
     0
1070
     0
1071
        0
1070
     0
1070
     0
1070
     0
1070
     0
1070
     0
1070
     0
1070
     0
1070
     0
1070
     0
1070
     0
1070
     0
1071
        0
1070
     0
1070
     0
1070
     0
1070
     0
1070
     0
1070
     0
1070
     0
1070
     0
1070
     0
1070
     0
1070
     0
1071
        0
1070
     0
1070
     0
1070
     0
1070
     0
1070
     0
1070
     0
1070
     0
1070
     0
1070
     0
1070
     0
1070
     0
1071
        0
1070
     0
1070
     0
1070
     0
1070
     0
1070
     0
1070
     0
1070
     0
1070
     0
1070
     0
1070
     0
1070
     0
1071
        0
1070
     0
1070
     0
1070
     0
1070
     0
1070
     0
1070
     0
1070
     0
1070
     0
1070
     0
1070
     0
1070
     0
1071
        0
1070
     0
1070
     0
1070
     0
1070
     0
1070
     0
1070
     0
1070
     0
1070
     0
1070
     0
1070
     0
1070
     0
1071
        0
1070
     0
1070
     0
1070
     0
1070
     0
1070
     0
1070
     0
1070
     0
1070
     0
1070
     0
1070
     0
1070
     0
1071
        0
1070
     0
1070
     0
1070
     0
1070
     0
1070
     0
1070
     0
1070
     0
1070
     0
1070
     0
1070
     0
1070
     0
1071
        0
1070
     0
1070
     0
1070
     0
1070
     0
1070
     0
1070
     0
1070
     0
1070
     0
1070
     0
1070
     0
1070
     0
1071
        0
1070
     0
1070
     0
1070
     0
1070
     0
1070
     0
1070
     0
1070
     0
1070
     0
1070
     0
1070
     0
1070
     0
1071
        0
1070
     0
1070
     0
1070
     0
1070
     0
1070
     0
1070
     0
1070
     0
1070
     0
1070
     0
1070
     0
1070
     0
1071
        0
1070
     0
1070
     0
1070
     0
1070
     0
1070
     0
1070
     0
1070
     0
1070
     0
1070
     0
1070
     0
1070
     0
1071
        0
1070
     0
1070
     0
1070
     0
1070
     0
1070
     0
1070
     0
1070
     0
1070
     0
1070
     0
1070
     0
1070
     0
1071
        0
1070
     0
1070
     0
1070
     0
1070
     0
1070
     0
1070
     0
1070
     0
1070
     0
1070
     0
1070
     0
1070
     0
1071
        0
1070
     0
1070
     0
1070
     0
1070
     0
1070
     0
1070
     0
1070
     0
1070
     0
1070
     0
1070
     0
1070
     0
1071
        0
1070
     0
1070
     0
1070
     0
1070
     0
1070
     0
1070
     0
1070
     0
1070
     0
1070
     0
1070
     0
1070
     0
1071
        0
1070
     0
1070
     0
1070
     0
1070
     0
1070
     0
1070
     0
1070
     0
1070
     0
1070
     0
1070
     0
1070
     0
1071
        0
1070
     0
1070
     0
1070
     0
1070
     0
1070
     0
1070
     0
1070
     0
1070
     0
1070
     0
1070
     0
1070
     0
1071
        0
1070
     0
1070
     0
1070
     0
1070
     0
1070
     0
1070
     0
1070
     0
1070
     0
1070
     0
1070
     0
1070
     0
1071
        0
1070
     0
1070
     0
1070
     0
1070
     0
1070
     0
1070
     0
1070
     0
1070
     0
1070
     0
1070
     0
1070
     0
1071
        0
1070
     0
1070
     0
1070
     0
1070
     0
1070
     0
1070
     0
1070
     0
1070
     0
1070
     0
1070
     0
1070
     0
1071
        0
1070
     0
1070
     0
1070
     0
1070
     0
1070
     0
1070
     0
1070
     0
1070
     0
1070
     0
1070
     0
1070
     0
1071
        0
1070
     0
1070
     0
1070
     0
1070
     0
1070
     0
1070
     0
1070
     0
1070
     0
1070
     0
1070
     0
1070
     0
1071
        0
1070
     0
1070
     0
1070
     0
1070
     0
1070
     0
1070
     0
1070
     0
1070
     0
1070
     0
1070
     0
1070
     0
1071
        0
1070
     0
1070
     0
1070
     0
1070
     0
1070
     0
1070
     0
1070
     0
1070
     0
1070
     0
1070
     0
1070
     0
1071
        0
1070
     0
1070
     0
1070
     0
1070
     0
1070
     0
1070
     0
1070
     0
1070
     0
1070
     0
1070
     0
1070
     0
1071
        0
1070
     0
1070
     0
1070
     0
1070
     0
1070
     0
1070
     0
1070
     0
1070
     0
1070
     0
1070
     0
1070
     0
1071
        0
1070
     0
1070
     0
1070
     0
1070
     0
1070
     0
1070
     0
1070
     0
1070
     0
1070
     0
1070
     0
1070
     0
1071
        0
1070
     0
1070
     0
1070
     0
1070
     0
1070
     0
1070
     0
1070
     0
1070
     0
1070
     0
1070
     0
1070
     0
1071
        0
1070
     0
1070
     0
1070
     0
1070
     0
1070
     0
1070
     0
1070
     0
1070
     0
1070
     0
1070
     0
1070
     0
1071
        0
1070
     0
1070
     0
1070
     0
1070
     0
1070
     0
1070
     0
1070
     0
1070
     0
1070
     0
1070
     0
1070
     0
1071
        0
1070
     0
1070
     0
1070
     0
1070
     0
1070
     0
1070
     0
1070
     0
1070
     0
1070
     0
1070
     0
1070
     0
1071
        0
1070
     0
1070
     0
1070
     0
1070
     0
1070
     0
1070
     0
1070
     0
1070
     0
1070
     0
1070
     0
1070
     0
1071
        0
1070
     0
1070
     0
1070
     0
1070
     0
1070
     0
1070
     0
1070
     0
1070
     0
1070
     0
1070
     0
1070
     0
1071
        0
1070
     0
1070
     0
1070
     0
1070
     0
1070
     0
1070
     0
1070
     0
1070
     0
1070
     0
1070
     0
1070
     0
1071
        0
1070
     0
1070
     0
1070
     0
1070
     0
1070
     0
1070
     0
1070
     0
1070
     0
1070
     0
1070
     0
1070
     0
1071
        0
1070
     0
1070
     0
1070
     0
1070
     0
1070
     0
1070
     0
1070
     0
1070
     0
1070
     0
1070
     0
1070
     0
1071
        0
1070
     0
1070
     0
1070
     0
1070
     0
1070
     0
1070
     0
1070
     0
1070
     0
1070
     0
1070
     0
1070
     0
1071
        0
1070
     0
1070
     0
1070
     0
1070
     0
1070
     0
1070
     0
1070
     0
1070
     0
1070
     0
1070
     0
1070
     0
1071
        0
1070
     0
1070
     0
1070
     0
1070
     0
1070
     0
1070
     0
1070
     0
1070
     0
1070
     0
1070
     0
1070
     0
1071
        0
1070
     0
1070
     0
1070
     0
1070
     0
1070
     0
1070
     0
1070
     0
1070
     0
1070
     0
1070
     0
1070
     0
1071
        0
1070
     0
1070
     0
1070
     0
1070
     0
1070
     0
1070
     0
1070
     0
1070
     0
1070
     0
1070
     0
1070
     0
1071
        0
1070
     0
1070
     0
1070
     0
1070
     0
1070
     0
1070
     0
1070
     0
1070
     0
1070
     0
1070
     0
1070
     0
1071
        0
1070
     0
1070
     0
1070
     0
1070
     0
1070
     0
1070
     0
1070
     0
1070
     0
1070
     0
1070
     0
1070
     0
1071
        0
1070
     0
1070
     0
1070
     0
1070
     0
1070
     0
1070
     0
1070
     0
1070
     0
1070
     0
1070
     0
1070
     0
1071
        0
1070
     0
1070
     0
1070
     0
1070
     0
1070
     0
1070
     0
1070
     0
1070
     0
1070
     0
1070
     0
1070
     0
1071
        0
1070
     0
1070
     0
1070
     0
1070
     0
1070
     0
1070
     0
1070
     0
1070
     0
1070
     0
1070
     0
1070
     0
1071
        0
1070
     0
1070
     0
1070
     0
1070
     0
1070
     0
1070
     0
1070
     0
1070
     0
1070
     0
1070
     0
1070
     0
1071
        0
1070
     0
1070
     0
1070
     0
1070
     0
1070
     0
1070
     0
1070
     0
1070
     0
1070
     0
1070
     0
1070
     0
1071
        0
1070
     0
1070
     0
1070
     0
1070
     0
1070
     0
1070
     0
1070
     0
1070
     0
1070
     0
1070
     0
1070
     0
1071
        0
1070
     0
1070
     0
1070
     0
1070
     0
1070
     0
1070
     0
1070
     0
1070
     0
1070
     0
1070
     0
1070
     0
1071
        0
1070
     0
1070
     0
1070
     0
1070
     0
1070
     0
1070
     0
1070
     0
1070
     0
1070
     0
1070
     0
1070
     0
1071
        0
1070
     0
1070
     0
1070
     0
1070
     0
1070
     0
1070
     0
1070
     0
1070
     0
1070
     0
1070
     0
1070
     0
1071
        0
1070
     0
1070
     0
1070
     0
1070
     0
1070
     0
1070
     0
1070
     0
1070
     0
1070
     0
1070
     0
1070
     0
1071
        0
1070
     0
1070
     0
1070
     0
1070
     0
1070
     0
1070
     0
1070
     0
1070
     0
1070
     0
1070
     0
1070
     0
1071
        0
1070
     0
1070
     0
1070
     0
1070
     0
1070
     0
1070
     0
1070
     0
1070
     0
1070
     0
1070
     0
1070
     0
1071
        0
1070
     0
1070
     0
1070
     0
1070
     0
1070
     0
1070
     0
1070
     0
1070
     0
1070
     0
1070
     0
1070
     0
1071
        0
1070
     0
1070
     0
1070
     0
1070
     0
1070
     0
1070
     0
1070
     0
1070
     0
1070
     0
1070
     0
1070
     0
1071
        0
1070
     0
1070
     0
1070
     0
1070
     0
1070
     0
1070
     0
1070
     0
1070
     0
1070
     0
1070
     0
1070
     0
1071
        0
1070
     0
1070
     0
1070
     0
1070
     0
1070
     0
1070
     0
1070
     0
1070
     0
1070
     0
1070
     0
1070
     0
1071
        0
1070
     0
1070
     0
1070
     0
1070
     0
1070
     0
1070
     0
1070
     0
1070
     0
1070
     0
1070
     0
1070
     0
1071
        0
1070
     0
1070
     0
1070
     0
1070
     0
1070
     0
1070
     0
1070
     0
1070
     0
1070
     0
1070
     0
1070
     0
1071
        0
1070
     0
1070
     0
1070
     0
1070
     0
1070
     0
1070
     0
1070
     0
1070
     0
1070
     0
1070
     0
1070
     0
1071
        0
1070
     0
1070
     0
1070
     0
1070
     0
1070
     0
1070
     0
1070
     0
1070
     0
1070
     0
1070
     0
1070
     0
1071
        0
1070
     0
1070
     0
1070
     0
1070
     0
1070
     0
1070
     0
1070
     0
1070
     0
1070
     0
1070
     0
1070
     0
1071
        0
1070
     0
1070
     0
1070
     0
1070
     0
1070
     0
1070
     0
1070
     0
1070
     0
1070
     0
1070
     0
1070
     0
1071
        0
1070
     0
1070
     0
1070
     0
1070
     0
1070
     0
1070
     0
1070
     0
1070
     0
1070
     0
1070
     0
1070
     0
1071
        0
1070
     0
1070
     0
1070
     0
1070
     0
1070
     0
1070
     0
1070
     0
1070
     0
1070
     0
1070
     0
1070
     0
1071
        0
1070
     0
1070
     0
1070
     0
1070
     0
1070
     0
1070
     0
1070
     0
1070
     0
1070
     0
1070
     0
1070
     0
1071
        0
1070
     0
1070
     0
1070
     0
1070
     0
1070
     0
1070
     0
1070
     0
1070
     0
1070
     0
1070
     0
1070
     0
1071
        0
1070
     0
1070
     0
1070
     0
1070
     0
1070
     0
1070
     0
1070
     0
1070
     0
1070
     0
1070
     0
1070
     0
1071
        0
1070
     0
1070
     0
1070
     0
1070
     0
1070
     0
1070
     0
1070
     0
1070
     0
1070
     0
1070
     0
1070
     0
1071
        0
1070
     0
1070
     0
1070
     0
1070
     0
1070
     0
1070
     0
1070
     0
1070
     0
1070
     0
1070
     0
1070
     0
1071
        0
1070
     0
1070
     0
1070
     0
1070
     0
1070
     0
1070
     0
1070
     0
1070
     0
1070
     0
1070
     0
1070
     0
1071
        0
1070
     0
1070
     0
1070
     0
1070
     0
1070
     0
1070
     0
1070
     0
1070
     0
1070
     0
1070
     0
1070
     0
1071
        0
1070
     0
1070
     0
1070
     0
1070
     0
1070
     0
1070
     0
1070
     0
1070
     0
1070
     0
1070
     0
1070
     0
1071
        0
1070
     0
1070
     0
1070
     0
1070
     0
1070
     0
1070
     0
1070
     0
1070
     0
1070
     0
1070
     0
1070
     0
1071
        0
1070
     0
1070
     0
1070
     0
1070
     0
1070
     0
1070
     0
1070
     0
1070
     0
1070
     0
1070
     0
1070
     0
1071
        0
1070
     0
1070
     0
1070
     0
1070
     0
1070
     0
1070
     0
1070
     0
1070
     0
1070
     0
1070
     0
1070
     0
1071
        0
1070
     0
1070
     0
1070
     0
1070
     0
1070
     0
1070
     0
1070
     0
1070
     0
1070
     0
1070
     0
1070
     0
1071
        0
1070
     0
1070
     0
1070
     0
1070
     0
1070
     0
1070
     0
1070
     0
1070
     0
1070
     0
1070
     0
1070
     0
1071
        0
1070
     0
1070
     0
1070
     0
1070
     0
1070
     0
1070
     0
1070
     0
1070
     0
1070
     0
1070
     0
1070
     0
1071
        0
1070
     0
1070
     0
1070
     0
1070
     0
1070
     0
1070
     0
1070
     0
1070
     0
1070
     0
1070
     0
1070
     0
1071
        0
1070
     0
1070
     0
1070
     0
1070
     0
1070
     0
1070
     0
1070
     0
1070
     0
1070
     0
1070
     0
1070
     0
1071
        0
1070
     0
1070
     0
1070
     0
1070
     0
1070
     0
1070
     0
1070
     0
1070
     0
1070
     0
1070
     0
1070
     0
1071
        0
1070
     0
1070
     0
1070
     0
1070
     0
1070
     0
1070
     0
1070
     0
1070
     0
1070
     0
1070
     0
1070
     0
1071
        0
1070
     0
1070
     0
1070
     0
1070
     0
1070
     0
1070
     0
1070
     0
1070
     0
1070
     0
1070
     0
1070
     0
1071
        0
1070
     0
1070
     0
1070
     0
1070
     0
1070
     0
1070
     0
1070
     0
1070
     0
1070
     0
1070
     0
1070
     0
1071
        0
1070
     0
1070
     0
1070
     0
1070
     0
1070
     0
1070
     0
1070
     0
1070
     0
1070
     0
1070
     0
1070
     0
1071
        0
1070
     0
1070
     0
1070
     0
1070
     0
1070
     0
1070
     0
1070
     0
1070
     0
1070
     0
1070
     0
1070
     0
1071
        0
1070
     0
1070
     0
1070
     0
1070
     0
1070
     0
1070
     0
1070
     0
1070
     0
1070
     0
1070
     0
1070
     0
1071
        0
1070
     0
1070
     0
1070
     0
1070
     0
1070
     0
1070
     0
1070
     0
1070
     0
1070
     0
1070
     0
1070
     0
1071
        0
1070
     0
1070
     0
1070
     0
1070
     0
1070
     0
1070
     0
1070
     0
1070
     0
1070
     0
1070
     0
1070
     0
1071
        0
1070
     0
1070
     0
1070
     0
1070
     0
1070
     0
1070
     0
1070
     0
1070
     0
1070
     0
1070
     0
1070
     0
1071
        0
1070
     0
1070
     0
1070
     0
1070
     0
1070
     0
1070
     0
1070
     0
1070
     0
1070
     0
1070
     0
1070
     0
1071
        0
1070
     0
1070
     0
1070
     0
1070
     0
1070
     0
1070
     0
1070
     0
1070
     0
1070
     0
1070
     0
1070
     0
1071
        0
1070
     0
1070
     0
1070
     0
1070
     0
1070
     0
1070
     0
1070
     0
1070
     0
1070
     0
1070
     0
1070
     0
1071
        0
1070
     0
1070
     0
1070
     0
1070
     0
1070
     0
1070
     0
1070
     0
1070
     0
1070
     0
1070
     0
1070
     0
1071
        0
1070
     0
1070
     0
1070
     0
1070
     0
1070
     0
1070
     0
1070
     0
1070
     0
1070
     0
1070
     0
1070
     0
1071
        0
1070
     0
1070
     0
1070
     0
1070
     0
1070
     0
1070
     0
1070
     0
1070
     0
1070
     0
1070
     0
1070
     0
1071
        0
1070
     0
1070
     0
1070
     0
1070
     0
1070
     0
1070
     0
1070
     0
1070
     0
1070
     0
1070
     0
1070
     0
1071
        0
1070
     0
1070
     0
1070
     0
1070
     0
1070
     0
1070
     0
1070
     0
1070
     0
1070
     0
1070
     0
1070
     0
1071
        0
1070
     0
1070
     0
1070
     0
1070
     0
1070
     0
1070
     0
1070
     0
1070
     0
1070
     0
1070
     0
1070
     0
1071
        0
1070
     0
1070
     0
1070
     0
1070
     0
1070
     0
1070
     0
1070
     0
1070
     0
1070
     0
1070
     0
1070
     0
1071
        0
1070
     0
1070
     0
1070
     0
1070
     0
1070
     0
1070
     0
1070
     0
1070
     0
1070
     0
1070
     0
1070
     0
1071
        0
1070
     0
1070
     0
1070
     0
1070
     0
1070
     0
1070
     0
1070
     0
1070
     0
1070
     0
1070
     0
1070
     0
1071
        0
1070
     0
1070
     0
1070
     0
1070
     0
1070
     0
1070
     0
1070
     0
1070
     0
1070
     0
1070
     0
1070
     0
1071
        0
1070
     0
1070
     0
1070
     0
1070
     0
1070
     0
1070
     0
1070
     0
1070
     0
1070
     0
1070
     0
1070
     0
1071
        0
1070
     0
1070
     0
1070
     0
1070
     0
1070
     0
1070
     0
1070
     0
1070
     0
1070
     0
1070
     0
1070
     0
1071
        0
1070
     0
1070
     0
1070
     0
1070
     0
1070
     0
1070
     0
1070
     0
1070
     0
1070
     0
1070
     0
1070
     0
1071
        0
1070
     0
1070
     0
1070
     0
1070
     0
1070
     0
1070
     0
1070
     0
1070
     0
1070
     0
1070
     0
1070
     0
1071
        0
1070
     0
1070
     0
1070
     0
1070
     0
1070
     0
1070
     0
1070
     0
1070
     0
1070
     0
1070
     0
1070
     0
1071
        0
1070
     0
1070
     0
1070
     0
1070
     0
1070
     0
1070
     0
1070
     0
1070
     0
1070
     0
1070
     0
1070
     0
1071
        0
1070
     0
1070
     0
1070
     0
1070
     0
1070
     0
1070
     0
1070
     0
1070
     0
1070
     0
1070
     0
1070
     0
1071
        0
1070
     0
1070
     0
1070
     0
1070
     0
1070
     0
1070
     0
1070
     0
1070
     0
1070
     0
1070
     0
1070
     0
1071
        0
1070
     0
1070
     0
1070
     0
1070
     0
1070
     0
1070
     0
1070
     0
1070
     0
1070
     0
1070
     0
1070
     0
1071
        0
1070
     0
1070
     0
1070
     0
1070
     0
1070
     0
1070
     0
1070
     0
1070
     0
1070
     0
1070
     0
1070
     0
1071
        0
1070
     0
1070
     0
1070
     0
1070
     0
1070
     0
1070
     0
1070
     0
1070
     0
1070
     0
1070
     0
1070
     0
1071
        0
1070
     0
1070
     0
1070
     0
1070
     0
1070
     0
1070
     0
1070
     0
1070
     0
1070
     0
1070
     0
1070
     0
1071
        0
1070
     0
1070
     0
1070
     0
1070
     0
1070
     0
1070
     0
1070
     0
1070
     0
1070
     0
1070
     0
1070
     0
1071
        0
1070
     0
1070
     0
1070
     0
1070
     0
1070
     0
1070
     0
1070
     0
1070
     0
1070
     0
1070
     0
1070
     0
1071
        0
1070
     0
1070
     0
1070
     0
1070
     0
1070
     0
1070
     0
1070
     0
1070
     0
1070
     0
1070
     0
1070
     0
1071
        0
1070
     0
1070
     0
1070
     0
1070
     0
1070
     0
1070
     0
1070
     0
1070
     0
1070
     0
1070
     0
1070
     0
1071
        0
1070
     0
1070
     0
1070
     0
1070
     0
1070
     0
1070
     0
1070
     0
1070
     0
1070
     0
1070
     0
1070
     0
1071
        0
1070
     0
1070
     0
1070
     0
1070
     0
1070
     0
1070
     0
1070
     0
1070
     0
1070
     0
1070
     0
1070
     0
1071
        0
1070
     0
1070
     0
1070
     0
1070
     0
1070
     0
1070
     0
1070
     0
1070
     0
1070
     0
1070
     0
1070
     0
1071
        0
1070
     0
1070
     0
1070
     0
1070
     0
1070
     0
1070
     0
1070
     0
1070
     0
1070
     0
1070
     0
1070
     0
1071
        0
1070
     0
1070
     0
1070
     0
1070
     0
1070
     0
1070
     0
1070
     0
1070
     0
1070
     0
1070
     0
1070
     0
1071
        0
1070
     0
1070
     0
1070
     0
1070
     0
1070
     0
1070
     0
1070
     0
1070
     0
1070
     0
1070
     0
1070
     0
1071
        0
1070
     0
1070
     0
1070
     0
1070
     0
1070
     0
1070
     0
1070
     0
1070
     0
1070
     0
1070
     0
1070
     0
1071
        0
1070
     0
1070
     0
1070
     0
1070
     0
1070
     0
1070
     0
1070
     0
1070
     0
1070
     0
1070
     0
1070
     0
1071
        0
1070
     0
1070
     0
1070
     0
1070
     0
1070
     0
1070
     0
1070
     0
1070
     0
1070
     0
1070
     0
1070
     0
1071
        0
1070
     0
1070
     0
1070
     0
1070
     0
1070
     0
1070
     0
1070
     0
1070
     0
1070
     0
1070
     0
1070
     0
1071
        0
1070
     0
1070
     0
1070
     0
1070
     0
1070
     0
1070
     0
1070
     0
1070
     0
1070
     0
1070
     0
1070
     0
1071
        0
1070
     0
1070
     0
1070
     0
1070
     0
1070
     0
1070
     0
1070
     0
1070
     0
1070
     0
1070
     0
1070
     0
1071
        0
1070
     0
1070
     0
1070
     0
1070
     0
1070
     0
1070
     0
1070
     0
1070
     0
1070
     0
1070
     0
1070
     0
1071
        0
1070
     0
1070
     0
1070
     0
1070
     0
1070
     0
1070
     0
1070
     0
1070
     0
1070
     0
1070
     0
1070
     0
1071
        0
1070
     0
1070
     0
1070
     0
1070
     0
1070
     0
1070
     0
1070
     0
1070
     0
1070
     0
1070
     0
1070
     0
1071
        0
1070
     0
1070
     0
1070
     0
1070
     0
1070
     0
1070
     0
1070
     0
1070
     0
1070
     0
1070
     0
1070
     0
1071
        0
1070
     0
1070
     0
1070
     0
1070
     0
1070
     0
1070
     0
1070
     0
1070
     0
1070
     0
1070
     0
1070
     0
1071
        0
1070
     0
1070
     0
1070
     0
1070
     0
1070
     0
1070
     0
1070
     0
1070
     0
1070
     0
1070
     0
1070
     0
1071
        0
1070
     0
1070
     0
1070
     0
1070
     0
1070
     0
1070
     0
1070
     0
1070
     0
1070
     0
1070
     0
1070
     0
1071
        0
1070
     0
1070
     0
1070
     0
1070
     0
1070
     0
1070
     0
1070
     0
1070
     0
1070
     0
1070
     0
1070
     0
1071
        0
1070
     0
1070
     0
1070
     0
1070
     0
1070
     0
1070
     0
1070
     0
1070
     0
1070
     0
1070
     0
1070
     0
1071
        0
1070
     0
1070
     0
1070
     0
1070
     0
1070
     0
1070
     0
1070
     0
1070
     0
1070
     0
1070
     0
1070
     0
1071
        0
1070
     0
1070
     0
1070
     0
1070
     0
1070
     0
1070
     0
1070
     0
1070
     0
1070
     0
1070
     0
1070
     0
1071
        0
1070
     0
1070
     0
1070
     0
1070
     0
1070
     0
1070
     0
1070
     0
1070
     0
1070
     0
1070
     0
1070
     0
1071
        0
1070
     0
1070
     0
1070
     0
1070
     0
1070
     0
1070
     0
1070
     0
1070
     0
1070
     0
1070
     0
1070
     0
1071
        0
1070
     0
1070
     0
1070
     0
1070
     0
1070
     0
1070
     0
1070
     0
1070
     0
1070
     0
1070
     0
1070
     0
1071
        0
1070
     0
1070
     0
1070
     0
1070
     0
1070
     0
1070
     0
1070
     0
1070
     0
1070
     0
1070
     0
1070
     0
1071
        0
1070
     0
1070
     0
1070
     0
1070
     0
1070
     0
1070
     0
1070
     0
1070
     0
1070
     0
1070
     0
1070
     0
1071
        0
1070
     0
1070
     0
1070
     0
1070
     0
1070
     0
1070
     0
1070
     0
1070
     0
1070
     0
1070
     0
1070
     0
1071
        0
1070
     0
1070
     0
1070
     0
1070
     0
1070
     0
1070
     0
1070
     0
1070
     0
1070
     0
1070
     0
1070
     0
1071
        0
1070
     0
1070
     0
1070
     0
1070
     0
1070
     0
1070
     0
1070
     0
1070
     0
1070
     0
1070
     0
1070
     0
1071
        0
1070
     0
1070
     0
1070
     0
1070
     0
1070
     0
1070
     0
1070
     0
1070
     0
1070
     0
1070
     0
1070
     0
1071
        0
1070
     0
1070
     0
1070
     0
1070
     0
1070
     0
1070
     0
1070
     0
1070
     0
1070
     0
1070
     0
1070
     0
1071
        0
1070
     0
1070
     0
1070
     0
1070
     0
1070
     0
1070
     0
1070
     0
1070
     0
1070
     0
1070
     0
1070
     0
1071
        0
1070
     0
1070
     0
1070
     0
1070
     0
1070
     0
1070
     0
1070
     0
1070
     0
1070
     0
1070
     0
1070
     0
1071
        0
1070
     0
1070
     0
1070
     0
1070
     0
1070
     0
1070
     0
1070
     0
1070
     0
1070
     0
1070
     0
1070
     0
1071
        0
1070
     0
1070
     0
1070
     0
1070
     0
1070
     0
1070
     0
1070
     0
1070
     0
1070
     0
1070
     0
1070
     0
1071
        0
1070
     0
1070
     0
1070
     0
1070
     0
1070
     0
1070
     0
1070
     0
1070
     0
1070
     0
1070
     0
1070
     0
1071
        0
1070
     0
1070
     0
1070
     0
1070
     0
1070
     0
1070
     0
1070
     0
1070
     0
1070
     0
1070
     0
1070
     0
1071
        0
1070
     0
1070
     0
1070
     0
1070
     0
1070
     0
1070
     0
1070
     0
1070
     0
1070
     0
1070
     0
1070
     0
1071
        0
1070
     0
1070
     0
1070
     0
1070
     0
1070
     0
1070
     0
1070
     0
1070
     0
1070
     0
1070
     0
1070
     0
1071
        0
1070
     0
1070
     0
1070
     0
1070
     0
1070
     0
1070
     0
1070
     0
1070
     0
1070
     0
1070
     0
1070
     0
1071
        0
1070
     0
1070
     0
1070
     0
1070
     0
1070
     0
1070
     0
1070
     0
1070
     0
1070
     0
1070
     0
1070
     0
1071
        0
1070
     0
1070
     0
1070
     0
1070
     0
1070
     0
1070
     0
1070
     0
1070
     0
1070
     0
1070
     0
1070
     0
1071
        0
1070
     0
1070
     0
1070
     0
1070
     0
1070
     0
1070
     0
1070
     0
1070
     0
1070
     0
1070
     0
1070
     0
1071
        0
1070
     0
1070
     0
1070
     0
1070
     0
1070
     0
1070
     0
1070
     0
1070
     0
1070
     0
1070
     0
1070
     0
1071
        0
1070
     0
1070
     0
1070
     0
1070
     0
1070
     0
1070
     0
1070
     0
1070
     0
1070
     0
1070
     0
1070
     0
1071
        0
1070
     0
1070
     0
1070
     0
1070
     0
1070
     0
1070
     0
1070
     0
1070
     0
1070
     0
1070
     0
1070
     0
1071
        0
1070
     0
1070
     0
1070
     0
1070
     0
1070
     0
1070
     0
1070
     0
1070
     0
1070
     0
1070
     0
1070
     0
1071
        0
1070
     0
1070
     0
1070
     0
1070
     0
1070
     0
1070
     0
1070
     0
1070
     0
1070
     0
1070
     0
1070
     0
1071
        0
1070
     0
1070
     0
1070
     0
1070
     0
1070
     0
1070
     0
1070
     0
1070
     0
1070
     0
1070
     0
1070
     0
1071
        0
1070
     0
1070
     0
1070
     0
1070
     0
1070
     0
1070
     0
1070
     0
1070
     0
1070
     0
1070
     0
1070
     0
1071
        0
1070
     0
1070
     0
1070
     0
1070
     0
1070
     0
1070
     0
1070
     0
1070
     0
1070
     0
1070
     0
1070
     0
1071
        0
1070
     0
1070
     0
1070
     0
1070
     0
1070
     0
1070
     0
1070
     0
1070
     0
1070
     0
1070
     0
1070
     0
1071
        0
1070
     0
1070
     0
1070
     0
1070
     0
1070
     0
1070
     0
1070
     0
1070
     0
1070
     0
1070
     0
1070
     0
1071
        0
1070
     0
1070
     0
1070
     0
1070
     0
1070
     0
1070
     0
1070
     0
1070
     0
1070
     0
1070
     0
1070
     0
1071
        0
1070
     0
1070
     0
1070
     0
1070
     0
1070
     0
1070
     0
1070
     0
1070
     0
1070
     0
1070
     0
1070
     0
1071
        0
1070
     0
1070
     0
1070
     0
1070
     0
1070
     0
1070
     0
1070
     0
1070
     0
1070
     0
1070
     0
1070
     0
1071
        0
1070
     0
1070
     0
1070
     0
1070
     0
1070
     0
1070
     0
1070
     0
1070
     0
1070
     0
1070
     0
1070
     0
1071
        0
1070
     0
1070
     0
1070
     0
1070
     0
1070
     0
1070
     0
1070
     0
1070
     0
1070
     0
1070
     0
1070
     0
1071
        0
1070
     0
1070
     0
1070
     0
1070
     0
1070
     0
1070
     0
1070
     0
1070
     0
1070
     0
1070
     0
1070
     0
1071
        0
1070
     0
1070
     0
1070
     0
1070
     0
1070
     0
1070
     0
1070
     0
1070
     0
1070
     0
1070
     0
1070
     0
1071
        0
1070
     0
1070
     0
1070
     0
1070
     0
1070
     0
1070
     0
1070
     0
1070
     0
1070
     0
1070
     0
1070
     0
1071
        0
1070
     0
1070
     0
1070
     0
1070
     0
1070
     0
1070
     0
1070
     0
1070
     0
1070
     0
1070
     0
1070
     0
1071
        0
1070
     0
1070
     0
1070
     0
1070
     0
1070
     0
1070
     0
1070
     0
1070
     0
1070
     0
1070
     0
1070
     0
1071
        0
1070
     0
1070
     0
1070
     0
1070
     0
1070
     0
1070
     0
1070
     0
1070
     0
1070
     0
1070
     0
1070
     0
1071
        0
1070
     0
1070
     0
1070
     0
1070
     0
1070
     0
1070
     0
1070
     0
1070
     0
1070
     0
1070
     0
1070
     0
1071
        0
1070
     0
1070
     0
1070
     0
1070
     0
1070
     0
1070
     0
1070
     0
1070
     0
1070
     0
1070
     0
1070
     0
1071
        0
1070
     0
1070
     0
1070
     0
1070
     0
1070
     0
1070
     0
1070
     0
1070
     0
1070
     0
1070
     0
1070
     0
1071
        0
1070
     0
1070
     0
1070
     0
1070
     0
1070
     0
1070
     0
1070
     0
1070
     0
1070
     0
1070
     0
1070
     0
1071
        0
1070
     0
1070
     0
1070
     0
1070
     0
1070
     0
1070
     0
1070
     0
1070
     0
1070
     0
1070
     0
1070
     0
1071
        0
1070
     0
1070
     0
1070
     0
1070
     0
1070
     0
1070
     0
1070
     0
1070
     0
1070
     0
1070
     0
1070
     0
1071
        0
1070
     0
1070
     0
1070
     0
1070
     0
1070
     0
1070
     0
1070
     0
1070
     0
1070
     0
1070
     0
1070
     0
1071
        0
1070
     0
1070
     0
1070
     0
1070
     0
1070
     0
1070
     0
1070
     0
1070
     0
1070
     0
1070
     0
1070
     0
1071
        0
1070
     0
1070
     0
1070
     0
1070
     0
1070
     0
1070
     0
1070
     0
1070
     0
1070
     0
1070
     0
1070
     0
1071
        0
1070
     0
1070
     0
1070
     0
1070
     0
1070
     0
1070
     0
1070
     0
1070
     0
1070
     0
1070
     0
1070
     0
1071
        0
1070
     0
1070
     0
1070
     0
1070
     0
1070
     0
1070
     0
1070
     0
1070
     0
1070
     0
1070
     0
1070
     0
1071
        0
1070
     0
1070
     0
1070
     0
1070
     0
1070
     0
1070
     0
1070
     0
1070
     0
1070
     0
1070
     0
1070
     0
1071
        0
1070
     0
1070
     0
1070
     0
1070
     0
1070
     0
1070
     0
1070
     0
1070
     0
1070
     0
1070
     0
1070
     0
1071
        0
1070
     0
1070
     0
1070
     0
1070
     0
1070
     0
1070
     0
1070
     0
1070
     0
1070
     0
1070
     0
1070
     0
1071
        0
1070
     0
1070
     0
1070
     0
1070
     0
1070
     0
1070
     0
1070
     0
1070
     0
1070
     0
1070
     0
1070
     0
1071
        0
1070
     0
1070
     0
1070
     0
1070
     0
1070
     0
1070
     0
1070
     0
1070
     0
1070
     0
1070
     0
1070
     0
1071
        0
1070
     0
1070
     0
1070
     0
1070
     0
1070
     0
1070
     0
1070
     0
1070
     0
1070
     0
1070
     0
1070
     0
1071
        0
1070
     0
1070
     0
1070
     0
1070
     0
1070
     0
1070
     0
1070
     0
1070
     0
1070
     0
1070
     0
1070
     0
1071
        0
1070
     0
1070
     0
1070
     0
1070
     0
1070
     0
1070
     0
1070
     0
1070
     0
1070
     0
1070
     0
1070
     0
1071
        0
1070
     0
1070
     0
1070
     0
1070
     0
1070
     0
1070
     0
1070
     0
1070
     0
1070
     0
1070
     0
1070
     0
1071
        0
1070
     0
1070
     0
1070
     0
1070
     0
1070
     0
1070
     0
1070
     0
1070
     0
1070
     0
1070
     0
1070
     0
1071
        0
1070
     0
1070
     0
1070
     0
1070
     0
1070
     0
1070
     0
1070
     0
1070
     0
1070
     0
1070
     0
1070
     0
1071
        0
1070
     0
1070
     0
1070
     0
1070
     0
1070
     0
1070
     0
1070
     0
1070
     0
1070
     0
1070
     0
1070
     0
1071
        0
1070
     0
1070
     0
1070
     0
1070
     0
1070
     0
1070
     0
1070
     0
1070
     0
1070
     0
1070
     0
1070
     0
1071
        0
1070
     0
1070
     0
1070
     0
1070
     0
1070
     0
1070
     0
1070
     0
1070
     0
1070
     0
1070
     0
1070
     0
1071
        0
1070
     0
1070
     0
1070
     0
1070
     0
1070
     0
1070
     0
1070
     0
1070
     0
1070
     0
1070
     0
1070
     0
1071
        0
1070
     0
1070
     0
1070
     0
1070
     0
1070
     0
1070
     0
1070
     0
1070
     0
1070
     0
1070
     0
1070
     0
1071
        0
1070
     0
1070
     0
1070
     0
1070
     0
1070
     0
1070
     0
1070
     0
1070
     0
1070
     0
1070
     0
1070
     0
1071
        0
1070
     0
1070
     0
1070
     0
1070
     0
1070
     0
1070
     0
1070
     0
1070
     0
1070
     0
1070
     0
1070
     0
1071
        0
1070
     0
1070
     0
1070
     0
1070
     0
1070
     0
1070
     0
1070
     0
1070
     0
1070
     0
1070
     0
1070
     0
1071
        0
1070
     0
1070
     0
1070
     0
1070
     0
1070
     0
1070
     0
1070
     0
1070
     0
1070
     0
1070
     0
1070
     0
1071
        0
1070
     0
1070
     0
1070
     0
1070
     0
1070
     0
1070
     0
1070
     0
1070
     0
1070
     0
1070
     0
1070
     0
1071
        0
1070
     0
1070
     0
1070
     0
1070
     0
1070
     0
1070
     0
1070
     0
1070
     0
1070
     0
1070
     0
1070
     0
1071
        0
1070
     0
1070
     0
1070
     0
1070
     0
1070
     0
1070
     0
1070
     0
1070
     0
1070
     0
1070
     0
1070
     0
1071
        0
1070
     0
1070
     0
1070
     0
1070
     0
1070
     0
1070
     0
1070
     0
1070
     0
1070
     0
1070
     0
1070
     0
1071
        0
1070
     0
1070
     0
1070
     0
1070
     0
1070
     0
1070
     0
1070
     0
1070
     0
1070
     0
1070
     0
1070
     0
1071
        0
1070
     0
1070
     0
1070
     0
1070
     0
1070
     0
1070
     0
1070
     0
1070
     0
1070
     0
1070
     0
1070
     0
1071
        0
1070
     0
1070
     0
1070
     0
1070
     0
1070
     0
1070
     0
1070
     0
1070
     0
1070
     0
1070
     0
  0
TEXT
  5
7AF
330
1F
100
AcDbEntity
  8
COLUMN_TEXT__BM_
100
AcDbText
 39
0.0463826642588751
 10
2690.878265558225
 20
987.2606796895277
 30
-0.0000000082728956
 40
0.2
  1
C06
  7
NAME
100
AcDbText
  0
ELLIPSE
  5
7B0
330
1F
100
AcDbEntity
  8
COLUMN_TEXT_BOX__BM_
100
AcDbEllipse
 10
2691.139377019895
 20
987.3601487371086
 30
0.0
 11
-0.3141047421322583
 21
0.0
 31
0.0
210
0.0
220
0.0
230
1.0
 40
0.4476558537982991
 41
0.0
 42
6.283185307179586
1001
ACAD_OBJECT_CHANGE_GUID
1070
     0
1071
        0
1070
     0
1070
     0
1070
     0
1070
     0
1070
     0
1070
     0
1070
     0
1070
     0
1070
     0
1070
     0
1070
     0
1071
        0
1070
     0
1070
     0
1070
     0
1070
     0
1070
     0
1070
     0
1070
     0
1070
     0
1070
     0
1070
     0
1070
     0
1071
        0
1070
     0
1070
     0
1070
     0
1070
     0
1070
     0
1070
     0
1070
     0
1070
     0
1070
     0
1070
     0
1070
     0
1071
        0
1070
     0
1070
     0
1070
     0
1070
     0
1070
     0
1070
     0
1070
     0
1070
     0
1070
     0
1070
     0
1070
     0
1071
        0
1070
     0
1070
     0
1070
     0
1070
     0
1070
     0
1070
     0
1070
     0
1070
     0
1070
     0
1070
     0
1070
     0
1071
        0
1070
     0
1070
     0
1070
     0
1070
     0
1070
     0
1070
     0
1070
     0
1070
     0
1070
     0
1070
     0
1070
     0
1071
        0
1070
     0
1070
     0
1070
     0
1070
     0
1070
     0
1070
     0
1070
     0
1070
     0
1070
     0
1070
     0
1070
     0
1071
        0
1070
     0
1070
     0
1070
     0
1070
     0
1070
     0
1070
     0
1070
     0
1070
     0
1070
     0
1070
     0
1070
     0
1071
        0
1070
     0
1070
     0
1070
     0
1070
     0
1070
     0
1070
     0
1070
     0
1070
     0
1070
     0
1070
     0
1070
     0
1071
        0
1070
     0
1070
     0
1070
     0
1070
     0
1070
     0
1070
     0
1070
     0
1070
     0
1070
     0
1070
     0
1070
     0
1071
        0
1070
     0
1070
     0
1070
     0
1070
     0
1070
     0
1070
     0
1070
     0
1070
     0
1070
     0
1070
     0
1070
     0
1071
        0
1070
     0
1070
     0
1070
     0
1070
     0
1070
     0
1070
     0
1070
     0
1070
     0
1070
     0
1070
     0
1070
     0
1071
        0
1070
     0
1070
     0
1070
     0
1070
     0
1070
     0
1070
     0
1070
     0
1070
     0
1070
     0
1070
     0
1070
     0
1071
        0
1070
     0
1070
     0
1070
     0
1070
     0
1070
     0
1070
     0
1070
     0
1070
     0
1070
     0
1070
     0
1070
     0
1071
        0
1070
     0
1070
     0
1070
     0
1070
     0
1070
     0
1070
     0
1070
     0
1070
     0
1070
     0
1070
     0
1070
     0
1071
        0
1070
     0
1070
     0
1070
     0
1070
     0
1070
     0
1070
     0
1070
     0
1070
     0
1070
     0
1070
     0
1070
     0
1071
        0
1070
     0
1070
     0
1070
     0
1070
     0
1070
     0
1070
     0
1070
     0
1070
     0
1070
     0
1070
     0
1070
     0
1071
        0
1070
     0
1070
     0
1070
     0
1070
     0
1070
     0
1070
     0
1070
     0
1070
     0
1070
     0
1070
     0
1070
     0
1071
        0
1070
     0
1070
     0
1070
     0
1070
     0
1070
     0
1070
     0
1070
     0
1070
     0
1070
     0
1070
     0
1070
     0
1071
        0
1070
     0
1070
     0
1070
     0
1070
     0
1070
     0
1070
     0
1070
     0
1070
     0
1070
     0
1070
     0
1070
     0
1071
        0
1070
     0
1070
     0
1070
     0
1070
     0
1070
     0
1070
     0
1070
     0
1070
     0
1070
     0
1070
     0
1070
     0
1071
        0
1070
     0
1070
     0
1070
     0
1070
     0
1070
     0
1070
     0
1070
     0
1070
     0
1070
     0
1070
     0
1070
     0
1071
        0
1070
     0
1070
     0
1070
     0
1070
     0
1070
     0
1070
     0
1070
     0
1070
     0
1070
     0
1070
     0
1070
     0
1071
        0
1070
     0
1070
     0
1070
     0
1070
     0
1070
     0
1070
     0
1070
     0
1070
     0
1070
     0
1070
     0
1070
     0
1071
        0
1070
     0
1070
     0
1070
     0
1070
     0
1070
     0
1070
     0
1070
     0
1070
     0
1070
     0
1070
     0
1070
     0
1071
        0
1070
     0
1070
     0
1070
     0
1070
     0
1070
     0
1070
     0
1070
     0
1070
     0
1070
     0
1070
     0
1070
     0
1071
        0
1070
     0
1070
     0
1070
     0
1070
     0
1070
     0
1070
     0
1070
     0
1070
     0
1070
     0
1070
     0
1070
     0
1071
        0
1070
     0
1070
     0
1070
     0
1070
     0
1070
     0
1070
     0
1070
     0
1070
     0
1070
     0
1070
     0
1070
     0
1071
        0
1070
     0
1070
     0
1070
     0
1070
     0
1070
     0
1070
     0
1070
     0
1070
     0
1070
     0
1070
     0
1070
     0
1071
        0
1070
     0
1070
     0
1070
     0
1070
     0
1070
     0
1070
     0
1070
     0
1070
     0
1070
     0
1070
     0
1070
     0
1071
        0
1070
     0
1070
     0
1070
     0
1070
     0
1070
     0
1070
     0
1070
     0
1070
     0
1070
     0
1070
     0
1070
     0
1071
        0
1070
     0
1070
     0
1070
     0
1070
     0
1070
     0
1070
     0
1070
     0
1070
     0
1070
     0
1070
     0
1070
     0
1071
        0
1070
     0
1070
     0
1070
     0
1070
     0
1070
     0
1070
     0
1070
     0
1070
     0
1070
     0
1070
     0
1070
     0
1071
        0
1070
     0
1070
     0
1070
     0
1070
     0
1070
     0
1070
     0
1070
     0
1070
     0
1070
     0
1070
     0
1070
     0
1071
        0
1070
     0
1070
     0
1070
     0
1070
     0
1070
     0
1070
     0
1070
     0
1070
     0
1070
     0
1070
     0
1070
     0
1071
        0
1070
     0
1070
     0
1070
     0
1070
     0
1070
     0
1070
     0
1070
     0
1070
     0
1070
     0
1070
     0
1070
     0
1071
        0
1070
     0
1070
     0
1070
     0
1070
     0
1070
     0
1070
     0
1070
     0
1070
     0
1070
     0
1070
     0
1070
     0
1071
        0
1070
     0
1070
     0
1070
     0
1070
     0
1070
     0
1070
     0
1070
     0
1070
     0
1070
     0
1070
     0
1070
     0
1071
        0
1070
     0
1070
     0
1070
     0
1070
     0
1070
     0
1070
     0
1070
     0
1070
     0
1070
     0
1070
     0
1070
     0
1071
        0
1070
     0
1070
     0
1070
     0
1070
     0
1070
     0
1070
     0
1070
     0
1070
     0
1070
     0
1070
     0
1070
     0
1071
        0
1070
     0
1070
     0
1070
     0
1070
     0
1070
     0
1070
     0
1070
     0
1070
     0
1070
     0
1070
     0
1070
     0
1071
        0
1070
     0
1070
     0
1070
     0
1070
     0
1070
     0
1070
     0
1070
     0
1070
     0
1070
     0
1070
     0
1070
     0
1071
        0
1070
     0
1070
     0
1070
     0
1070
     0
1070
     0
1070
     0
1070
     0
1070
     0
1070
     0
1070
     0
1070
     0
1071
        0
1070
     0
1070
     0
1070
     0
1070
     0
1070
     0
1070
     0
1070
     0
1070
     0
1070
     0
1070
     0
1070
     0
1071
        0
1070
     0
1070
     0
1070
     0
1070
     0
1070
     0
1070
     0
1070
     0
1070
     0
1070
     0
1070
     0
1070
     0
1071
        0
1070
     0
1070
     0
1070
     0
1070
     0
1070
     0
1070
     0
1070
     0
1070
     0
1070
     0
1070
     0
1070
     0
1071
        0
1070
     0
1070
     0
1070
     0
1070
     0
1070
     0
1070
     0
1070
     0
1070
     0
1070
     0
1070
     0
1070
     0
1071
        0
1070
     0
1070
     0
1070
     0
1070
     0
1070
     0
1070
     0
1070
     0
1070
     0
1070
     0
1070
     0
1070
     0
1071
        0
1070
     0
1070
     0
1070
     0
1070
     0
1070
     0
1070
     0
1070
     0
1070
     0
1070
     0
1070
     0
1070
     0
1071
        0
1070
     0
1070
     0
1070
     0
1070
     0
1070
     0
1070
     0
1070
     0
1070
     0
1070
     0
1070
     0
1070
     0
1071
        0
1070
     0
1070
     0
1070
     0
1070
     0
1070
     0
1070
     0
1070
     0
1070
     0
1070
     0
1070
     0
1070
     0
1071
        0
1070
     0
1070
     0
1070
     0
1070
     0
1070
     0
1070
     0
1070
     0
1070
     0
1070
     0
1070
     0
1070
     0
1071
        0
1070
     0
1070
     0
1070
     0
1070
     0
1070
     0
1070
     0
1070
     0
1070
     0
1070
     0
1070
     0
1070
     0
1071
        0
1070
     0
1070
     0
1070
     0
1070
     0
1070
     0
1070
     0
1070
     0
1070
     0
1070
     0
1070
     0
1070
     0
1071
        0
1070
     0
1070
     0
1070
     0
1070
     0
1070
     0
1070
     0
1070
     0
1070
     0
1070
     0
1070
     0
1070
     0
1071
        0
1070
     0
1070
     0
1070
     0
1070
     0
1070
     0
1070
     0
1070
     0
1070
     0
1070
     0
1070
     0
1070
     0
1071
        0
1070
     0
1070
     0
1070
     0
1070
     0
1070
     0
1070
     0
1070
     0
1070
     0
1070
     0
1070
     0
1070
     0
1071
        0
1070
     0
1070
     0
1070
     0
1070
     0
1070
     0
1070
     0
1070
     0
1070
     0
1070
     0
1070
     0
1070
     0
1071
        0
1070
     0
1070
     0
1070
     0
1070
     0
1070
     0
1070
     0
1070
     0
1070
     0
1070
     0
1070
     0
1070
     0
1071
        0
1070
     0
1070
     0
1070
     0
1070
     0
1070
     0
1070
     0
1070
     0
1070
     0
1070
     0
1070
     0
1070
     0
1071
        0
1070
     0
1070
     0
1070
     0
1070
     0
1070
     0
1070
     0
1070
     0
1070
     0
1070
     0
1070
     0
1070
     0
1071
        0
1070
     0
1070
     0
1070
     0
1070
     0
1070
     0
1070
     0
1070
     0
1070
     0
1070
     0
1070
     0
1070
     0
1071
        0
1070
     0
1070
     0
1070
     0
1070
     0
1070
     0
1070
     0
1070
     0
1070
     0
1070
     0
1070
     0
1070
     0
1071
        0
1070
     0
1070
     0
1070
     0
1070
     0
1070
     0
1070
     0
1070
     0
1070
     0
1070
     0
1070
     0
1070
     0
1071
        0
1070
     0
1070
     0
1070
     0
1070
     0
1070
     0
1070
     0
1070
     0
1070
     0
1070
     0
1070
     0
1070
     0
1071
        0
1070
     0
1070
     0
1070
     0
1070
     0
1070
     0
1070
     0
1070
     0
1070
     0
1070
     0
1070
     0
1070
     0
1071
        0
1070
     0
1070
     0
1070
     0
1070
     0
1070
     0
1070
     0
1070
     0
1070
     0
1070
     0
1070
     0
1070
     0
1071
        0
1070
     0
1070
     0
1070
     0
1070
     0
1070
     0
1070
     0
1070
     0
1070
     0
1070
     0
1070
     0
1070
     0
1071
        0
1070
     0
1070
     0
1070
     0
1070
     0
1070
     0
1070
     0
1070
     0
1070
     0
1070
     0
1070
     0
1070
     0
1071
        0
1070
     0
1070
     0
1070
     0
1070
     0
1070
     0
1070
     0
1070
     0
1070
     0
1070
     0
1070
     0
1070
     0
1071
        0
1070
     0
1070
     0
1070
     0
1070
     0
1070
     0
1070
     0
1070
     0
1070
     0
1070
     0
1070
     0
1070
     0
1071
        0
1070
     0
1070
     0
1070
     0
1070
     0
1070
     0
1070
     0
1070
     0
1070
     0
1070
     0
1070
     0
1070
     0
1071
        0
1070
     0
1070
     0
1070
     0
1070
     0
1070
     0
1070
     0
1070
     0
1070
     0
1070
     0
1070
     0
1070
     0
1071
        0
1070
     0
1070
     0
1070
     0
1070
     0
1070
     0
1070
     0
1070
     0
1070
     0
1070
     0
1070
     0
1070
     0
1071
        0
1070
     0
1070
     0
1070
     0
1070
     0
1070
     0
1070
     0
1070
     0
1070
     0
1070
     0
1070
     0
1070
     0
1071
        0
1070
     0
1070
     0
1070
     0
1070
     0
1070
     0
1070
     0
1070
     0
1070
     0
1070
     0
1070
     0
1070
     0
1071
        0
1070
     0
1070
     0
1070
     0
1070
     0
1070
     0
1070
     0
1070
     0
1070
     0
1070
     0
1070
     0
1070
     0
1071
        0
1070
     0
1070
     0
1070
     0
1070
     0
1070
     0
1070
     0
1070
     0
1070
     0
1070
     0
1070
     0
1070
     0
1071
        0
1070
     0
1070
     0
1070
     0
1070
     0
1070
     0
1070
     0
1070
     0
1070
     0
1070
     0
1070
     0
1070
     0
1071
        0
1070
     0
1070
     0
1070
     0
1070
     0
1070
     0
1070
     0
1070
     0
1070
     0
1070
     0
1070
     0
1070
     0
1071
        0
1070
     0
1070
     0
1070
     0
1070
     0
1070
     0
1070
     0
1070
     0
1070
     0
1070
     0
1070
     0
1070
     0
1071
        0
1070
     0
1070
     0
1070
     0
1070
     0
1070
     0
1070
     0
1070
     0
1070
     0
1070
     0
1070
     0
1070
     0
1071
        0
1070
     0
1070
     0
1070
     0
1070
     0
1070
     0
1070
     0
1070
     0
1070
     0
1070
     0
1070
     0
1070
     0
1071
        0
1070
     0
1070
     0
1070
     0
1070
     0
1070
     0
1070
     0
1070
     0
1070
     0
1070
     0
1070
     0
1070
     0
1071
        0
1070
     0
1070
     0
1070
     0
1070
     0
1070
     0
1070
     0
1070
     0
1070
     0
1070
     0
1070
     0
1070
     0
1071
        0
1070
     0
1070
     0
1070
     0
1070
     0
1070
     0
1070
     0
1070
     0
1070
     0
1070
     0
1070
     0
1070
     0
1071
        0
1070
     0
1070
     0
1070
     0
1070
     0
1070
     0
1070
     0
1070
     0
1070
     0
1070
     0
1070
     0
1070
     0
1071
        0
1070
     0
1070
     0
1070
     0
1070
     0
1070
     0
1070
     0
1070
     0
1070
     0
1070
     0
1070
     0
1070
     0
1071
        0
1070
     0
1070
     0
1070
     0
1070
     0
1070
     0
1070
     0
1070
     0
1070
     0
1070
     0
1070
     0
1070
     0
1071
        0
1070
     0
1070
     0
1070
     0
1070
     0
1070
     0
1070
     0
1070
     0
1070
     0
1070
     0
1070
     0
1070
     0
1071
        0
1070
     0
1070
     0
1070
     0
1070
     0
1070
     0
1070
     0
1070
     0
1070
     0
1070
     0
1070
     0
1070
     0
1071
        0
1070
     0
1070
     0
1070
     0
1070
     0
1070
     0
1070
     0
1070
     0
1070
     0
1070
     0
1070
     0
1070
     0
1071
        0
1070
     0
1070
     0
1070
     0
1070
     0
1070
     0
1070
     0
1070
     0
1070
     0
1070
     0
1070
     0
1070
     0
1071
        0
1070
     0
1070
     0
1070
     0
1070
     0
1070
     0
1070
     0
1070
     0
1070
     0
1070
     0
1070
     0
1070
     0
1071
        0
1070
     0
1070
     0
1070
     0
1070
     0
1070
     0
1070
     0
1070
     0
1070
     0
1070
     0
1070
     0
1070
     0
1071
        0
1070
     0
1070
     0
1070
     0
1070
     0
1070
     0
1070
     0
1070
     0
1070
     0
1070
     0
1070
     0
1070
     0
1071
        0
1070
     0
1070
     0
1070
     0
1070
     0
1070
     0
1070
     0
1070
     0
1070
     0
1070
     0
1070
     0
1070
     0
1071
        0
1070
     0
1070
     0
1070
     0
1070
     0
1070
     0
1070
     0
1070
     0
1070
     0
1070
     0
1070
     0
1070
     0
1071
        0
1070
     0
1070
     0
1070
     0
1070
     0
1070
     0
1070
     0
1070
     0
1070
     0
1070
     0
1070
     0
1070
     0
1071
        0
1070
     0
1070
     0
1070
     0
1070
     0
1070
     0
1070
     0
1070
     0
1070
     0
1070
     0
1070
     0
1070
     0
1071
        0
1070
     0
1070
     0
1070
     0
1070
     0
1070
     0
1070
     0
1070
     0
1070
     0
1070
     0
1070
     0
1070
     0
1071
        0
1070
     0
1070
     0
1070
     0
1070
     0
1070
     0
1070
     0
1070
     0
1070
     0
1070
     0
1070
     0
1070
     0
1071
        0
1070
     0
1070
     0
1070
     0
1070
     0
1070
     0
1070
     0
1070
     0
1070
     0
1070
     0
1070
     0
1070
     0
1071
        0
1070
     0
1070
     0
1070
     0
1070
     0
1070
     0
1070
     0
1070
     0
1070
     0
1070
     0
1070
     0
1070
     0
1071
        0
1070
     0
1070
     0
1070
     0
1070
     0
1070
     0
1070
     0
1070
     0
1070
     0
1070
     0
1070
     0
1070
     0
1071
        0
1070
     0
1070
     0
1070
     0
1070
     0
1070
     0
1070
     0
1070
     0
1070
     0
1070
     0
1070
     0
1070
     0
1071
        0
1070
     0
1070
     0
1070
     0
1070
     0
1070
     0
1070
     0
1070
     0
1070
     0
1070
     0
1070
     0
1070
     0
1071
        0
1070
     0
1070
     0
1070
     0
1070
     0
1070
     0
1070
     0
1070
     0
1070
     0
1070
     0
1070
     0
1070
     0
1071
        0
1070
     0
1070
     0
1070
     0
1070
     0
1070
     0
1070
     0
1070
     0
1070
     0
1070
     0
1070
     0
1070
     0
1071
        0
1070
     0
1070
     0
1070
     0
1070
     0
1070
     0
1070
     0
1070
     0
1070
     0
1070
     0
1070
     0
1070
     0
1071
        0
1070
     0
1070
     0
1070
     0
1070
     0
1070
     0
1070
     0
1070
     0
1070
     0
1070
     0
1070
     0
1070
     0
1071
        0
1070
     0
1070
     0
1070
     0
1070
     0
1070
     0
1070
     0
1070
     0
1070
     0
1070
     0
1070
     0
1070
     0
1071
        0
1070
     0
1070
     0
1070
     0
1070
     0
1070
     0
1070
     0
1070
     0
1070
     0
1070
     0
1070
     0
1070
     0
1071
        0
1070
     0
1070
     0
1070
     0
1070
     0
1070
     0
1070
     0
1070
     0
1070
     0
1070
     0
1070
     0
1070
     0
1071
        0
1070
     0
1070
     0
1070
     0
1070
     0
1070
     0
1070
     0
1070
     0
1070
     0
1070
     0
1070
     0
1070
     0
1071
        0
1070
     0
1070
     0
1070
     0
1070
     0
1070
     0
1070
     0
1070
     0
1070
     0
1070
     0
1070
     0
1070
     0
1071
        0
1070
     0
1070
     0
1070
     0
1070
     0
1070
     0
1070
     0
1070
     0
1070
     0
1070
     0
1070
     0
1070
     0
1071
        0
1070
     0
1070
     0
1070
     0
1070
     0
1070
     0
1070
     0
1070
     0
1070
     0
1070
     0
1070
     0
1070
     0
1071
        0
1070
     0
1070
     0
1070
     0
1070
     0
1070
     0
1070
     0
1070
     0
1070
     0
1070
     0
1070
     0
1070
     0
1071
        0
1070
     0
1070
     0
1070
     0
1070
     0
1070
     0
1070
     0
1070
     0
1070
     0
1070
     0
1070
     0
1070
     0
1071
        0
1070
     0
1070
     0
1070
     0
1070
     0
1070
     0
1070
     0
1070
     0
1070
     0
1070
     0
1070
     0
1070
     0
1071
        0
1070
     0
1070
     0
1070
     0
1070
     0
1070
     0
1070
     0
1070
     0
1070
     0
1070
     0
1070
     0
1070
     0
1071
        0
1070
     0
1070
     0
1070
     0
1070
     0
1070
     0
1070
     0
1070
     0
1070
     0
1070
     0
1070
     0
1070
     0
1071
        0
1070
     0
1070
     0
1070
     0
1070
     0
1070
     0
1070
     0
1070
     0
1070
     0
1070
     0
1070
     0
1070
     0
1071
        0
1070
     0
1070
     0
1070
     0
1070
     0
1070
     0
1070
     0
1070
     0
1070
     0
1070
     0
1070
     0
1070
     0
1071
        0
1070
     0
1070
     0
1070
     0
1070
     0
1070
     0
1070
     0
1070
     0
1070
     0
1070
     0
1070
     0
1070
     0
1071
        0
1070
     0
1070
     0
1070
     0
1070
     0
1070
     0
1070
     0
1070
     0
1070
     0
1070
     0
1070
     0
1070
     0
1071
        0
1070
     0
1070
     0
1070
     0
1070
     0
1070
     0
1070
     0
1070
     0
1070
     0
1070
     0
1070
     0
1070
     0
1071
        0
1070
     0
1070
     0
1070
     0
1070
     0
1070
     0
1070
     0
1070
     0
1070
     0
1070
     0
1070
     0
1070
     0
1071
        0
1070
     0
1070
     0
1070
     0
1070
     0
1070
     0
1070
     0
1070
     0
1070
     0
1070
     0
1070
     0
1070
     0
1071
        0
1070
     0
1070
     0
1070
     0
1070
     0
1070
     0
1070
     0
1070
     0
1070
     0
1070
     0
1070
     0
1070
     0
1071
        0
1070
     0
1070
     0
1070
     0
1070
     0
1070
     0
1070
     0
1070
     0
1070
     0
1070
     0
1070
     0
1070
     0
1071
        0
1070
     0
1070
     0
1070
     0
1070
     0
1070
     0
1070
     0
1070
     0
1070
     0
1070
     0
1070
     0
1070
     0
1071
        0
1070
     0
1070
     0
1070
     0
1070
     0
1070
     0
1070
     0
1070
     0
1070
     0
1070
     0
1070
     0
1070
     0
1071
        0
1070
     0
1070
     0
1070
     0
1070
     0
1070
     0
1070
     0
1070
     0
1070
     0
1070
     0
1070
     0
1070
     0
1071
        0
1070
     0
1070
     0
1070
     0
1070
     0
1070
     0
1070
     0
1070
     0
1070
     0
1070
     0
1070
     0
1070
     0
1071
        0
1070
     0
1070
     0
1070
     0
1070
     0
1070
     0
1070
     0
1070
     0
1070
     0
1070
     0
1070
     0
1070
     0
1071
        0
1070
     0
1070
     0
1070
     0
1070
     0
1070
     0
1070
     0
1070
     0
1070
     0
1070
     0
1070
     0
1070
     0
1071
        0
1070
     0
1070
     0
1070
     0
1070
     0
1070
     0
1070
     0
1070
     0
1070
     0
1070
     0
1070
     0
1070
     0
1071
        0
1070
     0
1070
     0
1070
     0
1070
     0
1070
     0
1070
     0
1070
     0
1070
     0
1070
     0
1070
     0
1070
     0
1071
        0
1070
     0
1070
     0
1070
     0
1070
     0
1070
     0
1070
     0
1070
     0
1070
     0
1070
     0
1070
     0
1070
     0
1071
        0
1070
     0
1070
     0
1070
     0
1070
     0
1070
     0
1070
     0
1070
     0
1070
     0
1070
     0
1070
     0
1070
     0
1071
        0
1070
     0
1070
     0
1070
     0
1070
     0
1070
     0
1070
     0
1070
     0
1070
     0
1070
     0
1070
     0
1070
     0
1071
        0
1070
     0
1070
     0
1070
     0
1070
     0
1070
     0
1070
     0
1070
     0
1070
     0
1070
     0
1070
     0
1070
     0
1071
        0
1070
     0
1070
     0
1070
     0
1070
     0
1070
     0
1070
     0
1070
     0
1070
     0
1070
     0
1070
     0
1070
     0
1071
        0
1070
     0
1070
     0
1070
     0
1070
     0
1070
     0
1070
     0
1070
     0
1070
     0
1070
     0
1070
     0
1070
     0
1071
        0
1070
     0
1070
     0
1070
     0
1070
     0
1070
     0
1070
     0
1070
     0
1070
     0
1070
     0
1070
     0
1070
     0
1071
        0
1070
     0
1070
     0
1070
     0
1070
     0
1070
     0
1070
     0
1070
     0
1070
     0
1070
     0
1070
     0
1070
     0
1071
        0
1070
     0
1070
     0
1070
     0
1070
     0
1070
     0
1070
     0
1070
     0
1070
     0
1070
     0
1070
     0
1070
     0
1071
        0
1070
     0
1070
     0
1070
     0
1070
     0
1070
     0
1070
     0
1070
     0
1070
     0
1070
     0
1070
     0
1070
     0
1071
        0
1070
     0
1070
     0
1070
     0
1070
     0
1070
     0
1070
     0
1070
     0
1070
     0
1070
     0
1070
     0
1070
     0
1071
        0
1070
     0
1070
     0
1070
     0
1070
     0
1070
     0
1070
     0
1070
     0
1070
     0
1070
     0
1070
     0
1070
     0
1071
        0
1070
     0
1070
     0
1070
     0
1070
     0
1070
     0
1070
     0
1070
     0
1070
     0
1070
     0
1070
     0
1070
     0
1071
        0
1070
     0
1070
     0
1070
     0
1070
     0
1070
     0
1070
     0
1070
     0
1070
     0
1070
     0
1070
     0
1070
     0
1071
        0
1070
     0
1070
     0
1070
     0
1070
     0
1070
     0
1070
     0
1070
     0
1070
     0
1070
     0
1070
     0
1070
     0
1071
        0
1070
     0
1070
     0
1070
     0
1070
     0
1070
     0
1070
     0
1070
     0
1070
     0
1070
     0
1070
     0
1070
     0
1071
        0
1070
     0
1070
     0
1070
     0
1070
     0
1070
     0
1070
     0
1070
     0
1070
     0
1070
     0
1070
     0
1070
     0
1071
        0
1070
     0
1070
     0
1070
     0
1070
     0
1070
     0
1070
     0
1070
     0
1070
     0
1070
     0
1070
     0
1070
     0
1071
        0
1070
     0
1070
     0
1070
     0
1070
     0
1070
     0
1070
     0
1070
     0
1070
     0
1070
     0
1070
     0
1070
     0
1071
        0
1070
     0
1070
     0
1070
     0
1070
     0
1070
     0
1070
     0
1070
     0
1070
     0
1070
     0
1070
     0
1070
     0
1071
        0
1070
     0
1070
     0
1070
     0
1070
     0
1070
     0
1070
     0
1070
     0
1070
     0
1070
     0
1070
     0
1070
     0
1071
        0
1070
     0
1070
     0
1070
     0
1070
     0
1070
     0
1070
     0
1070
     0
1070
     0
1070
     0
1070
     0
1070
     0
1071
        0
1070
     0
1070
     0
1070
     0
1070
     0
1070
     0
1070
     0
1070
     0
1070
     0
1070
     0
1070
     0
1070
     0
1071
        0
1070
     0
1070
     0
1070
     0
1070
     0
1070
     0
1070
     0
1070
     0
1070
     0
1070
     0
1070
     0
1070
     0
1071
        0
1070
     0
1070
     0
1070
     0
1070
     0
1070
     0
1070
     0
1070
     0
1070
     0
1070
     0
1070
     0
1070
     0
1071
        0
1070
     0
1070
     0
1070
     0
1070
     0
1070
     0
1070
     0
1070
     0
1070
     0
1070
     0
1070
     0
1070
     0
1071
        0
1070
     0
1070
     0
1070
     0
1070
     0
1070
     0
1070
     0
1070
     0
1070
     0
1070
     0
1070
     0
1070
     0
1071
        0
1070
     0
1070
     0
1070
     0
1070
     0
1070
     0
1070
     0
1070
     0
1070
     0
1070
     0
1070
     0
1070
     0
1071
        0
1070
     0
1070
     0
1070
     0
1070
     0
1070
     0
1070
     0
1070
     0
1070
     0
1070
     0
1070
     0
1070
     0
1071
        0
1070
     0
1070
     0
1070
     0
1070
     0
1070
     0
1070
     0
1070
     0
1070
     0
1070
     0
1070
     0
1070
     0
1071
        0
1070
     0
1070
     0
1070
     0
1070
     0
1070
     0
1070
     0
1070
     0
1070
     0
1070
     0
1070
     0
1070
     0
1071
        0
1070
     0
1070
     0
1070
     0
1070
     0
1070
     0
1070
     0
1070
     0
1070
     0
1070
     0
1070
     0
1070
     0
1071
        0
1070
     0
1070
     0
1070
     0
1070
     0
1070
     0
1070
     0
1070
     0
1070
     0
1070
     0
1070
     0
1070
     0
1071
        0
1070
     0
1070
     0
1070
     0
1070
     0
1070
     0
1070
     0
1070
     0
1070
     0
1070
     0
1070
     0
1070
     0
1071
        0
1070
     0
1070
     0
1070
     0
1070
     0
1070
     0
1070
     0
1070
     0
1070
     0
1070
     0
1070
     0
1070
     0
1071
        0
1070
     0
1070
     0
1070
     0
1070
     0
1070
     0
1070
     0
1070
     0
1070
     0
1070
     0
1070
     0
1070
     0
1071
        0
1070
     0
1070
     0
1070
     0
1070
     0
1070
     0
1070
     0
1070
     0
1070
     0
1070
     0
1070
     0
1070
     0
1071
        0
1070
     0
1070
     0
1070
     0
1070
     0
1070
     0
1070
     0
1070
     0
1070
     0
1070
     0
1070
     0
1070
     0
1071
        0
1070
     0
1070
     0
1070
     0
1070
     0
1070
     0
1070
     0
1070
     0
1070
     0
1070
     0
1070
     0
1070
     0
1071
        0
1070
     0
1070
     0
1070
     0
1070
     0
1070
     0
1070
     0
1070
     0
1070
     0
1070
     0
1070
     0
1070
     0
1071
        0
1070
     0
1070
     0
1070
     0
1070
     0
1070
     0
1070
     0
1070
     0
1070
     0
1070
     0
1070
     0
1070
     0
1071
        0
1070
     0
1070
     0
1070
     0
1070
     0
1070
     0
1070
     0
1070
     0
1070
     0
1070
     0
1070
     0
1070
     0
1071
        0
1070
     0
1070
     0
1070
     0
1070
     0
1070
     0
1070
     0
1070
     0
1070
     0
1070
     0
1070
     0
1070
     0
1071
        0
1070
     0
1070
     0
1070
     0
1070
     0
1070
     0
1070
     0
1070
     0
1070
     0
1070
     0
1070
     0
1070
     0
1071
        0
1070
     0
1070
     0
1070
     0
1070
     0
1070
     0
1070
     0
1070
     0
1070
     0
1070
     0
1070
     0
1070
     0
1071
        0
1070
     0
1070
     0
1070
     0
1070
     0
1070
     0
1070
     0
1070
     0
1070
     0
1070
     0
1070
     0
1070
     0
1071
        0
1070
     0
1070
     0
1070
     0
1070
     0
1070
     0
1070
     0
1070
     0
1070
     0
1070
     0
1070
     0
1070
     0
1071
        0
1070
     0
1070
     0
1070
     0
1070
     0
1070
     0
1070
     0
1070
     0
1070
     0
1070
     0
1070
     0
1070
     0
1071
        0
1070
     0
1070
     0
1070
     0
1070
     0
1070
     0
1070
     0
1070
     0
1070
     0
1070
     0
1070
     0
1070
     0
1071
        0
1070
     0
1070
     0
1070
     0
1070
     0
1070
     0
1070
     0
1070
     0
1070
     0
1070
     0
1070
     0
1070
     0
1071
        0
1070
     0
1070
     0
1070
     0
1070
     0
1070
     0
1070
     0
1070
     0
1070
     0
1070
     0
1070
     0
1070
     0
1071
        0
1070
     0
1070
     0
1070
     0
1070
     0
1070
     0
1070
     0
1070
     0
1070
     0
1070
     0
1070
     0
1070
     0
1071
        0
1070
     0
1070
     0
1070
     0
1070
     0
1070
     0
1070
     0
1070
     0
1070
     0
1070
     0
1070
     0
1070
     0
1071
        0
1070
     0
1070
     0
1070
     0
1070
     0
1070
     0
1070
     0
1070
     0
1070
     0
1070
     0
1070
     0
1070
     0
1071
        0
1070
     0
1070
     0
1070
     0
1070
     0
1070
     0
1070
     0
1070
     0
1070
     0
1070
     0
1070
     0
1070
     0
1071
        0
1070
     0
1070
     0
1070
     0
1070
     0
1070
     0
1070
     0
1070
     0
1070
     0
1070
     0
1070
     0
1070
     0
1071
        0
1070
     0
1070
     0
1070
     0
1070
     0
1070
     0
1070
     0
1070
     0
1070
     0
1070
     0
1070
     0
1070
     0
1071
        0
1070
     0
1070
     0
1070
     0
1070
     0
1070
     0
1070
     0
1070
     0
1070
     0
1070
     0
1070
     0
1070
     0
1071
        0
1070
     0
1070
     0
1070
     0
1070
     0
1070
     0
1070
     0
1070
     0
1070
     0
1070
     0
1070
     0
1070
     0
1071
        0
1070
     0
1070
     0
1070
     0
1070
     0
1070
     0
1070
     0
1070
     0
1070
     0
1070
     0
1070
     0
1070
     0
1071
        0
1070
     0
1070
     0
1070
     0
1070
     0
1070
     0
1070
     0
1070
     0
1070
     0
1070
     0
1070
     0
1070
     0
1071
        0
1070
     0
1070
     0
1070
     0
1070
     0
1070
     0
1070
     0
1070
     0
1070
     0
1070
     0
1070
     0
1070
     0
1071
        0
1070
     0
1070
     0
1070
     0
1070
     0
1070
     0
1070
     0
1070
     0
1070
     0
1070
     0
1070
     0
1070
     0
1071
        0
1070
     0
1070
     0
1070
     0
1070
     0
1070
     0
1070
     0
1070
     0
1070
     0
1070
     0
1070
     0
1070
     0
1071
        0
1070
     0
1070
     0
1070
     0
1070
     0
1070
     0
1070
     0
1070
     0
1070
     0
1070
     0
1070
     0
1070
     0
1071
        0
1070
     0
1070
     0
1070
     0
1070
     0
1070
     0
1070
     0
1070
     0
1070
     0
1070
     0
1070
     0
1070
     0
1071
        0
1070
     0
1070
     0
1070
     0
1070
     0
1070
     0
1070
     0
1070
     0
1070
     0
1070
     0
1070
     0
1070
     0
1071
        0
1070
     0
1070
     0
1070
     0
1070
     0
1070
     0
1070
     0
1070
     0
1070
     0
1070
     0
1070
     0
1070
     0
1071
        0
1070
     0
1070
     0
1070
     0
1070
     0
1070
     0
1070
     0
1070
     0
1070
     0
1070
     0
1070
     0
1070
     0
1071
        0
1070
     0
1070
     0
1070
     0
1070
     0
1070
     0
1070
     0
1070
     0
1070
     0
1070
     0
1070
     0
1070
     0
1071
        0
1070
     0
1070
     0
1070
     0
1070
     0
1070
     0
1070
     0
1070
     0
1070
     0
1070
     0
1070
     0
1070
     0
1071
        0
1070
     0
1070
     0
1070
     0
1070
     0
1070
     0
1070
     0
1070
     0
1070
     0
1070
     0
1070
     0
1070
     0
1071
        0
1070
     0
1070
     0
1070
     0
1070
     0
1070
     0
1070
     0
1070
     0
1070
     0
1070
     0
1070
     0
1070
     0
1071
        0
1070
     0
1070
     0
1070
     0
1070
     0
1070
     0
1070
     0
1070
     0
1070
     0
1070
     0
1070
     0
1070
     0
1071
        0
1070
     0
1070
     0
1070
     0
1070
     0
1070
     0
1070
     0
1070
     0
1070
     0
1070
     0
1070
     0
1070
     0
1071
        0
1070
     0
1070
     0
1070
     0
1070
     0
1070
     0
1070
     0
1070
     0
1070
     0
1070
     0
1070
     0
1070
     0
1071
        0
1070
     0
1070
     0
1070
     0
1070
     0
1070
     0
1070
     0
1070
     0
1070
     0
1070
     0
1070
     0
1070
     0
1071
        0
1070
     0
1070
     0
1070
     0
1070
     0
1070
     0
1070
     0
1070
     0
1070
     0
1070
     0
1070
     0
1070
     0
1071
        0
1070
     0
1070
     0
1070
     0
1070
     0
1070
     0
1070
     0
1070
     0
1070
     0
1070
     0
1070
     0
1070
     0
1071
        0
1070
     0
1070
     0
1070
     0
1070
     0
1070
     0
1070
     0
1070
     0
1070
     0
1070
     0
1070
     0
1070
     0
1071
        0
1070
     0
1070
     0
1070
     0
1070
     0
1070
     0
1070
     0
1070
     0
1070
     0
1070
     0
1070
     0
1070
     0
1071
        0
1070
     0
1070
     0
1070
     0
1070
     0
1070
     0
1070
     0
1070
     0
1070
     0
1070
     0
1070
     0
1070
     0
1071
        0
1070
     0
1070
     0
1070
     0
1070
     0
1070
     0
1070
     0
1070
     0
1070
     0
1070
     0
1070
     0
1070
     0
1071
        0
1070
     0
1070
     0
1070
     0
1070
     0
1070
     0
1070
     0
1070
     0
1070
     0
1070
     0
1070
     0
1070
     0
1071
        0
1070
     0
1070
     0
1070
     0
1070
     0
1070
     0
1070
     0
1070
     0
1070
     0
1070
     0
1070
     0
1070
     0
1071
        0
1070
     0
1070
     0
1070
     0
1070
     0
1070
     0
1070
     0
1070
     0
1070
     0
1070
     0
1070
     0
1070
     0
1071
        0
1070
     0
1070
     0
1070
     0
1070
     0
1070
     0
1070
     0
1070
     0
1070
     0
1070
     0
1070
     0
1070
     0
1071
        0
1070
     0
1070
     0
1070
     0
1070
     0
1070
     0
1070
     0
1070
     0
1070
     0
1070
     0
1070
     0
  0
TEXT
  5
7B1
330
1F
100
AcDbEntity
  8
COLUMN_TEXT__BM_
100
AcDbText
 39
0.0463826642588751
 10
2690.927995520522
 20
984.8165864387452
 30
-0.0000000082728956
 40
0.2
  1
C09
  7
NAME
100
AcDbText
  0
ELLIPSE
  5
7B2
330
1F
100
AcDbEntity
  8
COLUMN_TEXT_BOX__BM_
100
AcDbEllipse
 10
2691.189106982191
 20
984.9160554863261
 30
0.0
 11
-0.3141047421322583
 21
0.0
 31
0.0
210
0.0
220
0.0
230
1.0
 40
0.4476558537982991
 41
0.0
 42
6.283185307179586
1001
ACAD_OBJECT_CHANGE_GUID
1070
     0
1071
        0
1070
     0
1070
     0
1070
     0
1070
     0
1070
     0
1070
     0
1070
     0
1070
     0
1070
     0
1070
     0
1070
     0
1071
        0
1070
     0
1070
     0
1070
     0
1070
     0
1070
     0
1070
     0
1070
     0
1070
     0
1070
     0
1070
     0
1070
     0
1071
        0
1070
     0
1070
     0
1070
     0
1070
     0
1070
     0
1070
     0
1070
     0
1070
     0
1070
     0
1070
     0
1070
     0
1071
        0
1070
     0
1070
     0
1070
     0
1070
     0
1070
     0
1070
     0
1070
     0
1070
     0
1070
     0
1070
     0
1070
     0
1071
        0
1070
     0
1070
     0
1070
     0
1070
     0
1070
     0
1070
     0
1070
     0
1070
     0
1070
     0
1070
     0
1070
     0
1071
        0
1070
     0
1070
     0
1070
     0
1070
     0
1070
     0
1070
     0
1070
     0
1070
     0
1070
     0
1070
     0
1070
     0
1071
        0
1070
     0
1070
     0
1070
     0
1070
     0
1070
     0
1070
     0
1070
     0
1070
     0
1070
     0
1070
     0
1070
     0
1071
        0
1070
     0
1070
     0
1070
     0
1070
     0
1070
     0
1070
     0
1070
     0
1070
     0
1070
     0
1070
     0
1070
     0
1071
        0
1070
     0
1070
     0
1070
     0
1070
     0
1070
     0
1070
     0
1070
     0
1070
     0
1070
     0
1070
     0
1070
     0
1071
        0
1070
     0
1070
     0
1070
     0
1070
     0
1070
     0
1070
     0
1070
     0
1070
     0
1070
     0
1070
     0
1070
     0
1071
        0
1070
     0
1070
     0
1070
     0
1070
     0
1070
     0
1070
     0
1070
     0
1070
     0
1070
     0
1070
     0
1070
     0
1071
        0
1070
     0
1070
     0
1070
     0
1070
     0
1070
     0
1070
     0
1070
     0
1070
     0
1070
     0
1070
     0
1070
     0
1071
        0
1070
     0
1070
     0
1070
     0
1070
     0
1070
     0
1070
     0
1070
     0
1070
     0
1070
     0
1070
     0
1070
     0
1071
        0
1070
     0
1070
     0
1070
     0
1070
     0
1070
     0
1070
     0
1070
     0
1070
     0
1070
     0
1070
     0
1070
     0
1071
        0
1070
     0
1070
     0
1070
     0
1070
     0
1070
     0
1070
     0
1070
     0
1070
     0
1070
     0
1070
     0
1070
     0
1071
        0
1070
     0
1070
     0
1070
     0
1070
     0
1070
     0
1070
     0
1070
     0
1070
     0
1070
     0
1070
     0
1070
     0
1071
        0
1070
     0
1070
     0
1070
     0
1070
     0
1070
     0
1070
     0
1070
     0
1070
     0
1070
     0
1070
     0
1070
     0
1071
        0
1070
     0
1070
     0
1070
     0
1070
     0
1070
     0
1070
     0
1070
     0
1070
     0
1070
     0
1070
     0
1070
     0
1071
        0
1070
     0
1070
     0
1070
     0
1070
     0
1070
     0
1070
     0
1070
     0
1070
     0
1070
     0
1070
     0
1070
     0
1071
        0
1070
     0
1070
     0
1070
     0
1070
     0
1070
     0
1070
     0
1070
     0
1070
     0
1070
     0
1070
     0
1070
     0
1071
        0
1070
     0
1070
     0
1070
     0
1070
     0
1070
     0
1070
     0
1070
     0
1070
     0
1070
     0
1070
     0
1070
     0
1071
        0
1070
     0
1070
     0
1070
     0
1070
     0
1070
     0
1070
     0
1070
     0
1070
     0
1070
     0
1070
     0
1070
     0
1071
        0
1070
     0
1070
     0
1070
     0
1070
     0
1070
     0
1070
     0
1070
     0
1070
     0
1070
     0
1070
     0
1070
     0
1071
        0
1070
     0
1070
     0
1070
     0
1070
     0
1070
     0
1070
     0
1070
     0
1070
     0
1070
     0
1070
     0
1070
     0
1071
        0
1070
     0
1070
     0
1070
     0
1070
     0
1070
     0
1070
     0
1070
     0
1070
     0
1070
     0
1070
     0
1070
     0
1071
        0
1070
     0
1070
     0
1070
     0
1070
     0
1070
     0
1070
     0
1070
     0
1070
     0
1070
     0
1070
     0
1070
     0
1071
        0
1070
     0
1070
     0
1070
     0
1070
     0
1070
     0
1070
     0
1070
     0
1070
     0
1070
     0
1070
     0
1070
     0
1071
        0
1070
     0
1070
     0
1070
     0
1070
     0
1070
     0
1070
     0
1070
     0
1070
     0
1070
     0
1070
     0
1070
     0
1071
        0
1070
     0
1070
     0
1070
     0
1070
     0
1070
     0
1070
     0
1070
     0
1070
     0
1070
     0
1070
     0
1070
     0
1071
        0
1070
     0
1070
     0
1070
     0
1070
     0
1070
     0
1070
     0
1070
     0
1070
     0
1070
     0
1070
     0
1070
     0
1071
        0
1070
     0
1070
     0
1070
     0
1070
     0
1070
     0
1070
     0
1070
     0
1070
     0
1070
     0
1070
     0
1070
     0
1071
        0
1070
     0
1070
     0
1070
     0
1070
     0
1070
     0
1070
     0
1070
     0
1070
     0
1070
     0
1070
     0
1070
     0
1071
        0
1070
     0
1070
     0
1070
     0
1070
     0
1070
     0
1070
     0
1070
     0
1070
     0
1070
     0
1070
     0
1070
     0
1071
        0
1070
     0
1070
     0
1070
     0
1070
     0
1070
     0
1070
     0
1070
     0
1070
     0
1070
     0
1070
     0
1070
     0
1071
        0
1070
     0
1070
     0
1070
     0
1070
     0
1070
     0
1070
     0
1070
     0
1070
     0
1070
     0
1070
     0
1070
     0
1071
        0
1070
     0
1070
     0
1070
     0
1070
     0
1070
     0
1070
     0
1070
     0
1070
     0
1070
     0
1070
     0
1070
     0
1071
        0
1070
     0
1070
     0
1070
     0
1070
     0
1070
     0
1070
     0
1070
     0
1070
     0
1070
     0
1070
     0
1070
     0
1071
        0
1070
     0
1070
     0
1070
     0
1070
     0
1070
     0
1070
     0
1070
     0
1070
     0
1070
     0
1070
     0
1070
     0
1071
        0
1070
     0
1070
     0
1070
     0
1070
     0
1070
     0
1070
     0
1070
     0
1070
     0
1070
     0
1070
     0
1070
     0
1071
        0
1070
     0
1070
     0
1070
     0
1070
     0
1070
     0
1070
     0
1070
     0
1070
     0
1070
     0
1070
     0
1070
     0
1071
        0
1070
     0
1070
     0
1070
     0
1070
     0
1070
     0
1070
     0
1070
     0
1070
     0
1070
     0
1070
     0
1070
     0
1071
        0
1070
     0
1070
     0
1070
     0
1070
     0
1070
     0
1070
     0
1070
     0
1070
     0
1070
     0
1070
     0
1070
     0
1071
        0
1070
     0
1070
     0
1070
     0
1070
     0
1070
     0
1070
     0
1070
     0
1070
     0
1070
     0
1070
     0
1070
     0
1071
        0
1070
     0
1070
     0
1070
     0
1070
     0
1070
     0
1070
     0
1070
     0
1070
     0
1070
     0
1070
     0
1070
     0
1071
        0
1070
     0
1070
     0
1070
     0
1070
     0
1070
     0
1070
     0
1070
     0
1070
     0
1070
     0
1070
     0
1070
     0
1071
        0
1070
     0
1070
     0
1070
     0
1070
     0
1070
     0
1070
     0
1070
     0
1070
     0
1070
     0
1070
     0
1070
     0
1071
        0
1070
     0
1070
     0
1070
     0
1070
     0
1070
     0
1070
     0
1070
     0
1070
     0
1070
     0
1070
     0
1070
     0
1071
        0
1070
     0
1070
     0
1070
     0
1070
     0
1070
     0
1070
     0
1070
     0
1070
     0
1070
     0
1070
     0
1070
     0
1071
        0
1070
     0
1070
     0
1070
     0
1070
     0
1070
     0
1070
     0
1070
     0
1070
     0
1070
     0
1070
     0
1070
     0
1071
        0
1070
     0
1070
     0
1070
     0
1070
     0
1070
     0
1070
     0
1070
     0
1070
     0
1070
     0
1070
     0
1070
     0
1071
        0
1070
     0
1070
     0
1070
     0
1070
     0
1070
     0
1070
     0
1070
     0
1070
     0
1070
     0
1070
     0
1070
     0
1071
        0
1070
     0
1070
     0
1070
     0
1070
     0
1070
     0
1070
     0
1070
     0
1070
     0
1070
     0
1070
     0
1070
     0
1071
        0
1070
     0
1070
     0
1070
     0
1070
     0
1070
     0
1070
     0
1070
     0
1070
     0
1070
     0
1070
     0
1070
     0
1071
        0
1070
     0
1070
     0
1070
     0
1070
     0
1070
     0
1070
     0
1070
     0
1070
     0
1070
     0
1070
     0
1070
     0
1071
        0
1070
     0
1070
     0
1070
     0
1070
     0
1070
     0
1070
     0
1070
     0
1070
     0
1070
     0
1070
     0
1070
     0
1071
        0
1070
     0
1070
     0
1070
     0
1070
     0
1070
     0
1070
     0
1070
     0
1070
     0
1070
     0
1070
     0
1070
     0
1071
        0
1070
     0
1070
     0
1070
     0
1070
     0
1070
     0
1070
     0
1070
     0
1070
     0
1070
     0
1070
     0
1070
     0
1071
        0
1070
     0
1070
     0
1070
     0
1070
     0
1070
     0
1070
     0
1070
     0
1070
     0
1070
     0
1070
     0
1070
     0
1071
        0
1070
     0
1070
     0
1070
     0
1070
     0
1070
     0
1070
     0
1070
     0
1070
     0
1070
     0
1070
     0
1070
     0
1071
        0
1070
     0
1070
     0
1070
     0
1070
     0
1070
     0
1070
     0
1070
     0
1070
     0
1070
     0
1070
     0
1070
     0
1071
        0
1070
     0
1070
     0
1070
     0
1070
     0
1070
     0
1070
     0
1070
     0
1070
     0
1070
     0
1070
     0
1070
     0
1071
        0
1070
     0
1070
     0
1070
     0
1070
     0
1070
     0
1070
     0
1070
     0
1070
     0
1070
     0
1070
     0
1070
     0
1071
        0
1070
     0
1070
     0
1070
     0
1070
     0
1070
     0
1070
     0
1070
     0
1070
     0
1070
     0
1070
     0
1070
     0
1071
        0
1070
     0
1070
     0
1070
     0
1070
     0
1070
     0
1070
     0
1070
     0
1070
     0
1070
     0
1070
     0
1070
     0
1071
        0
1070
     0
1070
     0
1070
     0
1070
     0
1070
     0
1070
     0
1070
     0
1070
     0
1070
     0
1070
     0
1070
     0
1071
        0
1070
     0
1070
     0
1070
     0
1070
     0
1070
     0
1070
     0
1070
     0
1070
     0
1070
     0
1070
     0
1070
     0
1071
        0
1070
     0
1070
     0
1070
     0
1070
     0
1070
     0
1070
     0
1070
     0
1070
     0
1070
     0
1070
     0
1070
     0
1071
        0
1070
     0
1070
     0
1070
     0
1070
     0
1070
     0
1070
     0
1070
     0
1070
     0
1070
     0
1070
     0
1070
     0
1071
        0
1070
     0
1070
     0
1070
     0
1070
     0
1070
     0
1070
     0
1070
     0
1070
     0
1070
     0
1070
     0
1070
     0
1071
        0
1070
     0
1070
     0
1070
     0
1070
     0
1070
     0
1070
     0
1070
     0
1070
     0
1070
     0
1070
     0
1070
     0
1071
        0
1070
     0
1070
     0
1070
     0
1070
     0
1070
     0
1070
     0
1070
     0
1070
     0
1070
     0
1070
     0
1070
     0
1071
        0
1070
     0
1070
     0
1070
     0
1070
     0
1070
     0
1070
     0
1070
     0
1070
     0
1070
     0
1070
     0
1070
     0
1071
        0
1070
     0
1070
     0
1070
     0
1070
     0
1070
     0
1070
     0
1070
     0
1070
     0
1070
     0
1070
     0
1070
     0
1071
        0
1070
     0
1070
     0
1070
     0
1070
     0
1070
     0
1070
     0
1070
     0
1070
     0
1070
     0
1070
     0
1070
     0
1071
        0
1070
     0
1070
     0
1070
     0
1070
     0
1070
     0
1070
     0
1070
     0
1070
     0
1070
     0
1070
     0
1070
     0
1071
        0
1070
     0
1070
     0
1070
     0
1070
     0
1070
     0
1070
     0
1070
     0
1070
     0
1070
     0
1070
     0
1070
     0
1071
        0
1070
     0
1070
     0
1070
     0
1070
     0
1070
     0
1070
     0
1070
     0
1070
     0
1070
     0
1070
     0
1070
     0
1071
        0
1070
     0
1070
     0
1070
     0
1070
     0
1070
     0
1070
     0
1070
     0
1070
     0
1070
     0
1070
     0
1070
     0
1071
        0
1070
     0
1070
     0
1070
     0
1070
     0
1070
     0
1070
     0
1070
     0
1070
     0
1070
     0
1070
     0
1070
     0
1071
        0
1070
     0
1070
     0
1070
     0
1070
     0
1070
     0
1070
     0
1070
     0
1070
     0
1070
     0
1070
     0
1070
     0
1071
        0
1070
     0
1070
     0
1070
     0
1070
     0
1070
     0
1070
     0
1070
     0
1070
     0
1070
     0
1070
     0
1070
     0
1071
        0
1070
     0
1070
     0
1070
     0
1070
     0
1070
     0
1070
     0
1070
     0
1070
     0
1070
     0
1070
     0
1070
     0
1071
        0
1070
     0
1070
     0
1070
     0
1070
     0
1070
     0
1070
     0
1070
     0
1070
     0
1070
     0
1070
     0
1070
     0
1071
        0
1070
     0
1070
     0
1070
     0
1070
     0
1070
     0
1070
     0
1070
     0
1070
     0
1070
     0
1070
     0
1070
     0
1071
        0
1070
     0
1070
     0
1070
     0
1070
     0
1070
     0
1070
     0
1070
     0
1070
     0
1070
     0
1070
     0
1070
     0
1071
        0
1070
     0
1070
     0
1070
     0
1070
     0
1070
     0
1070
     0
1070
     0
1070
     0
1070
     0
1070
     0
1070
     0
1071
        0
1070
     0
1070
     0
1070
     0
1070
     0
1070
     0
1070
     0
1070
     0
1070
     0
1070
     0
1070
     0
1070
     0
1071
        0
1070
     0
1070
     0
1070
     0
1070
     0
1070
     0
1070
     0
1070
     0
1070
     0
1070
     0
1070
     0
1070
     0
1071
        0
1070
     0
1070
     0
1070
     0
1070
     0
1070
     0
1070
     0
1070
     0
1070
     0
1070
     0
1070
     0
1070
     0
1071
        0
1070
     0
1070
     0
1070
     0
1070
     0
1070
     0
1070
     0
1070
     0
1070
     0
1070
     0
1070
     0
1070
     0
1071
        0
1070
     0
1070
     0
1070
     0
1070
     0
1070
     0
1070
     0
1070
     0
1070
     0
1070
     0
1070
     0
1070
     0
1071
        0
1070
     0
1070
     0
1070
     0
1070
     0
1070
     0
1070
     0
1070
     0
1070
     0
1070
     0
1070
     0
1070
     0
1071
        0
1070
     0
1070
     0
1070
     0
1070
     0
1070
     0
1070
     0
1070
     0
1070
     0
1070
     0
1070
     0
1070
     0
1071
        0
1070
     0
1070
     0
1070
     0
1070
     0
1070
     0
1070
     0
1070
     0
1070
     0
1070
     0
1070
     0
1070
     0
1071
        0
1070
     0
1070
     0
1070
     0
1070
     0
1070
     0
1070
     0
1070
     0
1070
     0
1070
     0
1070
     0
1070
     0
1071
        0
1070
     0
1070
     0
1070
     0
1070
     0
1070
     0
1070
     0
1070
     0
1070
     0
1070
     0
1070
     0
1070
     0
1071
        0
1070
     0
1070
     0
1070
     0
1070
     0
1070
     0
1070
     0
1070
     0
1070
     0
1070
     0
1070
     0
1070
     0
1071
        0
1070
     0
1070
     0
1070
     0
1070
     0
1070
     0
1070
     0
1070
     0
1070
     0
1070
     0
1070
     0
1070
     0
1071
        0
1070
     0
1070
     0
1070
     0
1070
     0
1070
     0
1070
     0
1070
     0
1070
     0
1070
     0
1070
     0
1070
     0
1071
        0
1070
     0
1070
     0
1070
     0
1070
     0
1070
     0
1070
     0
1070
     0
1070
     0
1070
     0
1070
     0
1070
     0
1071
        0
1070
     0
1070
     0
1070
     0
1070
     0
1070
     0
1070
     0
1070
     0
1070
     0
1070
     0
1070
     0
1070
     0
1071
        0
1070
     0
1070
     0
1070
     0
1070
     0
1070
     0
1070
     0
1070
     0
1070
     0
1070
     0
1070
     0
1070
     0
1071
        0
1070
     0
1070
     0
1070
     0
1070
     0
1070
     0
1070
     0
1070
     0
1070
     0
1070
     0
1070
     0
1070
     0
1071
        0
1070
     0
1070
     0
1070
     0
1070
     0
1070
     0
1070
     0
1070
     0
1070
     0
1070
     0
1070
     0
1070
     0
1071
        0
1070
     0
1070
     0
1070
     0
1070
     0
1070
     0
1070
     0
1070
     0
1070
     0
1070
     0
1070
     0
1070
     0
1071
        0
1070
     0
1070
     0
1070
     0
1070
     0
1070
     0
1070
     0
1070
     0
1070
     0
1070
     0
1070
     0
1070
     0
1071
        0
1070
     0
1070
     0
1070
     0
1070
     0
1070
     0
1070
     0
1070
     0
1070
     0
1070
     0
1070
     0
1070
     0
1071
        0
1070
     0
1070
     0
1070
     0
1070
     0
1070
     0
1070
     0
1070
     0
1070
     0
1070
     0
1070
     0
1070
     0
1071
        0
1070
     0
1070
     0
1070
     0
1070
     0
1070
     0
1070
     0
1070
     0
1070
     0
1070
     0
1070
     0
1070
     0
1071
        0
1070
     0
1070
     0
1070
     0
1070
     0
1070
     0
1070
     0
1070
     0
1070
     0
1070
     0
1070
     0
1070
     0
1071
        0
1070
     0
1070
     0
1070
     0
1070
     0
1070
     0
1070
     0
1070
     0
1070
     0
1070
     0
1070
     0
1070
     0
1071
        0
1070
     0
1070
     0
1070
     0
1070
     0
1070
     0
1070
     0
1070
     0
1070
     0
1070
     0
1070
     0
1070
     0
1071
        0
1070
     0
1070
     0
1070
     0
1070
     0
1070
     0
1070
     0
1070
     0
1070
     0
1070
     0
1070
     0
1070
     0
1071
        0
1070
     0
1070
     0
1070
     0
1070
     0
1070
     0
1070
     0
1070
     0
1070
     0
1070
     0
1070
     0
1070
     0
1071
        0
1070
     0
1070
     0
1070
     0
1070
     0
1070
     0
1070
     0
1070
     0
1070
     0
1070
     0
1070
     0
1070
     0
1071
        0
1070
     0
1070
     0
1070
     0
1070
     0
1070
     0
1070
     0
1070
     0
1070
     0
1070
     0
1070
     0
1070
     0
1071
        0
1070
     0
1070
     0
1070
     0
1070
     0
1070
     0
1070
     0
1070
     0
1070
     0
1070
     0
1070
     0
1070
     0
1071
        0
1070
     0
1070
     0
1070
     0
1070
     0
1070
     0
1070
     0
1070
     0
1070
     0
1070
     0
1070
     0
1070
     0
1071
        0
1070
     0
1070
     0
1070
     0
1070
     0
1070
     0
1070
     0
1070
     0
1070
     0
1070
     0
1070
     0
1070
     0
1071
        0
1070
     0
1070
     0
1070
     0
1070
     0
1070
     0
1070
     0
1070
     0
1070
     0
1070
     0
1070
     0
1070
     0
1071
        0
1070
     0
1070
     0
1070
     0
1070
     0
1070
     0
1070
     0
1070
     0
1070
     0
1070
     0
1070
     0
1070
     0
1071
        0
1070
     0
1070
     0
1070
     0
1070
     0
1070
     0
1070
     0
1070
     0
1070
     0
1070
     0
1070
     0
1070
     0
1071
        0
1070
     0
1070
     0
1070
     0
1070
     0
1070
     0
1070
     0
1070
     0
1070
     0
1070
     0
1070
     0
1070
     0
1071
        0
1070
     0
1070
     0
1070
     0
1070
     0
1070
     0
1070
     0
1070
     0
1070
     0
1070
     0
1070
     0
1070
     0
1071
        0
1070
     0
1070
     0
1070
     0
1070
     0
1070
     0
1070
     0
1070
     0
1070
     0
1070
     0
1070
     0
1070
     0
1071
        0
1070
     0
1070
     0
1070
     0
1070
     0
1070
     0
1070
     0
1070
     0
1070
     0
1070
     0
1070
     0
1070
     0
1071
        0
1070
     0
1070
     0
1070
     0
1070
     0
1070
     0
1070
     0
1070
     0
1070
     0
1070
     0
1070
     0
1070
     0
1071
        0
1070
     0
1070
     0
1070
     0
1070
     0
1070
     0
1070
     0
1070
     0
1070
     0
1070
     0
1070
     0
1070
     0
1071
        0
1070
     0
1070
     0
1070
     0
1070
     0
1070
     0
1070
     0
1070
     0
1070
     0
1070
     0
1070
     0
1070
     0
1071
        0
1070
     0
1070
     0
1070
     0
1070
     0
1070
     0
1070
     0
1070
     0
1070
     0
1070
     0
1070
     0
1070
     0
1071
        0
1070
     0
1070
     0
1070
     0
1070
     0
1070
     0
1070
     0
1070
     0
1070
     0
1070
     0
1070
     0
1070
     0
1071
        0
1070
     0
1070
     0
1070
     0
1070
     0
1070
     0
1070
     0
1070
     0
1070
     0
1070
     0
1070
     0
1070
     0
1071
        0
1070
     0
1070
     0
1070
     0
1070
     0
1070
     0
1070
     0
1070
     0
1070
     0
1070
     0
1070
     0
1070
     0
1071
        0
1070
     0
1070
     0
1070
     0
1070
     0
1070
     0
1070
     0
1070
     0
1070
     0
1070
     0
1070
     0
1070
     0
1071
        0
1070
     0
1070
     0
1070
     0
1070
     0
1070
     0
1070
     0
1070
     0
1070
     0
1070
     0
1070
     0
1070
     0
1071
        0
1070
     0
1070
     0
1070
     0
1070
     0
1070
     0
1070
     0
1070
     0
1070
     0
1070
     0
1070
     0
1070
     0
1071
        0
1070
     0
1070
     0
1070
     0
1070
     0
1070
     0
1070
     0
1070
     0
1070
     0
1070
     0
1070
     0
1070
     0
1071
        0
1070
     0
1070
     0
1070
     0
1070
     0
1070
     0
1070
     0
1070
     0
1070
     0
1070
     0
1070
     0
1070
     0
1071
        0
1070
     0
1070
     0
1070
     0
1070
     0
1070
     0
1070
     0
1070
     0
1070
     0
1070
     0
1070
     0
1070
     0
1071
        0
1070
     0
1070
     0
1070
     0
1070
     0
1070
     0
1070
     0
1070
     0
1070
     0
1070
     0
1070
     0
1070
     0
1071
        0
1070
     0
1070
     0
1070
     0
1070
     0
1070
     0
1070
     0
1070
     0
1070
     0
1070
     0
1070
     0
1070
     0
1071
        0
1070
     0
1070
     0
1070
     0
1070
     0
1070
     0
1070
     0
1070
     0
1070
     0
1070
     0
1070
     0
1070
     0
1071
        0
1070
     0
1070
     0
1070
     0
1070
     0
1070
     0
1070
     0
1070
     0
1070
     0
1070
     0
1070
     0
1070
     0
1071
        0
1070
     0
1070
     0
1070
     0
1070
     0
1070
     0
1070
     0
1070
     0
1070
     0
1070
     0
1070
     0
1070
     0
1071
        0
1070
     0
1070
     0
1070
     0
1070
     0
1070
     0
1070
     0
1070
     0
1070
     0
1070
     0
1070
     0
1070
     0
1071
        0
1070
     0
1070
     0
1070
     0
1070
     0
1070
     0
1070
     0
1070
     0
1070
     0
1070
     0
1070
     0
1070
     0
1071
        0
1070
     0
1070
     0
1070
     0
1070
     0
1070
     0
1070
     0
1070
     0
1070
     0
1070
     0
1070
     0
1070
     0
1071
        0
1070
     0
1070
     0
1070
     0
1070
     0
1070
     0
1070
     0
1070
     0
1070
     0
1070
     0
1070
     0
1070
     0
1071
        0
1070
     0
1070
     0
1070
     0
1070
     0
1070
     0
1070
     0
1070
     0
1070
     0
1070
     0
1070
     0
1070
     0
1071
        0
1070
     0
1070
     0
1070
     0
1070
     0
1070
     0
1070
     0
1070
     0
1070
     0
1070
     0
1070
     0
1070
     0
1071
        0
1070
     0
1070
     0
1070
     0
1070
     0
1070
     0
1070
     0
1070
     0
1070
     0
1070
     0
1070
     0
1070
     0
1071
        0
1070
     0
1070
     0
1070
     0
1070
     0
1070
     0
1070
     0
1070
     0
1070
     0
1070
     0
1070
     0
1070
     0
1071
        0
1070
     0
1070
     0
1070
     0
1070
     0
1070
     0
1070
     0
1070
     0
1070
     0
1070
     0
1070
     0
1070
     0
1071
        0
1070
     0
1070
     0
1070
     0
1070
     0
1070
     0
1070
     0
1070
     0
1070
     0
1070
     0
1070
     0
1070
     0
1071
        0
1070
     0
1070
     0
1070
     0
1070
     0
1070
     0
1070
     0
1070
     0
1070
     0
1070
     0
1070
     0
1070
     0
1071
        0
1070
     0
1070
     0
1070
     0
1070
     0
1070
     0
1070
     0
1070
     0
1070
     0
1070
     0
1070
     0
1070
     0
1071
        0
1070
     0
1070
     0
1070
     0
1070
     0
1070
     0
1070
     0
1070
     0
1070
     0
1070
     0
1070
     0
1070
     0
1071
        0
1070
     0
1070
     0
1070
     0
1070
     0
1070
     0
1070
     0
1070
     0
1070
     0
1070
     0
1070
     0
1070
     0
1071
        0
1070
     0
1070
     0
1070
     0
1070
     0
1070
     0
1070
     0
1070
     0
1070
     0
1070
     0
1070
     0
1070
     0
1071
        0
1070
     0
1070
     0
1070
     0
1070
     0
1070
     0
1070
     0
1070
     0
1070
     0
1070
     0
1070
     0
1070
     0
1071
        0
1070
     0
1070
     0
1070
     0
1070
     0
1070
     0
1070
     0
1070
     0
1070
     0
1070
     0
1070
     0
1070
     0
1071
        0
1070
     0
1070
     0
1070
     0
1070
     0
1070
     0
1070
     0
1070
     0
1070
     0
1070
     0
1070
     0
1070
     0
1071
        0
1070
     0
1070
     0
1070
     0
1070
     0
1070
     0
1070
     0
1070
     0
1070
     0
1070
     0
1070
     0
1070
     0
1071
        0
1070
     0
1070
     0
1070
     0
1070
     0
1070
     0
1070
     0
1070
     0
1070
     0
1070
     0
1070
     0
1070
     0
1071
        0
1070
     0
1070
     0
1070
     0
1070
     0
1070
     0
1070
     0
1070
     0
1070
     0
1070
     0
1070
     0
1070
     0
1071
        0
1070
     0
1070
     0
1070
     0
1070
     0
1070
     0
1070
     0
1070
     0
1070
     0
1070
     0
1070
     0
1070
     0
1071
        0
1070
     0
1070
     0
1070
     0
1070
     0
1070
     0
1070
     0
1070
     0
1070
     0
1070
     0
1070
     0
1070
     0
1071
        0
1070
     0
1070
     0
1070
     0
1070
     0
1070
     0
1070
     0
1070
     0
1070
     0
1070
     0
1070
     0
1070
     0
1071
        0
1070
     0
1070
     0
1070
     0
1070
     0
1070
     0
1070
     0
1070
     0
1070
     0
1070
     0
1070
     0
1070
     0
1071
        0
1070
     0
1070
     0
1070
     0
1070
     0
1070
     0
1070
     0
1070
     0
1070
     0
1070
     0
1070
     0
1070
     0
1071
        0
1070
     0
1070
     0
1070
     0
1070
     0
1070
     0
1070
     0
1070
     0
1070
     0
1070
     0
1070
     0
1070
     0
1071
        0
1070
     0
1070
     0
1070
     0
1070
     0
1070
     0
1070
     0
1070
     0
1070
     0
1070
     0
1070
     0
1070
     0
1071
        0
1070
     0
1070
     0
1070
     0
1070
     0
1070
     0
1070
     0
1070
     0
1070
     0
1070
     0
1070
     0
1070
     0
1071
        0
1070
     0
1070
     0
1070
     0
1070
     0
1070
     0
1070
     0
1070
     0
1070
     0
1070
     0
1070
     0
1070
     0
1071
        0
1070
     0
1070
     0
1070
     0
1070
     0
1070
     0
1070
     0
1070
     0
1070
     0
1070
     0
1070
     0
1070
     0
1071
        0
1070
     0
1070
     0
1070
     0
1070
     0
1070
     0
1070
     0
1070
     0
1070
     0
1070
     0
1070
     0
1070
     0
1071
        0
1070
     0
1070
     0
1070
     0
1070
     0
1070
     0
1070
     0
1070
     0
1070
     0
1070
     0
1070
     0
1070
     0
1071
        0
1070
     0
1070
     0
1070
     0
1070
     0
1070
     0
1070
     0
1070
     0
1070
     0
1070
     0
1070
     0
1070
     0
1071
        0
1070
     0
1070
     0
1070
     0
1070
     0
1070
     0
1070
     0
1070
     0
1070
     0
1070
     0
1070
     0
1070
     0
1071
        0
1070
     0
1070
     0
1070
     0
1070
     0
1070
     0
1070
     0
1070
     0
1070
     0
1070
     0
1070
     0
1070
     0
1071
        0
1070
     0
1070
     0
1070
     0
1070
     0
1070
     0
1070
     0
1070
     0
1070
     0
1070
     0
1070
     0
1070
     0
1071
        0
1070
     0
1070
     0
1070
     0
1070
     0
1070
     0
1070
     0
1070
     0
1070
     0
1070
     0
1070
     0
1070
     0
1071
        0
1070
     0
1070
     0
1070
     0
1070
     0
1070
     0
1070
     0
1070
     0
1070
     0
1070
     0
1070
     0
1070
     0
1071
        0
1070
     0
1070
     0
1070
     0
1070
     0
1070
     0
1070
     0
1070
     0
1070
     0
1070
     0
1070
     0
1070
     0
1071
        0
1070
     0
1070
     0
1070
     0
1070
     0
1070
     0
1070
     0
1070
     0
1070
     0
1070
     0
1070
     0
1070
     0
1071
        0
1070
     0
1070
     0
1070
     0
1070
     0
1070
     0
1070
     0
1070
     0
1070
     0
1070
     0
1070
     0
1070
     0
1071
        0
1070
     0
1070
     0
1070
     0
1070
     0
1070
     0
1070
     0
1070
     0
1070
     0
1070
     0
1070
     0
1070
     0
1071
        0
1070
     0
1070
     0
1070
     0
1070
     0
1070
     0
1070
     0
1070
     0
1070
     0
1070
     0
1070
     0
1070
     0
1071
        0
1070
     0
1070
     0
1070
     0
1070
     0
1070
     0
1070
     0
1070
     0
1070
     0
1070
     0
1070
     0
1070
     0
1071
        0
1070
     0
1070
     0
1070
     0
1070
     0
1070
     0
1070
     0
1070
     0
1070
     0
1070
     0
1070
     0
1070
     0
1071
        0
1070
     0
1070
     0
1070
     0
1070
     0
1070
     0
1070
     0
1070
     0
1070
     0
1070
     0
1070
     0
1070
     0
1071
        0
1070
     0
1070
     0
1070
     0
1070
     0
1070
     0
1070
     0
1070
     0
1070
     0
1070
     0
1070
     0
1070
     0
1071
        0
1070
     0
1070
     0
1070
     0
1070
     0
1070
     0
1070
     0
1070
     0
1070
     0
1070
     0
1070
     0
1070
     0
1071
        0
1070
     0
1070
     0
1070
     0
1070
     0
1070
     0
1070
     0
1070
     0
1070
     0
1070
     0
1070
     0
1070
     0
1071
        0
1070
     0
1070
     0
1070
     0
1070
     0
1070
     0
1070
     0
1070
     0
1070
     0
1070
     0
1070
     0
1070
     0
1071
        0
1070
     0
1070
     0
1070
     0
1070
     0
1070
     0
1070
     0
1070
     0
1070
     0
1070
     0
1070
     0
1070
     0
1071
        0
1070
     0
1070
     0
1070
     0
1070
     0
1070
     0
1070
     0
1070
     0
1070
     0
1070
     0
1070
     0
1070
     0
1071
        0
1070
     0
1070
     0
1070
     0
1070
     0
1070
     0
1070
     0
1070
     0
1070
     0
1070
     0
1070
     0
1070
     0
1071
        0
1070
     0
1070
     0
1070
     0
1070
     0
1070
     0
1070
     0
1070
     0
1070
     0
1070
     0
1070
     0
1070
     0
1071
        0
1070
     0
1070
     0
1070
     0
1070
     0
1070
     0
1070
     0
1070
     0
1070
     0
1070
     0
1070
     0
1070
     0
1071
        0
1070
     0
1070
     0
1070
     0
1070
     0
1070
     0
1070
     0
1070
     0
1070
     0
1070
     0
1070
     0
1070
     0
1071
        0
1070
     0
1070
     0
1070
     0
1070
     0
1070
     0
1070
     0
1070
     0
1070
     0
1070
     0
1070
     0
1070
     0
1071
        0
1070
     0
1070
     0
1070
     0
1070
     0
1070
     0
1070
     0
1070
     0
1070
     0
1070
     0
1070
     0
1070
     0
1071
        0
1070
     0
1070
     0
1070
     0
1070
     0
1070
     0
1070
     0
1070
     0
1070
     0
1070
     0
1070
     0
1070
     0
1071
        0
1070
     0
1070
     0
1070
     0
1070
     0
1070
     0
1070
     0
1070
     0
1070
     0
1070
     0
1070
     0
1070
     0
1071
        0
1070
     0
1070
     0
1070
     0
1070
     0
1070
     0
1070
     0
1070
     0
1070
     0
1070
     0
1070
     0
1070
     0
1071
        0
1070
     0
1070
     0
1070
     0
1070
     0
1070
     0
1070
     0
1070
     0
1070
     0
1070
     0
1070
     0
1070
     0
1071
        0
1070
     0
1070
     0
1070
     0
1070
     0
1070
     0
1070
     0
1070
     0
1070
     0
1070
     0
1070
     0
1070
     0
1071
        0
1070
     0
1070
     0
1070
     0
1070
     0
1070
     0
1070
     0
1070
     0
1070
     0
1070
     0
1070
     0
1070
     0
1071
        0
1070
     0
1070
     0
1070
     0
1070
     0
1070
     0
1070
     0
1070
     0
1070
     0
1070
     0
1070
     0
1070
     0
1071
        0
1070
     0
1070
     0
1070
     0
1070
     0
1070
     0
1070
     0
1070
     0
1070
     0
1070
     0
1070
     0
1070
     0
1071
        0
1070
     0
1070
     0
1070
     0
1070
     0
1070
     0
1070
     0
1070
     0
1070
     0
1070
     0
1070
     0
1070
     0
1071
        0
1070
     0
1070
     0
1070
     0
1070
     0
1070
     0
1070
     0
1070
     0
1070
     0
1070
     0
1070
     0
1070
     0
1071
        0
1070
     0
1070
     0
1070
     0
1070
     0
1070
     0
1070
     0
1070
     0
1070
     0
1070
     0
1070
     0
1070
     0
1071
        0
1070
     0
1070
     0
1070
     0
1070
     0
1070
     0
1070
     0
1070
     0
1070
     0
1070
     0
1070
     0
1070
     0
1071
        0
1070
     0
1070
     0
1070
     0
1070
     0
1070
     0
1070
     0
1070
     0
1070
     0
1070
     0
1070
     0
1070
     0
1071
        0
1070
     0
1070
     0
1070
     0
1070
     0
1070
     0
1070
     0
1070
     0
1070
     0
1070
     0
1070
     0
1070
     0
1071
        0
1070
     0
1070
     0
1070
     0
1070
     0
1070
     0
1070
     0
1070
     0
1070
     0
1070
     0
1070
     0
1070
     0
1071
        0
1070
     0
1070
     0
1070
     0
1070
     0
1070
     0
1070
     0
1070
     0
1070
     0
1070
     0
1070
     0
1070
     0
1071
        0
1070
     0
1070
     0
1070
     0
1070
     0
1070
     0
1070
     0
1070
     0
1070
     0
1070
     0
1070
     0
1070
     0
1071
        0
1070
     0
1070
     0
1070
     0
1070
     0
1070
     0
1070
     0
1070
     0
1070
     0
1070
     0
1070
     0
1070
     0
1071
        0
1070
     0
1070
     0
1070
     0
1070
     0
1070
     0
1070
     0
1070
     0
1070
     0
1070
     0
1070
     0
1070
     0
1071
        0
1070
     0
1070
     0
1070
     0
1070
     0
1070
     0
1070
     0
1070
     0
1070
     0
1070
     0
1070
     0
1070
     0
1071
        0
1070
     0
1070
     0
1070
     0
1070
     0
1070
     0
1070
     0
1070
     0
1070
     0
1070
     0
1070
     0
1070
     0
1071
        0
1070
     0
1070
     0
1070
     0
1070
     0
1070
     0
1070
     0
1070
     0
1070
     0
1070
     0
1070
     0
1070
     0
1071
        0
1070
     0
1070
     0
1070
     0
1070
     0
1070
     0
1070
     0
1070
     0
1070
     0
1070
     0
1070
     0
1070
     0
1071
        0
1070
     0
1070
     0
1070
     0
1070
     0
1070
     0
1070
     0
1070
     0
1070
     0
1070
     0
1070
     0
1070
     0
1071
        0
1070
     0
1070
     0
1070
     0
1070
     0
1070
     0
1070
     0
1070
     0
1070
     0
1070
     0
1070
     0
  0
TEXT
  5
7B3
330
1F
100
AcDbEntity
  8
COLUMN_TEXT__BM_
100
AcDbText
 39
0.0463826642588751
 10
2687.646475429689
 20
982.4785797666284
 30
-0.0000000082728956
 40
0.2
  1
C11
  7
NAME
100
AcDbText
  0
ELLIPSE
  5
7B4
330
1F
100
AcDbEntity
  8
COLUMN_TEXT_BOX__BM_
100
AcDbEllipse
 10
2687.907586891358
 20
982.5780488142093
 30
0.0
 11
-0.3141047421322583
 21
0.0
 31
0.0
210
0.0
220
0.0
230
1.0
 40
0.4476558537982991
 41
0.0
 42
6.283185307179586
1001
ACAD_OBJECT_CHANGE_GUID
1070
     0
1071
        0
1070
     0
1070
     0
1070
     0
1070
     0
1070
     0
1070
     0
1070
     0
1070
     0
1070
     0
1070
     0
1070
     0
1071
        0
1070
     0
1070
     0
1070
     0
1070
     0
1070
     0
1070
     0
1070
     0
1070
     0
1070
     0
1070
     0
1070
     0
1071
        0
1070
     0
1070
     0
1070
     0
1070
     0
1070
     0
1070
     0
1070
     0
1070
     0
1070
     0
1070
     0
1070
     0
1071
        0
1070
     0
1070
     0
1070
     0
1070
     0
1070
     0
1070
     0
1070
     0
1070
     0
1070
     0
1070
     0
1070
     0
1071
        0
1070
     0
1070
     0
1070
     0
1070
     0
1070
     0
1070
     0
1070
     0
1070
     0
1070
     0
1070
     0
1070
     0
1071
        0
1070
     0
1070
     0
1070
     0
1070
     0
1070
     0
1070
     0
1070
     0
1070
     0
1070
     0
1070
     0
1070
     0
1071
        0
1070
     0
1070
     0
1070
     0
1070
     0
1070
     0
1070
     0
1070
     0
1070
     0
1070
     0
1070
     0
1070
     0
1071
        0
1070
     0
1070
     0
1070
     0
1070
     0
1070
     0
1070
     0
1070
     0
1070
     0
1070
     0
1070
     0
1070
     0
1071
        0
1070
     0
1070
     0
1070
     0
1070
     0
1070
     0
1070
     0
1070
     0
1070
     0
1070
     0
1070
     0
1070
     0
1071
        0
1070
     0
1070
     0
1070
     0
1070
     0
1070
     0
1070
     0
1070
     0
1070
     0
1070
     0
1070
     0
1070
     0
1071
        0
1070
     0
1070
     0
1070
     0
1070
     0
1070
     0
1070
     0
1070
     0
1070
     0
1070
     0
1070
     0
1070
     0
1071
        0
1070
     0
1070
     0
1070
     0
1070
     0
1070
     0
1070
     0
1070
     0
1070
     0
1070
     0
1070
     0
1070
     0
1071
        0
1070
     0
1070
     0
1070
     0
1070
     0
1070
     0
1070
     0
1070
     0
1070
     0
1070
     0
1070
     0
1070
     0
1071
        0
1070
     0
1070
     0
1070
     0
1070
     0
1070
     0
1070
     0
1070
     0
1070
     0
1070
     0
1070
     0
1070
     0
1071
        0
1070
     0
1070
     0
1070
     0
1070
     0
1070
     0
1070
     0
1070
     0
1070
     0
1070
     0
1070
     0
1070
     0
1071
        0
1070
     0
1070
     0
1070
     0
1070
     0
1070
     0
1070
     0
1070
     0
1070
     0
1070
     0
1070
     0
1070
     0
1071
        0
1070
     0
1070
     0
1070
     0
1070
     0
1070
     0
1070
     0
1070
     0
1070
     0
1070
     0
1070
     0
1070
     0
1071
        0
1070
     0
1070
     0
1070
     0
1070
     0
1070
     0
1070
     0
1070
     0
1070
     0
1070
     0
1070
     0
1070
     0
1071
        0
1070
     0
1070
     0
1070
     0
1070
     0
1070
     0
1070
     0
1070
     0
1070
     0
1070
     0
1070
     0
1070
     0
1071
        0
1070
     0
1070
     0
1070
     0
1070
     0
1070
     0
1070
     0
1070
     0
1070
     0
1070
     0
1070
     0
1070
     0
1071
        0
1070
     0
1070
     0
1070
     0
1070
     0
1070
     0
1070
     0
1070
     0
1070
     0
1070
     0
1070
     0
1070
     0
1071
        0
1070
     0
1070
     0
1070
     0
1070
     0
1070
     0
1070
     0
1070
     0
1070
     0
1070
     0
1070
     0
1070
     0
1071
        0
1070
     0
1070
     0
1070
     0
1070
     0
1070
     0
1070
     0
1070
     0
1070
     0
1070
     0
1070
     0
1070
     0
1071
        0
1070
     0
1070
     0
1070
     0
1070
     0
1070
     0
1070
     0
1070
     0
1070
     0
1070
     0
1070
     0
1070
     0
1071
        0
1070
     0
1070
     0
1070
     0
1070
     0
1070
     0
1070
     0
1070
     0
1070
     0
1070
     0
1070
     0
1070
     0
1071
        0
1070
     0
1070
     0
1070
     0
1070
     0
1070
     0
1070
     0
1070
     0
1070
     0
1070
     0
1070
     0
1070
     0
1071
        0
1070
     0
1070
     0
1070
     0
1070
     0
1070
     0
1070
     0
1070
     0
1070
     0
1070
     0
1070
     0
1070
     0
1071
        0
1070
     0
1070
     0
1070
     0
1070
     0
1070
     0
1070
     0
1070
     0
1070
     0
1070
     0
1070
     0
1070
     0
1071
        0
1070
     0
1070
     0
1070
     0
1070
     0
1070
     0
1070
     0
1070
     0
1070
     0
1070
     0
1070
     0
1070
     0
1071
        0
1070
     0
1070
     0
1070
     0
1070
     0
1070
     0
1070
     0
1070
     0
1070
     0
1070
     0
1070
     0
1070
     0
1071
        0
1070
     0
1070
     0
1070
     0
1070
     0
1070
     0
1070
     0
1070
     0
1070
     0
1070
     0
1070
     0
1070
     0
1071
        0
1070
     0
1070
     0
1070
     0
1070
     0
1070
     0
1070
     0
1070
     0
1070
     0
1070
     0
1070
     0
1070
     0
1071
        0
1070
     0
1070
     0
1070
     0
1070
     0
1070
     0
1070
     0
1070
     0
1070
     0
1070
     0
1070
     0
1070
     0
1071
        0
1070
     0
1070
     0
1070
     0
1070
     0
1070
     0
1070
     0
1070
     0
1070
     0
1070
     0
1070
     0
1070
     0
1071
        0
1070
     0
1070
     0
1070
     0
1070
     0
1070
     0
1070
     0
1070
     0
1070
     0
1070
     0
1070
     0
1070
     0
1071
        0
1070
     0
1070
     0
1070
     0
1070
     0
1070
     0
1070
     0
1070
     0
1070
     0
1070
     0
1070
     0
1070
     0
1071
        0
1070
     0
1070
     0
1070
     0
1070
     0
1070
     0
1070
     0
1070
     0
1070
     0
1070
     0
1070
     0
1070
     0
1071
        0
1070
     0
1070
     0
1070
     0
1070
     0
1070
     0
1070
     0
1070
     0
1070
     0
1070
     0
1070
     0
1070
     0
1071
        0
1070
     0
1070
     0
1070
     0
1070
     0
1070
     0
1070
     0
1070
     0
1070
     0
1070
     0
1070
     0
1070
     0
1071
        0
1070
     0
1070
     0
1070
     0
1070
     0
1070
     0
1070
     0
1070
     0
1070
     0
1070
     0
1070
     0
1070
     0
1071
        0
1070
     0
1070
     0
1070
     0
1070
     0
1070
     0
1070
     0
1070
     0
1070
     0
1070
     0
1070
     0
1070
     0
1071
        0
1070
     0
1070
     0
1070
     0
1070
     0
1070
     0
1070
     0
1070
     0
1070
     0
1070
     0
1070
     0
1070
     0
1071
        0
1070
     0
1070
     0
1070
     0
1070
     0
1070
     0
1070
     0
1070
     0
1070
     0
1070
     0
1070
     0
1070
     0
1071
        0
1070
     0
1070
     0
1070
     0
1070
     0
1070
     0
1070
     0
1070
     0
1070
     0
1070
     0
1070
     0
1070
     0
1071
        0
1070
     0
1070
     0
1070
     0
1070
     0
1070
     0
1070
     0
1070
     0
1070
     0
1070
     0
1070
     0
1070
     0
1071
        0
1070
     0
1070
     0
1070
     0
1070
     0
1070
     0
1070
     0
1070
     0
1070
     0
1070
     0
1070
     0
1070
     0
1071
        0
1070
     0
1070
     0
1070
     0
1070
     0
1070
     0
1070
     0
1070
     0
1070
     0
1070
     0
1070
     0
1070
     0
1071
        0
1070
     0
1070
     0
1070
     0
1070
     0
1070
     0
1070
     0
1070
     0
1070
     0
1070
     0
1070
     0
1070
     0
1071
        0
1070
     0
1070
     0
1070
     0
1070
     0
1070
     0
1070
     0
1070
     0
1070
     0
1070
     0
1070
     0
1070
     0
1071
        0
1070
     0
1070
     0
1070
     0
1070
     0
1070
     0
1070
     0
1070
     0
1070
     0
1070
     0
1070
     0
1070
     0
1071
        0
1070
     0
1070
     0
1070
     0
1070
     0
1070
     0
1070
     0
1070
     0
1070
     0
1070
     0
1070
     0
1070
     0
1071
        0
1070
     0
1070
     0
1070
     0
1070
     0
1070
     0
1070
     0
1070
     0
1070
     0
1070
     0
1070
     0
1070
     0
1071
        0
1070
     0
1070
     0
1070
     0
1070
     0
1070
     0
1070
     0
1070
     0
1070
     0
1070
     0
1070
     0
1070
     0
1071
        0
1070
     0
1070
     0
1070
     0
1070
     0
1070
     0
1070
     0
1070
     0
1070
     0
1070
     0
1070
     0
1070
     0
1071
        0
1070
     0
1070
     0
1070
     0
1070
     0
1070
     0
1070
     0
1070
     0
1070
     0
1070
     0
1070
     0
1070
     0
1071
        0
1070
     0
1070
     0
1070
     0
1070
     0
1070
     0
1070
     0
1070
     0
1070
     0
1070
     0
1070
     0
1070
     0
1071
        0
1070
     0
1070
     0
1070
     0
1070
     0
1070
     0
1070
     0
1070
     0
1070
     0
1070
     0
1070
     0
1070
     0
1071
        0
1070
     0
1070
     0
1070
     0
1070
     0
1070
     0
1070
     0
1070
     0
1070
     0
1070
     0
1070
     0
1070
     0
1071
        0
1070
     0
1070
     0
1070
     0
1070
     0
1070
     0
1070
     0
1070
     0
1070
     0
1070
     0
1070
     0
1070
     0
1071
        0
1070
     0
1070
     0
1070
     0
1070
     0
1070
     0
1070
     0
1070
     0
1070
     0
1070
     0
1070
     0
1070
     0
1071
        0
1070
     0
1070
     0
1070
     0
1070
     0
1070
     0
1070
     0
1070
     0
1070
     0
1070
     0
1070
     0
1070
     0
1071
        0
1070
     0
1070
     0
1070
     0
1070
     0
1070
     0
1070
     0
1070
     0
1070
     0
1070
     0
1070
     0
1070
     0
1071
        0
1070
     0
1070
     0
1070
     0
1070
     0
1070
     0
1070
     0
1070
     0
1070
     0
1070
     0
1070
     0
1070
     0
1071
        0
1070
     0
1070
     0
1070
     0
1070
     0
1070
     0
1070
     0
1070
     0
1070
     0
1070
     0
1070
     0
1070
     0
1071
        0
1070
     0
1070
     0
1070
     0
1070
     0
1070
     0
1070
     0
1070
     0
1070
     0
1070
     0
1070
     0
1070
     0
1071
        0
1070
     0
1070
     0
1070
     0
1070
     0
1070
     0
1070
     0
1070
     0
1070
     0
1070
     0
1070
     0
1070
     0
1071
        0
1070
     0
1070
     0
1070
     0
1070
     0
1070
     0
1070
     0
1070
     0
1070
     0
1070
     0
1070
     0
1070
     0
1071
        0
1070
     0
1070
     0
1070
     0
1070
     0
1070
     0
1070
     0
1070
     0
1070
     0
1070
     0
1070
     0
1070
     0
1071
        0
1070
     0
1070
     0
1070
     0
1070
     0
1070
     0
1070
     0
1070
     0
1070
     0
1070
     0
1070
     0
1070
     0
1071
        0
1070
     0
1070
     0
1070
     0
1070
     0
1070
     0
1070
     0
1070
     0
1070
     0
1070
     0
1070
     0
1070
     0
1071
        0
1070
     0
1070
     0
1070
     0
1070
     0
1070
     0
1070
     0
1070
     0
1070
     0
1070
     0
1070
     0
1070
     0
1071
        0
1070
     0
1070
     0
1070
     0
1070
     0
1070
     0
1070
     0
1070
     0
1070
     0
1070
     0
1070
     0
1070
     0
1071
        0
1070
     0
1070
     0
1070
     0
1070
     0
1070
     0
1070
     0
1070
     0
1070
     0
1070
     0
1070
     0
1070
     0
1071
        0
1070
     0
1070
     0
1070
     0
1070
     0
1070
     0
1070
     0
1070
     0
1070
     0
1070
     0
1070
     0
1070
     0
1071
        0
1070
     0
1070
     0
1070
     0
1070
     0
1070
     0
1070
     0
1070
     0
1070
     0
1070
     0
1070
     0
1070
     0
1071
        0
1070
     0
1070
     0
1070
     0
1070
     0
1070
     0
1070
     0
1070
     0
1070
     0
1070
     0
1070
     0
1070
     0
1071
        0
1070
     0
1070
     0
1070
     0
1070
     0
1070
     0
1070
     0
1070
     0
1070
     0
1070
     0
1070
     0
1070
     0
1071
        0
1070
     0
1070
     0
1070
     0
1070
     0
1070
     0
1070
     0
1070
     0
1070
     0
1070
     0
1070
     0
1070
     0
1071
        0
1070
     0
1070
     0
1070
     0
1070
     0
1070
     0
1070
     0
1070
     0
1070
     0
1070
     0
1070
     0
1070
     0
1071
        0
1070
     0
1070
     0
1070
     0
1070
     0
1070
     0
1070
     0
1070
     0
1070
     0
1070
     0
1070
     0
1070
     0
1071
        0
1070
     0
1070
     0
1070
     0
1070
     0
1070
     0
1070
     0
1070
     0
1070
     0
1070
     0
1070
     0
1070
     0
1071
        0
1070
     0
1070
     0
1070
     0
1070
     0
1070
     0
1070
     0
1070
     0
1070
     0
1070
     0
1070
     0
1070
     0
1071
        0
1070
     0
1070
     0
1070
     0
1070
     0
1070
     0
1070
     0
1070
     0
1070
     0
1070
     0
1070
     0
1070
     0
1071
        0
1070
     0
1070
     0
1070
     0
1070
     0
1070
     0
1070
     0
1070
     0
1070
     0
1070
     0
1070
     0
1070
     0
1071
        0
1070
     0
1070
     0
1070
     0
1070
     0
1070
     0
1070
     0
1070
     0
1070
     0
1070
     0
1070
     0
1070
     0
1071
        0
1070
     0
1070
     0
1070
     0
1070
     0
1070
     0
1070
     0
1070
     0
1070
     0
1070
     0
1070
     0
1070
     0
1071
        0
1070
     0
1070
     0
1070
     0
1070
     0
1070
     0
1070
     0
1070
     0
1070
     0
1070
     0
1070
     0
1070
     0
1071
        0
1070
     0
1070
     0
1070
     0
1070
     0
1070
     0
1070
     0
1070
     0
1070
     0
1070
     0
1070
     0
1070
     0
1071
        0
1070
     0
1070
     0
1070
     0
1070
     0
1070
     0
1070
     0
1070
     0
1070
     0
1070
     0
1070
     0
1070
     0
1071
        0
1070
     0
1070
     0
1070
     0
1070
     0
1070
     0
1070
     0
1070
     0
1070
     0
1070
     0
1070
     0
1070
     0
1071
        0
1070
     0
1070
     0
1070
     0
1070
     0
1070
     0
1070
     0
1070
     0
1070
     0
1070
     0
1070
     0
1070
     0
1071
        0
1070
     0
1070
     0
1070
     0
1070
     0
1070
     0
1070
     0
1070
     0
1070
     0
1070
     0
1070
     0
1070
     0
1071
        0
1070
     0
1070
     0
1070
     0
1070
     0
1070
     0
1070
     0
1070
     0
1070
     0
1070
     0
1070
     0
1070
     0
1071
        0
1070
     0
1070
     0
1070
     0
1070
     0
1070
     0
1070
     0
1070
     0
1070
     0
1070
     0
1070
     0
1070
     0
1071
        0
1070
     0
1070
     0
1070
     0
1070
     0
1070
     0
1070
     0
1070
     0
1070
     0
1070
     0
1070
     0
1070
     0
1071
        0
1070
     0
1070
     0
1070
     0
1070
     0
1070
     0
1070
     0
1070
     0
1070
     0
1070
     0
1070
     0
1070
     0
1071
        0
1070
     0
1070
     0
1070
     0
1070
     0
1070
     0
1070
     0
1070
     0
1070
     0
1070
     0
1070
     0
1070
     0
1071
        0
1070
     0
1070
     0
1070
     0
1070
     0
1070
     0
1070
     0
1070
     0
1070
     0
1070
     0
1070
     0
1070
     0
1071
        0
1070
     0
1070
     0
1070
     0
1070
     0
1070
     0
1070
     0
1070
     0
1070
     0
1070
     0
1070
     0
1070
     0
1071
        0
1070
     0
1070
     0
1070
     0
1070
     0
1070
     0
1070
     0
1070
     0
1070
     0
1070
     0
1070
     0
1070
     0
1071
        0
1070
     0
1070
     0
1070
     0
1070
     0
1070
     0
1070
     0
1070
     0
1070
     0
1070
     0
1070
     0
1070
     0
1071
        0
1070
     0
1070
     0
1070
     0
1070
     0
1070
     0
1070
     0
1070
     0
1070
     0
1070
     0
1070
     0
1070
     0
1071
        0
1070
     0
1070
     0
1070
     0
1070
     0
1070
     0
1070
     0
1070
     0
1070
     0
1070
     0
1070
     0
1070
     0
1071
        0
1070
     0
1070
     0
1070
     0
1070
     0
1070
     0
1070
     0
1070
     0
1070
     0
1070
     0
1070
     0
1070
     0
1071
        0
1070
     0
1070
     0
1070
     0
1070
     0
1070
     0
1070
     0
1070
     0
1070
     0
1070
     0
1070
     0
1070
     0
1071
        0
1070
     0
1070
     0
1070
     0
1070
     0
1070
     0
1070
     0
1070
     0
1070
     0
1070
     0
1070
     0
1070
     0
1071
        0
1070
     0
1070
     0
1070
     0
1070
     0
1070
     0
1070
     0
1070
     0
1070
     0
1070
     0
1070
     0
1070
     0
1071
        0
1070
     0
1070
     0
1070
     0
1070
     0
1070
     0
1070
     0
1070
     0
1070
     0
1070
     0
1070
     0
1070
     0
1071
        0
1070
     0
1070
     0
1070
     0
1070
     0
1070
     0
1070
     0
1070
     0
1070
     0
1070
     0
1070
     0
1070
     0
1071
        0
1070
     0
1070
     0
1070
     0
1070
     0
1070
     0
1070
     0
1070
     0
1070
     0
1070
     0
1070
     0
1070
     0
1071
        0
1070
     0
1070
     0
1070
     0
1070
     0
1070
     0
1070
     0
1070
     0
1070
     0
1070
     0
1070
     0
1070
     0
1071
        0
1070
     0
1070
     0
1070
     0
1070
     0
1070
     0
1070
     0
1070
     0
1070
     0
1070
     0
1070
     0
1070
     0
1071
        0
1070
     0
1070
     0
1070
     0
1070
     0
1070
     0
1070
     0
1070
     0
1070
     0
1070
     0
1070
     0
1070
     0
1071
        0
1070
     0
1070
     0
1070
     0
1070
     0
1070
     0
1070
     0
1070
     0
1070
     0
1070
     0
1070
     0
1070
     0
1071
        0
1070
     0
1070
     0
1070
     0
1070
     0
1070
     0
1070
     0
1070
     0
1070
     0
1070
     0
1070
     0
1070
     0
1071
        0
1070
     0
1070
     0
1070
     0
1070
     0
1070
     0
1070
     0
1070
     0
1070
     0
1070
     0
1070
     0
1070
     0
1071
        0
1070
     0
1070
     0
1070
     0
1070
     0
1070
     0
1070
     0
1070
     0
1070
     0
1070
     0
1070
     0
1070
     0
1071
        0
1070
     0
1070
     0
1070
     0
1070
     0
1070
     0
1070
     0
1070
     0
1070
     0
1070
     0
1070
     0
1070
     0
1071
        0
1070
     0
1070
     0
1070
     0
1070
     0
1070
     0
1070
     0
1070
     0
1070
     0
1070
     0
1070
     0
1070
     0
1071
        0
1070
     0
1070
     0
1070
     0
1070
     0
1070
     0
1070
     0
1070
     0
1070
     0
1070
     0
1070
     0
1070
     0
1071
        0
1070
     0
1070
     0
1070
     0
1070
     0
1070
     0
1070
     0
1070
     0
1070
     0
1070
     0
1070
     0
1070
     0
1071
        0
1070
     0
1070
     0
1070
     0
1070
     0
1070
     0
1070
     0
1070
     0
1070
     0
1070
     0
1070
     0
1070
     0
1071
        0
1070
     0
1070
     0
1070
     0
1070
     0
1070
     0
1070
     0
1070
     0
1070
     0
1070
     0
1070
     0
1070
     0
1071
        0
1070
     0
1070
     0
1070
     0
1070
     0
1070
     0
1070
     0
1070
     0
1070
     0
1070
     0
1070
     0
1070
     0
1071
        0
1070
     0
1070
     0
1070
     0
1070
     0
1070
     0
1070
     0
1070
     0
1070
     0
1070
     0
1070
     0
1070
     0
1071
        0
1070
     0
1070
     0
1070
     0
1070
     0
1070
     0
1070
     0
1070
     0
1070
     0
1070
     0
1070
     0
1070
     0
1071
        0
1070
     0
1070
     0
1070
     0
1070
     0
1070
     0
1070
     0
1070
     0
1070
     0
1070
     0
1070
     0
1070
     0
1071
        0
1070
     0
1070
     0
1070
     0
1070
     0
1070
     0
1070
     0
1070
     0
1070
     0
1070
     0
1070
     0
1070
     0
1071
        0
1070
     0
1070
     0
1070
     0
1070
     0
1070
     0
1070
     0
1070
     0
1070
     0
1070
     0
1070
     0
1070
     0
1071
        0
1070
     0
1070
     0
1070
     0
1070
     0
1070
     0
1070
     0
1070
     0
1070
     0
1070
     0
1070
     0
1070
     0
1071
        0
1070
     0
1070
     0
1070
     0
1070
     0
1070
     0
1070
     0
1070
     0
1070
     0
1070
     0
1070
     0
1070
     0
1071
        0
1070
     0
1070
     0
1070
     0
1070
     0
1070
     0
1070
     0
1070
     0
1070
     0
1070
     0
1070
     0
1070
     0
1071
        0
1070
     0
1070
     0
1070
     0
1070
     0
1070
     0
1070
     0
1070
     0
1070
     0
1070
     0
1070
     0
1070
     0
1071
        0
1070
     0
1070
     0
1070
     0
1070
     0
1070
     0
1070
     0
1070
     0
1070
     0
1070
     0
1070
     0
1070
     0
1071
        0
1070
     0
1070
     0
1070
     0
1070
     0
1070
     0
1070
     0
1070
     0
1070
     0
1070
     0
1070
     0
1070
     0
1071
        0
1070
     0
1070
     0
1070
     0
1070
     0
1070
     0
1070
     0
1070
     0
1070
     0
1070
     0
1070
     0
1070
     0
1071
        0
1070
     0
1070
     0
1070
     0
1070
     0
1070
     0
1070
     0
1070
     0
1070
     0
1070
     0
1070
     0
1070
     0
1071
        0
1070
     0
1070
     0
1070
     0
1070
     0
1070
     0
1070
     0
1070
     0
1070
     0
1070
     0
1070
     0
1070
     0
1071
        0
1070
     0
1070
     0
1070
     0
1070
     0
1070
     0
1070
     0
1070
     0
1070
     0
1070
     0
1070
     0
1070
     0
1071
        0
1070
     0
1070
     0
1070
     0
1070
     0
1070
     0
1070
     0
1070
     0
1070
     0
1070
     0
1070
     0
1070
     0
1071
        0
1070
     0
1070
     0
1070
     0
1070
     0
1070
     0
1070
     0
1070
     0
1070
     0
1070
     0
1070
     0
1070
     0
1071
        0
1070
     0
1070
     0
1070
     0
1070
     0
1070
     0
1070
     0
1070
     0
1070
     0
1070
     0
1070
     0
1070
     0
1071
        0
1070
     0
1070
     0
1070
     0
1070
     0
1070
     0
1070
     0
1070
     0
1070
     0
1070
     0
1070
     0
1070
     0
1071
        0
1070
     0
1070
     0
1070
     0
1070
     0
1070
     0
1070
     0
1070
     0
1070
     0
1070
     0
1070
     0
1070
     0
1071
        0
1070
     0
1070
     0
1070
     0
1070
     0
1070
     0
1070
     0
1070
     0
1070
     0
1070
     0
1070
     0
1070
     0
1071
        0
1070
     0
1070
     0
1070
     0
1070
     0
1070
     0
1070
     0
1070
     0
1070
     0
1070
     0
1070
     0
1070
     0
1071
        0
1070
     0
1070
     0
1070
     0
1070
     0
1070
     0
1070
     0
1070
     0
1070
     0
1070
     0
1070
     0
1070
     0
1071
        0
1070
     0
1070
     0
1070
     0
1070
     0
1070
     0
1070
     0
1070
     0
1070
     0
1070
     0
1070
     0
1070
     0
1071
        0
1070
     0
1070
     0
1070
     0
1070
     0
1070
     0
1070
     0
1070
     0
1070
     0
1070
     0
1070
     0
1070
     0
1071
        0
1070
     0
1070
     0
1070
     0
1070
     0
1070
     0
1070
     0
1070
     0
1070
     0
1070
     0
1070
     0
1070
     0
1071
        0
1070
     0
1070
     0
1070
     0
1070
     0
1070
     0
1070
     0
1070
     0
1070
     0
1070
     0
1070
     0
1070
     0
1071
        0
1070
     0
1070
     0
1070
     0
1070
     0
1070
     0
1070
     0
1070
     0
1070
     0
1070
     0
1070
     0
1070
     0
1071
        0
1070
     0
1070
     0
1070
     0
1070
     0
1070
     0
1070
     0
1070
     0
1070
     0
1070
     0
1070
     0
1070
     0
1071
        0
1070
     0
1070
     0
1070
     0
1070
     0
1070
     0
1070
     0
1070
     0
1070
     0
1070
     0
1070
     0
1070
     0
1071
        0
1070
     0
1070
     0
1070
     0
1070
     0
1070
     0
1070
     0
1070
     0
1070
     0
1070
     0
1070
     0
1070
     0
1071
        0
1070
     0
1070
     0
1070
     0
1070
     0
1070
     0
1070
     0
1070
     0
1070
     0
1070
     0
1070
     0
1070
     0
1071
        0
1070
     0
1070
     0
1070
     0
1070
     0
1070
     0
1070
     0
1070
     0
1070
     0
1070
     0
1070
     0
1070
     0
1071
        0
1070
     0
1070
     0
1070
     0
1070
     0
1070
     0
1070
     0
1070
     0
1070
     0
1070
     0
1070
     0
1070
     0
1071
        0
1070
     0
1070
     0
1070
     0
1070
     0
1070
     0
1070
     0
1070
     0
1070
     0
1070
     0
1070
     0
1070
     0
1071
        0
1070
     0
1070
     0
1070
     0
1070
     0
1070
     0
1070
     0
1070
     0
1070
     0
1070
     0
1070
     0
1070
     0
1071
        0
1070
     0
1070
     0
1070
     0
1070
     0
1070
     0
1070
     0
1070
     0
1070
     0
1070
     0
1070
     0
1070
     0
1071
        0
1070
     0
1070
     0
1070
     0
1070
     0
1070
     0
1070
     0
1070
     0
1070
     0
1070
     0
1070
     0
1070
     0
1071
        0
1070
     0
1070
     0
1070
     0
1070
     0
1070
     0
1070
     0
1070
     0
1070
     0
1070
     0
1070
     0
1070
     0
1071
        0
1070
     0
1070
     0
1070
     0
1070
     0
1070
     0
1070
     0
1070
     0
1070
     0
1070
     0
1070
     0
1070
     0
1071
        0
1070
     0
1070
     0
1070
     0
1070
     0
1070
     0
1070
     0
1070
     0
1070
     0
1070
     0
1070
     0
1070
     0
1071
        0
1070
     0
1070
     0
1070
     0
1070
     0
1070
     0
1070
     0
1070
     0
1070
     0
1070
     0
1070
     0
1070
     0
1071
        0
1070
     0
1070
     0
1070
     0
1070
     0
1070
     0
1070
     0
1070
     0
1070
     0
1070
     0
1070
     0
1070
     0
1071
        0
1070
     0
1070
     0
1070
     0
1070
     0
1070
     0
1070
     0
1070
     0
1070
     0
1070
     0
1070
     0
1070
     0
1071
        0
1070
     0
1070
     0
1070
     0
1070
     0
1070
     0
1070
     0
1070
     0
1070
     0
1070
     0
1070
     0
1070
     0
1071
        0
1070
     0
1070
     0
1070
     0
1070
     0
1070
     0
1070
     0
1070
     0
1070
     0
1070
     0
1070
     0
1070
     0
1071
        0
1070
     0
1070
     0
1070
     0
1070
     0
1070
     0
1070
     0
1070
     0
1070
     0
1070
     0
1070
     0
1070
     0
1071
        0
1070
     0
1070
     0
1070
     0
1070
     0
1070
     0
1070
     0
1070
     0
1070
     0
1070
     0
1070
     0
1070
     0
1071
        0
1070
     0
1070
     0
1070
     0
1070
     0
1070
     0
1070
     0
1070
     0
1070
     0
1070
     0
1070
     0
1070
     0
1071
        0
1070
     0
1070
     0
1070
     0
1070
     0
1070
     0
1070
     0
1070
     0
1070
     0
1070
     0
1070
     0
1070
     0
1071
        0
1070
     0
1070
     0
1070
     0
1070
     0
1070
     0
1070
     0
1070
     0
1070
     0
1070
     0
1070
     0
1070
     0
1071
        0
1070
     0
1070
     0
1070
     0
1070
     0
1070
     0
1070
     0
1070
     0
1070
     0
1070
     0
1070
     0
1070
     0
1071
        0
1070
     0
1070
     0
1070
     0
1070
     0
1070
     0
1070
     0
1070
     0
1070
     0
1070
     0
1070
     0
1070
     0
1071
        0
1070
     0
1070
     0
1070
     0
1070
     0
1070
     0
1070
     0
1070
     0
1070
     0
1070
     0
1070
     0
1070
     0
1071
        0
1070
     0
1070
     0
1070
     0
1070
     0
1070
     0
1070
     0
1070
     0
1070
     0
1070
     0
1070
     0
1070
     0
1071
        0
1070
     0
1070
     0
1070
     0
1070
     0
1070
     0
1070
     0
1070
     0
1070
     0
1070
     0
1070
     0
1070
     0
1071
        0
1070
     0
1070
     0
1070
     0
1070
     0
1070
     0
1070
     0
1070
     0
1070
     0
1070
     0
1070
     0
1070
     0
1071
        0
1070
     0
1070
     0
1070
     0
1070
     0
1070
     0
1070
     0
1070
     0
1070
     0
1070
     0
1070
     0
1070
     0
1071
        0
1070
     0
1070
     0
1070
     0
1070
     0
1070
     0
1070
     0
1070
     0
1070
     0
1070
     0
1070
     0
1070
     0
1071
        0
1070
     0
1070
     0
1070
     0
1070
     0
1070
     0
1070
     0
1070
     0
1070
     0
1070
     0
1070
     0
1070
     0
1071
        0
1070
     0
1070
     0
1070
     0
1070
     0
1070
     0
1070
     0
1070
     0
1070
     0
1070
     0
1070
     0
1070
     0
1071
        0
1070
     0
1070
     0
1070
     0
1070
     0
1070
     0
1070
     0
1070
     0
1070
     0
1070
     0
1070
     0
1070
     0
1071
        0
1070
     0
1070
     0
1070
     0
1070
     0
1070
     0
1070
     0
1070
     0
1070
     0
1070
     0
1070
     0
1070
     0
1071
        0
1070
     0
1070
     0
1070
     0
1070
     0
1070
     0
1070
     0
1070
     0
1070
     0
1070
     0
1070
     0
1070
     0
1071
        0
1070
     0
1070
     0
1070
     0
1070
     0
1070
     0
1070
     0
1070
     0
1070
     0
1070
     0
1070
     0
1070
     0
1071
        0
1070
     0
1070
     0
1070
     0
1070
     0
1070
     0
1070
     0
1070
     0
1070
     0
1070
     0
1070
     0
1070
     0
1071
        0
1070
     0
1070
     0
1070
     0
1070
     0
1070
     0
1070
     0
1070
     0
1070
     0
1070
     0
1070
     0
1070
     0
1071
        0
1070
     0
1070
     0
1070
     0
1070
     0
1070
     0
1070
     0
1070
     0
1070
     0
1070
     0
1070
     0
1070
     0
1071
        0
1070
     0
1070
     0
1070
     0
1070
     0
1070
     0
1070
     0
1070
     0
1070
     0
1070
     0
1070
     0
1070
     0
1071
        0
1070
     0
1070
     0
1070
     0
1070
     0
1070
     0
1070
     0
1070
     0
1070
     0
1070
     0
1070
     0
1070
     0
1071
        0
1070
     0
1070
     0
1070
     0
1070
     0
1070
     0
1070
     0
1070
     0
1070
     0
1070
     0
1070
     0
1070
     0
1071
        0
1070
     0
1070
     0
1070
     0
1070
     0
1070
     0
1070
     0
1070
     0
1070
     0
1070
     0
1070
     0
1070
     0
1071
        0
1070
     0
1070
     0
1070
     0
1070
     0
1070
     0
1070
     0
1070
     0
1070
     0
1070
     0
1070
     0
1070
     0
1071
        0
1070
     0
1070
     0
1070
     0
1070
     0
1070
     0
1070
     0
1070
     0
1070
     0
1070
     0
1070
     0
1070
     0
1071
        0
1070
     0
1070
     0
1070
     0
1070
     0
1070
     0
1070
     0
1070
     0
1070
     0
1070
     0
1070
     0
1070
     0
1071
        0
1070
     0
1070
     0
1070
     0
1070
     0
1070
     0
1070
     0
1070
     0
1070
     0
1070
     0
1070
     0
1070
     0
1071
        0
1070
     0
1070
     0
1070
     0
1070
     0
1070
     0
1070
     0
1070
     0
1070
     0
1070
     0
1070
     0
1070
     0
1071
        0
1070
     0
1070
     0
1070
     0
1070
     0
1070
     0
1070
     0
1070
     0
1070
     0
1070
     0
1070
     0
1070
     0
1071
        0
1070
     0
1070
     0
1070
     0
1070
     0
1070
     0
1070
     0
1070
     0
1070
     0
1070
     0
1070
     0
1070
     0
1071
        0
1070
     0
1070
     0
1070
     0
1070
     0
1070
     0
1070
     0
1070
     0
1070
     0
1070
     0
1070
     0
1070
     0
1071
        0
1070
     0
1070
     0
1070
     0
1070
     0
1070
     0
1070
     0
1070
     0
1070
     0
1070
     0
1070
     0
1070
     0
1071
        0
1070
     0
1070
     0
1070
     0
1070
     0
1070
     0
1070
     0
1070
     0
1070
     0
1070
     0
1070
     0
1070
     0
1071
        0
1070
     0
1070
     0
1070
     0
1070
     0
1070
     0
1070
     0
1070
     0
1070
     0
1070
     0
1070
     0
1070
     0
1071
        0
1070
     0
1070
     0
1070
     0
1070
     0
1070
     0
1070
     0
1070
     0
1070
     0
1070
     0
1070
     0
1070
     0
1071
        0
1070
     0
1070
     0
1070
     0
1070
     0
1070
     0
1070
     0
1070
     0
1070
     0
1070
     0
1070
     0
1070
     0
1071
        0
1070
     0
1070
     0
1070
     0
1070
     0
1070
     0
1070
     0
1070
     0
1070
     0
1070
     0
1070
     0
1070
     0
1071
        0
1070
     0
1070
     0
1070
     0
1070
     0
1070
     0
1070
     0
1070
     0
1070
     0
1070
     0
1070
     0
1070
     0
1071
        0
1070
     0
1070
     0
1070
     0
1070
     0
1070
     0
1070
     0
1070
     0
1070
     0
1070
     0
1070
     0
1070
     0
1071
        0
1070
     0
1070
     0
1070
     0
1070
     0
1070
     0
1070
     0
1070
     0
1070
     0
1070
     0
1070
     0
1070
     0
1071
        0
1070
     0
1070
     0
1070
     0
1070
     0
1070
     0
1070
     0
1070
     0
1070
     0
1070
     0
1070
     0
1070
     0
1071
        0
1070
     0
1070
     0
1070
     0
1070
     0
1070
     0
1070
     0
1070
     0
1070
     0
1070
     0
1070
     0
1070
     0
1071
        0
1070
     0
1070
     0
1070
     0
1070
     0
1070
     0
1070
     0
1070
     0
1070
     0
1070
     0
1070
     0
1070
     0
1071
        0
1070
     0
1070
     0
1070
     0
1070
     0
1070
     0
1070
     0
1070
     0
1070
     0
1070
     0
1070
     0
1070
     0
1071
        0
1070
     0
1070
     0
1070
     0
1070
     0
1070
     0
1070
     0
1070
     0
1070
     0
1070
     0
1070
     0
1070
     0
1071
        0
1070
     0
1070
     0
1070
     0
1070
     0
1070
     0
1070
     0
1070
     0
1070
     0
1070
     0
1070
     0
1070
     0
1071
        0
1070
     0
1070
     0
1070
     0
1070
     0
1070
     0
1070
     0
1070
     0
1070
     0
1070
     0
1070
     0
1070
     0
1071
        0
1070
     0
1070
     0
1070
     0
1070
     0
1070
     0
1070
     0
1070
     0
1070
     0
1070
     0
1070
     0
1070
     0
1071
        0
1070
     0
1070
     0
1070
     0
1070
     0
1070
     0
1070
     0
1070
     0
1070
     0
1070
     0
1070
     0
1070
     0
1071
        0
1070
     0
1070
     0
1070
     0
1070
     0
1070
     0
1070
     0
1070
     0
1070
     0
1070
     0
1070
     0
1070
     0
1071
        0
1070
     0
1070
     0
1070
     0
1070
     0
1070
     0
1070
     0
1070
     0
1070
     0
1070
     0
1070
     0
1070
     0
1071
        0
1070
     0
1070
     0
1070
     0
1070
     0
1070
     0
1070
     0
1070
     0
1070
     0
1070
     0
1070
     0
1070
     0
1071
        0
1070
     0
1070
     0
1070
     0
1070
     0
1070
     0
1070
     0
1070
     0
1070
     0
1070
     0
1070
     0
1070
     0
1071
        0
1070
     0
1070
     0
1070
     0
1070
     0
1070
     0
1070
     0
1070
     0
1070
     0
1070
     0
1070
     0
1070
     0
1071
        0
1070
     0
1070
     0
1070
     0
1070
     0
1070
     0
1070
     0
1070
     0
1070
     0
1070
     0
1070
     0
  0
TEXT
  5
7B5
330
1F
100
AcDbEntity
  8
COLUMN_TEXT__BM_
100
AcDbText
 39
0.0463826642588751
 10
2687.732147152795
 20
984.7622077279557
 30
-0.0000000082728956
 40
0.2
  1
C08
  7
NAME
100
AcDbText
  0
ELLIPSE
  5
7B6
330
1F
100
AcDbEntity
  8
COLUMN_TEXT_BOX__BM_
100
AcDbEllipse
 10
2687.993258614464
 20
984.8616767755366
 30
0.0
 11
-0.3141047421322583
 21
0.0
 31
0.0
210
0.0
220
0.0
230
1.0
 40
0.4476558537982991
 41
0.0
 42
6.283185307179586
1001
ACAD_OBJECT_CHANGE_GUID
1070
     0
1071
        0
1070
     0
1070
     0
1070
     0
1070
     0
1070
     0
1070
     0
1070
     0
1070
     0
1070
     0
1070
     0
1070
     0
1071
        0
1070
     0
1070
     0
1070
     0
1070
     0
1070
     0
1070
     0
1070
     0
1070
     0
1070
     0
1070
     0
1070
     0
1071
        0
1070
     0
1070
     0
1070
     0
1070
     0
1070
     0
1070
     0
1070
     0
1070
     0
1070
     0
1070
     0
1070
     0
1071
        0
1070
     0
1070
     0
1070
     0
1070
     0
1070
     0
1070
     0
1070
     0
1070
     0
1070
     0
1070
     0
1070
     0
1071
        0
1070
     0
1070
     0
1070
     0
1070
     0
1070
     0
1070
     0
1070
     0
1070
     0
1070
     0
1070
     0
1070
     0
1071
        0
1070
     0
1070
     0
1070
     0
1070
     0
1070
     0
1070
     0
1070
     0
1070
     0
1070
     0
1070
     0
1070
     0
1071
        0
1070
     0
1070
     0
1070
     0
1070
     0
1070
     0
1070
     0
1070
     0
1070
     0
1070
     0
1070
     0
1070
     0
1071
        0
1070
     0
1070
     0
1070
     0
1070
     0
1070
     0
1070
     0
1070
     0
1070
     0
1070
     0
1070
     0
1070
     0
1071
        0
1070
     0
1070
     0
1070
     0
1070
     0
1070
     0
1070
     0
1070
     0
1070
     0
1070
     0
1070
     0
1070
     0
1071
        0
1070
     0
1070
     0
1070
     0
1070
     0
1070
     0
1070
     0
1070
     0
1070
     0
1070
     0
1070
     0
1070
     0
1071
        0
1070
     0
1070
     0
1070
     0
1070
     0
1070
     0
1070
     0
1070
     0
1070
     0
1070
     0
1070
     0
1070
     0
1071
        0
1070
     0
1070
     0
1070
     0
1070
     0
1070
     0
1070
     0
1070
     0
1070
     0
1070
     0
1070
     0
1070
     0
1071
        0
1070
     0
1070
     0
1070
     0
1070
     0
1070
     0
1070
     0
1070
     0
1070
     0
1070
     0
1070
     0
1070
     0
1071
        0
1070
     0
1070
     0
1070
     0
1070
     0
1070
     0
1070
     0
1070
     0
1070
     0
1070
     0
1070
     0
1070
     0
1071
        0
1070
     0
1070
     0
1070
     0
1070
     0
1070
     0
1070
     0
1070
     0
1070
     0
1070
     0
1070
     0
1070
     0
1071
        0
1070
     0
1070
     0
1070
     0
1070
     0
1070
     0
1070
     0
1070
     0
1070
     0
1070
     0
1070
     0
1070
     0
1071
        0
1070
     0
1070
     0
1070
     0
1070
     0
1070
     0
1070
     0
1070
     0
1070
     0
1070
     0
1070
     0
1070
     0
1071
        0
1070
     0
1070
     0
1070
     0
1070
     0
1070
     0
1070
     0
1070
     0
1070
     0
1070
     0
1070
     0
1070
     0
1071
        0
1070
     0
1070
     0
1070
     0
1070
     0
1070
     0
1070
     0
1070
     0
1070
     0
1070
     0
1070
     0
1070
     0
1071
        0
1070
     0
1070
     0
1070
     0
1070
     0
1070
     0
1070
     0
1070
     0
1070
     0
1070
     0
1070
     0
1070
     0
1071
        0
1070
     0
1070
     0
1070
     0
1070
     0
1070
     0
1070
     0
1070
     0
1070
     0
1070
     0
1070
     0
1070
     0
1071
        0
1070
     0
1070
     0
1070
     0
1070
     0
1070
     0
1070
     0
1070
     0
1070
     0
1070
     0
1070
     0
1070
     0
1071
        0
1070
     0
1070
     0
1070
     0
1070
     0
1070
     0
1070
     0
1070
     0
1070
     0
1070
     0
1070
     0
1070
     0
1071
        0
1070
     0
1070
     0
1070
     0
1070
     0
1070
     0
1070
     0
1070
     0
1070
     0
1070
     0
1070
     0
1070
     0
1071
        0
1070
     0
1070
     0
1070
     0
1070
     0
1070
     0
1070
     0
1070
     0
1070
     0
1070
     0
1070
     0
1070
     0
1071
        0
1070
     0
1070
     0
1070
     0
1070
     0
1070
     0
1070
     0
1070
     0
1070
     0
1070
     0
1070
     0
1070
     0
1071
        0
1070
     0
1070
     0
1070
     0
1070
     0
1070
     0
1070
     0
1070
     0
1070
     0
1070
     0
1070
     0
1070
     0
1071
        0
1070
     0
1070
     0
1070
     0
1070
     0
1070
     0
1070
     0
1070
     0
1070
     0
1070
     0
1070
     0
1070
     0
1071
        0
1070
     0
1070
     0
1070
     0
1070
     0
1070
     0
1070
     0
1070
     0
1070
     0
1070
     0
1070
     0
1070
     0
1071
        0
1070
     0
1070
     0
1070
     0
1070
     0
1070
     0
1070
     0
1070
     0
1070
     0
1070
     0
1070
     0
1070
     0
1071
        0
1070
     0
1070
     0
1070
     0
1070
     0
1070
     0
1070
     0
1070
     0
1070
     0
1070
     0
1070
     0
1070
     0
1071
        0
1070
     0
1070
     0
1070
     0
1070
     0
1070
     0
1070
     0
1070
     0
1070
     0
1070
     0
1070
     0
1070
     0
1071
        0
1070
     0
1070
     0
1070
     0
1070
     0
1070
     0
1070
     0
1070
     0
1070
     0
1070
     0
1070
     0
1070
     0
1071
        0
1070
     0
1070
     0
1070
     0
1070
     0
1070
     0
1070
     0
1070
     0
1070
     0
1070
     0
1070
     0
1070
     0
1071
        0
1070
     0
1070
     0
1070
     0
1070
     0
1070
     0
1070
     0
1070
     0
1070
     0
1070
     0
1070
     0
1070
     0
1071
        0
1070
     0
1070
     0
1070
     0
1070
     0
1070
     0
1070
     0
1070
     0
1070
     0
1070
     0
1070
     0
1070
     0
1071
        0
1070
     0
1070
     0
1070
     0
1070
     0
1070
     0
1070
     0
1070
     0
1070
     0
1070
     0
1070
     0
1070
     0
1071
        0
1070
     0
1070
     0
1070
     0
1070
     0
1070
     0
1070
     0
1070
     0
1070
     0
1070
     0
1070
     0
1070
     0
1071
        0
1070
     0
1070
     0
1070
     0
1070
     0
1070
     0
1070
     0
1070
     0
1070
     0
1070
     0
1070
     0
1070
     0
1071
        0
1070
     0
1070
     0
1070
     0
1070
     0
1070
     0
1070
     0
1070
     0
1070
     0
1070
     0
1070
     0
1070
     0
1071
        0
1070
     0
1070
     0
1070
     0
1070
     0
1070
     0
1070
     0
1070
     0
1070
     0
1070
     0
1070
     0
1070
     0
1071
        0
1070
     0
1070
     0
1070
     0
1070
     0
1070
     0
1070
     0
1070
     0
1070
     0
1070
     0
1070
     0
1070
     0
1071
        0
1070
     0
1070
     0
1070
     0
1070
     0
1070
     0
1070
     0
1070
     0
1070
     0
1070
     0
1070
     0
1070
     0
1071
        0
1070
     0
1070
     0
1070
     0
1070
     0
1070
     0
1070
     0
1070
     0
1070
     0
1070
     0
1070
     0
1070
     0
1071
        0
1070
     0
1070
     0
1070
     0
1070
     0
1070
     0
1070
     0
1070
     0
1070
     0
1070
     0
1070
     0
1070
     0
1071
        0
1070
     0
1070
     0
1070
     0
1070
     0
1070
     0
1070
     0
1070
     0
1070
     0
1070
     0
1070
     0
1070
     0
1071
        0
1070
     0
1070
     0
1070
     0
1070
     0
1070
     0
1070
     0
1070
     0
1070
     0
1070
     0
1070
     0
1070
     0
1071
        0
1070
     0
1070
     0
1070
     0
1070
     0
1070
     0
1070
     0
1070
     0
1070
     0
1070
     0
1070
     0
1070
     0
1071
        0
1070
     0
1070
     0
1070
     0
1070
     0
1070
     0
1070
     0
1070
     0
1070
     0
1070
     0
1070
     0
1070
     0
1071
        0
1070
     0
1070
     0
1070
     0
1070
     0
1070
     0
1070
     0
1070
     0
1070
     0
1070
     0
1070
     0
1070
     0
1071
        0
1070
     0
1070
     0
1070
     0
1070
     0
1070
     0
1070
     0
1070
     0
1070
     0
1070
     0
1070
     0
1070
     0
1071
        0
1070
     0
1070
     0
1070
     0
1070
     0
1070
     0
1070
     0
1070
     0
1070
     0
1070
     0
1070
     0
1070
     0
1071
        0
1070
     0
1070
     0
1070
     0
1070
     0
1070
     0
1070
     0
1070
     0
1070
     0
1070
     0
1070
     0
1070
     0
1071
        0
1070
     0
1070
     0
1070
     0
1070
     0
1070
     0
1070
     0
1070
     0
1070
     0
1070
     0
1070
     0
1070
     0
1071
        0
1070
     0
1070
     0
1070
     0
1070
     0
1070
     0
1070
     0
1070
     0
1070
     0
1070
     0
1070
     0
1070
     0
1071
        0
1070
     0
1070
     0
1070
     0
1070
     0
1070
     0
1070
     0
1070
     0
1070
     0
1070
     0
1070
     0
1070
     0
1071
        0
1070
     0
1070
     0
1070
     0
1070
     0
1070
     0
1070
     0
1070
     0
1070
     0
1070
     0
1070
     0
1070
     0
1071
        0
1070
     0
1070
     0
1070
     0
1070
     0
1070
     0
1070
     0
1070
     0
1070
     0
1070
     0
1070
     0
1070
     0
1071
        0
1070
     0
1070
     0
1070
     0
1070
     0
1070
     0
1070
     0
1070
     0
1070
     0
1070
     0
1070
     0
1070
     0
1071
        0
1070
     0
1070
     0
1070
     0
1070
     0
1070
     0
1070
     0
1070
     0
1070
     0
1070
     0
1070
     0
1070
     0
1071
        0
1070
     0
1070
     0
1070
     0
1070
     0
1070
     0
1070
     0
1070
     0
1070
     0
1070
     0
1070
     0
1070
     0
1071
        0
1070
     0
1070
     0
1070
     0
1070
     0
1070
     0
1070
     0
1070
     0
1070
     0
1070
     0
1070
     0
1070
     0
1071
        0
1070
     0
1070
     0
1070
     0
1070
     0
1070
     0
1070
     0
1070
     0
1070
     0
1070
     0
1070
     0
1070
     0
1071
        0
1070
     0
1070
     0
1070
     0
1070
     0
1070
     0
1070
     0
1070
     0
1070
     0
1070
     0
1070
     0
1070
     0
1071
        0
1070
     0
1070
     0
1070
     0
1070
     0
1070
     0
1070
     0
1070
     0
1070
     0
1070
     0
1070
     0
1070
     0
1071
        0
1070
     0
1070
     0
1070
     0
1070
     0
1070
     0
1070
     0
1070
     0
1070
     0
1070
     0
1070
     0
1070
     0
1071
        0
1070
     0
1070
     0
1070
     0
1070
     0
1070
     0
1070
     0
1070
     0
1070
     0
1070
     0
1070
     0
1070
     0
1071
        0
1070
     0
1070
     0
1070
     0
1070
     0
1070
     0
1070
     0
1070
     0
1070
     0
1070
     0
1070
     0
1070
     0
1071
        0
1070
     0
1070
     0
1070
     0
1070
     0
1070
     0
1070
     0
1070
     0
1070
     0
1070
     0
1070
     0
1070
     0
1071
        0
1070
     0
1070
     0
1070
     0
1070
     0
1070
     0
1070
     0
1070
     0
1070
     0
1070
     0
1070
     0
1070
     0
1071
        0
1070
     0
1070
     0
1070
     0
1070
     0
1070
     0
1070
     0
1070
     0
1070
     0
1070
     0
1070
     0
1070
     0
1071
        0
1070
     0
1070
     0
1070
     0
1070
     0
1070
     0
1070
     0
1070
     0
1070
     0
1070
     0
1070
     0
1070
     0
1071
        0
1070
     0
1070
     0
1070
     0
1070
     0
1070
     0
1070
     0
1070
     0
1070
     0
1070
     0
1070
     0
1070
     0
1071
        0
1070
     0
1070
     0
1070
     0
1070
     0
1070
     0
1070
     0
1070
     0
1070
     0
1070
     0
1070
     0
1070
     0
1071
        0
1070
     0
1070
     0
1070
     0
1070
     0
1070
     0
1070
     0
1070
     0
1070
     0
1070
     0
1070
     0
1070
     0
1071
        0
1070
     0
1070
     0
1070
     0
1070
     0
1070
     0
1070
     0
1070
     0
1070
     0
1070
     0
1070
     0
1070
     0
1071
        0
1070
     0
1070
     0
1070
     0
1070
     0
1070
     0
1070
     0
1070
     0
1070
     0
1070
     0
1070
     0
1070
     0
1071
        0
1070
     0
1070
     0
1070
     0
1070
     0
1070
     0
1070
     0
1070
     0
1070
     0
1070
     0
1070
     0
1070
     0
1071
        0
1070
     0
1070
     0
1070
     0
1070
     0
1070
     0
1070
     0
1070
     0
1070
     0
1070
     0
1070
     0
1070
     0
1071
        0
1070
     0
1070
     0
1070
     0
1070
     0
1070
     0
1070
     0
1070
     0
1070
     0
1070
     0
1070
     0
1070
     0
1071
        0
1070
     0
1070
     0
1070
     0
1070
     0
1070
     0
1070
     0
1070
     0
1070
     0
1070
     0
1070
     0
1070
     0
1071
        0
1070
     0
1070
     0
1070
     0
1070
     0
1070
     0
1070
     0
1070
     0
1070
     0
1070
     0
1070
     0
1070
     0
1071
        0
1070
     0
1070
     0
1070
     0
1070
     0
1070
     0
1070
     0
1070
     0
1070
     0
1070
     0
1070
     0
1070
     0
1071
        0
1070
     0
1070
     0
1070
     0
1070
     0
1070
     0
1070
     0
1070
     0
1070
     0
1070
     0
1070
     0
1070
     0
1071
        0
1070
     0
1070
     0
1070
     0
1070
     0
1070
     0
1070
     0
1070
     0
1070
     0
1070
     0
1070
     0
1070
     0
1071
        0
1070
     0
1070
     0
1070
     0
1070
     0
1070
     0
1070
     0
1070
     0
1070
     0
1070
     0
1070
     0
1070
     0
1071
        0
1070
     0
1070
     0
1070
     0
1070
     0
1070
     0
1070
     0
1070
     0
1070
     0
1070
     0
1070
     0
1070
     0
1071
        0
1070
     0
1070
     0
1070
     0
1070
     0
1070
     0
1070
     0
1070
     0
1070
     0
1070
     0
1070
     0
1070
     0
1071
        0
1070
     0
1070
     0
1070
     0
1070
     0
1070
     0
1070
     0
1070
     0
1070
     0
1070
     0
1070
     0
1070
     0
1071
        0
1070
     0
1070
     0
1070
     0
1070
     0
1070
     0
1070
     0
1070
     0
1070
     0
1070
     0
1070
     0
1070
     0
1071
        0
1070
     0
1070
     0
1070
     0
1070
     0
1070
     0
1070
     0
1070
     0
1070
     0
1070
     0
1070
     0
1070
     0
1071
        0
1070
     0
1070
     0
1070
     0
1070
     0
1070
     0
1070
     0
1070
     0
1070
     0
1070
     0
1070
     0
1070
     0
1071
        0
1070
     0
1070
     0
1070
     0
1070
     0
1070
     0
1070
     0
1070
     0
1070
     0
1070
     0
1070
     0
1070
     0
1071
        0
1070
     0
1070
     0
1070
     0
1070
     0
1070
     0
1070
     0
1070
     0
1070
     0
1070
     0
1070
     0
1070
     0
1071
        0
1070
     0
1070
     0
1070
     0
1070
     0
1070
     0
1070
     0
1070
     0
1070
     0
1070
     0
1070
     0
1070
     0
1071
        0
1070
     0
1070
     0
1070
     0
1070
     0
1070
     0
1070
     0
1070
     0
1070
     0
1070
     0
1070
     0
1070
     0
1071
        0
1070
     0
1070
     0
1070
     0
1070
     0
1070
     0
1070
     0
1070
     0
1070
     0
1070
     0
1070
     0
1070
     0
1071
        0
1070
     0
1070
     0
1070
     0
1070
     0
1070
     0
1070
     0
1070
     0
1070
     0
1070
     0
1070
     0
1070
     0
1071
        0
1070
     0
1070
     0
1070
     0
1070
     0
1070
     0
1070
     0
1070
     0
1070
     0
1070
     0
1070
     0
1070
     0
1071
        0
1070
     0
1070
     0
1070
     0
1070
     0
1070
     0
1070
     0
1070
     0
1070
     0
1070
     0
1070
     0
1070
     0
1071
        0
1070
     0
1070
     0
1070
     0
1070
     0
1070
     0
1070
     0
1070
     0
1070
     0
1070
     0
1070
     0
1070
     0
1071
        0
1070
     0
1070
     0
1070
     0
1070
     0
1070
     0
1070
     0
1070
     0
1070
     0
1070
     0
1070
     0
1070
     0
1071
        0
1070
     0
1070
     0
1070
     0
1070
     0
1070
     0
1070
     0
1070
     0
1070
     0
1070
     0
1070
     0
1070
     0
1071
        0
1070
     0
1070
     0
1070
     0
1070
     0
1070
     0
1070
     0
1070
     0
1070
     0
1070
     0
1070
     0
1070
     0
1071
        0
1070
     0
1070
     0
1070
     0
1070
     0
1070
     0
1070
     0
1070
     0
1070
     0
1070
     0
1070
     0
1070
     0
1071
        0
1070
     0
1070
     0
1070
     0
1070
     0
1070
     0
1070
     0
1070
     0
1070
     0
1070
     0
1070
     0
1070
     0
1071
        0
1070
     0
1070
     0
1070
     0
1070
     0
1070
     0
1070
     0
1070
     0
1070
     0
1070
     0
1070
     0
1070
     0
1071
        0
1070
     0
1070
     0
1070
     0
1070
     0
1070
     0
1070
     0
1070
     0
1070
     0
1070
     0
1070
     0
1070
     0
1071
        0
1070
     0
1070
     0
1070
     0
1070
     0
1070
     0
1070
     0
1070
     0
1070
     0
1070
     0
1070
     0
1070
     0
1071
        0
1070
     0
1070
     0
1070
     0
1070
     0
1070
     0
1070
     0
1070
     0
1070
     0
1070
     0
1070
     0
1070
     0
1071
        0
1070
     0
1070
     0
1070
     0
1070
     0
1070
     0
1070
     0
1070
     0
1070
     0
1070
     0
1070
     0
1070
     0
1071
        0
1070
     0
1070
     0
1070
     0
1070
     0
1070
     0
1070
     0
1070
     0
1070
     0
1070
     0
1070
     0
1070
     0
1071
        0
1070
     0
1070
     0
1070
     0
1070
     0
1070
     0
1070
     0
1070
     0
1070
     0
1070
     0
1070
     0
1070
     0
1071
        0
1070
     0
1070
     0
1070
     0
1070
     0
1070
     0
1070
     0
1070
     0
1070
     0
1070
     0
1070
     0
1070
     0
1071
        0
1070
     0
1070
     0
1070
     0
1070
     0
1070
     0
1070
     0
1070
     0
1070
     0
1070
     0
1070
     0
1070
     0
1071
        0
1070
     0
1070
     0
1070
     0
1070
     0
1070
     0
1070
     0
1070
     0
1070
     0
1070
     0
1070
     0
1070
     0
1071
        0
1070
     0
1070
     0
1070
     0
1070
     0
1070
     0
1070
     0
1070
     0
1070
     0
1070
     0
1070
     0
1070
     0
1071
        0
1070
     0
1070
     0
1070
     0
1070
     0
1070
     0
1070
     0
1070
     0
1070
     0
1070
     0
1070
     0
1070
     0
1071
        0
1070
     0
1070
     0
1070
     0
1070
     0
1070
     0
1070
     0
1070
     0
1070
     0
1070
     0
1070
     0
1070
     0
1071
        0
1070
     0
1070
     0
1070
     0
1070
     0
1070
     0
1070
     0
1070
     0
1070
     0
1070
     0
1070
     0
1070
     0
1071
        0
1070
     0
1070
     0
1070
     0
1070
     0
1070
     0
1070
     0
1070
     0
1070
     0
1070
     0
1070
     0
1070
     0
1071
        0
1070
     0
1070
     0
1070
     0
1070
     0
1070
     0
1070
     0
1070
     0
1070
     0
1070
     0
1070
     0
1070
     0
1071
        0
1070
     0
1070
     0
1070
     0
1070
     0
1070
     0
1070
     0
1070
     0
1070
     0
1070
     0
1070
     0
1070
     0
1071
        0
1070
     0
1070
     0
1070
     0
1070
     0
1070
     0
1070
     0
1070
     0
1070
     0
1070
     0
1070
     0
1070
     0
1071
        0
1070
     0
1070
     0
1070
     0
1070
     0
1070
     0
1070
     0
1070
     0
1070
     0
1070
     0
1070
     0
1070
     0
1071
        0
1070
     0
1070
     0
1070
     0
1070
     0
1070
     0
1070
     0
1070
     0
1070
     0
1070
     0
1070
     0
1070
     0
1071
        0
1070
     0
1070
     0
1070
     0
1070
     0
1070
     0
1070
     0
1070
     0
1070
     0
1070
     0
1070
     0
1070
     0
1071
        0
1070
     0
1070
     0
1070
     0
1070
     0
1070
     0
1070
     0
1070
     0
1070
     0
1070
     0
1070
     0
1070
     0
1071
        0
1070
     0
1070
     0
1070
     0
1070
     0
1070
     0
1070
     0
1070
     0
1070
     0
1070
     0
1070
     0
1070
     0
1071
        0
1070
     0
1070
     0
1070
     0
1070
     0
1070
     0
1070
     0
1070
     0
1070
     0
1070
     0
1070
     0
1070
     0
1071
        0
1070
     0
1070
     0
1070
     0
1070
     0
1070
     0
1070
     0
1070
     0
1070
     0
1070
     0
1070
     0
1070
     0
1071
        0
1070
     0
1070
     0
1070
     0
1070
     0
1070
     0
1070
     0
1070
     0
1070
     0
1070
     0
1070
     0
1070
     0
1071
        0
1070
     0
1070
     0
1070
     0
1070
     0
1070
     0
1070
     0
1070
     0
1070
     0
1070
     0
1070
     0
1070
     0
1071
        0
1070
     0
1070
     0
1070
     0
1070
     0
1070
     0
1070
     0
1070
     0
1070
     0
1070
     0
1070
     0
1070
     0
1071
        0
1070
     0
1070
     0
1070
     0
1070
     0
1070
     0
1070
     0
1070
     0
1070
     0
1070
     0
1070
     0
1070
     0
1071
        0
1070
     0
1070
     0
1070
     0
1070
     0
1070
     0
1070
     0
1070
     0
1070
     0
1070
     0
1070
     0
1070
     0
1071
        0
1070
     0
1070
     0
1070
     0
1070
     0
1070
     0
1070
     0
1070
     0
1070
     0
1070
     0
1070
     0
1070
     0
1071
        0
1070
     0
1070
     0
1070
     0
1070
     0
1070
     0
1070
     0
1070
     0
1070
     0
1070
     0
1070
     0
1070
     0
1071
        0
1070
     0
1070
     0
1070
     0
1070
     0
1070
     0
1070
     0
1070
     0
1070
     0
1070
     0
1070
     0
1070
     0
1071
        0
1070
     0
1070
     0
1070
     0
1070
     0
1070
     0
1070
     0
1070
     0
1070
     0
1070
     0
1070
     0
1070
     0
1071
        0
1070
     0
1070
     0
1070
     0
1070
     0
1070
     0
1070
     0
1070
     0
1070
     0
1070
     0
1070
     0
1070
     0
1071
        0
1070
     0
1070
     0
1070
     0
1070
     0
1070
     0
1070
     0
1070
     0
1070
     0
1070
     0
1070
     0
1070
     0
1071
        0
1070
     0
1070
     0
1070
     0
1070
     0
1070
     0
1070
     0
1070
     0
1070
     0
1070
     0
1070
     0
1070
     0
1071
        0
1070
     0
1070
     0
1070
     0
1070
     0
1070
     0
1070
     0
1070
     0
1070
     0
1070
     0
1070
     0
1070
     0
1071
        0
1070
     0
1070
     0
1070
     0
1070
     0
1070
     0
1070
     0
1070
     0
1070
     0
1070
     0
1070
     0
1070
     0
1071
        0
1070
     0
1070
     0
1070
     0
1070
     0
1070
     0
1070
     0
1070
     0
1070
     0
1070
     0
1070
     0
1070
     0
1071
        0
1070
     0
1070
     0
1070
     0
1070
     0
1070
     0
1070
     0
1070
     0
1070
     0
1070
     0
1070
     0
1070
     0
1071
        0
1070
     0
1070
     0
1070
     0
1070
     0
1070
     0
1070
     0
1070
     0
1070
     0
1070
     0
1070
     0
1070
     0
1071
        0
1070
     0
1070
     0
1070
     0
1070
     0
1070
     0
1070
     0
1070
     0
1070
     0
1070
     0
1070
     0
1070
     0
1071
        0
1070
     0
1070
     0
1070
     0
1070
     0
1070
     0
1070
     0
1070
     0
1070
     0
1070
     0
1070
     0
1070
     0
1071
        0
1070
     0
1070
     0
1070
     0
1070
     0
1070
     0
1070
     0
1070
     0
1070
     0
1070
     0
1070
     0
1070
     0
1071
        0
1070
     0
1070
     0
1070
     0
1070
     0
1070
     0
1070
     0
1070
     0
1070
     0
1070
     0
1070
     0
1070
     0
1071
        0
1070
     0
1070
     0
1070
     0
1070
     0
1070
     0
1070
     0
1070
     0
1070
     0
1070
     0
1070
     0
1070
     0
1071
        0
1070
     0
1070
     0
1070
     0
1070
     0
1070
     0
1070
     0
1070
     0
1070
     0
1070
     0
1070
     0
1070
     0
1071
        0
1070
     0
1070
     0
1070
     0
1070
     0
1070
     0
1070
     0
1070
     0
1070
     0
1070
     0
1070
     0
1070
     0
1071
        0
1070
     0
1070
     0
1070
     0
1070
     0
1070
     0
1070
     0
1070
     0
1070
     0
1070
     0
1070
     0
1070
     0
1071
        0
1070
     0
1070
     0
1070
     0
1070
     0
1070
     0
1070
     0
1070
     0
1070
     0
1070
     0
1070
     0
1070
     0
1071
        0
1070
     0
1070
     0
1070
     0
1070
     0
1070
     0
1070
     0
1070
     0
1070
     0
1070
     0
1070
     0
1070
     0
1071
        0
1070
     0
1070
     0
1070
     0
1070
     0
1070
     0
1070
     0
1070
     0
1070
     0
1070
     0
1070
     0
1070
     0
1071
        0
1070
     0
1070
     0
1070
     0
1070
     0
1070
     0
1070
     0
1070
     0
1070
     0
1070
     0
1070
     0
1070
     0
1071
        0
1070
     0
1070
     0
1070
     0
1070
     0
1070
     0
1070
     0
1070
     0
1070
     0
1070
     0
1070
     0
1070
     0
1071
        0
1070
     0
1070
     0
1070
     0
1070
     0
1070
     0
1070
     0
1070
     0
1070
     0
1070
     0
1070
     0
1070
     0
1071
        0
1070
     0
1070
     0
1070
     0
1070
     0
1070
     0
1070
     0
1070
     0
1070
     0
1070
     0
1070
     0
1070
     0
1071
        0
1070
     0
1070
     0
1070
     0
1070
     0
1070
     0
1070
     0
1070
     0
1070
     0
1070
     0
1070
     0
1070
     0
1071
        0
1070
     0
1070
     0
1070
     0
1070
     0
1070
     0
1070
     0
1070
     0
1070
     0
1070
     0
1070
     0
1070
     0
1071
        0
1070
     0
1070
     0
1070
     0
1070
     0
1070
     0
1070
     0
1070
     0
1070
     0
1070
     0
1070
     0
1070
     0
1071
        0
1070
     0
1070
     0
1070
     0
1070
     0
1070
     0
1070
     0
1070
     0
1070
     0
1070
     0
1070
     0
1070
     0
1071
        0
1070
     0
1070
     0
1070
     0
1070
     0
1070
     0
1070
     0
1070
     0
1070
     0
1070
     0
1070
     0
1070
     0
1071
        0
1070
     0
1070
     0
1070
     0
1070
     0
1070
     0
1070
     0
1070
     0
1070
     0
1070
     0
1070
     0
1070
     0
1071
        0
1070
     0
1070
     0
1070
     0
1070
     0
1070
     0
1070
     0
1070
     0
1070
     0
1070
     0
1070
     0
1070
     0
1071
        0
1070
     0
1070
     0
1070
     0
1070
     0
1070
     0
1070
     0
1070
     0
1070
     0
1070
     0
1070
     0
1070
     0
1071
        0
1070
     0
1070
     0
1070
     0
1070
     0
1070
     0
1070
     0
1070
     0
1070
     0
1070
     0
1070
     0
1070
     0
1071
        0
1070
     0
1070
     0
1070
     0
1070
     0
1070
     0
1070
     0
1070
     0
1070
     0
1070
     0
1070
     0
1070
     0
1071
        0
1070
     0
1070
     0
1070
     0
1070
     0
1070
     0
1070
     0
1070
     0
1070
     0
1070
     0
1070
     0
1070
     0
1071
        0
1070
     0
1070
     0
1070
     0
1070
     0
1070
     0
1070
     0
1070
     0
1070
     0
1070
     0
1070
     0
1070
     0
1071
        0
1070
     0
1070
     0
1070
     0
1070
     0
1070
     0
1070
     0
1070
     0
1070
     0
1070
     0
1070
     0
1070
     0
1071
        0
1070
     0
1070
     0
1070
     0
1070
     0
1070
     0
1070
     0
1070
     0
1070
     0
1070
     0
1070
     0
1070
     0
1071
        0
1070
     0
1070
     0
1070
     0
1070
     0
1070
     0
1070
     0
1070
     0
1070
     0
1070
     0
1070
     0
1070
     0
1071
        0
1070
     0
1070
     0
1070
     0
1070
     0
1070
     0
1070
     0
1070
     0
1070
     0
1070
     0
1070
     0
1070
     0
1071
        0
1070
     0
1070
     0
1070
     0
1070
     0
1070
     0
1070
     0
1070
     0
1070
     0
1070
     0
1070
     0
1070
     0
1071
        0
1070
     0
1070
     0
1070
     0
1070
     0
1070
     0
1070
     0
1070
     0
1070
     0
1070
     0
1070
     0
1070
     0
1071
        0
1070
     0
1070
     0
1070
     0
1070
     0
1070
     0
1070
     0
1070
     0
1070
     0
1070
     0
1070
     0
1070
     0
1071
        0
1070
     0
1070
     0
1070
     0
1070
     0
1070
     0
1070
     0
1070
     0
1070
     0
1070
     0
1070
     0
1070
     0
1071
        0
1070
     0
1070
     0
1070
     0
1070
     0
1070
     0
1070
     0
1070
     0
1070
     0
1070
     0
1070
     0
1070
     0
1071
        0
1070
     0
1070
     0
1070
     0
1070
     0
1070
     0
1070
     0
1070
     0
1070
     0
1070
     0
1070
     0
1070
     0
1071
        0
1070
     0
1070
     0
1070
     0
1070
     0
1070
     0
1070
     0
1070
     0
1070
     0
1070
     0
1070
     0
1070
     0
1071
        0
1070
     0
1070
     0
1070
     0
1070
     0
1070
     0
1070
     0
1070
     0
1070
     0
1070
     0
1070
     0
1070
     0
1071
        0
1070
     0
1070
     0
1070
     0
1070
     0
1070
     0
1070
     0
1070
     0
1070
     0
1070
     0
1070
     0
1070
     0
1071
        0
1070
     0
1070
     0
1070
     0
1070
     0
1070
     0
1070
     0
1070
     0
1070
     0
1070
     0
1070
     0
1070
     0
1071
        0
1070
     0
1070
     0
1070
     0
1070
     0
1070
     0
1070
     0
1070
     0
1070
     0
1070
     0
1070
     0
1070
     0
1071
        0
1070
     0
1070
     0
1070
     0
1070
     0
1070
     0
1070
     0
1070
     0
1070
     0
1070
     0
1070
     0
1070
     0
1071
        0
1070
     0
1070
     0
1070
     0
1070
     0
1070
     0
1070
     0
1070
     0
1070
     0
1070
     0
1070
     0
1070
     0
1071
        0
1070
     0
1070
     0
1070
     0
1070
     0
1070
     0
1070
     0
1070
     0
1070
     0
1070
     0
1070
     0
1070
     0
1071
        0
1070
     0
1070
     0
1070
     0
1070
     0
1070
     0
1070
     0
1070
     0
1070
     0
1070
     0
1070
     0
1070
     0
1071
        0
1070
     0
1070
     0
1070
     0
1070
     0
1070
     0
1070
     0
1070
     0
1070
     0
1070
     0
1070
     0
1070
     0
1071
        0
1070
     0
1070
     0
1070
     0
1070
     0
1070
     0
1070
     0
1070
     0
1070
     0
1070
     0
1070
     0
1070
     0
1071
        0
1070
     0
1070
     0
1070
     0
1070
     0
1070
     0
1070
     0
1070
     0
1070
     0
1070
     0
1070
     0
1070
     0
1071
        0
1070
     0
1070
     0
1070
     0
1070
     0
1070
     0
1070
     0
1070
     0
1070
     0
1070
     0
1070
     0
1070
     0
1071
        0
1070
     0
1070
     0
1070
     0
1070
     0
1070
     0
1070
     0
1070
     0
1070
     0
1070
     0
1070
     0
1070
     0
1071
        0
1070
     0
1070
     0
1070
     0
1070
     0
1070
     0
1070
     0
1070
     0
1070
     0
1070
     0
1070
     0
1070
     0
1071
        0
1070
     0
1070
     0
1070
     0
1070
     0
1070
     0
1070
     0
1070
     0
1070
     0
1070
     0
1070
     0
1070
     0
1071
        0
1070
     0
1070
     0
1070
     0
1070
     0
1070
     0
1070
     0
1070
     0
1070
     0
1070
     0
1070
     0
1070
     0
1071
        0
1070
     0
1070
     0
1070
     0
1070
     0
1070
     0
1070
     0
1070
     0
1070
     0
1070
     0
1070
     0
1070
     0
1071
        0
1070
     0
1070
     0
1070
     0
1070
     0
1070
     0
1070
     0
1070
     0
1070
     0
1070
     0
1070
     0
1070
     0
1071
        0
1070
     0
1070
     0
1070
     0
1070
     0
1070
     0
1070
     0
1070
     0
1070
     0
1070
     0
1070
     0
1070
     0
1071
        0
1070
     0
1070
     0
1070
     0
1070
     0
1070
     0
1070
     0
1070
     0
1070
     0
1070
     0
1070
     0
1070
     0
1071
        0
1070
     0
1070
     0
1070
     0
1070
     0
1070
     0
1070
     0
1070
     0
1070
     0
1070
     0
1070
     0
1070
     0
1071
        0
1070
     0
1070
     0
1070
     0
1070
     0
1070
     0
1070
     0
1070
     0
1070
     0
1070
     0
1070
     0
1070
     0
1071
        0
1070
     0
1070
     0
1070
     0
1070
     0
1070
     0
1070
     0
1070
     0
1070
     0
1070
     0
1070
     0
1070
     0
1071
        0
1070
     0
1070
     0
1070
     0
1070
     0
1070
     0
1070
     0
1070
     0
1070
     0
1070
     0
1070
     0
1070
     0
1071
        0
1070
     0
1070
     0
1070
     0
1070
     0
1070
     0
1070
     0
1070
     0
1070
     0
1070
     0
1070
     0
1070
     0
1071
        0
1070
     0
1070
     0
1070
     0
1070
     0
1070
     0
1070
     0
1070
     0
1070
     0
1070
     0
1070
     0
1070
     0
1071
        0
1070
     0
1070
     0
1070
     0
1070
     0
1070
     0
1070
     0
1070
     0
1070
     0
1070
     0
1070
     0
1070
     0
1071
        0
1070
     0
1070
     0
1070
     0
1070
     0
1070
     0
1070
     0
1070
     0
1070
     0
1070
     0
1070
     0
1070
     0
1071
        0
1070
     0
1070
     0
1070
     0
1070
     0
1070
     0
1070
     0
1070
     0
1070
     0
1070
     0
1070
     0
1070
     0
1071
        0
1070
     0
1070
     0
1070
     0
1070
     0
1070
     0
1070
     0
1070
     0
1070
     0
1070
     0
1070
     0
1070
     0
1071
        0
1070
     0
1070
     0
1070
     0
1070
     0
1070
     0
1070
     0
1070
     0
1070
     0
1070
     0
1070
     0
1070
     0
1071
        0
1070
     0
1070
     0
1070
     0
1070
     0
1070
     0
1070
     0
1070
     0
1070
     0
1070
     0
1070
     0
1070
     0
1071
        0
1070
     0
1070
     0
1070
     0
1070
     0
1070
     0
1070
     0
1070
     0
1070
     0
1070
     0
1070
     0
1070
     0
1071
        0
1070
     0
1070
     0
1070
     0
1070
     0
1070
     0
1070
     0
1070
     0
1070
     0
1070
     0
1070
     0
1070
     0
1071
        0
1070
     0
1070
     0
1070
     0
1070
     0
1070
     0
1070
     0
1070
     0
1070
     0
1070
     0
1070
     0
1070
     0
1071
        0
1070
     0
1070
     0
1070
     0
1070
     0
1070
     0
1070
     0
1070
     0
1070
     0
1070
     0
1070
     0
1070
     0
1071
        0
1070
     0
1070
     0
1070
     0
1070
     0
1070
     0
1070
     0
1070
     0
1070
     0
1070
     0
1070
     0
1070
     0
1071
        0
1070
     0
1070
     0
1070
     0
1070
     0
1070
     0
1070
     0
1070
     0
1070
     0
1070
     0
1070
     0
1070
     0
1071
        0
1070
     0
1070
     0
1070
     0
1070
     0
1070
     0
1070
     0
1070
     0
1070
     0
1070
     0
1070
     0
1070
     0
1071
        0
1070
     0
1070
     0
1070
     0
1070
     0
1070
     0
1070
     0
1070
     0
1070
     0
1070
     0
1070
     0
1070
     0
1071
        0
1070
     0
1070
     0
1070
     0
1070
     0
1070
     0
1070
     0
1070
     0
1070
     0
1070
     0
1070
     0
1070
     0
1071
        0
1070
     0
1070
     0
1070
     0
1070
     0
1070
     0
1070
     0
1070
     0
1070
     0
1070
     0
1070
     0
  0
LINE
  5
7B7
330
1F
100
AcDbEntity
  8
BEAM__BM_
100
AcDbLine
 10
2687.583226650358
 20
991.003804243783
 30
0.0
 11
2691.52322665036
 21
991.0038042437814
 31
0.0
  0
LINE
  5
7B8
330
1F
100
AcDbEntity
  8
BEAM__BM_
100
AcDbLine
 10
2687.583226650358
 20
990.7738042437829
 30
0.0
 11
2691.52322665036
 21
990.7738042437813
 31
0.0
  0
LINE
  5
7B9
330
1F
100
AcDbEntity
  8
BEAM__BM_
100
AcDbLine
 10
2687.353226650359
 20
990.5538042437831
 30
0.0
 11
2687.353226650359
 21
987.8158042437817
 31
0.0
  0
LINE
  5
7BA
330
1F
100
AcDbEntity
  8
BEAM__BM_
100
AcDbLine
 10
2687.583226650358
 20
990.5538042437831
 30
0.0
 11
2687.583226650358
 21
987.8158042437817
 31
0.0
  0
LINE
  5
7BB
330
1F
100
AcDbEntity
  8
BEAM__BM_
100
AcDbLine
 10
2687.353226650359
 20
987.3658042437808
 30
0.0
 11
2687.353226650359
 21
985.3638042437851
 31
0.0
  0
LINE
  5
7BC
330
1F
100
AcDbEntity
  8
BEAM__BM_
100
AcDbLine
 10
2687.583226650358
 20
987.3658042437808
 30
0.0
 11
2687.583226650358
 21
985.3638042437851
 31
0.0
  0
LINE
  5
7BD
330
1F
100
AcDbEntity
  8
BEAM__BM_
100
AcDbLine
 10
2687.353226650359
 20
985.1338042437849
 30
0.0
 11
2687.353226650359
 21
983.1138042437829
 31
0.0
  0
LINE
  5
7BE
330
1F
100
AcDbEntity
  8
BEAM__BM_
100
AcDbLine
 10
2687.583226650359
 20
985.1338042437849
 30
0.0
 11
2687.583226650359
 21
983.1138042437829
 31
0.0
  0
LINE
  5
7BF
330
1F
100
AcDbEntity
  8
BEAM__BM_
100
AcDbLine
 10
2687.35322665036
 20
982.8838042437826
 30
0.0
 11
2687.35322665036
 21
979.753804243783
 31
0.0
  0
LINE
  5
7C0
330
1F
100
AcDbEntity
  8
BEAM__BM_
100
AcDbLine
 10
2687.583226650359
 20
982.8838042437826
 30
0.0
 11
2687.583226650359
 21
979.753804243783
 31
0.0
  0
LINE
  5
7C1
330
1F
100
AcDbEntity
  8
BEAM__BM_
100
AcDbLine
 10
2687.583226650359
 20
979.3038042437829
 30
0.0
 11
2691.52322665036
 21
979.3038042437829
 31
0.0
  0
LINE
  5
7C2
330
1F
100
AcDbEntity
  8
BEAM__BM_
100
AcDbLine
 10
2687.583226650359
 20
979.5338042437829
 30
0.0
 11
2691.52322665036
 21
979.5338042437829
 31
0.0
  0
LINE
  5
7C3
330
1F
100
AcDbEntity
  8
BEAM__BM_
100
AcDbLine
 10
2691.753226650359
 20
979.5238042437798
 30
0.0
 11
2697.123226650358
 21
979.5238042437798
 31
0.0
  0
LINE
  5
7C4
330
1F
100
AcDbEntity
  8
BEAM__BM_
100
AcDbLine
 10
2691.753226650359
 20
979.7538042437798
 30
0.0
 11
2697.123226650358
 21
979.7538042437798
 31
0.0
  0
LINE
  5
7C5
330
1F
100
AcDbEntity
  8
BEAM__BM_
100
AcDbLine
 10
2697.353226650359
 20
979.7538042437841
 30
0.0
 11
2697.353226650359
 21
984.1938042437828
 31
0.0
  0
LINE
  5
7C6
330
1F
100
AcDbEntity
  8
BEAM__BM_
100
AcDbLine
 10
2697.123226650358
 20
979.7538042437841
 30
0.0
 11
2697.123226650358
 21
984.1938042437828
 31
0.0
  0
LINE
  5
7C7
330
1F
100
AcDbEntity
  8
BEAM__BM_
100
AcDbLine
 10
2697.353226650359
 20
984.6438042437828
 30
0.0
 11
2697.353226650359
 21
987.3658042437849
 31
0.0
  0
LINE
  5
7C8
330
1F
100
AcDbEntity
  8
BEAM__BM_
100
AcDbLine
 10
2697.123226650359
 20
984.6438042437828
 30
0.0
 11
2697.123226650359
 21
987.3658042437849
 31
0.0
  0
LINE
  5
7C9
330
1F
100
AcDbEntity
  8
BEAM__BM_
100
AcDbLine
 10
2697.353226650359
 20
987.8158042437813
 30
0.0
 11
2697.353226650359
 21
990.5538042437845
 31
0.0
  0
LINE
  5
7CA
330
1F
100
AcDbEntity
  8
BEAM__BM_
100
AcDbLine
 10
2697.123226650359
 20
987.8158042437813
 30
0.0
 11
2697.123226650359
 21
990.5538042437845
 31
0.0
  0
LINE
  5
7CB
330
1F
100
AcDbEntity
  8
BEAM__BM_
100
AcDbLine
 10
2697.12322665036
 20
991.0038042437827
 30
0.0
 11
2693.185726650359
 21
991.0038042437827
 31
0.0
  0
LINE
  5
7CC
330
1F
100
AcDbEntity
  8
BEAM__BM_
100
AcDbLine
 10
2697.12322665036
 20
990.7738042437827
 30
0.0
 11
2693.185726650359
 21
990.7738042437827
 31
0.0
  0
LINE
  5
7CD
330
1F
100
AcDbEntity
  8
BEAM__BM_
100
AcDbLine
 10
2692.95322665036
 20
991.0038042437825
 30
0.0
 11
2691.753226650361
 21
991.0038042437825
 31
0.0
  0
LINE
  5
7CE
330
1F
100
AcDbEntity
  8
BEAM__BM_
100
AcDbLine
 10
2692.95322665036
 20
990.7738042437825
 30
0.0
 11
2691.753226650361
 21
990.7738042437825
 31
0.0
  0
LINE
  5
7CF
330
1F
100
AcDbEntity
  8
BEAM__BM_
100
AcDbLine
 10
2691.523226650359
 20
987.8138042437827
 30
0.0
 11
2691.523226650359
 21
990.5538042437804
 31
0.0
  0
LINE
  5
7D0
330
1F
100
AcDbEntity
  8
BEAM__BM_
100
AcDbLine
 10
2691.753226650359
 20
987.8138042437827
 30
0.0
 11
2691.753226650359
 21
990.5538042437804
 31
0.0
  0
LINE
  5
7D1
330
1F
100
AcDbEntity
  8
BEAM__BM_
100
AcDbLine
 10
2687.583226650359
 20
987.8158042437817
 30
0.0
 11
2691.523226650359
 21
987.8158042437817
 31
0.0
  0
LINE
  5
7D2
330
1F
100
AcDbEntity
  8
BEAM__BM_
100
AcDbLine
 10
2687.583226650359
 20
987.5858042437817
 30
0.0
 11
2691.523226650359
 21
987.5858042437817
 31
0.0
  0
LINE
  5
7D3
330
1F
100
AcDbEntity
  8
BEAM__BM_
100
AcDbLine
 10
2697.123226650359
 20
987.8158042437849
 30
0.0
 11
2691.973226650361
 21
987.8138042437827
 31
0.0
  0
LINE
  5
7D4
330
1F
100
AcDbEntity
  8
BEAM__BM_
100
AcDbLine
 10
2697.123315970741
 20
987.5858042611287
 30
0.0
 11
2691.973315970742
 21
987.5838042611265
 31
0.0
  0
LINE
  5
7D5
330
1F
100
AcDbEntity
  8
BEAM__BM_
100
AcDbLine
 10
2687.803226650359
 20
985.3638042437849
 30
0.0
 11
2691.303226650359
 21
985.3638042437829
 31
0.0
  0
LINE
  5
7D6
330
1F
100
AcDbEntity
  8
BEAM__BM_
100
AcDbLine
 10
2687.803226650359
 20
985.1338042437849
 30
0.0
 11
2691.303226650359
 21
985.1338042437828
 31
0.0
  0
LINE
  5
7D7
330
1F
100
AcDbEntity
  8
BEAM__BM_
100
AcDbLine
 10
2691.753226650359
 20
985.1338042437828
 30
0.0
 11
2691.753226650359
 21
983.3338042437831
 31
0.0
  0
LINE
  5
7D8
330
1F
100
AcDbEntity
  8
BEAM__BM_
100
AcDbLine
 10
2691.523226650359
 20
985.1338042437828
 30
0.0
 11
2691.523226650359
 21
983.3338042437831
 31
0.0
  0
LINE
  5
7D9
330
1F
100
AcDbEntity
  8
BEAM__BM_
100
AcDbLine
 10
2687.803226650359
 20
983.1138042437829
 30
0.0
 11
2691.52322665036
 21
983.1138042437829
 31
0.0
  0
LINE
  5
7DA
330
1F
100
AcDbEntity
  8
BEAM__BM_
100
AcDbLine
 10
2687.803226650359
 20
982.8838042437828
 30
0.0
 11
2691.52322665036
 21
982.8838042437828
 31
0.0
  0
LINE
  5
7DB
330
1F
100
AcDbEntity
  8
BEAM__BM_
100
AcDbLine
 10
2690.333226650359
 20
985.1338042437833
 30
0.0
 11
2690.333226650359
 21
983.1138042437829
 31
0.0
  0
LINE
  5
7DC
330
1F
100
AcDbEntity
  8
BEAM__BM_
100
AcDbLine
 10
2690.103226650359
 20
985.1338042437833
 30
0.0
 11
2690.103226650359
 21
983.1138042437829
 31
0.0
  0
LINE
  5
7DD
330
1F
100
AcDbEntity
  8
BEAM__BM_
100
AcDbLine
 10
2691.52322665036
 20
979.753804243783
 30
0.0
 11
2691.52322665036
 21
982.8838042437831
 31
0.0
  0
LINE
  5
7DE
330
1F
100
AcDbEntity
  8
BEAM__BM_
100
AcDbLine
 10
2691.753226650359
 20
979.753804243783
 30
0.0
 11
2691.753226650359
 21
982.8838042437831
 31
0.0
  0
TEXT
  5
7DF
330
1F
100
AcDbEntity
  8
BEAM_TEXT__BM_
100
AcDbText
 10
2689.387688188821
 20
991.0884196283977
 30
0.0
 40
0.2
  1
B1
  7
CALIBRI
 72
     1
 11
2689.55322665036
 21
991.0038042437823
 31
0.0
100
AcDbText
 73
     1
  0
TEXT
  5
7E0
330
1F
100
AcDbEntity
  8
BEAM_TEXT__BM_
100
AcDbText
 10
2694.988938188821
 20
991.0884196283981
 30
0.0
 40
0.2
  1
B3
  7
CALIBRI
 72
     1
 11
2695.154476650359
 21
991.0038042437827
 31
0.0
100
AcDbText
 73
     1
  0
TEXT
  5
7E1
330
1F
100
AcDbEntity
  8
BEAM_TEXT__BM_
100
AcDbText
 10
2692.187688188821
 20
991.0884196283986
 30
0.0
 40
0.2
  1
B2
  7
CALIBRI
 72
     1
 11
2692.353226650359
 21
991.0038042437832
 31
0.0
100
AcDbText
 73
     1
  0
TEXT
  5
7E2
330
1F
100
AcDbEntity
  8
BEAM_TEXT__BM_
100
AcDbText
 10
2689.387688188821
 20
987.9004196283971
 30
0.0
 40
0.2
  1
B4
  7
CALIBRI
 72
     1
 11
2689.55322665036
 21
987.8158042437817
 31
0.0
100
AcDbText
 73
     1
  0
TEXT
  5
7E3
330
1F
100
AcDbEntity
  8
BEAM_TEXT__BM_
100
AcDbText
 10
2694.382688188821
 20
987.8994196283992
 30
0.0
 40
0.2
  1
B5
  7
CALIBRI
 72
     1
 11
2694.54822665036
 21
987.8148042437838
 31
0.0
100
AcDbText
 73
     1
  0
TEXT
  5
7E4
330
1F
100
AcDbEntity
  8
BEAM_TEXT__BM_
100
AcDbText
 10
2690.110419996068
 20
985.407079081183
 30
0.0
 40
0.2
  1
B7
  7
CALIBRI
 72
     1
 11
2690.275958457606
 21
985.3224636965676
 31
0.0
100
AcDbText
 73
     1
  0
TEXT
  5
7E5
330
1F
100
AcDbEntity
  8
BEAM_TEXT__BM_
100
AcDbText
 10
2689.210277365493
 20
982.6220969306231
 30
0.0
 40
0.2
  1
B9
  7
CALIBRI
 72
     1
 11
2689.375815827031
 21
982.5374815460077
 31
0.0
100
AcDbText
 73
     1
  0
TEXT
  5
7E6
330
1F
100
AcDbEntity
  8
BEAM_TEXT__BM_
100
AcDbText
 10
2689.310918958052
 20
979.6184196283983
 30
0.0
 40
0.2
  1
TB1
  7
CALIBRI
 72
     1
 11
2689.55322665036
 21
979.5338042437829
 31
0.0
100
AcDbText
 73
     1
  0
TEXT
  5
7E7
330
1F
100
AcDbEntity
  8
BEAM_TEXT__BM_
100
AcDbText
 10
2694.086657682712
 20
979.8384196283952
 30
0.0
 40
0.2
  1
B10
  7
CALIBRI
 72
     1
 11
2694.332042298096
 21
979.7538042437798
 31
0.0
100
AcDbText
 73
     1
  0
TEXT
  5
7E8
330
1F
100
AcDbEntity
  8
BEAM_TEXT__BM_
100
AcDbText
 10
2687.268611265743
 20
988.9394196283977
 30
0.0
 40
0.2
  1
B15
 50
90.0
  7
CALIBRI
 72
     1
 11
2687.353226650359
 21
989.1848042437823
 31
0.0
100
AcDbText
 73
     1
  0
TEXT
  5
7E9
330
1F
100
AcDbEntity
  8
BEAM_TEXT__BM_
100
AcDbText
 10
2691.438611265744
 20
988.938419628397
 30
0.0
 40
0.2
  1
B21
 50
90.0
  7
CALIBRI
 72
     1
 11
2691.52322665036
 21
989.1838042437817
 31
0.0
100
AcDbText
 73
     1
  0
TEXT
  5
7EA
330
1F
100
AcDbEntity
  8
BEAM_TEXT__BM_
100
AcDbText
 10
2697.614648870118
 20
988.9788674289944
 30
0.0
 40
0.2
  1
B27
 50
90.0
  7
CALIBRI
 72
     1
 11
2697.699264254734
 21
989.224252044379
 31
0.0
100
AcDbText
 73
     1
  0
TEXT
  5
7EB
330
1F
100
AcDbEntity
  8
BEAM_TEXT__BM_
100
AcDbText
 10
2697.645758474976
 20
985.9094196283982
 30
0.0
 40
0.2
  1
B26
 50
90.0
  7
CALIBRI
 72
     1
 11
2697.730373859591
 21
986.1548042437828
 31
0.0
100
AcDbText
 73
     1
  0
TEXT
  5
7EC
330
1F
100
AcDbEntity
  8
BEAM_TEXT__BM_
100
AcDbText
 10
2687.268611265743
 20
986.1194196283984
 30
0.0
 40
0.2
  1
B14
 50
90.0
  7
CALIBRI
 72
     1
 11
2687.353226650359
 21
986.364804243783
 31
0.0
100
AcDbText
 73
     1
  0
TEXT
  5
7ED
330
1F
100
AcDbEntity
  8
BEAM_TEXT__BM_
100
AcDbText
 10
2687.268611265743
 20
983.9034196283993
 30
0.0
 40
0.2
  1
MB
 50
90.0
  7
CALIBRI
 72
     1
 11
2687.353226650359
 21
984.123804243784
 31
0.0
100
AcDbText
 73
     1
  0
TEXT
  5
7EE
330
1F
100
AcDbEntity
  8
BEAM_TEXT__BM_
100
AcDbText
 10
2692.011431587999
 20
983.821335061393
 30
0.0
 40
0.2
  1
B19
 50
90.0
  7
CALIBRI
 72
     1
 11
2692.096046972614
 21
984.0667196767777
 31
0.0
100
AcDbText
 73
     1
  0
TEXT
  5
7EF
330
1F
100
AcDbEntity
  8
BEAM_TEXT__BM_
100
AcDbText
 10
2687.268611265744
 20
981.0734196283981
 30
0.0
 40
0.2
  1
B13
 50
90.0
  7
CALIBRI
 72
     1
 11
2687.353226650359
 21
981.3188042437828
 31
0.0
100
AcDbText
 73
     1
  0
TEXT
  5
7F0
330
1F
100
AcDbEntity
  8
BEAM_TEXT__BM_
100
AcDbText
 10
2691.421133010991
 20
980.7680298141895
 30
0.0
 40
0.2
  1
B18
 50
90.0
  7
CALIBRI
 72
     1
 11
2691.505748395606
 21
981.0134144295741
 31
0.0
100
AcDbText
 73
     1
  0
TEXT
  5
7F1
330
1F
100
AcDbEntity
  8
BEAM_TEXT__BM_
100
AcDbText
 10
2697.597293833447
 20
982.019996597108
 30
0.0
 40
0.2
  1
B25
 50
90.0
  7
CALIBRI
 72
     1
 11
2697.681909218063
 21
982.2653812124927
 31
0.0
100
AcDbText
 73
     1
  0
TEXT
  5
7F2
330
1F
100
AcDbEntity
  8
BEAM_TEXT__BM_
100
AcDbText
 10
2690.592765725468
 20
983.8028447576587
 30
0.0
 40
0.2
  1
B16
 50
90.0
  7
CALIBRI
 72
     1
 11
2690.677381110084
 21
984.0482293730433
 31
0.0
100
AcDbText
 73
     1
  0
LINE
  5
7F3
330
1F
100
AcDbEntity
  8
BEAM__BM_
100
AcDbLine
 10
2693.18322665036
 20
990.5538042437813
 30
0.0
 11
2693.184290545384
 21
987.8142745598589
 31
0.0
  0
LINE
  5
7F4
330
1F
100
AcDbEntity
  8
BEAM__BM_
100
AcDbLine
 10
2693.033226661671
 20
990.5537459913585
 30
0.0
 11
2693.034290556695
 21
987.814216307436
 31
0.0
  0
LINE
  5
7F5
330
1F
100
AcDbEntity
  8
BEAM__BM_
100
AcDbLine
 10
2691.753226650359
 20
988.8538042437835
 30
0.0
 11
2693.033226650359
 21
988.8538042437835
 31
0.0
  0
LINE
  5
7F6
330
1F
100
AcDbEntity
  8
BEAM__BM_
100
AcDbLine
 10
2691.753226650359
 20
988.7038042437835
 30
0.0
 11
2693.033226650359
 21
988.7038042437835
 31
0.0
  0
LINE
  5
7F7
330
1F
100
AcDbEntity
  8
BEAM__BM_
100
AcDbLine
 10
2691.753226650359
 20
985.3638042437831
 30
0.0
 11
2691.753226650359
 21
987.5838042437827
 31
0.0
  0
LINE
  5
7F8
330
1F
100
AcDbEntity
  8
BEAM__BM_
100
AcDbLine
 10
2691.523226650359
 20
985.3638042437831
 30
0.0
 11
2691.523226650359
 21
987.5838042437827
 31
0.0
  0
LINE
  5
7F9
330
1F
100
AcDbEntity
  8
BEAM__BM_
100
AcDbLine
 10
2697.123226650359
 20
984.6438042437828
 30
0.0
 11
2691.753226650359
 21
984.6438042437828
 31
0.0
  0
LINE
  5
7FA
330
1F
100
AcDbEntity
  8
BEAM__BM_
100
AcDbLine
 10
2697.123226650359
 20
984.4138042437828
 30
0.0
 11
2691.753226650359
 21
984.4138042437828
 31
0.0
  0
LINE
  5
7FB
330
1F
100
AcDbEntity
  8
BEAM__BM_
100
AcDbLine
 10
2693.183226650359
 20
987.5842741293523
 30
0.0
 11
2693.183226650359
 21
984.6438042437828
 31
0.0
  0
LINE
  5
7FC
330
1F
100
AcDbEntity
  8
BEAM__BM_
100
AcDbLine
 10
2693.033226650359
 20
987.5842741293523
 30
0.0
 11
2693.033226650359
 21
984.6438042437828
 31
0.0
  0
LINE
  5
7FD
330
1F
100
AcDbEntity
  8
BEAM__BM_
100
AcDbLine
 10
2690.003226650359
 20
985.3638042437838
 30
0.0
 11
2690.003226650359
 21
987.5858042437817
 31
0.0
  0
LINE
  5
7FE
330
1F
100
AcDbEntity
  8
BEAM__BM_
100
AcDbLine
 10
2689.853226650359
 20
985.3638042437838
 30
0.0
 11
2689.853226650359
 21
987.5858042437817
 31
0.0
  0
LINE
  5
7FF
330
1F
100
AcDbEntity
  8
BEAM__BM_
100
AcDbLine
 10
2687.583226650358
 20
986.6638042437833
 30
0.0
 11
2689.853226650359
 21
986.6638042437833
 31
0.0
  0
LINE
  5
800
330
1F
100
AcDbEntity
  8
BEAM__BM_
100
AcDbLine
 10
2687.583226650358
 20
986.5138042437834
 30
0.0
 11
2689.853226650359
 21
986.5138042437834
 31
0.0
  0
LINE
  5
801
330
1F
100
AcDbEntity
  8
BEAM__BM_
100
AcDbLine
 10
2688.783226650359
 20
986.6638042437833
 30
0.0
 11
2688.783226650359
 21
987.5858042437817
 31
0.0
  0
LINE
  5
802
330
1F
100
AcDbEntity
  8
BEAM__BM_
100
AcDbLine
 10
2688.933226650359
 20
986.6638042437833
 30
0.0
 11
2688.933226650359
 21
987.5858042437817
 31
0.0
  0
LINE
  5
803
330
1F
100
AcDbEntity
  8
BEAM__BM_
100
AcDbLine
 10
2691.52322665036
 20
981.6838042437826
 30
0.0
 11
2687.583226650359
 21
981.6838042437826
 31
0.0
  0
LINE
  5
804
330
1F
100
AcDbEntity
  8
BEAM__BM_
100
AcDbLine
 10
2691.52322665036
 20
981.5338042437825
 30
0.0
 11
2687.583226650359
 21
981.5338042437825
 31
0.0
  0
LINE
  5
805
330
1F
100
AcDbEntity
  8
HIDDEN_BEAMS__BM_
100
AcDbLine
 10
2690.473226650359
 20
981.6838042437826
 30
0.0
 11
2690.473226650359
 21
982.8838042437826
 31
0.0
  0
LINE
  5
806
330
1F
100
AcDbEntity
  8
HIDDEN_BEAMS__BM_
100
AcDbLine
 10
2690.253226650359
 20
981.6838042437826
 30
0.0
 11
2690.253226650359
 21
982.8838042437826
 31
0.0
  0
LINE
  5
807
330
1F
100
AcDbEntity
  8
BEAM__BM_
100
AcDbLine
 10
2687.353226650359
 20
979.303804243782
 30
0.0
 11
2687.353226650359
 21
977.9538042437821
 31
0.0
  0
LINE
  5
808
330
1F
100
AcDbEntity
  8
BEAM__BM_
100
AcDbLine
 10
2687.583226650359
 20
979.303804243782
 30
0.0
 11
2687.583226650359
 21
977.9538042437821
 31
0.0
  0
LINE
  5
809
330
1F
100
AcDbEntity
  8
BEAM__BM_
100
AcDbLine
 10
2687.35322665036
 20
977.9538042437821
 30
0.0
 11
2691.523226650359
 21
977.9538042437805
 31
0.0
  0
LINE
  5
80A
330
1F
100
AcDbEntity
  8
BEAM__BM_
100
AcDbLine
 10
2687.583226650359
 20
978.103804243782
 30
0.0
 11
2691.523226650359
 21
978.1038042437804
 31
0.0
  0
LINE
  5
80B
330
1F
100
AcDbEntity
  8
BEAM__BM_
100
AcDbLine
 10
2691.52322665036
 20
979.223804243783
 30
0.0
 11
2691.52322665036
 21
977.4538042437807
 31
0.0
  0
LINE
  5
80C
330
1F
100
AcDbEntity
  8
BEAM__BM_
100
AcDbLine
 10
2691.753226650359
 20
979.223804243783
 30
0.0
 11
2691.753226650359
 21
977.4538042437807
 31
0.0
  0
LINE
  5
80D
330
1F
100
AcDbEntity
  8
BEAM__BM_
100
AcDbLine
 10
2691.523226650359
 20
977.4538042437805
 30
0.0
 11
2697.353226650359
 21
977.4538042437828
 31
0.0
  0
LINE
  5
80E
330
1F
100
AcDbEntity
  8
BEAM__BM_
100
AcDbLine
 10
2691.753226650359
 20
977.6838042437803
 30
0.0
 11
2697.123226650358
 21
977.6838042437826
 31
0.0
  0
LINE
  5
80F
330
1F
100
AcDbEntity
  8
BEAM__BM_
100
AcDbLine
 10
2697.353226650359
 20
979.223804243783
 30
0.0
 11
2697.353226650359
 21
977.4538042437825
 31
0.0
  0
LINE
  5
810
330
1F
100
AcDbEntity
  8
BEAM__BM_
100
AcDbLine
 10
2697.123226650358
 20
979.223804243783
 30
0.0
 11
2697.123226650358
 21
977.4538042437825
 31
0.0
  0
LINE
  5
811
330
1F
100
AcDbEntity
  8
BEAM__BM_
100
AcDbLine
 10
2695.623226650359
 20
979.5238042437798
 30
0.0
 11
2695.623226650359
 21
977.6838042437821
 31
0.0
  0
LINE
  5
812
330
1F
100
AcDbEntity
  8
BEAM__BM_
100
AcDbLine
 10
2695.473226650359
 20
979.5238042437798
 30
0.0
 11
2695.473226650359
 21
977.6838042437821
 31
0.0
  0
TEXT
  5
813
330
1F
100
AcDbEntity
  8
BEAM_TEXT__BM_
100
AcDbText
 10
2692.144045805482
 20
988.4433978358219
 30
0.0
 40
0.2
  1
FB1
  7
CALIBRI
 72
     1
 11
2692.381968882405
 21
988.3587824512065
 31
0.0
100
AcDbText
 73
     1
  0
HATCH
  5
814
330
1F
100
AcDbEntity
  8
SUNK_BY_200MM__BM_
100
AcDbHatch
 10
0.0
 20
0.0
 30
0.0
210
0.0
220
0.0
230
1.0
  2
GLB
 70
     0
 71
     0
 91
        3
 92
        7
 72
     0
 73
     1
 93
        5
 10
2689.853226650359
 20
986.5138042437832
 10
2687.583226650358
 20
986.5138042437834
 10
2687.583226650358
 20
985.3638042437847
 10
2687.803226650359
 20
985.3638042437849
 10
2689.853226650359
 20
985.3638042437838
 97
        0
 92
       24
 93
        4
 72
     1
 10
2688.342458036494
 20
985.754701584227
 11
2688.749381113417
 21
985.754701584227
 72
     1
 10
2688.749381113418
 20
985.754701584227
 11
2688.749381113418
 21
986.0620861996115
 72
     1
 10
2688.749381113418
 20
986.0620861996117
 11
2688.342458036494
 21
986.0620861996117
 72
     1
 10
2688.342458036494
 20
986.0620861996117
 11
2688.342458036494
 21
985.7547015842272
 97
        0
 92
        9
 93
        4
 72
     1
 10
2688.533749990729
 20
986.2196617197053
 11
2688.967211529191
 21
986.2196617197053
 72
     1
 10
2688.967211529191
 20
986.2196617197053
 11
2688.967211529191
 21
986.5268155658591
 72
     1
 10
2688.967211529191
 20
986.5268155658591
 11
2688.533749990729
 21
986.5268155658591
 72
     1
 10
2688.533749990729
 20
986.5268155658591
 11
2688.533749990729
 21
986.2196617197053
 97
        0
 75
     0
 76
     1
 52
0.0
 41
0.15
 77
     0
 78
     3
 53
0.0
 43
3976.682527109534
 44
2185.430198417221
 45
0.0
 46
0.15
 79
     0
 53
315.0
 43
3976.682527109534
 44
2185.430198417221
 45
0.1499999999604273
 46
0.0
 79
     2
 49
0.21213203445
 49
-0.21213203445
 53
45.0
 43
3976.682527109534
 44
2185.430198417221
 45
0.1499999999604273
 46
0.0
 79
     2
 49
0.21213203445
 49
-0.21213203445
 47
0.0103083537267247
 98
        1
 10
2689.458193263171
 20
986.0841310242981
1001
ACAD
1010
0.0
1020
0.0
1030
0.0
  0
TEXT
  5
815
330
1F
100
AcDbEntity
  8
BEAM_TEXT__BM_
100
AcDbText
 10
2688.584942298422
 20
986.2737771043206
 30
0.0
 40
0.2
  1
B6
  7
CALIBRI
 72
     1
 11
2688.75048075996
 21
986.1891617197052
 31
0.0
100
AcDbText
 73
     1
  0
TEXT
  5
816
330
1F
100
AcDbEntity
  8
BEAM_TEXT__BM_
100
AcDbText
 10
2694.272688188821
 20
984.728419628398
 30
0.0
 40
0.2
  1
B8
  7
CALIBRI
 72
     1
 11
2694.438226650359
 21
984.6438042437826
 31
0.0
100
AcDbText
 73
     1
  0
TEXT
  5
817
330
1F
100
AcDbEntity
  8
BEAM_TEXT__BM_
100
AcDbText
 10
2694.279043927466
 20
977.2054945332144
 30
0.0
 40
0.2
  1
B12
  7
CALIBRI
 72
     1
 11
2694.524428542851
 21
977.120879148599
 31
0.0
100
AcDbText
 73
     1
  0
TEXT
  5
818
330
1F
100
AcDbEntity
  8
BEAM_TEXT__BM_
100
AcDbText
 10
2689.174259856004
 20
977.6878312340922
 30
0.0
 40
0.2
  1
B11
  7
CALIBRI
 72
     1
 11
2689.419644471388
 21
977.6032158494768
 31
0.0
100
AcDbText
 73
     1
  0
TEXT
  5
819
330
1F
100
AcDbEntity
  8
BEAM_TEXT__BM_
100
AcDbText
 10
2693.4601261502
 20
985.9630413992904
 30
0.0
 40
0.2
  1
B22
 50
90.0
  7
CALIBRI
 72
     1
 11
2693.544741534815
 21
986.2084260146751
 31
0.0
100
AcDbText
 73
     1
  0
TEXT
  5
81A
330
1F
100
AcDbEntity
  8
BEAM_TEXT__BM_
100
AcDbText
 10
2691.480274518913
 20
986.1607010167436
 30
0.0
 40
0.2
  1
B20
 50
90.0
  7
CALIBRI
 72
     1
 11
2691.564889903529
 21
986.4060856321282
 31
0.0
100
AcDbText
 73
     1
  0
TEXT
  5
81B
330
1F
100
AcDbEntity
  8
BEAM_TEXT__BM_
100
AcDbText
 10
2690.238911896386
 20
986.1607010167436
 30
0.0
 40
0.2
  1
B17
 50
90.0
  7
CALIBRI
 72
     1
 11
2690.323527281002
 21
986.4060856321282
 31
0.0
100
AcDbText
 73
     1
  0
TEXT
  5
81C
330
1F
100
AcDbEntity
  8
BEAM_TEXT__BM_
100
AcDbText
 10
2689.205281699417
 20
986.8903898943055
 30
0.0
 40
0.2
  1
FB1
 50
90.0
  7
CALIBRI
 72
     1
 11
2689.289897084032
 21
987.1283129712285
 31
0.0
100
AcDbText
 73
     1
  0
TEXT
  5
81D
330
1F
100
AcDbEntity
  8
BEAM_TEXT__BM_
100
AcDbText
 10
2690.723422513264
 20
982.0106262564898
 30
0.0
 40
0.2
  1
HB1
 50
90.0
  7
CALIBRI
 72
     1
 11
2690.808037897879
 21
982.2743185641821
 31
0.0
100
AcDbText
 73
     1
  0
TEXT
  5
81E
330
1F
100
AcDbEntity
  8
BEAM_TEXT__BM_
100
AcDbText
 10
2695.88467009418
 20
978.2995327715441
 30
0.0
 40
0.2
  1
B24
 50
90.0
  7
CALIBRI
 72
     1
 11
2695.969285478795
 21
978.5449173869288
 31
0.0
100
AcDbText
 73
     1
  0
TEXT
  5
81F
330
1F
100
AcDbEntity
  8
BEAM_TEXT__BM_
100
AcDbText
 10
2697.638070180936
 20
978.0869197579921
 30
0.0
 40
0.2
  1
BR3
 50
90.0
  7
CALIBRI
 72
     1
 11
2697.722685565552
 21
978.337996681069
 31
0.0
100
AcDbText
 73
     1
  0
TEXT
  5
820
330
1F
100
AcDbEntity
  8
BEAM_TEXT__BM_
100
AcDbText
 10
2691.458527366217
 20
978.2615542651267
 30
0.0
 40
0.2
  1
BR2
 50
90.0
  7
CALIBRI
 72
     1
 11
2691.543142750833
 21
978.5126311882036
 31
0.0
100
AcDbText
 73
     1
  0
TEXT
  5
821
330
1F
100
AcDbEntity
  8
BEAM_TEXT__BM_
100
AcDbText
 10
2687.260731473643
 20
978.3575962913144
 30
0.0
 40
0.2
  1
BR1
 50
90.0
  7
CALIBRI
 72
     1
 11
2687.345346858258
 21
978.6086732143913
 31
0.0
100
AcDbText
 73
     1
  0
TEXT
  5
822
330
1F
100
AcDbEntity
  8
BEAM_TEXT__BM_
100
AcDbText
 10
2693.440671670126
 20
988.9005318004474
 30
0.0
 40
0.2
  1
B23
 50
90.0
  7
CALIBRI
 72
     1
 11
2693.525287054742
 21
989.1459164158321
 31
0.0
100
AcDbText
 73
     1
  0
TEXT
  5
823
330
1F
100
AcDbEntity
  8
SLAB_TEXT__BM_
100
AcDbText
 10
2694.202568976658
 20
982.4304867534229
 30
0.0
 40
0.2
  1
S2
  7
CALIBRI
100
AcDbText
  0
INSERT
  5
824
330
1F
100
AcDbEntity
  8
SLAB_MARK__BM_
100
AcDbBlockReference
  2
FHGJG
 10
2042.258593361326
 20
641.2118944148062
 30
0.0
  0
TEXT
  5
825
330
1F
100
AcDbEntity
  8
SLAB_TEXT__BM_
100
AcDbText
 10
2694.88436752214
 20
986.3078744967888
 30
0.0
 40
0.2
  1
S1
  7
CALIBRI
100
AcDbText
  0
INSERT
  5
826
330
1F
100
AcDbEntity
  8
SLAB_MARK__BM_
100
AcDbBlockReference
  2
FHGJG
 10
2042.940391906808
 20
645.0892821581722
 30
0.0
  0
TEXT
  5
827
330
1F
100
AcDbEntity
  8
SLAB_TEXT__BM_
100
AcDbText
 10
2694.938030526766
 20
989.5544968822637
 30
0.0
 40
0.2
  1
S1
  7
CALIBRI
100
AcDbText
  0
INSERT
  5
828
330
1F
100
AcDbEntity
  8
SLAB_MARK__BM_
100
AcDbBlockReference
  2
FHGJG
 10
2042.994054911434
 20
648.3359045436471
 30
0.0
  0
TEXT
  5
829
330
1F
100
AcDbEntity
  8
SLAB_TEXT__BM_
100
AcDbText
 10
2689.126890689225
 20
989.5544968822637
 30
0.0
 40
0.2
  1
S1
  7
CALIBRI
100
AcDbText
  0
INSERT
  5
82A
330
1F
100
AcDbEntity
  8
SLAB_MARK__BM_
100
AcDbBlockReference
  2
FHGJG
 10
2037.182915073893
 20
648.3359045436471
 30
0.0
  0
HATCH
  5
82B
330
1F
100
AcDbEntity
  8
SUNK_BY_325MM__BM_
100
AcDbHatch
 10
0.0
 20
0.0
 30
0.0
210
0.0
220
0.0
230
1.0
  2
ARCHT02
 70
     0
 71
     0
 91
        2
 92
        7
 72
     0
 73
     1
 93
        5
 10
2688.833226650359
 20
987.5858042437817
 10
2687.583226650359
 20
987.5858042437817
 10
2687.583226650359
 20
987.3658042437817
 10
2687.583226650359
 20
986.663804243783
 10
2688.833226650359
 20
986.6638042437833
 97
        0
 92
       24
 93
        4
 72
     1
 10
2687.790975265586
 20
986.9843160532632
 11
2688.197898342509
 21
986.9843160532632
 72
     1
 10
2688.197898342509
 20
986.9843160532632
 11
2688.197898342509
 21
987.2917006686478
 72
     1
 10
2688.197898342509
 20
987.2917006686475
 11
2687.790975265586
 21
987.2917006686475
 72
     1
 10
2687.790975265586
 20
987.2917006686475
 11
2687.790975265586
 21
986.984316053263
 97
        0
 75
     0
 76
     1
 52
0.0
 41
0.15
 77
     0
 78
     2
 53
45.0
 43
3976.682527109534
 44
2185.430198417221
 45
-0.1506137443927346
 46
0.1506137443927346
 79
     0
 53
135.0
 43
3976.682527109534
 44
2185.430198417221
 45
-0.1506137443927346
 46
-0.1506137443927346
 79
     0
 47
0.0103083537267247
 98
        1
 10
2688.436450560425
 20
987.1768166047314
1001
ACAD
1010
0.0
1020
0.0
1030
0.0
  0
TEXT
  5
82C
330
1F
100
AcDbEntity
  8
SLAB_TEXT__BM_
100
AcDbText
 10
2687.842206034817
 20
987.0384698994169
 30
0.0
 40
0.2
  1
S7
  7
CALIBRI
100
AcDbText
  0
LWPOLYLINE
  5
82D
330
1F
100
AcDbEntity
  8
SLAB_MARK__BM_
100
AcDbPolyline
 90
        4
 70
     0
 43
0.0
 10
2688.151898630434
 20
986.8952345608716
 10
2688.233779582888
 20
986.7314726559246
 10
2688.233779582888
 20
987.4813116142225
 10
2688.315660535342
 20
987.3175497092755
  0
TEXT
  5
82E
330
1F
100
AcDbEntity
  8
SLAB_TEXT__BM_
100
AcDbText
 10
2688.393688805725
 20
985.8088554303808
 30
0.0
 40
0.2
  1
S6
  7
CALIBRI
100
AcDbText
  0
LWPOLYLINE
  5
82F
330
1F
100
AcDbEntity
  8
SLAB_MARK__BM_
100
AcDbPolyline
 90
        4
 70
     0
 43
0.0
 10
2688.703381401343
 20
985.6656200918355
 10
2688.785262353797
 20
985.5018581868885
 10
2688.785262353797
 20
986.2516971451864
 10
2688.867143306252
 20
986.0879352402394
  0
TEXT
  5
830
330
1F
100
AcDbEntity
  8
SLAB_TEXT__BM_
100
AcDbText
 10
2688.622317196482
 20
982.2166464290292
 30
0.0
 40
0.2
  1
S4
  7
CALIBRI
100
AcDbText
  0
LWPOLYLINE
  5
831
330
1F
100
AcDbEntity
  8
SLAB_MARK__BM_
100
AcDbPolyline
 90
        4
 70
     0
 43
0.0
 10
2688.9320097921
 20
982.0734110904839
 10
2689.013890744554
 20
981.9096491855369
 10
2689.013890744554
 20
982.6594881438348
 10
2689.095771697008
 20
982.4957262388878
  0
TEXT
  5
832
330
1F
100
AcDbEntity
  8
SLAB_TEXT__BM_
100
AcDbText
 10
2689.212735181898
 20
980.5683656138212
 30
0.0
 40
0.2
  1
S3
  7
CALIBRI
100
AcDbText
  0
LWPOLYLINE
  5
833
330
1F
100
AcDbEntity
  8
SLAB_MARK__BM_
100
AcDbPolyline
 90
        4
 70
     0
 43
0.0
 10
2689.522427777516
 20
980.4251302752759
 10
2689.60430872997
 20
980.2613683703289
 10
2689.60430872997
 20
981.0112073286268
 10
2689.686189682425
 20
980.8474454236798
  0
TEXT
  5
834
330
1F
100
AcDbEntity
  8
SLAB_TEXT__BM_
100
AcDbText
 10
2689.065153997604
 20
978.6857958904031
 30
0.0
 40
0.2
  1
S4
  7
CALIBRI
100
AcDbText
  0
LWPOLYLINE
  5
835
330
1F
100
AcDbEntity
  8
SLAB_MARK__BM_
100
AcDbPolyline
 90
        4
 70
     0
 43
0.0
 10
2689.374846593222
 20
978.5425605518578
 10
2689.456727545677
 20
978.3787986469108
 10
2689.456727545677
 20
979.1286376052087
 10
2689.538608498131
 20
978.9648757002617
  0
HATCH
  5
836
330
1F
100
AcDbEntity
  8
SUNK_BY_150MM__BM_
100
AcDbHatch
 10
0.0
 20
0.0
 30
0.0
210
0.0
220
0.0
230
1.0
  2
WATER
 70
     0
 71
     0
 91
        2
 92
        7
 72
     0
 73
     1
 93
        5
 10
2695.473226650359
 20
979.5238042437798
 10
2691.753226650359
 20
979.5238042437795
 10
2691.753226650359
 20
979.223804243783
 10
2691.753226650359
 20
977.6838042437803
 10
2695.473226650359
 20
977.6838042437817
 97
        0
 92
       24
 93
        4
 72
     1
 10
2693.372757022251
 20
978.4861746990687
 11
2693.779680099175
 21
978.4861746990687
 72
     1
 10
2693.779680099175
 20
978.4861746990687
 11
2693.779680099175
 21
978.7935593144532
 72
     1
 10
2693.779680099175
 20
978.793559314453
 11
2693.372757022252
 21
978.793559314453
 72
     1
 10
2693.372757022251
 20
978.793559314453
 11
2693.372757022251
 21
978.4861746990684
 97
        0
 75
     0
 76
     1
 52
0.0
 41
0.15
 77
     0
 78
     5
 53
0.0
 43
3970.960649182078
 44
2204.761408418012
 45
0.0
 46
0.15
 79
     2
 49
0.03
 49
-0.12
 53
45.0
 43
3971.020649182078
 44
2204.776408418012
 45
0.0
 46
0.1500000000028537
 79
     2
 49
0.042426406875
 49
-0.1697056275
 53
135.0
 43
3971.080649182078
 44
2204.776408418012
 45
-0.1500000000028537
 46
0.0
 79
     2
 49
0.042426406875
 49
-0.1697056275
 53
26.56505119999999
 43
3970.990649182078
 44
2204.761408418012
 45
0.1499999999664731
 46
0.0000000001270917
 79
     2
 49
0.03354
 49
-0.30187019655
 53
333.4349488
 43
3971.080649182078
 44
2204.776408418012
 45
0.1499999999664731
 46
-0.0000000001270918
 79
     2
 49
0.03354
 49
-0.30187019655
 47
0.0098330539676364
 98
        1
 10
2694.436469658656
 20
978.5684260291396
1001
ACAD
1010
0.0
1020
0.0
1030
0.0
  0
TEXT
  5
837
330
1F
100
AcDbEntity
  8
SLAB_TEXT__BM_
100
AcDbText
 10
2693.423987791482
 20
978.5403285452223
 30
0.0
 40
0.2
  1
S5
  7
CALIBRI
100
AcDbText
  0
LWPOLYLINE
  5
838
330
1F
100
AcDbEntity
  8
SLAB_MARK__BM_
100
AcDbPolyline
 90
        4
 70
     0
 43
0.0
 10
2693.733680387099
 20
978.397093206677
 10
2693.815561339554
 20
978.23333130173
 10
2693.815561339554
 20
978.9831702600279
 10
2693.897442292008
 20
978.8194083550809
  0
HATCH
  5
839
330
1F
100
AcDbEntity
  8
SUNK_BY_200MM__BM_
100
AcDbHatch
 10
0.0
 20
0.0
 30
0.0
210
0.0
220
0.0
230
1.0
  2
GLB
 70
     0
 71
     0
 91
        2
 92
        7
 72
     0
 73
     1
 93
        7
 10
2693.033226650359
 20
990.5538042437813
 10
2692.95322665036
 20
990.5538042437815
 10
2692.95322665036
 20
990.7738042437823
 10
2691.75322665036
 20
990.7738042437832
 10
2691.75322665036
 20
990.5538042437813
 10
2691.75322665036
 20
988.8538042437835
 10
2693.033226650359
 20
988.8538042437826
 97
        0
 92
       24
 93
        4
 72
     1
 10
2692.213341553634
 20
989.7591077389711
 11
2692.620264630556
 21
989.7591077389711
 72
     1
 10
2692.620264630557
 20
989.7591077389711
 11
2692.620264630557
 21
990.0664923543557
 72
     1
 10
2692.620264630557
 20
990.0664923543559
 11
2692.213341553634
 21
990.0664923543559
 72
     1
 10
2692.213341553634
 20
990.0664923543559
 11
2692.213341553634
 21
989.7591077389714
 97
        0
 75
     0
 76
     1
 52
0.0
 41
0.15
 77
     0
 78
     3
 53
0.0
 43
3976.682527109534
 44
2185.430198417221
 45
0.0
 46
0.15
 79
     0
 53
315.0
 43
3976.682527109534
 44
2185.430198417221
 45
0.1499999999604273
 46
0.0
 79
     2
 49
0.21213203445
 49
-0.21213203445
 53
45.0
 43
3976.682527109534
 44
2185.430198417221
 45
0.1499999999604273
 46
0.0
 79
     2
 49
0.21213203445
 49
-0.21213203445
 47
0.0103083537267247
 98
        1
 10
2692.349290692832
 20
989.4785783103837
1001
ACAD
1010
0.0
1020
0.0
1030
0.0
  0
TEXT
  5
83A
330
1F
100
AcDbEntity
  8
SLAB_TEXT__BM_
100
AcDbText
 10
2692.264572322864
 20
989.813261585125
 30
0.0
 40
0.2
  1
S6
  7
CALIBRI
100
AcDbText
  0
LWPOLYLINE
  5
83B
330
1F
100
AcDbEntity
  8
SLAB_MARK__BM_
100
AcDbPolyline
 90
        4
 70
     0
 43
0.0
 10
2692.167728612588
 20
989.815629532322
 10
2692.003966707642
 20
989.7337485798676
 10
2692.753805665939
 20
989.7337485798676
 10
2692.590043760992
 20
989.6518676274136
  0
TEXT
  5
83C
330
1F
100
AcDbEntity
  8
SLAB_TEXT__BM_
100
AcDbText
 10
2692.271170314897
 20
988.0861662599143
 30
0.0
 40
0.2
  1
S4
  7
CALIBRI
100
AcDbText
  0
LWPOLYLINE
  5
83D
330
1F
100
AcDbEntity
  8
SLAB_MARK__BM_
100
AcDbPolyline
 90
        4
 70
     0
 43
0.0
 10
2692.174326604621
 20
988.0885342071113
 10
2692.010564699674
 20
988.0066532546568
 10
2692.760403657971
 20
988.0066532546568
 10
2692.596641753024
 20
987.9247723022029
  0
TEXT
  5
83E
330
1F
100
AcDbEntity
  8
SLAB_TEXT__BM_
100
AcDbText
 10
2692.280333991536
 20
986.1187167279406
 30
0.0
 40
0.2
  1
S4
  7
CALIBRI
100
AcDbText
  0
LWPOLYLINE
  5
83F
330
1F
100
AcDbEntity
  8
SLAB_MARK__BM_
100
AcDbPolyline
 90
        4
 70
     0
 43
0.0
 10
2692.18349028126
 20
986.1210846751376
 10
2692.019728376314
 20
986.0392037226832
 10
2692.769567334611
 20
986.0392037226832
 10
2692.605805429664
 20
985.9573227702292
  0
TEXT
  5
840
330
1F
100
AcDbEntity
  8
SLAB_TEXT__BM_
100
AcDbText
 10
2690.887666987818
 20
984.0992309617152
 30
0.0
 40
0.2
  1
S4
  7
CALIBRI
100
AcDbText
  0
LWPOLYLINE
  5
841
330
1F
100
AcDbEntity
  8
SLAB_MARK__BM_
100
AcDbPolyline
 90
        4
 70
     0
 43
0.0
 10
2690.790823277542
 20
984.1015989089121
 10
2690.627061372595
 20
984.0197179564577
 10
2691.376900330893
 20
984.0197179564577
 10
2691.213138425946
 20
983.9378370040038
  0
TEXT
  5
842
330
1F
100
AcDbEntity
  8
SLAB_TEXT__BM_
100
AcDbText
 10
2690.700064613045
 20
986.4459171915132
 30
0.0
 40
0.2
  1
S4
  7
CALIBRI
100
AcDbText
  0
LWPOLYLINE
  5
843
330
1F
100
AcDbEntity
  8
SLAB_MARK__BM_
100
AcDbPolyline
 90
        4
 70
     0
 43
0.0
 10
2690.603220902769
 20
986.4482851387102
 10
2690.439458997822
 20
986.3664041862557
 10
2691.18929795612
 20
986.3664041862557
 10
2691.025536051173
 20
986.2845232338018
  0
TEXT
  5
844
330
1F
100
AcDbEntity
  8
SLAB_TEXT__BM_
100
AcDbText
 10
2689.312962628128
 20
987.1208807653318
 30
0.0
 40
0.2
  1
S4
  7
CALIBRI
100
AcDbText
  0
TEXT
  5
845
330
1F
100
AcDbEntity
  8
TITLE_TEXT__BM_
100
AcDbText
 10
2689.516694992663
 20
976.6763128228927
 30
0.0
 40
0.21
  1
%%U* STRUCTURAL LAYOUT @ FIRST SLAB LEVEL
  7
CALIBRI
100
AcDbText
  0
TEXT
  5
846
330
1F
100
AcDbEntity
  8
TITLE_TEXT__BM_
100
AcDbText
 10
2691.745189695694
 20
976.3803805349608
 30
0.0
 40
0.1152
  1
SCALE - 1:100
  7
RRR
100
AcDbText
  0
TEXT
  5
847
330
1F
100
AcDbEntity
  8
SLAB_TEXT__BM_
100
AcDbText
 10
2696.242661864922
 20
978.5351159837626
 30
0.0
 40
0.2
  1
S4
  7
CALIBRI
100
AcDbText
  0
LWPOLYLINE
  5
848
330
1F
100
AcDbEntity
  8
SLAB_MARK__BM_
100
AcDbPolyline
 90
        4
 70
     0
 43
0.0
 10
2696.145818154645
 20
978.5374839309595
 10
2695.982056249698
 20
978.4556029785051
 10
2696.731895207996
 20
978.4556029785051
 10
2696.568133303049
 20
978.3737220260512
  0
TEXT
  5
849
330
1F
100
AcDbEntity
  8
BEAM_TEXT__BM_
100
AcDbText
 10
2689.212681380561
 20
981.2984534960971
 30
0.0
 40
0.2
  1
B9A
  7
CALIBRI
 72
     1
 11
2689.469373688254
 21
981.2138381114817
 31
0.0
100
AcDbText
 73
     1
  0
INSERT
  5
84A
330
1F
100
AcDbEntity
  8
SLEEVE__BM_
100
AcDbBlockReference
  2
PIPE
 10
2687.717231318352
 20
986.0465160321937
 30
0.0
 41
-0.9962016975403694
 42
0.9962016975403694
 43
0.996201697540334
 50
90.0
  0
INSERT
  5
84B
330
1F
100
AcDbEntity
  8
SLEEVE__BM_
100
AcDbBlockReference
  2
PIPE
 10
2687.772415310471
 20
986.9795644524238
 30
0.0
 41
-0.9962016975403694
 42
0.9962016975403694
 43
0.996201697540334
 50
90.0
  0
TEXT
  5
84C
330
1F
100
AcDbEntity
  8
TEXT1__BM_
100
AcDbText
 10
2687.476479440689
 20
969.8479459289597
 30
0.0
 40
0.21952
  1
ONLY FOR STUDY PURPOSE
 41
0.9
  7
GA
100
AcDbText
  0
INSERT
  5
84D
330
1F
100
AcDbEntity
  8
BAHUBALI_TITLE__BM_
100
AcDbBlockReference
  2
R
 10
2199.551703237566
 20
827.7081298718356
 30
0.0
 41
0.5599999999999999
 42
0.5599999999999999
 43
0.5599999999999999
  0
INSERT
  5
84E
330
1F
100
AcDbEntity
  8
BAHUBALI_TITLE__BM_
100
AcDbBlockReference
  2
FHGH
 10
1814.594496615898
 20
716.1216495209171
 30
0.0
  0
ENDSEC
  0
SECTION
  2
OBJECTS
  0
DICTIONARY
  5
C
330
0
100
AcDbDictionary
  3
ACAD_CIP_PREVIOUS_PRODUCT_INFO
350
216
  3
ACAD_COLOR
350
6B
  3
ACAD_DETAILVIEWSTYLE
350
21B
  3
ACAD_GROUP
350
D
  3
ACAD_LAST_SAVED_VERSION_INFO
350
84F
  3
ACAD_LAYOUT
350
1A
  3
ACAD_MATERIAL
350
6A
  3
ACAD_MLEADERSTYLE
350
12D
  3
ACAD_MLINESTYLE
350
17
  3
ACAD_PLOTSETTINGS
350
19
  3
ACAD_SCALELIST
350
10C
  3
ACAD_SECTIONVIEWSTYLE
350
219
  3
ACAD_VISUALSTYLE
350
EF
  3
ACDBHEADERROUNDTRIPXREC
350
850
  3
ACDBVARIABLEDICTIONARY
350
5E
  3
DWGPROPS
350
875
  0
DICTIONARY
  5
876
330
8
100
AcDbDictionary
280
     1
  3
ACAD_XREC_ROUNDTRIP
360
877
  0
DICTIONARY
  5
1FF
330
2
100
AcDbDictionary
280
     1
  3
ACAD_LAYERSTATES
360
200
  0
DICTIONARY
  5
30F
330
30E
100
AcDbDictionary
280
     1
  3
ACAD_XREC_ROUNDTRIP
360
310
  0
DICTIONARY
  5
312
330
311
100
AcDbDictionary
280
     1
  3
ACAD_XREC_ROUNDTRIP
360
313
  0
DICTIONARY
  5
316
330
315
100
AcDbDictionary
280
     1
  3
ACAD_XREC_ROUNDTRIP
360
317
  0
DICTIONARY
  5
31A
330
319
100
AcDbDictionary
280
     1
  3
ACAD_XREC_ROUNDTRIP
360
31B
  0
DICTIONARY
  5
2B8
330
2B7
100
AcDbDictionary
280
     1
  3
ACAD_SORTENTS
360
2B9
  0
DICTIONARY
  5
2C0
330
2BF
100
AcDbDictionary
280
     1
  3
ACAD_SORTENTS
360
2C1
  0
DICTIONARY
  5
2DC
330
2DB
100
AcDbDictionary
280
     1
  3
ACAD_SORTENTS
360
2DD
  0
XRECORD
  5
216
102
{ACAD_REACTORS
330
C
102
}
330
C
100
AcDbXrecord
300
ACD
300
2024
300

  0
DICTIONARY
  5
6B
102
{ACAD_REACTORS
330
C
102
}
330
C
100
AcDbDictionary
  0
DICTIONARY
  5
21B
102
{ACAD_REACTORS
330
C
102
}
330
C
100
AcDbDictionary
  3
IMPERIAL24
350
32B
  3
METRIC50
350
21C
  0
DICTIONARY
  5
D
102
{ACAD_REACTORS
330
C
102
}
330
C
100
AcDbDictionary
  0
XRECORD
  5
84F
102
{ACAD_REACTORS
330
C
102
}
330
C
100
AcDbXrecord
300
{EEE7C10B-B0A5-8C45-A3F0-DB868546689B}
301
{EBB1FAB5-7F2B-1348-9C02-B74216460F4F}
302
{EEE7C10B-B0A5-8C45-A3F0-DB868546689B}
303
F:\Project\CAD Total files\First Floor.dwg
  0
DICTIONARY
  5
1A
102
{ACAD_REACTORS
330
C
102
}
330
C
100
AcDbDictionary
  0
DICTIONARY
  5
6A
102
{ACAD_REACTORS
330
C
102
}
330
C
100
AcDbDictionary
  3
BYBLOCK
350
ED
  3
BYLAYER
350
EC
  3
GLOBAL
350
EE
  0
DICTIONARY
  5
12D
102
{ACAD_REACTORS
330
C
102
}
330
C
100
AcDbDictionary
  3
ANNOTATIVE
350
13B
  3
STANDARD
350
12E
  0
DICTIONARY
  5
17
102
{ACAD_REACTORS
330
C
102
}
330
C
100
AcDbDictionary
  3
STANDARD
350
18
  0
DICTIONARY
  5
19
102
{ACAD_REACTORS
330
C
102
}
330
C
100
AcDbDictionary
  0
DICTIONARY
  5
10C
102
{ACAD_REACTORS
330
C
102
}
330
C
100
AcDbDictionary
  3
A0
350
10D
  3
A1
350
1BE
  3
A2
350
1BF
  3
A3
350
1C0
  3
A4
350
1C1
  3
A5
350
1C2
  3
A6
350
1C3
  3
A7
350
1C4
  3
A8
350
1C5
  3
A9
350
1C6
  3
B0
350
1C7
  3
B1
350
1C8
  3
B2
350
1C9
  3
B3
350
1CA
  3
B4
350
1CB
  3
B5
350
1CC
  3
B6
350
1CD
  0
DICTIONARY
  5
219
102
{ACAD_REACTORS
330
C
102
}
330
C
100
AcDbDictionary
  3
IMPERIAL24
350
32A
  3
METRIC50
350
21A
  0
DICTIONARY
  5
EF
102
{ACAD_REACTORS
330
C
102
}
330
C
100
AcDbDictionary
  3
2DWIREFRAME
350
F5
  3
BASIC
350
F4
  3
BRIGHTEN
350
FB
  3
COLORCHANGE
350
FF
  3
CONCEPTUAL
350
F8
  3
DIM
350
FA
  3
EDGECOLOROFF
350
1E6
  3
FACEPATTERN
350
FE
  3
FLAT
350
F0
  3
FLATWITHEDGES
350
F1
  3
GOURAUD
350
F2
  3
GOURAUDWITHEDGES
350
F3
  3
HIDDEN
350
F7
  3
JITTEROFF
350
1E4
  3
LINEPATTERN
350
FD
  3
OVERHANGOFF
350
1E5
  3
REALISTIC
350
F9
  3
SHADED
350
1F3
  3
SHADED_WITH_EDGES
350
1F2
  3
SHADES_OF_GRAY
350
1EF
  3
SKETCHY
350
1F0
  3
THICKEN
350
FC
  3
WIREFRAME
350
F6
  3
X-RAY
350
1F1
  0
DICTIONARY
  5
850
102
{ACAD_REACTORS
330
C
102
}
330
C
100
AcDbDictionary
  3
CEPSNID
350
85A
  3
CEPSNTYPE
350
859
  3
COLORDICT
350
873
  3
DIMSTYLEDATA
350
870
  3
FINGERPRINTGUID
350
85B
  3
HYPERLINKBASE
350
853
  3
INSUNITS
350
858
  3
LAYOUTDICT
350
855
  3
LWETCUNION
350
857
  3
MATERIALDICT
350
874
  3
PLOTSETDICT
350
856
  3
PSVPSCALE
350
85D
  3
PUCSBASE
350
860
  3
PUCSORGBACK
350
866
  3
PUCSORGBOTTOM
350
862
  3
PUCSORGFRONT
350
865
  3
PUCSORGLEFT
350
863
  3
PUCSORGRIGHT
350
864
  3
PUCSORGTOP
350
861
  3
PUCSORTHOREF
350
85E
  3
PUCSORTHOVIEW
350
85F
  3
STYLESHEET
350
854
  3
TSTACKALIGN
350
851
  3
TSTACKSIZE
350
852
  3
UCSBASE
350
869
  3
UCSORGBACK
350
86F
  3
UCSORGBOTTOM
350
86B
  3
UCSORGFRONT
350
86E
  3
UCSORGLEFT
350
86C
  3
UCSORGRIGHT
350
86D
  3
UCSORGTOP
350
86A
  3
UCSORTHOREF
350
867
  3
UCSORTHOVIEW
350
868
  3
VERSIONGUID
350
85C
  0
DICTIONARY
  5
5E
102
{ACAD_REACTORS
330
C
102
}
330
C
100
AcDbDictionary
  3
CANNOSCALE
350
146
  3
CENTEREXE
350
259
  3
CENTERLTYPEFILE
350
25A
  3
CMLEADERSTYLE
350
145
  3
CTABLESTYLE
350
84
  3
CVIEWDETAILSTYLE
350
227
  3
CVIEWSECTIONSTYLE
350
228
  3
DIMASSOC
350
5F
  3
HIDETEXT
350
63
  3
LAYEREVAL
350
1AE
  3
LAYERNOTIFY
350
1AF
  3
MSLTSCALE
350
878
  3
PSOLHEIGHT
350
872
  3
PSOLWIDTH
350
871
  0
XRECORD
  5
875
102
{ACAD_REACTORS
330
C
102
}
330
C
100
AcDbXrecord
  1
DWGPROPS COOKIE
  2

  3

  4

  6

  7

  8
cmdrun
  9

300
=
301
=
302
=
303
=
304
=
305
=
306
=
307
=
308
=
309
=
 40
0.0
 41
2460876.872118055
 42
2460943.561883472
  1

 90
        0
  0
XRECORD
  5
877
102
{ACAD_REACTORS
330
876
102
}
330
876
100
AcDbXrecord
102
VTR_0.000_0.000_1.000_1.000_VISUALSTYLE
340
F5
102
VTR_0.000_0.000_1.000_1.000_GRIDDISPLAY
 70
     3
102
VTR_0.000_0.000_1.000_1.000_GRIDMAJOR
 70
     5
102
VTR_0.000_0.000_1.000_1.000_DEFAULTLIGHTING
280
     1
102
VTR_0.000_0.000_1.000_1.000_DEFAULTLIGHTINGTYPE
 70
     1
102
VTR_0.000_0.000_1.000_1.000_BRIGHTNESS
141
0.0
102
VTR_0.000_0.000_1.000_1.000_CONTRAST
142
0.0
  0
DICTIONARY
  5
200
102
{ACAD_REACTORS
330
1FF
102
}
330
1FF
100
AcDbDictionary
  0
XRECORD
  5
310
102
{ACAD_REACTORS
330
30F
102
}
330
30F
100
AcDbXrecord
102
MATERIAL
340
EE
102
MATERIAL
340
EE
102
MATERIAL
340
EE
102
MATERIAL
340
EE
102
MATERIAL
340
EE
102
MATERIAL
340
EE
102
MATERIAL
340
EE
102
MATERIAL
340
EE
102
MATERIAL
340
EE
102
MATERIAL
340
EE
102
MATERIAL
340
EE
102
MATERIAL
340
EE
102
MATERIAL
340
EE
102
MATERIAL
340
EE
102
MATERIAL
340
EE
102
MATERIAL
340
EE
102
MATERIAL
340
EE
102
MATERIAL
340
EE
102
MATERIAL
340
EE
102
MATERIAL
340
EE
102
MATERIAL
340
EE
102
MATERIAL
340
EE
102
MATERIAL
340
EE
102
MATERIAL
340
EE
102
MATERIAL
340
EE
102
MATERIAL
340
EE
102
MATERIAL
340
EE
102
MATERIAL
340
EE
102
MATERIAL
340
EE
102
MATERIAL
340
EE
102
MATERIAL
340
EE
102
MATERIAL
340
EE
102
MATERIAL
340
EE
102
MATERIAL
340
EE
102
MATERIAL
340
EE
102
MATERIAL
340
EE
102
MATERIAL
340
EE
102
MATERIAL
340
EE
102
MATERIAL
340
EE
102
MATERIAL
340
EE
102
MATERIAL
340
EE
102
MATERIAL
340
EE
102
MATERIAL
340
EE
102
MATERIAL
340
EE
102
MATERIAL
340
EE
102
MATERIAL
340
EE
102
MATERIAL
340
EE
102
MATERIAL
340
EE
102
MATERIAL
340
EE
102
MATERIAL
340
EE
102
MATERIAL
340
EE
102
MATERIAL
340
EE
102
MATERIAL
340
EE
102
MATERIAL
340
EE
102
MATERIAL
340
EE
102
MATERIAL
340
EE
102
MATERIAL
340
EE
102
MATERIAL
340
EE
102
MATERIAL
340
EE
102
MATERIAL
340
EE
102
MATERIAL
340
EE
102
MATERIAL
340
EE
102
MATERIAL
340
EE
102
MATERIAL
340
EE
102
MATERIAL
340
EE
102
MATERIAL
340
EE
102
MATERIAL
340
EE
102
MATERIAL
340
EE
102
MATERIAL
340
EE
102
MATERIAL
340
EE
102
MATERIAL
340
EE
102
MATERIAL
340
EE
102
MATERIAL
340
EE
102
MATERIAL
340
EE
102
MATERIAL
340
EE
102
MATERIAL
340
EE
102
MATERIAL
340
EE
102
MATERIAL
340
EE
102
MATERIAL
340
EE
102
MATERIAL
340
EE
102
MATERIAL
340
EE
102
MATERIAL
340
EE
102
MATERIAL
340
EE
102
MATERIAL
340
EE
102
MATERIAL
340
EE
102
MATERIAL
340
EE
102
MATERIAL
340
EE
102
MATERIAL
340
EE
102
MATERIAL
340
EE
102
MATERIAL
340
EE
102
MATERIAL
340
EE
102
MATERIAL
340
EE
102
MATERIAL
340
EE
102
MATERIAL
340
EE
102
MATERIAL
340
EE
102
MATERIAL
340
EE
102
MATERIAL
340
EE
102
MATERIAL
340
EE
102
MATERIAL
340
EE
102
MATERIAL
340
EE
102
MATERIAL
340
EE
102
MATERIAL
340
EE
102
MATERIAL
340
EE
102
MATERIAL
340
EE
102
MATERIAL
340
EE
102
MATERIAL
340
EE
102
MATERIAL
340
EE
102
MATERIAL
340
EE
102
MATERIAL
340
EE
102
MATERIAL
340
EE
102
MATERIAL
340
EE
102
MATERIAL
340
EE
102
MATERIAL
340
EE
102
MATERIAL
340
EE
102
MATERIAL
340
EE
102
MATERIAL
340
EE
102
MATERIAL
340
EE
102
MATERIAL
340
EE
102
MATERIAL
340
EE
102
MATERIAL
340
EE
102
MATERIAL
340
EE
102
MATERIAL
340
EE
102
MATERIAL
340
EE
102
MATERIAL
340
EE
102
MATERIAL
340
EE
102
MATERIAL
340
EE
102
MATERIAL
340
EE
102
MATERIAL
340
EE
102
MATERIAL
340
EE
102
MATERIAL
340
EE
102
MATERIAL
340
EE
102
MATERIAL
340
EE
102
MATERIAL
340
EE
102
MATERIAL
340
EE
102
MATERIAL
340
EE
102
MATERIAL
340
EE
102
MATERIAL
340
EE
102
MATERIAL
340
EE
102
MATERIAL
340
EE
102
MATERIAL
340
EE
102
MATERIAL
340
EE
102
MATERIAL
340
EE
102
MATERIAL
340
EE
102
MATERIAL
340
EE
102
MATERIAL
340
EE
102
MATERIAL
340
EE
102
MATERIAL
340
EE
102
MATERIAL
340
EE
102
MATERIAL
340
EE
102
MATERIAL
340
EE
102
MATERIAL
340
EE
102
MATERIAL
340
EE
102
MATERIAL
340
EE
102
MATERIAL
340
EE
102
MATERIAL
340
EE
102
MATERIAL
340
EE
102
MATERIAL
340
EE
102
MATERIAL
340
EE
102
MATERIAL
340
EE
102
MATERIAL
340
EE
102
MATERIAL
340
EE
102
MATERIAL
340
EE
102
MATERIAL
340
EE
102
MATERIAL
340
EE
102
MATERIAL
340
EE
102
MATERIAL
340
EE
102
MATERIAL
340
EE
102
MATERIAL
340
EE
102
MATERIAL
340
EE
102
MATERIAL
340
EE
102
MATERIAL
340
EE
102
MATERIAL
340
EE
102
MATERIAL
340
EE
102
MATERIAL
340
EE
102
MATERIAL
340
EE
102
MATERIAL
340
EE
102
MATERIAL
340
EE
102
MATERIAL
340
EE
102
MATERIAL
340
EE
102
MATERIAL
340
EE
102
MATERIAL
340
EE
102
MATERIAL
340
EE
  0
XRECORD
  5
313
102
{ACAD_REACTORS
330
312
102
}
330
312
100
AcDbXrecord
102
MATERIAL
340
EE
102
MATERIAL
340
EE
102
MATERIAL
340
EE
102
MATERIAL
340
EE
102
MATERIAL
340
EE
102
MATERIAL
340
EE
102
MATERIAL
340
EE
102
MATERIAL
340
EE
102
MATERIAL
340
EE
102
MATERIAL
340
EE
102
MATERIAL
340
EE
102
MATERIAL
340
EE
102
MATERIAL
340
EE
102
MATERIAL
340
EE
102
MATERIAL
340
EE
102
MATERIAL
340
EE
102
MATERIAL
340
EE
102
MATERIAL
340
EE
102
MATERIAL
340
EE
102
MATERIAL
340
EE
102
MATERIAL
340
EE
102
MATERIAL
340
EE
102
MATERIAL
340
EE
102
MATERIAL
340
EE
102
MATERIAL
340
EE
102
MATERIAL
340
EE
102
MATERIAL
340
EE
102
MATERIAL
340
EE
102
MATERIAL
340
EE
102
MATERIAL
340
EE
102
MATERIAL
340
EE
102
MATERIAL
340
EE
102
MATERIAL
340
EE
102
MATERIAL
340
EE
102
MATERIAL
340
EE
102
MATERIAL
340
EE
102
MATERIAL
340
EE
102
MATERIAL
340
EE
102
MATERIAL
340
EE
102
MATERIAL
340
EE
102
MATERIAL
340
EE
102
MATERIAL
340
EE
102
MATERIAL
340
EE
102
MATERIAL
340
EE
102
MATERIAL
340
EE
102
MATERIAL
340
EE
102
MATERIAL
340
EE
102
MATERIAL
340
EE
102
MATERIAL
340
EE
102
MATERIAL
340
EE
102
MATERIAL
340
EE
102
MATERIAL
340
EE
102
MATERIAL
340
EE
102
MATERIAL
340
EE
102
MATERIAL
340
EE
102
MATERIAL
340
EE
102
MATERIAL
340
EE
102
MATERIAL
340
EE
102
MATERIAL
340
EE
102
MATERIAL
340
EE
102
MATERIAL
340
EE
102
MATERIAL
340
EE
102
MATERIAL
340
EE
102
MATERIAL
340
EE
102
MATERIAL
340
EE
102
MATERIAL
340
EE
102
MATERIAL
340
EE
102
MATERIAL
340
EE
102
MATERIAL
340
EE
102
MATERIAL
340
EE
102
MATERIAL
340
EE
102
MATERIAL
340
EE
102
MATERIAL
340
EE
102
MATERIAL
340
EE
102
MATERIAL
340
EE
102
MATERIAL
340
EE
102
MATERIAL
340
EE
102
MATERIAL
340
EE
102
MATERIAL
340
EE
102
MATERIAL
340
EE
102
MATERIAL
340
EE
102
MATERIAL
340
EE
102
MATERIAL
340
EE
102
MATERIAL
340
EE
102
MATERIAL
340
EE
102
MATERIAL
340
EE
102
MATERIAL
340
EE
102
MATERIAL
340
EE
102
MATERIAL
340
EE
102
MATERIAL
340
EE
102
MATERIAL
340
EE
102
MATERIAL
340
EE
102
MATERIAL
340
EE
102
MATERIAL
340
EE
102
MATERIAL
340
EE
102
MATERIAL
340
EE
102
MATERIAL
340
EE
102
MATERIAL
340
EE
102
MATERIAL
340
EE
102
MATERIAL
340
EE
102
MATERIAL
340
EE
102
MATERIAL
340
EE
102
MATERIAL
340
EE
102
MATERIAL
340
EE
102
MATERIAL
340
EE
102
MATERIAL
340
EE
102
MATERIAL
340
EE
102
MATERIAL
340
EE
102
MATERIAL
340
EE
102
MATERIAL
340
EE
102
MATERIAL
340
EE
102
MATERIAL
340
EE
102
MATERIAL
340
EE
102
MATERIAL
340
EE
102
MATERIAL
340
EE
102
MATERIAL
340
EE
102
MATERIAL
340
EE
102
MATERIAL
340
EE
102
MATERIAL
340
EE
102
MATERIAL
340
EE
102
MATERIAL
340
EE
102
MATERIAL
340
EE
102
MATERIAL
340
EE
102
MATERIAL
340
EE
102
MATERIAL
340
EE
102
MATERIAL
340
EE
102
MATERIAL
340
EE
102
MATERIAL
340
EE
102
MATERIAL
340
EE
102
MATERIAL
340
EE
102
MATERIAL
340
EE
102
MATERIAL
340
EE
102
MATERIAL
340
EE
102
MATERIAL
340
EE
102
MATERIAL
340
EE
102
MATERIAL
340
EE
102
MATERIAL
340
EE
102
MATERIAL
340
EE
102
MATERIAL
340
EE
102
MATERIAL
340
EE
102
MATERIAL
340
EE
102
MATERIAL
340
EE
102
MATERIAL
340
EE
102
MATERIAL
340
EE
102
MATERIAL
340
EE
102
MATERIAL
340
EE
102
MATERIAL
340
EE
102
MATERIAL
340
EE
102
MATERIAL
340
EE
102
MATERIAL
340
EE
102
MATERIAL
340
EE
102
MATERIAL
340
EE
102
MATERIAL
340
EE
102
MATERIAL
340
EE
102
MATERIAL
340
EE
102
MATERIAL
340
EE
102
MATERIAL
340
EE
102
MATERIAL
340
EE
102
MATERIAL
340
EE
102
MATERIAL
340
EE
102
MATERIAL
340
EE
102
MATERIAL
340
EE
102
MATERIAL
340
EE
102
MATERIAL
340
EE
102
MATERIAL
340
EE
102
MATERIAL
340
EE
102
MATERIAL
340
EE
102
MATERIAL
340
EE
102
MATERIAL
340
EE
102
MATERIAL
340
EE
102
MATERIAL
340
EE
102
MATERIAL
340
EE
102
MATERIAL
340
EE
102
MATERIAL
340
EE
102
MATERIAL
340
EE
102
MATERIAL
340
EE
102
MATERIAL
340
EE
102
MATERIAL
340
EE
102
MATERIAL
340
EE
102
MATERIAL
340
EE
102
MATERIAL
340
EE
102
MATERIAL
340
EE
  0
XRECORD
  5
317
102
{ACAD_REACTORS
330
316
102
}
330
316
100
AcDbXrecord
102
MATERIAL
340
EE
102
MATERIAL
340
EE
102
MATERIAL
340
EE
102
MATERIAL
340
EE
102
MATERIAL
340
EE
102
MATERIAL
340
EE
102
MATERIAL
340
EE
102
MATERIAL
340
EE
102
MATERIAL
340
EE
102
MATERIAL
340
EE
102
MATERIAL
340
EE
102
MATERIAL
340
EE
102
MATERIAL
340
EE
102
MATERIAL
340
EE
102
MATERIAL
340
EE
102
MATERIAL
340
EE
102
MATERIAL
340
EE
102
MATERIAL
340
EE
102
MATERIAL
340
EE
102
MATERIAL
340
EE
102
MATERIAL
340
EE
102
MATERIAL
340
EE
102
MATERIAL
340
EE
102
MATERIAL
340
EE
102
MATERIAL
340
EE
102
MATERIAL
340
EE
102
MATERIAL
340
EE
102
MATERIAL
340
EE
102
MATERIAL
340
EE
102
MATERIAL
340
EE
102
MATERIAL
340
EE
102
MATERIAL
340
EE
102
MATERIAL
340
EE
102
MATERIAL
340
EE
102
MATERIAL
340
EE
102
MATERIAL
340
EE
102
MATERIAL
340
EE
102
MATERIAL
340
EE
102
MATERIAL
340
EE
102
MATERIAL
340
EE
102
MATERIAL
340
EE
102
MATERIAL
340
EE
102
MATERIAL
340
EE
102
MATERIAL
340
EE
102
MATERIAL
340
EE
102
MATERIAL
340
EE
102
MATERIAL
340
EE
102
MATERIAL
340
EE
102
MATERIAL
340
EE
102
MATERIAL
340
EE
102
MATERIAL
340
EE
102
MATERIAL
340
EE
102
MATERIAL
340
EE
102
MATERIAL
340
EE
102
MATERIAL
340
EE
102
MATERIAL
340
EE
102
MATERIAL
340
EE
102
MATERIAL
340
EE
102
MATERIAL
340
EE
102
MATERIAL
340
EE
102
MATERIAL
340
EE
102
MATERIAL
340
EE
102
MATERIAL
340
EE
102
MATERIAL
340
EE
102
MATERIAL
340
EE
102
MATERIAL
340
EE
102
MATERIAL
340
EE
102
MATERIAL
340
EE
102
MATERIAL
340
EE
102
MATERIAL
340
EE
102
MATERIAL
340
EE
102
MATERIAL
340
EE
102
MATERIAL
340
EE
102
MATERIAL
340
EE
102
MATERIAL
340
EE
102
MATERIAL
340
EE
102
MATERIAL
340
EE
102
MATERIAL
340
EE
102
MATERIAL
340
EE
102
MATERIAL
340
EE
102
MATERIAL
340
EE
102
MATERIAL
340
EE
102
MATERIAL
340
EE
102
MATERIAL
340
EE
102
MATERIAL
340
EE
102
MATERIAL
340
EE
102
MATERIAL
340
EE
102
MATERIAL
340
EE
102
MATERIAL
340
EE
102
MATERIAL
340
EE
102
MATERIAL
340
EE
102
MATERIAL
340
EE
102
MATERIAL
340
EE
102
MATERIAL
340
EE
102
MATERIAL
340
EE
102
MATERIAL
340
EE
102
MATERIAL
340
EE
102
MATERIAL
340
EE
102
MATERIAL
340
EE
102
MATERIAL
340
EE
102
MATERIAL
340
EE
102
MATERIAL
340
EE
102
MATERIAL
340
EE
102
MATERIAL
340
EE
102
MATERIAL
340
EE
102
MATERIAL
340
EE
102
MATERIAL
340
EE
102
MATERIAL
340
EE
102
MATERIAL
340
EE
102
MATERIAL
340
EE
102
MATERIAL
340
EE
102
MATERIAL
340
EE
102
MATERIAL
340
EE
102
MATERIAL
340
EE
102
MATERIAL
340
EE
102
MATERIAL
340
EE
102
MATERIAL
340
EE
102
MATERIAL
340
EE
102
MATERIAL
340
EE
102
MATERIAL
340
EE
102
MATERIAL
340
EE
102
MATERIAL
340
EE
102
MATERIAL
340
EE
102
MATERIAL
340
EE
102
MATERIAL
340
EE
102
MATERIAL
340
EE
102
MATERIAL
340
EE
102
MATERIAL
340
EE
102
MATERIAL
340
EE
102
MATERIAL
340
EE
102
MATERIAL
340
EE
102
MATERIAL
340
EE
102
MATERIAL
340
EE
102
MATERIAL
340
EE
102
MATERIAL
340
EE
102
MATERIAL
340
EE
102
MATERIAL
340
EE
102
MATERIAL
340
EE
102
MATERIAL
340
EE
102
MATERIAL
340
EE
102
MATERIAL
340
EE
102
MATERIAL
340
EE
102
MATERIAL
340
EE
102
MATERIAL
340
EE
102
MATERIAL
340
EE
102
MATERIAL
340
EE
102
MATERIAL
340
EE
102
MATERIAL
340
EE
102
MATERIAL
340
EE
102
MATERIAL
340
EE
102
MATERIAL
340
EE
102
MATERIAL
340
EE
102
MATERIAL
340
EE
102
MATERIAL
340
EE
102
MATERIAL
340
EE
102
MATERIAL
340
EE
102
MATERIAL
340
EE
102
MATERIAL
340
EE
102
MATERIAL
340
EE
102
MATERIAL
340
EE
102
MATERIAL
340
EE
102
MATERIAL
340
EE
102
MATERIAL
340
EE
102
MATERIAL
340
EE
102
MATERIAL
340
EE
102
MATERIAL
340
EE
102
MATERIAL
340
EE
102
MATERIAL
340
EE
102
MATERIAL
340
EE
102
MATERIAL
340
EE
102
MATERIAL
340
EE
102
MATERIAL
340
EE
102
MATERIAL
340
EE
102
MATERIAL
340
EE
102
MATERIAL
340
EE
102
MATERIAL
340
EE
102
MATERIAL
340
EE
102
MATERIAL
340
EE
102
MATERIAL
340
EE
102
MATERIAL
340
EE
102
MATERIAL
340
EE
102
MATERIAL
340
EE
  0
XRECORD
  5
31B
102
{ACAD_REACTORS
330
31A
102
}
330
31A
100
AcDbXrecord
102
MATERIAL
340
EE
102
MATERIAL
340
EE
102
MATERIAL
340
EE
102
MATERIAL
340
EE
102
MATERIAL
340
EE
102
MATERIAL
340
EE
102
MATERIAL
340
EE
102
MATERIAL
340
EE
102
MATERIAL
340
EE
102
MATERIAL
340
EE
102
MATERIAL
340
EE
102
MATERIAL
340
EE
102
MATERIAL
340
EE
102
MATERIAL
340
EE
102
MATERIAL
340
EE
102
MATERIAL
340
EE
102
MATERIAL
340
EE
102
MATERIAL
340
EE
102
MATERIAL
340
EE
102
MATERIAL
340
EE
102
MATERIAL
340
EE
102
MATERIAL
340
EE
102
MATERIAL
340
EE
102
MATERIAL
340
EE
102
MATERIAL
340
EE
102
MATERIAL
340
EE
102
MATERIAL
340
EE
102
MATERIAL
340
EE
102
MATERIAL
340
EE
102
MATERIAL
340
EE
102
MATERIAL
340
EE
102
MATERIAL
340
EE
102
MATERIAL
340
EE
102
MATERIAL
340
EE
102
MATERIAL
340
EE
102
MATERIAL
340
EE
102
MATERIAL
340
EE
102
MATERIAL
340
EE
102
MATERIAL
340
EE
102
MATERIAL
340
EE
102
MATERIAL
340
EE
102
MATERIAL
340
EE
102
MATERIAL
340
EE
102
MATERIAL
340
EE
102
MATERIAL
340
EE
102
MATERIAL
340
EE
102
MATERIAL
340
EE
102
MATERIAL
340
EE
102
MATERIAL
340
EE
102
MATERIAL
340
EE
102
MATERIAL
340
EE
102
MATERIAL
340
EE
102
MATERIAL
340
EE
102
MATERIAL
340
EE
102
MATERIAL
340
EE
102
MATERIAL
340
EE
102
MATERIAL
340
EE
102
MATERIAL
340
EE
102
MATERIAL
340
EE
102
MATERIAL
340
EE
102
MATERIAL
340
EE
102
MATERIAL
340
EE
102
MATERIAL
340
EE
102
MATERIAL
340
EE
102
MATERIAL
340
EE
102
MATERIAL
340
EE
102
MATERIAL
340
EE
102
MATERIAL
340
EE
102
MATERIAL
340
EE
102
MATERIAL
340
EE
102
MATERIAL
340
EE
102
MATERIAL
340
EE
102
MATERIAL
340
EE
102
MATERIAL
340
EE
102
MATERIAL
340
EE
102
MATERIAL
340
EE
102
MATERIAL
340
EE
102
MATERIAL
340
EE
102
MATERIAL
340
EE
102
MATERIAL
340
EE
102
MATERIAL
340
EE
102
MATERIAL
340
EE
102
MATERIAL
340
EE
102
MATERIAL
340
EE
102
MATERIAL
340
EE
102
MATERIAL
340
EE
102
MATERIAL
340
EE
102
MATERIAL
340
EE
102
MATERIAL
340
EE
102
MATERIAL
340
EE
102
MATERIAL
340
EE
102
MATERIAL
340
EE
102
MATERIAL
340
EE
102
MATERIAL
340
EE
102
MATERIAL
340
EE
102
MATERIAL
340
EE
102
MATERIAL
340
EE
102
MATERIAL
340
EE
102
MATERIAL
340
EE
102
MATERIAL
340
EE
102
MATERIAL
340
EE
102
MATERIAL
340
EE
102
MATERIAL
340
EE
102
MATERIAL
340
EE
102
MATERIAL
340
EE
102
MATERIAL
340
EE
102
MATERIAL
340
EE
102
MATERIAL
340
EE
102
MATERIAL
340
EE
102
MATERIAL
340
EE
102
MATERIAL
340
EE
102
MATERIAL
340
EE
102
MATERIAL
340
EE
102
MATERIAL
340
EE
102
MATERIAL
340
EE
102
MATERIAL
340
EE
102
MATERIAL
340
EE
102
MATERIAL
340
EE
102
MATERIAL
340
EE
102
MATERIAL
340
EE
102
MATERIAL
340
EE
102
MATERIAL
340
EE
102
MATERIAL
340
EE
102
MATERIAL
340
EE
102
MATERIAL
340
EE
102
MATERIAL
340
EE
102
MATERIAL
340
EE
102
MATERIAL
340
EE
102
MATERIAL
340
EE
102
MATERIAL
340
EE
102
MATERIAL
340
EE
102
MATERIAL
340
EE
102
MATERIAL
340
EE
102
MATERIAL
340
EE
102
MATERIAL
340
EE
102
MATERIAL
340
EE
102
MATERIAL
340
EE
102
MATERIAL
340
EE
102
MATERIAL
340
EE
102
MATERIAL
340
EE
102
MATERIAL
340
EE
102
MATERIAL
340
EE
102
MATERIAL
340
EE
102
MATERIAL
340
EE
102
MATERIAL
340
EE
102
MATERIAL
340
EE
102
MATERIAL
340
EE
102
MATERIAL
340
EE
102
MATERIAL
340
EE
102
MATERIAL
340
EE
102
MATERIAL
340
EE
102
MATERIAL
340
EE
102
MATERIAL
340
EE
102
MATERIAL
340
EE
102
MATERIAL
340
EE
102
MATERIAL
340
EE
102
MATERIAL
340
EE
102
MATERIAL
340
EE
102
MATERIAL
340
EE
102
MATERIAL
340
EE
102
MATERIAL
340
EE
102
MATERIAL
340
EE
102
MATERIAL
340
EE
102
MATERIAL
340
EE
102
MATERIAL
340
EE
102
MATERIAL
340
EE
102
MATERIAL
340
EE
102
MATERIAL
340
EE
102
MATERIAL
340
EE
102
MATERIAL
340
EE
102
MATERIAL
340
EE
102
MATERIAL
340
EE
102
MATERIAL
340
EE
102
MATERIAL
340
EE
102
MATERIAL
340
EE
102
MATERIAL
340
EE
102
MATERIAL
340
EE
102
MATERIAL
340
EE
102
MATERIAL
340
EE
102
MATERIAL
340
EE
102
MATERIAL
340
EE
102
MATERIAL
340
EE
102
MATERIAL
340
EE
102
MATERIAL
340
EE
102
MATERIAL
340
EE
102
MATERIAL
340
EE
102
MATERIAL
340
EE
102
MATERIAL
340
EE
102
MATERIAL
340
EE
102
MATERIAL
340
EE
102
MATERIAL
340
EE
102
MATERIAL
340
EE
102
MATERIAL
340
EE
102
MATERIAL
340
EE
102
MATERIAL
340
EE
102
MATERIAL
340
EE
102
MATERIAL
340
EE
102
MATERIAL
340
EE
102
MATERIAL
340
EE
102
MATERIAL
340
EE
102
MATERIAL
340
EE
102
MATERIAL
340
EE
102
MATERIAL
340
EE
102
MATERIAL
340
EE
102
MATERIAL
340
EE
102
MATERIAL
340
EE
102
MATERIAL
340
EE
102
MATERIAL
340
EE
102
MATERIAL
340
EE
102
MATERIAL
340
EE
102
MATERIAL
340
EE
102
MATERIAL
340
EE
102
MATERIAL
340
EE
102
MATERIAL
340
EE
102
MATERIAL
340
EE
102
MATERIAL
340
EE
102
MATERIAL
340
EE
102
MATERIAL
340
EE
102
MATERIAL
340
EE
102
MATERIAL
340
EE
102
MATERIAL
340
EE
102
MATERIAL
340
EE
102
MATERIAL
340
EE
102
MATERIAL
340
EE
102
MATERIAL
340
EE
102
MATERIAL
340
EE
102
MATERIAL
340
EE
102
MATERIAL
340
EE
102
MATERIAL
340
EE
102
MATERIAL
340
EE
102
MATERIAL
340
EE
102
MATERIAL
340
EE
102
MATERIAL
340
EE
102
MATERIAL
340
EE
102
MATERIAL
340
EE
102
MATERIAL
340
EE
102
MATERIAL
340
EE
102
MATERIAL
340
EE
102
MATERIAL
340
EE
102
MATERIAL
340
EE
102
MATERIAL
340
EE
102
MATERIAL
340
EE
102
MATERIAL
340
EE
102
MATERIAL
340
EE
102
MATERIAL
340
EE
102
MATERIAL
340
EE
102
MATERIAL
340
EE
102
MATERIAL
340
EE
102
MATERIAL
340
EE
102
MATERIAL
340
EE
102
MATERIAL
340
EE
102
MATERIAL
340
EE
102
MATERIAL
340
EE
102
MATERIAL
340
EE
102
MATERIAL
340
EE
102
MATERIAL
340
EE
102
MATERIAL
340
EE
102
MATERIAL
340
EE
102
MATERIAL
340
EE
102
MATERIAL
340
EE
102
MATERIAL
340
EE
102
MATERIAL
340
EE
102
MATERIAL
340
EE
102
MATERIAL
340
EE
102
MATERIAL
340
EE
102
MATERIAL
340
EE
102
MATERIAL
340
EE
102
MATERIAL
340
EE
102
MATERIAL
340
EE
102
MATERIAL
340
EE
102
MATERIAL
340
EE
102
MATERIAL
340
EE
102
MATERIAL
340
EE
102
MATERIAL
340
EE
102
MATERIAL
340
EE
102
MATERIAL
340
EE
102
MATERIAL
340
EE
102
MATERIAL
340
EE
102
MATERIAL
340
EE
102
MATERIAL
340
EE
102
MATERIAL
340
EE
102
MATERIAL
340
EE
102
MATERIAL
340
EE
102
MATERIAL
340
EE
102
MATERIAL
340
EE
102
MATERIAL
340
EE
102
MATERIAL
340
EE
102
MATERIAL
340
EE
102
MATERIAL
340
EE
102
MATERIAL
340
EE
102
MATERIAL
340
EE
102
MATERIAL
340
EE
102
MATERIAL
340
EE
102
MATERIAL
340
EE
102
MATERIAL
340
EE
102
MATERIAL
340
EE
  0
SORTENTSTABLE
  5
2B9
102
{ACAD_REACTORS
330
2B8
102
}
330
2B8
100
AcDbSortentsTable
330
2B7
  0
SORTENTSTABLE
  5
2C1
102
{ACAD_REACTORS
330
2C0
102
}
330
2C0
100
AcDbSortentsTable
330
2BF
  0
SORTENTSTABLE
  5
2DD
102
{ACAD_REACTORS
330
2DC
102
}
330
2DC
100
AcDbSortentsTable
330
2DB
  0
ACAD_PROXY_OBJECT
  5
32B
102
{ACAD_REACTORS
330
21B
102
}
330
21B
100
AcDbProxyObject
 90
      499
 91
      516
 93
     1245
310
90A496D70657269616C3234481E5C0F42F5A8DC671FC056BD1B81E856B9F81E5C0F42F5A8DC671FA33E5C0F42F5A8DC671FA02000000000000741FA02AD129E2E20B1AB30B9102B34B2BBAA3CB832902E33101112BA3198911F1290129E2E20B1AB30B9102B34B2BBA232BA30B4B624B21F12AE2829A1A0A62290129E2E20B
310
1AB30B9102B34B2BBA9B1B0B632902E33101112B9B7111F12A33A33800
340
11
340
0
340
16
340
11
340
16
340
16
 94
        0
  0
ACAD_PROXY_OBJECT
  5
21C
102
{ACAD_REACTORS
330
21B
102
}
330
21B
100
AcDbProxyObject
 90
      499
 91
      516
 93
      877
310
9084D65747269633530481E0000000000000A20500E0000000000000A20233E0000000000000A20400000000000017202029B929E2E20B1AB30B9102B34B2BBA232BA30B4B624B21F129014129E2E20B1AB30B9102B34B2BBA9B1B0B632902E33101112B9B7111F1294A33A33800
340
11
340
0
340
16
340
11
340
16
340
16
 94
        0
  0
MATERIAL
  5
ED
102
{ACAD_REACTORS
330
6A
102
}
102
{ACAD_XDICTIONARY
360
1F9
102
}
330
6A
100
AcDbMaterial
  1
BYBLOCK
 73
     2
 78
     2
172
     2
176
     2
270
     2
274
     2
  0
MATERIAL
  5
EC
102
{ACAD_REACTORS
330
6A
102
}
102
{ACAD_XDICTIONARY
360
1F7
102
}
330
6A
100
AcDbMaterial
  1
BYLAYER
 73
     2
 78
     2
172
     2
176
     2
270
     2
274
     2
  0
MATERIAL
  5
EE
102
{ACAD_REACTORS
330
6A
102
}
102
{ACAD_XDICTIONARY
360
173
102
}
330
6A
100
AcDbMaterial
  1
GLOBAL
 73
     2
 43
0.0007999999797903
 43
0.0
 43
0.0
 43
0.0
 43
0.0
 43
0.0007999999797903
 43
0.0
 43
0.0
 43
0.0
 43
0.0
 43
1.0
 43
0.0
 43
0.0
 43
0.0
 43
0.0
 43
1.0
 78
     2
172
     2
 49
0.0007999999797903
 49
0.0
 49
0.0
 49
0.0
 49
0.0
 49
0.0007999999797903
 49
0.0
 49
0.0
 49
0.0
 49
0.0
 49
1.0
 49
0.0
 49
0.0
 49
0.0
 49
0.0
 49
1.0
176
     2
142
0.0007999999797903
142
0.0
142
0.0
142
0.0
142
0.0
142
0.0007999999797903
142
0.0
142
0.0
142
0.0
142
0.0
142
1.0
142
0.0
142
0.0
142
0.0
142
0.0
142
1.0
270
     2
144
0.0007999999797903
144
0.0
144
0.0
144
0.0
144
0.0
144
0.0007999999797903
144
0.0
144
0.0
144
0.0
144
0.0
144
1.0
144
0.0
144
0.0
144
0.0
144
0.0
144
1.0
274
     2
1001
ACAD
1070
    -1
1070
     3
1070
     0
1000

1071
        0
1070
     0
  0
ACAD_PROXY_OBJECT
  5
13B
102
{ACAD_REACTORS
330
12D
102
}
330
12D
100
AcDbProxyObject
 90
      499
 91
      508
 93
      610
310
40901902A4063FBFFFFFE0000000000000020400000000000020404214DD185B99185C990000000000000104090140501A00000000000004100000000000000041025766000000000000039000
340
14
340
0
340
11
340
0
 94
        0
1001
ACAD_MLEADERVER
1070
     2
  0
ACAD_PROXY_OBJECT
  5
12E
102
{ACAD_REACTORS
330
12D
102
}
330
12D
100
AcDbProxyObject
 90
      499
 91
      508
 93
      610
310
40901902A4063FBFFFFFE0000000000000020400000000000020404214DD185B99185C990000000000000104090140501A00000000000004100000000000000041025764000000000000039000
340
14
340
0
340
11
340
0
 94
        0
1001
ACAD_MLEADERVER
1070
     2
  0
MLINESTYLE
  5
18
102
{ACAD_REACTORS
330
17
102
}
330
17
100
AcDbMlineStyle
  2
STANDARD
 70
     0
  3

 62
   256
 51
90.0
 52
90.0
 71
     2
 49
0.5
 62
   256
  6
BYLAYER
 49
-0.5
 62
   256
  6
BYLAYER
  0
ACAD_PROXY_OBJECT
  5
10D
102
{ACAD_REACTORS
330
10C
102
}
330
10C
100
AcDbProxyObject
 90
      499
 91
      507
 93
       41
310
903313A31580
  0
ACAD_PROXY_OBJECT
  5
1BE
102
{ACAD_REACTORS
330
10C
102
}
330
10C
100
AcDbProxyObject
 90
      499
 91
      507
 93
      105
310
903313A324000000000000004000
  0
ACAD_PROXY_OBJECT
  5
1BF
102
{ACAD_REACTORS
330
10C
102
}
330
10C
100
AcDbProxyObject
 90
      499
 91
      507
 93
      105
310
903313A344000000000000104000
  0
ACAD_PROXY_OBJECT
  5
1C0
102
{ACAD_REACTORS
330
10C
102
}
330
10C
100
AcDbProxyObject
 90
      499
 91
      507
 93
      105
310
903313A354000000000000144000
  0
ACAD_PROXY_OBJECT
  5
1C1
102
{ACAD_REACTORS
330
10C
102
}
330
10C
100
AcDbProxyObject
 90
      499
 91
      507
 93
      105
310
903313A384000000000000204000
  0
ACAD_PROXY_OBJECT
  5
1C2
102
{ACAD_REACTORS
330
10C
102
}
330
10C
100
AcDbProxyObject
 90
      499
 91
      507
 93
      113
310
904313A31304000000000000244000
  0
ACAD_PROXY_OBJECT
  5
1C3
102
{ACAD_REACTORS
330
10C
102
}
330
10C
100
AcDbProxyObject
 90
      499
 91
      507
 93
      113
310
904313A31364000000000000304000
  0
ACAD_PROXY_OBJECT
  5
1C4
102
{ACAD_REACTORS
330
10C
102
}
330
10C
100
AcDbProxyObject
 90
      499
 91
      507
 93
      113
310
904313A32304000000000000344000
  0
ACAD_PROXY_OBJECT
  5
1C5
102
{ACAD_REACTORS
330
10C
102
}
330
10C
100
AcDbProxyObject
 90
      499
 91
      507
 93
      113
310
904313A333040000000000003E4000
  0
ACAD_PROXY_OBJECT
  5
1C6
102
{ACAD_REACTORS
330
10C
102
}
330
10C
100
AcDbProxyObject
 90
      499
 91
      507
 93
      113
310
904313A34304000000000000444000
  0
ACAD_PROXY_OBJECT
  5
1C7
102
{ACAD_REACTORS
330
10C
102
}
330
10C
100
AcDbProxyObject
 90
      499
 91
      507
 93
      113
310
904313A35304000000000000494000
  0
ACAD_PROXY_OBJECT
  5
1C8
102
{ACAD_REACTORS
330
10C
102
}
330
10C
100
AcDbProxyObject
 90
      499
 91
      507
 93
      121
310
905313A3130304000000000000594000
  0
ACAD_PROXY_OBJECT
  5
1C9
102
{ACAD_REACTORS
330
10C
102
}
330
10C
100
AcDbProxyObject
 90
      499
 91
      507
 93
      105
310
903323A310000000000000010100
  0
ACAD_PROXY_OBJECT
  5
1CA
102
{ACAD_REACTORS
330
10C
102
}
330
10C
100
AcDbProxyObject
 90
      499
 91
      507
 93
      105
310
903343A310000000000000410100
  0
ACAD_PROXY_OBJECT
  5
1CB
102
{ACAD_REACTORS
330
10C
102
}
330
10C
100
AcDbProxyObject
 90
      499
 91
      507
 93
      105
310
903383A310000000000000810100
  0
ACAD_PROXY_OBJECT
  5
1CC
102
{ACAD_REACTORS
330
10C
102
}
330
10C
100
AcDbProxyObject
 90
      499
 91
      507
 93
      113
310
90431303A310000000000000910100
  0
ACAD_PROXY_OBJECT
  5
1CD
102
{ACAD_REACTORS
330
10C
102
}
330
10C
100
AcDbProxyObject
 90
      499
 91
      507
 93
      121
310
9053130303A310000000000001650100
  0
ACAD_PROXY_OBJECT
  5
32A
102
{ACAD_REACTORS
330
219
102
}
330
219
100
AcDbProxyObject
 90
      499
 91
      515
 93
     2271
310
90A496D70657269616C32344A765C0F42F5A8DC671FE5C0F42F5A8DC671FA209258409E5840A25840A65840B05840B45C0F42F5A8DC6F1FA33A659703D0BD6A3719C7E5C0F42F5A8DC671FE5C0F42F5A8DC671FA02000000000000741FA02BE129E2E20B1AB30B9102B34B2BBAA3CB832902E33101112BA3198911F1290129
310
E2E20B1AB30B9102B34B2BBA9B2B1BA34B7B729BA30B93A24B21F1296929E2E20B1AB30B9102B34B2BBA9B2B1BA34B7B722B73224B21F12AE2829A1A0A62290129E2E20B1AB30B9102B34B2BBA9B1B0B632902E33101112B9B7111F12E0080A0C829CA6926662C206056BD1B81E85639FA0320D0305A88A9F643F27E32B996
310
9C2960E81F87FA0718D4DE3E87E32B9969C2960E85F9E5129FC49EA5FA7E
340
11
340
0
340
0
340
16
340
16
340
11
 94
        0
  0
ACAD_PROXY_OBJECT
  5
21A
102
{ACAD_REACTORS
330
219
102
}
330
219
100
AcDbProxyObject
 90
      499
 91
      515
 93
     2015
310
9084D657472696335304B360000000000000A2060000000000000A202209258409E5840A25840A65840B05840B40000000000001220233A65800000000000028800000000000000A2060000000000000A2040000000000001720202AC929E2E20B1AB30B9102B34B2BBA9B2B1BA34B7B729BA30B93A24B21F1296929E2E20B
310
1AB30B9102B34B2BBA9B2B1BA34B7B722B73224B21F129014129E2E20B1AB30B9102B34B2BBA9B1B0B632902E33101112B9B7111F1294E0080A0C829CA6926662C400000000000002204000000000000022020D0305A88A9F643F27E32B9969C2960E81F87FA0718D4DE3E87E32B9969C2960E85F9E5129FC49EA5FA7E
340
11
340
0
340
0
340
16
340
16
340
11
 94
        0
  0
ACAD_PROXY_OBJECT
  5
F5
102
{ACAD_REACTORS
330
EF
102
}
330
EF
100
AcDbProxyObject
 90
      499
 91
      506
 93
      444
310
42CC9915DA5C99599C985B59504902404333333333333E33F0000000000000F90107901411070040501600405405064090741402480A0340
1001
ACAD
1000
AcDbSavedByObjectVersion
1070
     0
  0
ACAD_PROXY_OBJECT
  5
F4
102
{ACAD_REACTORS
330
EF
102
}
330
EF
100
AcDbProxyObject
 90
      499
 91
      506
 93
      388
310
4150985CDA58D07406404333333333333E33F0000000000000F90107A41107004050150841D405064090741402480A0350
1001
ACAD
1000
AcDbSavedByObjectVersion
1070
     0
  0
ACAD_PROXY_OBJECT
  5
FB
102
{ACAD_REACTORS
330
EF
102
}
330
EF
100
AcDbProxyObject
 90
      499
 91
      506
 93
      436
310
42109C9A59DA1D195B90C40902404333333333333E33F0000000000000F9010790141107004050150841D405064090741402480A029950
1001
ACAD
1000
AcDbSavedByObjectVersion
1070
     0
  0
ACAD_PROXY_OBJECT
  5
FF
102
{ACAD_REACTORS
330
EF
102
}
330
EF
100
AcDbProxyObject
 90
      499
 91
      506
 93
      452
310
42D0DBDB1BDC90DA185B99D95104090240C333333333333E33F0000000000000F90108901411070040501508421405064090741402480A0350
1001
ACAD
1000
AcDbSavedByObjectVersion
1070
     0
  0
ACAD_PROXY_OBJECT
  5
F8
102
{ACAD_REACTORS
330
EF
102
}
330
EF
100
AcDbProxyObject
 90
      499
 91
      506
 93
      508
310
4290DBDB98D95C1D1D585B10940D02404333333333333E33F0000000000000F90107902409070040501000000000000111010841D405064090740C02480A0340
1001
ACAD
1000
AcDbSavedByObjectVersion
1070
     0
  0
ACAD_PROXY_OBJECT
  5
FA
102
{ACAD_REACTORS
330
EF
102
}
330
EF
100
AcDbProxyObject
 90
      499
 91
      506
 93
      420
310
40D11A5B50B40902404333333333333E33F0000000000000F9010790141107004050150841D405064090741402480A02677FFFFFD0
1001
ACAD
1000
AcDbSavedByObjectVersion
1070
     0
  0
ACAD_PROXY_OBJECT
  5
1E6
102
{ACAD_REACTORS
330
EF
102
}
330
EF
100
AcDbProxyObject
 90
      499
 91
      506
 93
      452
310
43115919D950DBDB1BDC93D999916409028333333333333E33F0000000000000F9010790141107004050150841D405064090741402480A0350
1001
ACAD
1000
AcDbSavedByObjectVersion
1070
     0
  0
ACAD_PROXY_OBJECT
  5
FE
102
{ACAD_REACTORS
330
EF
102
}
330
EF
100
AcDbProxyObject
 90
      499
 91
      506
 93
      452
310
42D19858D95C185D1D195C9B90F40902404333333333333E33F0000000000000F9010790141107004050150841D405064090741402480A0350
1001
ACAD
1000
AcDbSavedByObjectVersion
1070
     0
  0
ACAD_PROXY_OBJECT
  5
F0
102
{ACAD_REACTORS
330
EF
102
}
330
EF
100
AcDbProxyObject
 90
      499
 91
      506
 93
      380
310
41119B185D240901404333333333333E33F0000000000000F9010740A907004050150841D405064090741402480A1B50
1001
ACAD
1000
AcDbSavedByObjectVersion
1070
     0
  0
ACAD_PROXY_OBJECT
  5
F1
102
{ACAD_REACTORS
330
EF
102
}
330
EF
100
AcDbProxyObject
 90
      499
 91
      506
 93
      468
310
43519B185D15DA5D1A115919D95CD0140901404333333333333E33F0000000000000F90107409019070040501600405405064090741402480A1B50
1001
ACAD
1000
AcDbSavedByObjectVersion
1070
     0
  0
ACAD_PROXY_OBJECT
  5
F2
102
{ACAD_REACTORS
330
EF
102
}
330
EF
100
AcDbProxyObject
 90
      499
 91
      506
 93
      404
310
41D1DBDD5C985D5910240902404333333333333E33F0000000000000F9010740A9070040501641D405064090741402480A1B50
1001
ACAD
1000
AcDbSavedByObjectVersion
1070
     0
  0
ACAD_PROXY_OBJECT
  5
F3
102
{ACAD_REACTORS
330
EF
102
}
330
EF
100
AcDbProxyObject
 90
      499
 91
      506
 93
      492
310
4411DBDD5C985D5915DA5D1A115919D95CD0340902404333333333333E33F0000000000000F90107409019070040501600405405064090741402480A1B50
1001
ACAD
1000
AcDbSavedByObjectVersion
1070
     0
  0
ACAD_PROXY_OBJECT
  5
F7
102
{ACAD_REACTORS
330
EF
102
}
330
EF
100
AcDbProxyObject
 90
      499
 91
      506
 93
      476
310
41921A5919195B90640502408333333333333E33F0000000000000F901079024090700405020000000000001110200405405064090740C02480A0340
1001
ACAD
1000
AcDbSavedByObjectVersion
1070
     0
  0
ACAD_PROXY_OBJECT
  5
1E4
102
{ACAD_REACTORS
330
EF
102
}
330
EF
100
AcDbProxyObject
 90
      499
 91
      506
 93
      428
310
42529A5D1D195C93D999914409028333333333333E33F0000000000000F9010790141107004050150A41D405064090741402480A0350
1001
ACAD
1000
AcDbSavedByObjectVersion
1070
     0
  0
ACAD_PROXY_OBJECT
  5
FD
102
{ACAD_REACTORS
330
EF
102
}
330
EF
100
AcDbProxyObject
 90
      499
 91
      506
 93
      452
310
42D31A5B995C185D1D195C9B90E40902404333333333333E33F0000000000000F9010790141107004050750841D405064090741402483A0350
1001
ACAD
1000
AcDbSavedByObjectVersion
1070
     0
  0
ACAD_PROXY_OBJECT
  5
1E5
102
{ACAD_REACTORS
330
EF
102
}
330
EF
100
AcDbProxyObject
 90
      499
 91
      506
 93
      444
310
42D3DD995C9A185B99D3D999915409028333333333333E33F0000000000000F9010790141107004050150941D405064090741402480A0350
1001
ACAD
1000
AcDbSavedByObjectVersion
1070
     0
  0
ACAD_PROXY_OBJECT
  5
F9
102
{ACAD_REACTORS
330
EF
102
}
330
EF
100
AcDbProxyObject
 90
      499
 91
      506
 93
      428
310
425499585B1A5CDD1A58D08409038333333333333E33F0000000000000F9010740A907004050150800405405064090740C02480A1B40
1001
ACAD
1000
AcDbSavedByObjectVersion
1070
     0
  0
ACAD_PROXY_OBJECT
  5
1F3
102
{ACAD_REACTORS
330
EF
102
}
330
EF
100
AcDbProxyObject
 90
      499
 91
      506
 93
      420
310
4194DA1859195911B40902404333333333333E33F0000000000000F9010740A41107004050150800405405064090840C02480A0B40
1001
ACAD
1000
AcDbSavedByObjectVersion
1070
     0
  0
ACAD_PROXY_OBJECT
  5
1F2
102
{ACAD_REACTORS
330
EF
102
}
330
EF
100
AcDbProxyObject
 90
      499
 91
      506
 93
      516
310
4454DA18591959081DDA5D1A08195919D95CD1A40902404333333333333E33F0000000000000F901074090140907004050250800405405064090740C02480A0B40
1001
ACAD
1000
AcDbSavedByObjectVersion
1070
     0
  0
ACAD_PROXY_OBJECT
  5
1EF
102
{ACAD_REACTORS
330
EF
102
}
330
EF
100
AcDbProxyObject
 90
      499
 91
      506
 93
      532
310
4394DA1859195CC81BD98811DC985E5174090240C333333333333E33F0000000000000F901079024090741D01000000000000111010841D405064090740C02480A0340
1001
ACAD
1000
AcDbSavedByObjectVersion
1070
     0
  0
ACAD_PROXY_OBJECT
  5
1F0
102
{ACAD_REACTORS
330
EF
102
}
330
EF
100
AcDbProxyObject
 90
      499
 91
      506
 93
      476
310
41D4DAD95D18DA1E51840502408333333333333E33F0000000000000F901079024090741D01000000000000111010B41D405064090741802480A0340
1001
ACAD
1000
AcDbSavedByObjectVersion
1070
     0
  0
ACAD_PROXY_OBJECT
  5
FC
102
{ACAD_REACTORS
330
EF
102
}
330
EF
100
AcDbProxyObject
 90
      499
 91
      506
 93
      420
310
41D51A1A58DAD95B90D40902404333333333333E33F0000000000000F9010790141107004050150C41D405064090741402480A0350
1001
ACAD
1000
AcDbSavedByObjectVersion
1070
     0
  0
ACAD_PROXY_OBJECT
  5
F6
102
{ACAD_REACTORS
330
EF
102
}
330
EF
100
AcDbProxyObject
 90
      499
 91
      506
 93
      420
310
4255DA5C99599C985B595059028333333333333E33F0000000000000F90107901411070040501600405405064090740C02480A0340
1001
ACAD
1000
AcDbSavedByObjectVersion
1070
     0
  0
ACAD_PROXY_OBJECT
  5
1F1
102
{ACAD_REACTORS
330
EF
102
}
330
EF
100
AcDbProxyObject
 90
      499
 91
      506
 93
      404
310
41560B54985E51940902404000000000000E03F0000000000000F9010740501907004050150841D405064090740C02480A1B40
1001
ACAD
1000
AcDbSavedByObjectVersion
1070
     0
  0
XRECORD
  5
85A
102
{ACAD_REACTORS
330
850
102
}
330
850
100
AcDbXrecord
340
0
  0
XRECORD
  5
859
102
{ACAD_REACTORS
330
850
102
}
330
850
100
AcDbXrecord
 90
        0
  0
XRECORD
  5
873
102
{ACAD_REACTORS
330
850
102
}
330
850
100
AcDbXrecord
340
6B
  0
XRECORD
  5
870
102
{ACAD_REACTORS
330
850
102
}
330
850
100
AcDbXrecord
1000
DSTYLE
1002
{
1070
   340
340
11
1002
}
  0
XRECORD
  5
85B
102
{ACAD_REACTORS
330
850
102
}
330
850
100
AcDbXrecord
  1
{5E6E5BD0-6439-E341-B8BF-0E158A990231}
  0
XRECORD
  5
853
102
{ACAD_REACTORS
330
850
102
}
330
850
100
AcDbXrecord
  1

  0
XRECORD
  5
858
102
{ACAD_REACTORS
330
850
102
}
330
850
100
AcDbXrecord
 90
        4
  0
XRECORD
  5
855
102
{ACAD_REACTORS
330
850
102
}
330
850
100
AcDbXrecord
340
1A
  0
XRECORD
  5
857
102
{ACAD_REACTORS
330
850
102
}
330
850
100
AcDbXrecord
 90
    10781
  0
XRECORD
  5
874
102
{ACAD_REACTORS
330
850
102
}
330
850
100
AcDbXrecord
340
6A
  0
XRECORD
  5
856
102
{ACAD_REACTORS
330
850
102
}
330
850
100
AcDbXrecord
340
19
  0
XRECORD
  5
85D
102
{ACAD_REACTORS
330
850
102
}
330
850
100
AcDbXrecord
 40
0.0
  0
XRECORD
  5
860
102
{ACAD_REACTORS
330
850
102
}
330
850
100
AcDbXrecord
340
0
  0
XRECORD
  5
866
102
{ACAD_REACTORS
330
850
102
}
330
850
100
AcDbXrecord
 10
0.0
 20
0.0
 30
0.0
  0
XRECORD
  5
862
102
{ACAD_REACTORS
330
850
102
}
330
850
100
AcDbXrecord
 10
0.0
 20
0.0
 30
0.0
  0
XRECORD
  5
865
102
{ACAD_REACTORS
330
850
102
}
330
850
100
AcDbXrecord
 10
0.0
 20
0.0
 30
0.0
  0
XRECORD
  5
863
102
{ACAD_REACTORS
330
850
102
}
330
850
100
AcDbXrecord
 10
0.0
 20
0.0
 30
0.0
  0
XRECORD
  5
864
102
{ACAD_REACTORS
330
850
102
}
330
850
100
AcDbXrecord
 10
0.0
 20
0.0
 30
0.0
  0
XRECORD
  5
861
102
{ACAD_REACTORS
330
850
102
}
330
850
100
AcDbXrecord
 10
0.0
 20
0.0
 30
0.0
  0
XRECORD
  5
85E
102
{ACAD_REACTORS
330
850
102
}
330
850
100
AcDbXrecord
340
0
  0
XRECORD
  5
85F
102
{ACAD_REACTORS
330
850
102
}
330
850
100
AcDbXrecord
 70
     0
  0
XRECORD
  5
854
102
{ACAD_REACTORS
330
850
102
}
330
850
100
AcDbXrecord
  1

  0
XRECORD
  5
851
102
{ACAD_REACTORS
330
850
102
}
330
850
100
AcDbXrecord
 90
        1
  0
XRECORD
  5
852
102
{ACAD_REACTORS
330
850
102
}
330
850
100
AcDbXrecord
 90
       70
  0
XRECORD
  5
869
102
{ACAD_REACTORS
330
850
102
}
330
850
100
AcDbXrecord
340
0
  0
XRECORD
  5
86F
102
{ACAD_REACTORS
330
850
102
}
330
850
100
AcDbXrecord
 10
0.0
 20
0.0
 30
0.0
  0
XRECORD
  5
86B
102
{ACAD_REACTORS
330
850
102
}
330
850
100
AcDbXrecord
 10
0.0
 20
0.0
 30
0.0
  0
XRECORD
  5
86E
102
{ACAD_REACTORS
330
850
102
}
330
850
100
AcDbXrecord
 10
0.0
 20
0.0
 30
0.0
  0
XRECORD
  5
86C
102
{ACAD_REACTORS
330
850
102
}
330
850
100
AcDbXrecord
 10
0.0
 20
0.0
 30
0.0
  0
XRECORD
  5
86D
102
{ACAD_REACTORS
330
850
102
}
330
850
100
AcDbXrecord
 10
0.0
 20
0.0
 30
0.0
  0
XRECORD
  5
86A
102
{ACAD_REACTORS
330
850
102
}
330
850
100
AcDbXrecord
 10
0.0
 20
0.0
 30
0.0
  0
XRECORD
  5
867
102
{ACAD_REACTORS
330
850
102
}
330
850
100
AcDbXrecord
340
0
  0
XRECORD
  5
868
102
{ACAD_REACTORS
330
850
102
}
330
850
100
AcDbXrecord
 70
     0
  0
XRECORD
  5
85C
102
{ACAD_REACTORS
330
850
102
}
330
850
100
AcDbXrecord
  1
{EEE7C10B-B0A5-8C45-A3F0-DB868546689B}
  0
DICTIONARYVAR
  5
146
102
{ACAD_REACTORS
330
5E
102
}
330
5E
100
DictionaryVariables
280
     0
  1
1:1
  0
DICTIONARYVAR
  5
259
102
{ACAD_REACTORS
330
5E
102
}
330
5E
100
DictionaryVariables
280
     0
  1
3.500000
  0
DICTIONARYVAR
  5
25A
102
{ACAD_REACTORS
330
5E
102
}
330
5E
100
DictionaryVariables
280
     0
  1
acadiso.lin
  0
DICTIONARYVAR
  5
145
102
{ACAD_REACTORS
330
5E
102
}
330
5E
100
DictionaryVariables
280
     0
  1
Standard
  0
DICTIONARYVAR
  5
84
102
{ACAD_REACTORS
330
5E
102
}
330
5E
100
DictionaryVariables
280
     0
  1
Standard
  0
DICTIONARYVAR
  5
227
102
{ACAD_REACTORS
330
5E
102
}
330
5E
100
DictionaryVariables
280
     0
  1
Metric50
  0
DICTIONARYVAR
  5
228
102
{ACAD_REACTORS
330
5E
102
}
330
5E
100
DictionaryVariables
280
     0
  1
Metric50
  0
DICTIONARYVAR
  5
5F
102
{ACAD_REACTORS
330
5E
102
}
330
5E
100
DictionaryVariables
280
     0
  1
2
  0
DICTIONARYVAR
  5
63
102
{ACAD_REACTORS
330
5E
102
}
330
5E
100
DictionaryVariables
280
     0
  1
1
  0
DICTIONARYVAR
  5
1AE
102
{ACAD_REACTORS
330
5E
102
}
330
5E
100
DictionaryVariables
280
     0
  1
0
  0
DICTIONARYVAR
  5
1AF
102
{ACAD_REACTORS
330
5E
102
}
330
5E
100
DictionaryVariables
280
     0
  1
0
  0
DICTIONARYVAR
  5
878
102
{ACAD_REACTORS
330
5E
102
}
330
5E
100
DictionaryVariables
280
     0
  1
1
  0
DICTIONARYVAR
  5
872
102
{ACAD_REACTORS
330
5E
102
}
330
5E
100
DictionaryVariables
280
     0
  1
80.000000
  0
DICTIONARYVAR
  5
871
102
{ACAD_REACTORS
330
5E
102
}
330
5E
100
DictionaryVariables
280
     0
  1
5.000000
  0
DICTIONARY
  5
1F9
330
ED
100
AcDbDictionary
280
     1
  3
ACAD_XREC_ROUNDTRIP
360
879
  3
FBXASSET
360
1FA
  0
DICTIONARY
  5
1F7
330
EC
100
AcDbDictionary
280
     1
  3
ACAD_XREC_ROUNDTRIP
360
87A
  3
FBXASSET
360
1F8
  0
DICTIONARY
  5
173
330
EE
100
AcDbDictionary
280
     1
  3
ACAD_XREC_ROUNDTRIP
360
87B
  3
FBXASSET
360
1FB
  0
XRECORD
  5
879
102
{ACAD_REACTORS
330
1F9
102
}
330
1F9
100
AcDbXrecord
102
MATERIAL
148
0.0
149
0.0
149
0.0
 93
        0
 94
       63
282
     0
 72
     1
 77
     1
171
     1
175
     1
179
     1
273
     0
  0
XRECORD
  5
1FA
102
{ACAD_REACTORS
330
1F9
102
}
330
1F9
100
AcDbXrecord
 70
     1
 90
429727718
  1
D62C5603-E3A1-4AEA-B7FB-FE5D8D0755AF
310
504B03040A0000080000CC70623B3DEE336E79000000790000001B0000006175746F6465736B2D64657369676E2D7061636B6167652E786D6C3C3F786D6C2076657273696F6E3D22312E302220656E636F64696E673D227574662D3822203F3E3C666F726D6174733E3C666F726D61743E687474703A2F2F736368656D612E
310
6175746F6465736B2E636F6D2F64657369676E2D7061636B6167652F323030393C2F666F726D61743E3C2F666F726D6174733E504B0304140006080800CC70623BD486FD9CA0000000F4000000130000005B436F6E74656E745F54797065735D2E786D6C7D8EC10E82300C865F65E91D8A1E8C310C0EEA1BF002731658846E
310
D98AC1B77784ABF1D8FE5FBFBF75BBCE937A534CCEB38643598122B6FEE978D0B0485F9C41B54DDD7D022595594E1A469170414C76A4D9A4D207E29CF43ECE46F218070CC6BECC4078ACAA135ACF422C856C0E68EA1BF5669944DDD7BCDE7B1F8E415D77AECB980613C2E4AC91FC167A2B244592486606FC29C8FD7F045B9A
310
EF7053A7E60B504B0304140006080800CC70623B853B8169EB0000007C01000008000000636F72652E786D6C8D90416EC3201045AF62CDB6C206821CC7C244919D9CA01740401C94182C03558F5F9C3852BBEB6A467FFE9B197D7EFC9E1EC5975982F5AE035262288C535E5B377690E21535501C055FBC8FBF6C503839990E
310
5619041F179FE64D52DE45E362569DD7661365082642A11EB9E920A89B99642953CC8E702F67A9EE7234257977194EC9EAE275C4EABCCF5EAD5940D4AC6F0E35A568B8F43562CD7046CD199FD07E60174276A7BE677B5EADB0E0D14EEFFB6A31321A0D82627C4084204C3F096B71DD52F6819B16635EADF63F509AF53FA164
310
5DDCD1EDDD17164090FCC8732078B56691CB33A85CD7DCC40F504B0304140006080800CC70623B55019EA25F0000007C00000007000000636E782E786D6C4DCB3B0E80201045D1AD90E915ED2CF8AC45050C11660C8261F98AB1B07AC9C97D42D718D865D3E909258CFD00CCE24AC6E326A164D74DC0B4128928FF32603847
310
2BA13128B1252AC747C6BAB984FC68F0B87FE8960A5C09FE86CFB69FBA01504B0304140006080800CC70623BDBABAAF470010000D40300000C0000006662782F636F72652E786D6CC553D16E823014FD95A6AF4B694182CC941A83FA05FB810A9511A125A5257EFE2E82712ECEB8A7F100CD39F7F69E734AF9FADC366850B6
310
AF8DCE7018308C942E4C59EB2AC3DE1D498AD15A706B8CFB56869196ADCAF00863C12B6B7C374385D14E6907A836A59A41D9F7CA615434B0C8705F7CAA5606D23BA8E84F41278B93AC54100640439DE0BDB320004D43C63716C7C399D30917DCFBBA9CD9BA8469F5B156168B24CED3F7248AC8769F27244EB73B92EED8862C
310
B7F13E0C179B3C8F979C8ECD82BBBABDAA2BAC924E9558448CBD9330242CFA08E3154B5651FCC6D215639C8EE5774DBE2B5F6CF2B5768B68963BB5F5588420E442FC700B1139D4CB01F450C1E918227C2E09DF070D8140C84E1E9AAB8F1340832A9CB13130A5F1376A908D57309505ECF2A0DF179C4E9D30F5B239B87E3823
310
7A79C6F31DE1A8A5AEC08474B03C7837EAE4938639B44E5932B833D2C6B6B279CDC613877FA26EE21F4A2A4C63EC7F29A2F301D1F9F7A0E37D145F504B0304140006080800CC70623B9C113CC27E0000009D0000000B0000006662782F636E782E786D6C4DCCDF0A83201C86E15B91DFB94BFB330DD428C8FB886521330DA7
310
6397BF1A1DECE883878F57749FCDA1B7892F1BBC047A23808C7F84D9FA55424E0BE6803A256208E9EF06C84F9B91703228B1C690F78B66B34CD9A5439DF5CF0BFBF65E35BCA1B8D6A5C6F540381E886698B5741C695F9503EBA150A2F8958E3DC3EA0B504B0304140006080800CC70623B7DF2F77C2A010000120200003100
310
00006662782F41393633353835312D344632462D344230382D423046372D3739314545314133324237412F636F72652E786D6C8D51DB8EC22014FC15C2939B0D2DB4B45643319AE817EC0F6041255A68B86CFCFC856D4D76DF7CE190393373060EDB3DC707F856CE6B6B7A480A0C81328395DA5C7B18C3057510EC3873D686
310
3F34088C18550F330C39BB3A1BA7051AAC09CA84841A2BD5020AEF55806078A44B0FFD7053A328440C89E1EFC52486BBB8AA8214A99D789CF9E05200300FC927E4FB4D5B375D43103D5527440FB843077C5AA3F5861C8F645F5787F59E95B390B318B55CE45AA638FAA2957BD7248B390B7A7CC51F9C124149C82B8C378810
310
84AB2F42B7B8DD56F413775B8C5999E9FF4471926F8AA236A1AE96B8B3CC434E5839373893369E1FAF30EA395917409EB7F26AF8801C171837A4A6AC9C89E9F9C9B1A58BA30FD6A5EF5DDDCF894B9AD9B6A59C957943A9FCAE2FD5BC4DFE03504B0304140006080800CC70623BAD7543B64E01000033030000300000006662
310
782F41393633353835312D344632462D344230382D423046372D3739314545314133324237412F636E782E786D6CD593CD6EC32010845F0571AD6CE3D48AD20813A9873E410FBD12D82434182C7EAAE6EDBB2424CD25871E7B41D6EC30B3FA84F9E67BB2E40B4234DE8DB46F1925E094D7C6ED479AD3AE5951B2113C789FEE
310
6C943839C1488B4C05DF079FE72A69D8C96C13AAD6B8631503449F83828872B949AC57D26200B826A308D316B4064D6E46FCDA41C05550DC9E483A00797BFD207EFB092A45DE9514C1BBD22178396BD39D891265658C238DEA00936C654E5E433CB65A26D9F6EDB5EBC14EBF49A45CB856E66048291F6939A9A81BB5C89177
310
38143CA680F4AA299D66A042CEB3354A2684DC9D8D178FE0D9B8B41CAAD720F880EE7EF93C0C18769E099ECC04D5A102C8049A8A05632F4DDF376CF1DE0F6BB65C2F8627B65A33C6BB62177CEBBDAD973006829F89F22E814B54F4BC2BE347F8AA8F681390B50FA73F804400B5F542E796F19FF974E7F78DB802FE05E20750
310
4B0304140006080800CC70623BE75B7789680500003C100000340000006662782F41393633353835312D344632462D344230382D423046372D3739314545314133324237412F6F626A656374732E786D6CAD575B8F9B3818FD2B887D06C22499CB8AA1CA655245D5B455A356FB305264C061D8018C6C3393D95FBFC7600890
310
A4CD5EF210B0B1BFEBF98E3F7B1FF6596ABC522E1296DF9BAE3D320D9A872C4AF2F8DE2CE5CEBA358D0FBEC719939D65A691938CDE9B6ADAF4BD98B3B2D05311DD91329583D9D5FC0F438434A7A611A644887B5384CF34233629258BA878B12322891DEFF6B66BD70BFB62634E8AE781D082709A4B588AF91C528CDA28B73F
310
1C998EEF39EABBEFA97FBD6A7C7E9553F9D3D79FE442923C3C523610337627CB87ABE99D359D4CC6D6E4FACAB5E6ABF9D2726FC6A3C5F56271377BB88362213924694B38DD99FE47C48627A1E7D49F5A8BB5E1A74C0A599ED3B0F21F1E56366B89112D681E218F0915D0D6F17AD41FBA2A369DCF6335D62ABBD39779D5DDD1
310
11D4D8DE3CBB96B2E04FB8202E41051754A1AA8E8F76B4C6DFE810B580B1547F4B84911149794252234D024EF8BBE963A95AE27B3D310A9D5C215C7960FAEE415ED75694C6AFB17BCACA5D99A60A9AA65F217B0BFC53292ACB92BF283FAD0D3621576592CB5BED907C2FA8E9DF794E35E97BEA31BED21FEB401ABB94C44839
310
DCACBF0E1C5DA8DA5B2F4DFFD32AD86F543D9E565E7056502E157C00AD2671CD534549AB752FCA9CDA00677A313F04E51B22FF19E57B300579E3C97EB29F682D92935CEC18CF901B7B54FD8C51F362B56FC72FE0B3C1EAE335EDCCBF5AEC39ADB17DC238973F804BA5E6F6BFE7AF1FB32E523BE9F3BD571418E3631DCA4D48
310
5250CF639223210A9446CA30052EDF057BD35F8329C1ECD84552BF0DC8D18BE7BCE23BFE6BD960AB4A7DE79923A103BEBD80F911CBAA2C60DB19B01CF164A5583B772EE6D3FFA56666CBCDA74DC97724A48F9A58967497E489C4D979006FD7A05E227A1EBDD0F737C623387A9C844D3709995625106D157315F8B8392CD4E0
310
A0B9A720C4BE9829CEF37EA1E13111214D53925356365ADA634861B52519DD27A00AEB808EAF0628E6F435519D446F45CF2C9CF5214F0A15B2F6D06B79DA3EE3CBF7F56780D2F4E7EF73A0F5E5B02A38D07DC852C6B7C1FBB6664213E0C39E3EBA7FF4E1AD23EA2829407C85E586727488B751B2DB9502BC7B228A3FD68B6E
310
A65A22397E690AA8D158D7E404EC8CDA235CC3B7D1898680131CEC2CDF2638C65196279577750F15884AEE19F94199155B92B13297978469D4F8D358DF0AEF7631E28DC8F0D9F437D5D39A83B2231A1D52D543813A824EF8D44BCFF2FA6A31BD1E8DAD87F1CCB526B3879935BF59CDADD5C37479BB1CDD4CA7B3556B516589
310
EF352754B706114D9C885EC9131DE6EFEB43D99AFE2391C2F958179413D7CFEF6B1B6DB1E7600F00DE6E5C67454A339A4BA2E0FBA85ED26F045D454F463DBFCE484C2F90F2E5E3666003662ED8F755951A7D1BECD5B30B550B2785C8E7320B7292A4838DDA71BBC863ED7613CAF659337A3354231D4FF4A182A54904C2898C
310
98B28C4AD0CE056CCF332A80986E571EE9DBC305BB5FEB7E509220A58D25CF042D712A806AC0AD0C657FDEF80D2D9CEAA2EE4D1C76F60BFE74219A06527D6F82DF6412526107381E55E353090704D085B52408A8913C4ED159D79BDA71BB4BC506F4831350EB6F975CD22D69BF7AC49B91A2C0A9DDA3D5CA36AD20FC478E37
310
E61844E2352865EBCB61A275A65283CAAA9DD27703B4102F5AF51EF5F573B75CBB5AD38BC845F7A49F82A0966A49C2E3EA5EA0ECD326CD965F1DB402C6FA8B51A4658C5C5E2EC9E214602E55810345408596591009A82E7E7FFACA19EEA299B14A0081A705CB3296EBC14CDF658DCD336EA6D1136881AAEB87B81AB9EE53D5
310
F5EB8BC8362082DA24122F98680A4E7930C01A0079749CEA14382A0783E5EBA5A10F8C098456A03D6A4AEB6BB881E2513747552A5DB22C7EDAF83BD5528081A365F7FF06504B0304140006080000CC70623B000000000000000000000000350000006662782F41393633353835312D344632462D344230382D423046372D37
310
39314545314133324237412F76657274696365732E62696E504B0304140006080800CC70623BF270F1330600000004000000360000006662782F41393633353835312D344632462D344230382D423046372D3739314545314133324237412F747269616E676C65732E62696E636660600000504B0304140006080000CC7062
310
3B000000000000000000000000370000006662782F41393633353835312D344632462D344230382D423046372D3739314545314133324237412F617474726962757465732E62696E504B0304140006080800CC70623B08DA0BD19000000041010000360000006662782F41393633353835312D344632462D344230382D4230
310
46372D3739314545314133324237412F6469726563746F72792E786D6C858F410AC3201045AF22B36F53E9A60B35CBEEBAE80D244E44489C6234F4F835464A48035D0DF398FF9F8AF63D0E6CC63039F212F8F9020C7D47C6792B21C5FE7403D62A1188E2E60C98D7234A5830286103A55745067B9D86B8A3CF9C7F90C11DE6
310
07FB144396D7B6A82D282E9A152AD114D5EF2CB866EEE831B8EEA07A7BB5A8D7D61A2BAAEB7FD5F70921FF497D00504B0304140006080800CC70623BEDD1DC58FD000000A00100003B0000006662782F41393633353835312D344632462D344230382D423046372D3739314545314133324237412F7265736F75726365732F
310
636F72652E786D6C8D504B6E833010BD0A9A6D65B00922041947112427E8052C33A156828DFCA97AFC9A40A576D7CDCCE87D344F8F9FBFE667F689CE6B6B3A6039850C8DB2A336530731DC4903D95970676DF82583CCC8193B5861107C72362E3BA4AC096842428D1D7107A5F7182053CF7474E0D507CE32973124857FE48B
310
540F3961CEF244279DE03EB81420DB9EAC1384436FA353E879B1B182C7A8C75DA3C7F453DF353A1075D537A7BA6464B8F535A99AE14A9A2BBD90E350DD183B5CFABE3AF262350B1EF4FC9351399401471025A527C218A1E53BAB5A5AB765F5469B96525EACF23FA6B88CFF34456DC2A1DCE36E360F82A5202F42F062ED2BAD
310
579969AFDD8A6F504B010214000A0000080000CC70623B3DEE336E79000000790000001B00000000000000000000000000000000006175746F6465736B2D64657369676E2D7061636B6167652E786D6C504B01021400140006080800CC70623BD486FD9CA0000000F40000001300000000000000000000000000B20000005B
310
436F6E74656E745F54797065735D2E786D6C504B01021400140006080800CC70623B853B8169EB0000007C010000080000000000000000000000000083010000636F72652E786D6C504B01021400140006080800CC70623B55019EA25F0000007C000000070000000000000000000000000094020000636E782E786D6C504B
310
01021400140006080800CC70623BDBABAAF470010000D40300000C00000000000000000000000000180300006662782F636F72652E786D6C504B01021400140006080800CC70623B9C113CC27E0000009D0000000B00000000000000000000000000B20400006662782F636E782E786D6C504B01021400140006080800CC70
310
623B7DF2F77C2A010000120200003100000000000000000000000000590500006662782F41393633353835312D344632462D344230382D423046372D3739314545314133324237412F636F72652E786D6C504B01021400140006080800CC70623BAD7543B64E010000330300003000000000000000000000000000D2060000
310
6662782F41393633353835312D344632462D344230382D423046372D3739314545314133324237412F636E782E786D6C504B01021400140006080800CC70623BE75B7789680500003C10000034000000000000000000000000006E0800006662782F41393633353835312D344632462D344230382D423046372D3739314545
310
314133324237412F6F626A656374732E786D6C504B01021400140006080000CC70623B0000000000000000000000003500000000000000000000000000280E00006662782F41393633353835312D344632462D344230382D423046372D3739314545314133324237412F76657274696365732E62696E504B01021400140006
310
080800CC70623BF270F133060000000400000036000000000000000000000000007B0E00006662782F41393633353835312D344632462D344230382D423046372D3739314545314133324237412F747269616E676C65732E62696E504B01021400140006080000CC70623B0000000000000000000000003700000000000000
310
000000000000D50E00006662782F41393633353835312D344632462D344230382D423046372D3739314545314133324237412F617474726962757465732E62696E504B01021400140006080800CC70623B08DA0BD1900000004101000036000000000000000000000000002A0F00006662782F41393633353835312D344632
310
462D344230382D423046372D3739314545314133324237412F6469726563746F72792E786D6C504B01021400140006080800CC70623BEDD1DC58FD000000A00100003B000000000000000000000000000E1000006662782F41393633353835312D344632462D344230382D423046372D3739314545314133324237412F7265
310
736F75726365732F636F72652E786D6C504B0506000000000E000E0080040000641100000000
  0
XRECORD
  5
87A
102
{ACAD_REACTORS
330
1F7
102
}
330
1F7
100
AcDbXrecord
102
MATERIAL
148
0.0
149
0.0
149
0.0
 93
        0
 94
       63
282
     0
 72
     1
 77
     1
171
     1
175
     1
179
     1
273
     0
  0
XRECORD
  5
1F8
102
{ACAD_REACTORS
330
1F7
102
}
330
1F7
100
AcDbXrecord
 70
     1
 90
429727718
  1
30362254-06B7-45E0-A893-8CFA70E3D6BC
310
504B03040A0000080000CC70623B3DEE336E79000000790000001B0000006175746F6465736B2D64657369676E2D7061636B6167652E786D6C3C3F786D6C2076657273696F6E3D22312E302220656E636F64696E673D227574662D3822203F3E3C666F726D6174733E3C666F726D61743E687474703A2F2F736368656D612E
310
6175746F6465736B2E636F6D2F64657369676E2D7061636B6167652F323030393C2F666F726D61743E3C2F666F726D6174733E504B0304140006080800CC70623BD486FD9CA0000000F4000000130000005B436F6E74656E745F54797065735D2E786D6C7D8EC10E82300C865F65E91D8A1E8C310C0EEA1BF002731658846E
310
D98AC1B77784ABF1D8FE5FBFBF75BBCE937A534CCEB38643598122B6FEE978D0B0485F9C41B54DDD7D022595594E1A469170414C76A4D9A4D207E29CF43ECE46F218070CC6BECC4078ACAA135ACF422C856C0E68EA1BF5669944DDD7BCDE7B1F8E415D77AECB980613C2E4AC91FC167A2B244592486606FC29C8FD7F045B9A
310
EF7053A7E60B504B0304140006080800CC70623B1EC5D7A3EB0000007C01000008000000636F72652E786D6C8D90416EC3201045AF82665B6103C6756C6122AB4D4ED00B204C5C94182C03558F5F9C3852BBEB6A467FFE9B197D71FC9E6FE8CBACC17AD7032D0820E3B41FAD9B7A48F1820F808E52ACDEC75F36404ECDA687
310
4D0629A6D5A76597B477D1B89855E747B38B2A041301E95B6E7A08FAD3CCAA50296647B8168BD2573599823EBB0CA76447F43862C7BCCF5EAC59410E4DDD9C7973C2755553CCCFA4C603E3040F1565ED3B1FDE4E432BCA0D9622DAF9795FAF464533826484B498524CD807E51D79ED187F21878E10516EF63F505AC67F42C9
310
BA58B1FDDD071640D2FCC87D2045B96591CB3DA85CB7DCE40F504B0304140006080800CC70623B55019EA25F0000007C00000007000000636E782E786D6C4DCB3B0E80201045D1AD90E915ED2CF8AC45050C11660C8261F98AB1B07AC9C97D42D718D865D3E909258CFD00CCE24AC6E326A164D74DC0B4128928FF32603847
310
2BA13128B1252AC747C6BAB984FC68F0B87FE8960A5C09FE86CFB69FBA01504B0304140006080800CC70623B8C9102E971010000D40300000C0000006662782F636F72652E786D6CC5535B6E833010BC8AE5DF0A6C08340F1947A84D4ED00B38C6A128602363A31CBFCB234A53A551FA553EC09AD9F5CE8C31DB9E9B1AF5CA
310
7695D1198E428A91D2D214952E33ECDD315861B4E5CC1AE3BE9561A445A3323CC098B3D21ADFCE9034DA29ED00D5A6503328BA4E398C640D8B0C77F253352214DE4145770A5B214FA2546114020D759C75CE8200340D19DE981F0F6746269C33EFAB6266AB02A655C74A59CCF365BADC27CB5D902ED22848F6340DF238A141
310
BE88E2F57B92BFEDF23523433367AE6A2EEAA455C2A902F398D2751045018D3FA264435F3771F242571B4A1919CA6F9A7C5B3CD9E42BED16F12C776AEB308F40C848FC700B1139D4891EF410CEC810227CC6846F8386402064270EF5C5C709A05E49676C024C61FC95EA45ED154CA5211D1FF4FB8291A913A68E9B83EBBB33
310
E2A7673CDE118E5AE8124C0807CB8377834E366998436B950D7A7746DAD846D4CFD978E0F04FD455FC5D49D2D4C6FE9722321F10997F0F32DC47FE05504B0304140006080800CC70623BFFEA85907E0000009D0000000B0000006662782F636E782E786D6C4DCCD10A83201886E15B91FFDC95D95A811AB6F23E625948A6C3
310
E9D8E5AF46073BFAE0E1E365ED67B3E8ADC3CB78C7815C7240DA3DFC64DCC221C519D7805AC182F7F1EF06C88D9BE6703008B6049F9E274D7A1E938DBB5AE3D6131B2589BA0D3D965551E0B2EA732C9B9A624AAEB41E3A557677029960D9AFB4EF11165F504B0304140006080800CC70623B4FEEA4082C0100001202000031
310
0000006662782F39464131463745442D413632322D343644302D413938332D3331353338454246344243312F636F72652E786D6C8D515B6EC32010BC0AE2AB55850DD871ED0813254D72825EC00192A2C460F1A872FC42ED48ED5F7E00CDCECCCEB26C731F6FE05B39AFADE921293004CA082BB5B9F43086336A21D870E6AC
310
0D7F68109861543DCC30E4ECE26C9C164858139409093556AA051CBC570102714B8F1E7AF1A5C6A11862480C7F2DA6415C878B2A4891CA89C7990F2E050073937C42DE1DB7E4F87ED8A36D4329AA9B3D46DBAEAD504556557BD81DEBDD0761E52CE42C462D17B996298E3E6BE59E35C962CE821E1FF18553435012728A7187
310
0841987E927A8D9B35ADDF70BBC6989599FE4F1427F9A4286A132ABAC49D651EF234CD5CE04CDA78BA3DC2A8FB645D00B9DF8B57E215725C60BCA2A463E54C4CE327C7A65E1C7DB02E7DEFCBF594B864C5CA6CDBD49C957943E9FA5D5FBAF336F90F504B0304140006080800CC70623BAD7543B64E01000033030000300000
310
006662782F39464131463745442D413632322D343644302D413938332D3331353338454246344243312F636E782E786D6CD593CD6EC32010845F0571AD6CE3D48AD20813A9873E410FBD12D82434182C7EAAE6EDBB2424CD25871E7B41D6EC30B3FA84F9E67BB2E40B4234DE8DB46F1925E094D7C6ED479AD3AE5951B2113C
310
789FEE6C943839C1488B4C05DF079FE72A69D8C96C13AAD6B8631503449F83828872B949AC57D26200B826A308D316B4064D6E46FCDA41C05550DC9E483A00797BFD207EFB092A45DE9514C1BBD22178396BD39D891265658C238DEA00936C654E5E433CB65A26D9F6EDB5EBC14EBF49A45CB856E66048291F6939A9A81BB5
310
C8917738143CA680F4AA299D66A042CEB3354A2684DC9D8D178FE0D9B8B41CAAD720F880EE7EF93C0C18769E099ECC04D5A102C8049A8A05632F4DDF376CF1DE0F6BB65C2F8627B65A33C6BB62177CEBBDAD973006829F89F22E814B54F4BC2BE347F8AA8F681390B50FA73F804400B5F542E796F19FF974E7F78DB802FE05
310
E207504B0304140006080800CC70623B16AB87BA640500003C100000340000006662782F39464131463745442D413632322D343644302D413938332D3331353338454246344243312F6F626A656374732E786D6CAD575B6FA33818FD2B887DE6924B3BED8A326A92B68A663B534DD4D13E548A0C38942D60649B369D5FBFC7
310
600890A493BDE42160637FD7F31D7FF63E6FB3D478A55C242CBF3247B66B1A340F5994E4F19559CA8D75611A9F7D8F33263BCB4C232719BD32D5B4E97B316765A1A722BA21652A07B3B7B33F0D11D29C9A46981221AE4C113ED38CD8A4942CA2E2C58E882476BCD9DA23BB5ED8171B73523C0F841684D35CC252CCE79062D4
310
468DFA43D7747CCF51DF7D4FFDEB5593E3AB9CCA9FBEFE241792E4E19EB28198C968BAB8199F5D5A67D3E9C49A9E8F47D6EC76B6B0469F26EEFC7C3EBFBCBEB98462213924694B38DD98FE1D62C393D073EA4FADC5DAF04326852CCF6958F90F0F2B9BB5C48816348F90C7840A68EB78EDF68723159BCEE7891A6B95DDE9D3
310
BCEAEEE8086A6C6F9E5D4B59F0175C10A7A0820BAA5055C7473B5AE3CFDD452D602CD5DF12616444529E90D448938013FE6EFA58AA96F85E4F8C42275708571E98FE6827AF6B2B4AE3D7D83D64E5A64C53054DD3AF90BD06FEA9149565C94FCA0F6B834DC85599E4F2423B24DF0B6AFA979E534DFA9E7A4CC6FA631D486393
310
921829879BF5D781A373557BCB85E97FB90DB62B558F8795179C15944B051F40AB495CF35451D26A4727654E6D8033BD98EF82F21D91FF8AF2DD9982BCF1643BDD4EB516C9492E368C67C88DED563FC36D5EACF66DFF057C3658BDBFA69DF9578B3DA735B64F18C7F20770A9D45CFCF7FCF563D6456A277DBEF78A02637CA2
310
43B90A490AEAB94F72244481D24819A6C0E59B606BFA4B3025981DBB48EAB701D97BF19C577CC77F2D1B6C55A9EF3C732474C0B727303F625995056C3B02963D9EAC146BE78EC5FCEC7FA999EBC5EACBAAE41B12D27B4D2C0BBA49F244E2ECDC81B76B502F113D8F5EE8FB1BE3111CDD4FC2AA9B844CAB1288B68AB90A7CDC
310
1C166AB0D3DC5310625FCC14E779BFD0709F8890A629C9292B1B2DED31A4B0DA928CEE135085754027E3018A397D4D5427D15BD1330B677DC8934285AC3DF45A9EB68FF8F2B8FC0A509AFEECFD0FF2DE25CC6047F7214B195F07EFEB9A094D800F7BFAE8FED187B78EA8A3A400F115961BCAD1215E47C966530AF0EE8128FE
310
58CEBB996A8964FFA529A046635D9353B0336A8F700DDF46271A024E70B0B37C9DE01847591E54DED53D54202AB947E4076556AC49C6CA5C9E1226B7F1A7B1BE15DEED62C41B91E1B3E9AFAAA735036547343A925075041DF0A9979E893B391F8FCFA6967B3EFB644DCF6E5CEBFAE272625DCC6FAF3FB93793C5F90CE1EF57
310
407342756B10D1C489E8953CD1617E5CEECAD6F4EF8914CE5D5D504E5C3F1F9736DA62CFC11E00BCDDB8CC8A9466349744C1F75EBDA4DF09BA8A9E8C7A7E9991989E20E5DBDD6A6003664ED8F7A04A8DBE0DF6EAD9B9AA858342E47399053949D2C146EDB85DE4B176BB0965FBAC19BD19AA918E27FA50C1D22402E144464C
310
59462568E704B6E71915404CB72B8FF4EDE184DDAF753F284990D2C6926782963815403548A70C657FDEF80D2D9CEAA2AE4C1C76F60BFE74219A06527D6582DF6412526107381E55E353090704D085B52408D0933C4ED159D79BDA71BB4BC506F4831350EB6F979CD22D69BF7AC49B91A2C0A9DDA3D5CA36AD20FC478E37E6
310
1844E2352865EBCB6EA275A652E3836BE04EFB400BF1A2556F515F1FBB35B2AB35BD889C744FFA1004B5544B121E57F70215746DD2F5E2C1412B602CBF19455AC6C8E5E9922C4E01E65215385004546899059180EAFCF7A707CE7017CD8CDB0410789AB32C63B91E5CEBBBACB17AC6CD347A022D5075FD106377347AAABA7E
310
7D11590744509B44E205134DC1290F06580320F78E537D3D73540E06CB970B431F185308AD40BBD794D6D77003C5A36E8EAA54BA64597CD8F83BD552A080A365F7FF06504B0304140006080000CC70623B000000000000000000000000350000006662782F39464131463745442D413632322D343644302D413938332D3331
310
353338454246344243312F76657274696365732E62696E504B0304140006080800CC70623BF270F1330600000004000000360000006662782F39464131463745442D413632322D343644302D413938332D3331353338454246344243312F747269616E676C65732E62696E636660600000504B0304140006080000CC70623B
310
000000000000000000000000370000006662782F39464131463745442D413632322D343644302D413938332D3331353338454246344243312F617474726962757465732E62696E504B0304140006080800CC70623B08DA0BD19000000041010000360000006662782F39464131463745442D413632322D343644302D413938
310
332D3331353338454246344243312F6469726563746F72792E786D6C858F410AC3201045AF22B36F53E9A60B35CBEEBAE80D244E44489C6234F4F835464A48035D0DF398FF9F8AF63D0E6CC63039F212F8F9020C7D47C6792B21C5FE7403D62A1188E2E60C98D7234A5830286103A55745067B9D86B8A3CF9C7F90C11DE607
310
FB144396D7B6A82D282E9A152AD114D5EF2CB866EEE831B8EEA07A7BB5A8D7D61A2BAAEB7FD5F70921FF497D00504B0304140006080800CC70623B0D6EF93BFE000000A00100003B0000006662782F39464131463745442D413632322D343644302D413938332D3331353338454246344243312F7265736F75726365732F63
310
6F72652E786D6C8D50596E833010BD0A9ADFCA60B334011947A8694ED00B586642AC041B79A97AFC9A40A5F6AF3F33A3B7689E1E3F7DCD8FEC139DD7D6F4C0720A191A65476DA61E62B892236427C19DB5E1970C322367EC618541F0C9D9B8EC90B226A009093576C41D94DE63804C3DD2D18357379C652E63480A7FCF17A9
310
EE72C29CE5894E3AC17D702940B63D59270887DE46A7D0F36263058F518FBB468FE9A7BE6A7420864373B8D4873369AA8691FA421B3294352543C5CAF65C0F6FEF43CB8BD52C78D0F34F46E550061C419494B6843142CB0F5677F4B52BEB177AEC28E5C52AFF638ACBF84F53D42654E51E77B379102C05791282176B5F693D
310
CB4C7BED567C03504B010214000A0000080000CC70623B3DEE336E79000000790000001B00000000000000000000000000000000006175746F6465736B2D64657369676E2D7061636B6167652E786D6C504B01021400140006080800CC70623BD486FD9CA0000000F40000001300000000000000000000000000B20000005B
310
436F6E74656E745F54797065735D2E786D6C504B01021400140006080800CC70623B1EC5D7A3EB0000007C010000080000000000000000000000000083010000636F72652E786D6C504B01021400140006080800CC70623B55019EA25F0000007C000000070000000000000000000000000094020000636E782E786D6C504B
310
01021400140006080800CC70623B8C9102E971010000D40300000C00000000000000000000000000180300006662782F636F72652E786D6C504B01021400140006080800CC70623BFFEA85907E0000009D0000000B00000000000000000000000000B30400006662782F636E782E786D6C504B01021400140006080800CC70
310
623B4FEEA4082C0100001202000031000000000000000000000000005A0500006662782F39464131463745442D413632322D343644302D413938332D3331353338454246344243312F636F72652E786D6C504B01021400140006080800CC70623BAD7543B64E010000330300003000000000000000000000000000D5060000
310
6662782F39464131463745442D413632322D343644302D413938332D3331353338454246344243312F636E782E786D6C504B01021400140006080800CC70623B16AB87BA640500003C1000003400000000000000000000000000710800006662782F39464131463745442D413632322D343644302D413938332D3331353338
310
454246344243312F6F626A656374732E786D6C504B01021400140006080000CC70623B0000000000000000000000003500000000000000000000000000270E00006662782F39464131463745442D413632322D343644302D413938332D3331353338454246344243312F76657274696365732E62696E504B01021400140006
310
080800CC70623BF270F133060000000400000036000000000000000000000000007A0E00006662782F39464131463745442D413632322D343644302D413938332D3331353338454246344243312F747269616E676C65732E62696E504B01021400140006080000CC70623B0000000000000000000000003700000000000000
310
000000000000D40E00006662782F39464131463745442D413632322D343644302D413938332D3331353338454246344243312F617474726962757465732E62696E504B01021400140006080800CC70623B08DA0BD190000000410100003600000000000000000000000000290F00006662782F39464131463745442D413632
310
322D343644302D413938332D3331353338454246344243312F6469726563746F72792E786D6C504B01021400140006080800CC70623B0D6EF93BFE000000A00100003B000000000000000000000000000D1000006662782F39464131463745442D413632322D343644302D413938332D3331353338454246344243312F7265
310
736F75726365732F636F72652E786D6C504B0506000000000E000E0080040000641100000000
  0
XRECORD
  5
87B
102
{ACAD_REACTORS
330
173
102
}
330
173
100
AcDbXrecord
102
MATERIAL
148
0.0
149
0.0
149
0.0
 93
        0
 94
       63
282
     0
 72
     1
 77
     1
171
     1
175
     1
179
     1
273
     0
  0
XRECORD
  5
1FB
102
{ACAD_REACTORS
330
173
102
}
330
173
100
AcDbXrecord
 70
     0
 90
1673772943
  1
ECE7A1D2-D628-4531-984C-D00F80459256
310
504B03040A0000080000CC70623B3DEE336E79000000790000001B0000006175746F6465736B2D64657369676E2D7061636B6167652E786D6C3C3F786D6C2076657273696F6E3D22312E302220656E636F64696E673D227574662D3822203F3E3C666F726D6174733E3C666F726D61743E687474703A2F2F736368656D612E
310
6175746F6465736B2E636F6D2F64657369676E2D7061636B6167652F323030393C2F666F726D61743E3C2F666F726D6174733E504B0304140006080800CC70623BD486FD9CA0000000F4000000130000005B436F6E74656E745F54797065735D2E786D6C7D8EC10E82300C865F65E91D8A1E8C310C0EEA1BF002731658846E
310
D98AC1B77784ABF1D8FE5FBFBF75BBCE937A534CCEB38643598122B6FEE978D0B0485F9C41B54DDD7D022595594E1A469170414C76A4D9A4D207E29CF43ECE46F218070CC6BECC4078ACAA135ACF422C856C0E68EA1BF5669944DDD7BCDE7B1F8E415D77AECB980613C2E4AC91FC167A2B244592486606FC29C8FD7F045B9A
310
EF7053A7E60B504B0304140006080800CC70623BD9DDAED0EC0000007C01000008000000636F72652E786D6C8D90416EC3201045AF82665B61836D9CD8C2444DD39CA01740405C94182C03558F5F9C3852BBEB6A467FFE9B197D7EF89E6EE8CB2CC17A37002D0820E394D7D68D03A478C17B4007C117EFE32F1B20272733C0
310
2A83E0E3E2D3BC49CABB685CCCAAF3DA6CA20CC14440EA969B0182FA34932C648AD911AEC52CD5558EA6A0CF2EC329598D1E47ACCEFBECC59A050463A7EA5833865FEBDD0E37353BE3EE8DBDE3F6786A48D375FBF6CC78B9C282473B3DEFABC5C86834888A900E538A49F5419B9EB47DD5BC907D4F082F57FB1F28CDFA9F50
310
B22ED6D5F6EE030B20687EE43E10BC5CB3C8E51E54AE6B6EE207504B0304140006080800CC70623B55019EA25F0000007C00000007000000636E782E786D6C4DCB3B0E80201045D1AD90E915ED2CF8AC45050C11660C8261F98AB1B07AC9C97D42D718D865D3E909258CFD00CCE24AC6E326A164D74DC0B4128928FF326038
310
472BA13128B1252AC747C6BAB984FC68F0B87FE8960A5C09FE86CFB69FBA01504B0304140006080800CC70623BA24EB22D72010000D40300000C0000006662782F636F72652E786D6CC5535B6E833010BC8AE5DF0A6C5E49888CA3A6694ED00B38E05014B091B1518EDFE511A5A9D228FD2A1F60CDEC7A67C6986DCE4D8D7A
310
69BA4AAB0C073EC548AA5C17952A33ECECD15B61B4E1CC686DBF9561A44423333CC098B3D268D7CE50AE9595CA02AA74216750749DB418E5352C32DCE59FB211BE70162ABA93DF8AFC244AE9073ED050C759670D0840D390E18DF9F1706664C23973AE2A66B62A605A75ACA4C13C4976E1364A12EF355A2EBD384AF65EFA96
310
BC7B8BED2EA6719AAE16FB8491A199335B351775B991C2CA02F390D2D40B028F861F41BCA68B7518BFD0D59A524686F29B26D7164F36B94AD9289CE54E6D1DE6010819891F6E21228B3AD1831EC219194284CF98F06DD01008846CC5A1BEF83801D4CBDC6A1303536877A57A513B0953A94FC707FDBE6064EA84A9E3E6E0FA
310
EE8CF0E9198F7784A316AA0413C2C2F2E0ECA0934D1AE6D05A69BCDE9E91D2A611F573361E38FC1375157F5752AE6B6DFE4B11990F88CCBF0719EE23FF02504B0304140006080800CC70623B408A7D3B7C0000009D0000000B0000006662782F636E782E786D6C4DCCD10A83201886E15B91FFDC552A92A0064DBC8F581632
310
D3703A76F9ABD1C18E3E78F878E5F0D9027ABBFCF2292AE86E2D20171F69F6715550CB827B40839639A5F2770314A7CD293819B45C73AAFB45B35BA61ACAA1C1C7E7855C58C15BC331339661262CC762340413D68D77DA5B42298546CBE6573AF60CEB2F504B0304140006080800CC70623B449FB9BD290100001202000031
310
0000006662782F36394639363044362D344446342D343946362D394244322D3234314243333846323333332F636F72652E786D6C8D515B6EC32010BC0AE22B55850D98B871848994463E412FE002495162B07854397EA176A4F62F3F2C9A9D991D587EB84F37F0AD7D30CEF6905418026DA553C65E7A98E219ED203808EE9D
310
8B7F6810D871D23D2C3014FCE25D9A57483A1BB58D19B54EE9151C43D0110279CB971E06F9A5A7B11A53CC8C70ADE6515EC78BAE4895DB992778883E0700CB907242D17643D7E2538BD869608875438BBAE38922CAC8F1BDD90DB4691A5E2F42C153326A951B95E398B3D1FE599322163C9AE9115F7A3D46ADA0A018778810
310
84E907617BDCEE297BC5BB3DC6BC2EF47FA234AB2745C9D8D8D035EE220B50105E2F0DC1954B9FB747187D9F9D8FA0CCDB042D5FA0C015C65B42DF78BD10F3F3B363CB56C7109DCFDFBBB97E662ED92EB62D13BC2E1BCAE5777DB9966D8A1F504B0304140006080800CC70623BAD7543B64E01000033030000300000006662
310
782F36394639363044362D344446342D343946362D394244322D3234314243333846323333332F636E782E786D6CD593CD6EC32010845F0571AD6CE3D48AD20813A9873E410FBD12D82434182C7EAAE6EDBB2424CD25871E7B41D6EC30B3FA84F9E67BB2E40B4234DE8DB46F1925E094D7C6ED479AD3AE5951B2113C789FEE
310
6C943839C1488B4C05DF079FE72A69D8C96C13AAD6B8631503449F83828872B949AC57D26200B826A308D316B4064D6E46FCDA41C05550DC9E483A00797BFD207EFB092A45DE9514C1BBD22178396BD39D891265658C238DEA00936C654E5E433CB65A26D9F6EDB5EBC14EBF49A45CB856E66048291F6939A9A81BB5C89177
310
38143CA680F4AA299D66A042CEB3354A2684DC9D8D178FE0D9B8B41CAAD720F880EE7EF93C0C18769E099ECC04D5A102C8049A8A05632F4DDF376CF1DE0F6BB65C2F8627B65A33C6BB62177CEBBDAD973006829F89F22E814B54F4BC2BE347F8AA8F681390B50FA73F804400B5F542E796F19FF974E7F78DB802FE05E20750
310
4B0304140006080800CC70623B8D05915C650500003B100000340000006662782F36394639363044362D344446342D343946362D394244322D3234314243333846323333332F6F626A656374732E786D6CAD575B6FA33814FE2B887D06429276DA1565D4266D158D3A339A6846FB502932E050B66023DB74D2FDF5FB190C01
310
9276B2973C046C8ECFF53B17071F77456EBD502133CEAE6CDF9DD81665314F32965ED995DA3A17B6F5310C04E7AA47665B8C14F4CAD6DB7618A48257A5D94AE89654B91AEDDEDDFC61C998326A5B714EA4BCB265FC440BE2924AF184CA6737218AB8E976E7FA6E4338649B0A523E8D98964450A6A029F619B8588D52FE7039
310
B1BD30F0F4F730D0FF866AF6369557DB33949F31A9088B0F848DD8CCFCF9F2767A76E99CCDE733677E3EF59D9BBB9BA5E37F984D16E78BC5E5F5ED25044B25C0C96822E8D60EEFE11B91C581D77CEA34368A1F5329E68CD1B8B61F16D63A1B8E092D294B10C78C4A48EB593D192E7DED9BDEE7995E1B91FDEDD3ACEA9FE831
310
6A756F9F7D4D79F4274C90A7A04248AA51D5F8C718DAE06FB2F75AC4796EBE65D22A88A22223B995679120E2D50E41AA49C260C046A35368846B0BECD0DFF3EBEB8AD4F835768F69B9ADF25C43D30E6B646F807FAA64AD59F61715C7A54127C4AACA98BA3006A9D792DAE165E0D59B61A01FB3A9F9D838D2DAE62445C86166
310
F37564E842E7DE6A69879FEEA2DD5AE7E371E1A5E025154AC307D06A03D73EB5978C58FFA4C8E9033066E0F3BD53BEC1F39F91BE7B55103791EDE6BBB991A2046172CB4581D8B893FA674DDA17A77B3B7C413D1B511FD2743BFF8A38F03A658705E3ADF8015C3A3417FF3D7E439FF591DA0B5F18BC20C1B8981957AE6392A3
310
F43C640C01D1A0B4728E2DD4F26DB4B3C3152A252A3B4E913CEC1C72F012782FF88EFF8637AA552DBEF76408E8A8DE9E50F9E1CB3A2DA0DB1B6039A893B56063DC5B3E3FFB5F72E67AB9FEB4AEC496C4F4C1149625DD662C53E89D7BF0F6151A046260D1337DFDC94502430F83B0EE07A130A224BCAD7DAE1D9FB6CD422FF6
310
920702629C4BB9AE79C12F243C6432A6794E18E5552BA56B431AAB5D91317302B2B071E86C3A42B1A02F999E24061403B5D0EB639195DA655DD3EBEAB4FB862DDF579F014AD0E73C22F99E28DA57FB98E75C6CA2D74D53086D600F4786E0FE3144B771A8A7B900F03594DB8A633CBC49B2EDB69228BB479CF863B5E807AAAB
310
23872F6DFEB4129B949CA33823F58830E86D65621E10047D9DB34D862E8EAC3C2ABC2F7B2C40D67CDFE01F5545B92105AF983AC54D93D69E56FB8E797F88913F898A9FEC705D3F9D1B54EC8426FB500D40A03BD0119B06E1B95DDC7EB8F6975367793EBD70E66733DFB9BC982F9CE564727731999F5D4ECFCE3B8D6A4DC2A0
310
6D50FD148437D110834A64C6CDDF57FBACB5C307A2A477DFE4939736CFEF2B175371E0E10CF0DD1D5C15654E0BCA14D1E87DD02FF93782A162C0A3D95F1524A52770F972BF1EE9809D13CE7DD599467F8ECE9ADD85CE85A34CD45355448C64F9E8A031DC2D596ACC6E5DD93D9B82DE2EF5CAF81363A8E47996A0DE24564A79
310
4115AACE09C55E14540231FDA13C319787134EBF34E3A022514E5B4D9E0826E25C02D5805B15ABE1BEF51B26383D445DD9E875EE33FE4C22DA16427D65A3BCA92CA6D28DD01DF5DC53330704308475351050232CCD31583787BA75774AFB06E5070DD0C8EF484E19968C5D83BA5B90B244D31E54D55A372320FE4786B7EA58
310
44E135AA5467CB7EA333A61683CC6A8C3257034C10CF46F40EF9F5BE59BE5BD30C3C72D235E95D10345C1D45445A5F0BB47E46A5EBE5570F9380B5FA629579952296A773720405982B9DE04011506178964401AA8BDF1FBF0A8EAB6861DD6580C0E38217056766716DAEB2D6FA0917D3E4116581EADB879C4E7CFFB11EFACD
310
3D641311495D92C8676CB409A72D18610D803CE8A626049E8EC1887CB5B44CC39883690DDA8399B4B9855B481E7D71D4A9D22F96E5BB73BF5793020C02137BF837504B0304140006080000CC70623B000000000000000000000000350000006662782F36394639363044362D344446342D343946362D394244322D32343142
310
43333846323333332F76657274696365732E62696E504B0304140006080800CC70623BF270F1330600000004000000360000006662782F36394639363044362D344446342D343946362D394244322D3234314243333846323333332F747269616E676C65732E62696E636660600000504B0304140006080000CC70623B0000
310
00000000000000000000370000006662782F36394639363044362D344446342D343946362D394244322D3234314243333846323333332F617474726962757465732E62696E504B0304140006080800CC70623B08DA0BD19000000041010000360000006662782F36394639363044362D344446342D343946362D394244322D
310
3234314243333846323333332F6469726563746F72792E786D6C858F410AC3201045AF22B36F53E9A60B35CBEEBAE80D244E44489C6234F4F835464A48035D0DF398FF9F8AF63D0E6CC63039F212F8F9020C7D47C6792B21C5FE7403D62A1188E2E60C98D7234A5830286103A55745067B9D86B8A3CF9C7F90C11DE607FB14
310
4396D7B6A82D282E9A152AD114D5EF2CB866EEE831B8EEA07A7BB5A8D7D61A2BAAEB7FD5F70921FF497D00504B0304140006080800CC70623BCA768048FE000000A00100003B0000006662782F36394639363044362D344446342D343946362D394244322D3234314243333846323333332F7265736F75726365732F636F72
310
652E786D6C8D50596E833010BD0A9ADFCA60D600328E9AA639412F609909B1126CE4A5EAF16B0295DABFFECC8CDEA2797AECF8353F924FB44E193D409E5248504B332A3D0D10FC95B4901C39B3C6F85F3248B49871801506CE266BC2B243D2688FDA47549B11775038871E12F988C7004EDE7016A9083E2ADC3D5D84BC8B09
310
D33C8D74D471E6BC8D0192EDC93A815B742658898E651BCB59086ADC356A8C3FD555A1055ED7E7E254D615792D0F075295F585746FF53B694EE78A565DD736979A65AB9933AFE69F8CD2A2F038022F28ED489E135A7CE4554F9BBEA85E68DB53CAB255FEC71496F19FA6A0B42F8B3DEE6673C0F318E4497096AD7DC5F52C33
310
EEB55BFE0D504B010214000A0000080000CC70623B3DEE336E79000000790000001B00000000000000000000000000000000006175746F6465736B2D64657369676E2D7061636B6167652E786D6C504B01021400140006080800CC70623BD486FD9CA0000000F40000001300000000000000000000000000B20000005B436F
310
6E74656E745F54797065735D2E786D6C504B01021400140006080800CC70623BD9DDAED0EC0000007C010000080000000000000000000000000083010000636F72652E786D6C504B01021400140006080800CC70623B55019EA25F0000007C000000070000000000000000000000000095020000636E782E786D6C504B0102
310
1400140006080800CC70623BA24EB22D72010000D40300000C00000000000000000000000000190300006662782F636F72652E786D6C504B01021400140006080800CC70623B408A7D3B7C0000009D0000000B00000000000000000000000000B50400006662782F636E782E786D6C504B01021400140006080800CC70623B
310
449FB9BD290100001202000031000000000000000000000000005A0500006662782F36394639363044362D344446342D343946362D394244322D3234314243333846323333332F636F72652E786D6C504B01021400140006080800CC70623BAD7543B64E010000330300003000000000000000000000000000D20600006662
310
782F36394639363044362D344446342D343946362D394244322D3234314243333846323333332F636E782E786D6C504B01021400140006080800CC70623B8D05915C650500003B10000034000000000000000000000000006E0800006662782F36394639363044362D344446342D343946362D394244322D32343142433338
310
46323333332F6F626A656374732E786D6C504B01021400140006080000CC70623B0000000000000000000000003500000000000000000000000000250E00006662782F36394639363044362D344446342D343946362D394244322D3234314243333846323333332F76657274696365732E62696E504B010214001400060808
310
00CC70623BF270F13306000000040000003600000000000000000000000000780E00006662782F36394639363044362D344446342D343946362D394244322D3234314243333846323333332F747269616E676C65732E62696E504B01021400140006080000CC70623B00000000000000000000000037000000000000000000
310
00000000D20E00006662782F36394639363044362D344446342D343946362D394244322D3234314243333846323333332F617474726962757465732E62696E504B01021400140006080800CC70623B08DA0BD190000000410100003600000000000000000000000000270F00006662782F36394639363044362D344446342D
310
343946362D394244322D3234314243333846323333332F6469726563746F72792E786D6C504B01021400140006080800CC70623BCA768048FE000000A00100003B000000000000000000000000000B1000006662782F36394639363044362D344446342D343946362D394244322D3234314243333846323333332F7265736F
310
75726365732F636F72652E786D6C504B0506000000000E000E0080040000621100000000
  0
ENDSEC
  0
EOF
