  0
SECTION
  2
HEADER
  9
$ACADVER
  1
AC1014
  9
$ACADMAINTVER
 70
     9
  9
$DWGCODEPAGE
  3
ANSI_1252
  9
$INSBASE
 10
0.0
 20
0.0
 30
0.0
  9
$EXTMIN
 10
1981781.487678688
 20
-213412.194392783
 30
-50.80960517369939
  9
$EXTMAX
 10
2025204.372678688
 20
-182709.1443927829
 30
3000.0
  9
$LIMMIN
 10
0.0
 20
0.0
  9
$LIMMAX
 10
12.0
 20
9.0
  9
$ORTHOMODE
 70
     1
  9
$REGENMODE
 70
     1
  9
$FILLMODE
 70
     1
  9
$QTEXTMODE
 70
     0
  9
$MIRRTEXT
 70
     0
  9
$DRAGMODE
 70
     2
  9
$LTSCALE
 40
1.0
  9
$OSMODE
 70
    37
  9
$ATTMODE
 70
     1
  9
$TEXTSIZE
 40
0.22
  9
$TRACEWID
 40
0.05
  9
$TEXTSTYLE
  7
ROMANC
  9
$CLAYER
  8
COLUMN
  9
$CELTYPE
  6
BYLAYER
  9
$CECOLOR
 62
   256
  9
$CELTSCALE
 40
1.0
  9
$DELOBJ
 70
     1
  9
$DISPSILH
 70
     0
  9
$DIMSCALE
 40
1.0
  9
$DIMASZ
 40
150.0
  9
$DIMEXO
 40
50.0
  9
$DIMDLI
 40
50.0
  9
$DIMRND
 40
0.0
  9
$DIMDLE
 40
0.0
  9
$DIMEXE
 40
50.0
  9
$DIMTP
 40
0.0
  9
$DIMTM
 40
0.0
  9
$DIMTXT
 40
195.0
  9
$DIMCEN
 40
0.0
  9
$DIMTSZ
 40
0.0
  9
$DIMTOL
 70
     0
  9
$DIMLIM
 70
     0
  9
$DIMTIH
 70
     0
  9
$DIMTOH
 70
     0
  9
$DIMSE1
 70
     0
  9
$DIMSE2
 70
     0
  9
$DIMTAD
 70
     0
  9
$DIMZIN
 70
     0
  9
$DIMBLK
  1
OPEN
  9
$DIMASO
 70
     1
  9
$DIMSHO
 70
     1
  9
$DIMPOST
  1

  9
$DIMAPOST
  1

  9
$DIMALT
 70
     0
  9
$DIMALTD
 70
     0
  9
$DIMALTF
 40
39.4
  9
$DIMLFAC
 40
1.0
  9
$DIMTOFL
 70
     1
  9
$DIMTVP
 40
0.0
  9
$DIMTIX
 70
     0
  9
$DIMSOXD
 70
     0
  9
$DIMSAH
 70
     0
  9
$DIMBLK1
  1

  9
$DIMBLK2
  1

  9
$DIMSTYLE
  2
DIM_AS
  9
$DIMCLRD
 70
   256
  9
$DIMCLRE
 70
   256
  9
$DIMCLRT
 70
     3
  9
$DIMTFAC
 40
1.0
  9
$DIMGAP
 40
50.0
  9
$DIMJUST
 70
     0
  9
$DIMSD1
 70
     0
  9
$DIMSD2
 70
     0
  9
$DIMTOLJ
 70
     1
  9
$DIMTZIN
 70
     0
  9
$DIMALTZ
 70
     0
  9
$DIMALTTZ
 70
     0
  9
$DIMFIT
 70
     5
  9
$DIMUPT
 70
     0
  9
$DIMUNIT
 70
     2
  9
$DIMDEC
 70
     0
  9
$DIMTDEC
 70
     0
  9
$DIMALTU
 70
     2
  9
$DIMALTTD
 70
     0
  9
$DIMTXSTY
  7
AS
  9
$DIMAUNIT
 70
     0
  9
$LUNITS
 70
     2
  9
$LUPREC
 70
     4
  9
$SKETCHINC
 40
0.1
  9
$FILLETRAD
 40
10.0
  9
$AUNITS
 70
     0
  9
$AUPREC
 70
     0
  9
$MENU
  1
.
  9
$ELEVATION
 40
0.0
  9
$PELEVATION
 40
0.0
  9
$THICKNESS
 40
0.0
  9
$LIMCHECK
 70
     0
  9
$CHAMFERA
 40
0.0
  9
$CHAMFERB
 40
0.0
  9
$CHAMFERC
 40
0.0
  9
$CHAMFERD
 40
0.0
  9
$SKPOLY
 70
     0
  9
$TDCREATE
 40
2457459.926926331
  9
$TDUPDATE
 40
2460943.607151354
  9
$TDINDWG
 40
22.982368206
  9
$TDUSRTIMER
 40
22.9823669213
  9
$USRTIMER
 70
     1
  9
$ANGBASE
 50
0.0
  9
$ANGDIR
 70
     0
  9
$PDMODE
 70
     3
  9
$PDSIZE
 40
0.0
  9
$PLINEWID
 40
10.0
  9
$COORDS
 70
     1
  9
$SPLFRAME
 70
     0
  9
$SPLINETYPE
 70
     6
  9
$SPLINESEGS
 70
     8
  9
$ATTDIA
 70
     0
  9
$ATTREQ
 70
     1
  9
$HANDLING
 70
     1
  9
$HANDSEED
  5
4A5
  9
$SURFTAB1
 70
     6
  9
$SURFTAB2
 70
     6
  9
$SURFTYPE
 70
     6
  9
$SURFU
 70
     6
  9
$SURFV
 70
     6
  9
$UCSNAME
  2

  9
$UCSORG
 10
0.0
 20
0.0
 30
0.0
  9
$UCSXDIR
 10
1.0
 20
0.0
 30
0.0
  9
$UCSYDIR
 10
0.0
 20
1.0
 30
0.0
  9
$PUCSNAME
  2

  9
$PUCSORG
 10
0.0
 20
0.0
 30
0.0
  9
$PUCSXDIR
 10
1.0
 20
0.0
 30
0.0
  9
$PUCSYDIR
 10
0.0
 20
1.0
 30
0.0
  9
$USERI1
 70
     0
  9
$USERI2
 70
     0
  9
$USERI3
 70
     0
  9
$USERI4
 70
     0
  9
$USERI5
 70
     0
  9
$USERR1
 40
0.0
  9
$USERR2
 40
0.0
  9
$USERR3
 40
0.0
  9
$USERR4
 40
0.0
  9
$USERR5
 40
0.0
  9
$WORLDVIEW
 70
     1
  9
$SHADEDGE
 70
     3
  9
$SHADEDIF
 70
    70
  9
$TILEMODE
 70
     1
  9
$MAXACTVP
 70
    64
  9
$PINSBASE
 10
0.0
 20
0.0
 30
0.0
  9
$PLIMCHECK
 70
     0
  9
$PEXTMIN
 10
1.049999952316283
 20
0.7999999523162842
 30
0.0
  9
$PEXTMAX
 10
9.44999957084656
 20
7.199999570846558
 30
0.0
  9
$PLIMMIN
 10
-0.2500002402958907
 20
-0.2499999962453767
  9
$PLIMMAX
 10
10.74999951940822
 20
8.249999763458732
  9
$UNITMODE
 70
     0
  9
$VISRETAIN
 70
     1
  9
$PLINEGEN
 70
     0
  9
$PSLTSCALE
 70
     1
  9
$TREEDEPTH
 70
  3020
  9
$PICKSTYLE
 70
     1
  9
$CMLSTYLE
  2
STANDARD
  9
$CMLJUST
 70
     0
  9
$CMLSCALE
 40
1.0
  9
$PROXYGRAPHICS
 70
     1
  9
$MEASUREMENT
 70
     0
  0
ENDSEC
  0
SECTION
  2
CLASSES
  0
CLASS
  1
ACDBDICTIONARYWDFLT
  2
AcDbDictionaryWithDefault
  3
ObjectDBX Classes
 90
        0
280
     0
281
     0
  0
CLASS
  1
DICTIONARYVAR
  2
AcDbDictionaryVar
  3
ObjectDBX Classes
 90
        0
280
     0
281
     0
  0
CLASS
  1
TABLESTYLE
  2
AcDbTableStyle
  3
ObjectDBX Classes
 90
     4095
280
     0
281
     0
  0
CLASS
  1
MATERIAL
  2
AcDbMaterial
  3
ObjectDBX Classes
 90
     1153
280
     0
281
     0
  0
CLASS
  1
VISUALSTYLE
  2
AcDbVisualStyle
  3
ObjectDBX Classes
 90
     4095
280
     0
281
     0
  0
CLASS
  1
SCALE
  2
AcDbScale
  3
ObjectDBX Classes
 90
     1153
280
     0
281
     0
  0
CLASS
  1
MLEADERSTYLE
  2
AcDbMLeaderStyle
  3
ACDB_MLEADERSTYLE_CLASS
 90
     4095
280
     0
281
     0
  0
CLASS
  1
CELLSTYLEMAP
  2
AcDbCellStyleMap
  3
ObjectDBX Classes
 90
     1152
280
     0
281
     0
  0
CLASS
  1
EXACXREFPANELOBJECT
  2
ExAcXREFPanelObject
  3
EXAC_ESW
 90
     1025
280
     1
281
     0
  0
CLASS
  1
NPOCOLLECTION
  2
AcDbImpNonPersistentObjectsCollection
  3
ObjectDBX Classes
 90
     1153
280
     1
281
     0
  0
CLASS
  1
LAYER_INDEX
  2
AcDbLayerIndex
  3
ObjectDBX Classes
 90
        0
280
     0
281
     0
  0
CLASS
  1
SPATIAL_INDEX
  2
AcDbSpatialIndex
  3
AutoCAD 2000
 90
        0
280
     0
281
     0
  0
CLASS
  1
IDBUFFER
  2
AcDbIdBuffer
  3
ObjectDBX Classes
 90
        0
280
     0
281
     0
  0
CLASS
  1
ACDBSECTIONVIEWSTYLE
  2
AcDbSectionViewStyle
  3
ObjectDBX Classes
 90
     1025
280
     0
281
     0
  0
CLASS
  1
ACDBDETAILVIEWSTYLE
  2
AcDbDetailViewStyle
  3
ObjectDBX Classes
 90
     1025
280
     0
281
     0
  0
CLASS
  1
SORTENTSTABLE
  2
AcDbSortentsTable
  3
ObjectDBX Classes
 90
        0
280
     0
281
     0
  0
CLASS
  1
DBCOLOR
  2
AcDbColor
  3
ObjectDBX Classes
 90
        0
280
     0
281
     0
  0
CLASS
  1
DIMASSOC
  2
AcDbDimAssoc
  3
"AcDbDimAssoc|Product Desc:     AcDim ARX App For Dimension|Company:          Autodesk, Inc.|WEB Address:      www.autodesk.com"
 90
        0
280
     0
281
     0
  0
CLASS
  1
AEC_REFEDIT_STATUS_TRACKER
  2
AecDbRefEditStatusTracker
  3
AecArchBase70|Product Desc: Autodesk Architectural Desktop 2007 |Company: Autodesk,Inc. |WEB Address: www.autodesk.com
 90
      129
280
     1
281
     0
  0
CLASS
  1
ACAD_EVALUATION_GRAPH
  2
AcDbEvalGraph
  3
ObjectDBX Classes
 90
     1153
280
     1
281
     0
  0
CLASS
  1
ACAECUSTOBJ
  2
AcAeEditorObj
  3
AcAeEditorObj
 90
     1024
280
     1
281
     0
  0
CLASS
  1
ACDB_DYNAMICBLOCKPURGEPREVENTER_VERSION
  2
AcDbDynamicBlockPurgePreventer
  3
ObjectDBX Classes
 90
     1153
280
     1
281
     0
  0
CLASS
  1
MULTILEADER
  2
AcDbMLeader
  3
ACDB_MLEADER_CLASS
 90
     1025
280
     0
281
     1
  0
CLASS
  1
SOLID_BACKGROUND
  2
AcDbSolidBackground
  3
SCENEOE
 90
     4095
280
     0
281
     0
  0
CLASS
  1
FIELD
  2
AcDbField
  3
ObjectDBX Classes
 90
     1152
280
     0
281
     0
  0
CLASS
  1
FIELDLIST
  2
AcDbFieldList
  3
ObjectDBX Classes
 90
     1152
280
     0
281
     0
  0
CLASS
  1
LSSTROKEPATTERNCOMPONENT
  2
AcDbLSStrokePatternComponent
  3
AcDgnLS
 90
        0
280
     1
281
     0
  0
CLASS
  1
LSINTERNALCOMPONENT
  2
AcDbLSInternalComponent
  3
AcDgnLS
 90
        0
280
     1
281
     0
  0
CLASS
  1
LSCOMPOUNDCOMPONENT
  2
AcDbLSCompoundComponent
  3
AcDgnLS
 90
        0
280
     1
281
     0
  0
CLASS
  1
LSPOINTCOMPONENT
  2
AcDbLSPointComponent
  3
AcDgnLS
 90
        0
280
     1
281
     0
  0
CLASS
  1
LSSYMBOLCOMPONENT
  2
AcDbLSSymbolComponent
  3
AcDgnLS
 90
        0
280
     1
281
     0
  0
CLASS
  1
ACARRAYJIGENTITY
  2
AcArrayJigEntity
  3
ACAD_ARRAY
 90
      129
280
     1
281
     1
  0
CLASS
  1
ACDBASSOCNETWORK
  2
AcDbAssocNetwork
  3
ObjectDBX Classes
 90
     1025
280
     1
281
     0
  0
CLASS
  1
ACDBASSOCACTION
  2
AcDbAssocAction
  3
ObjectDBX Classes
 90
     1025
280
     1
281
     0
  0
CLASS
  1
ACDBASSOCARRAYACTIONBODY
  2
AcDbAssocArrayActionBody
  3
ObjectDBX Classes
 90
     1025
280
     1
281
     0
  0
CLASS
  1
ACDBASSOCVERTEXACTIONPARAM
  2
AcDbAssocVertexActionParam
  3
ObjectDBX Classes
 90
     1025
280
     1
281
     0
  0
CLASS
  1
ACDBASSOCDEPENDENCY
  2
AcDbAssocDependency
  3
ObjectDBX Classes
 90
     1025
280
     1
281
     0
  0
CLASS
  1
ACDBASSOCARRAYRECTANGULARPARAMETERS
  2
AcDbAssocArrayRectangularParameters
  3
ObjectDBX Classes
 90
     1025
280
     1
281
     0
  0
CLASS
  1
ACDBPLACEHOLDER
  2
AcDbPlaceHolder
  3
ObjectDBX Classes
 90
        0
280
     0
281
     0
  0
CLASS
  1
LAYOUT
  2
AcDbLayout
  3
ObjectDBX Classes
 90
        0
280
     0
281
     0
  0
CLASS
  1
BLOCKLINEARPARAMETER
  2
AcDbBlockLinearParameter
  3
ObjectDBX Classes
 90
     1153
280
     1
281
     0
  0
CLASS
  1
BLOCKLINEARGRIP
  2
AcDbBlockLinearGrip
  3
ObjectDBX Classes
 90
     1153
280
     1
281
     0
  0
CLASS
  1
BLOCKGRIPLOCATIONCOMPONENT
  2
AcDbBlockGripExpr
  3
ObjectDBX Classes
 90
     1153
280
     1
281
     0
  0
CLASS
  1
BLOCKSTRETCHACTION
  2
AcDbBlockStretchAction
  3
ObjectDBX Classes
 90
     1153
280
     1
281
     0
  0
CLASS
  1
ACDB_BLOCKREPRESENTATION_DATA
  2
AcDbBlockRepresentationData
  3
ObjectDBX Classes
 90
     1153
280
     1
281
     0
  0
CLASS
  1
LSDEFINITION
  2
AcDbLSDefinition
  3
AcDgnLS
 90
        0
280
     1
281
     0
  0
CLASS
  1
RAPIDRTRENDERSETTINGS
  2
AcDbRapidRTRenderSettings
  3
ObjectDBX Classes
 90
     1024
280
     0
281
     0
  0
CLASS
  1
MENTALRAYRENDERSETTINGS
  2
AcDbMentalRayRenderSettings
  3
SCENEOE
 90
     1024
280
     0
281
     0
  0
CLASS
  1
XRECORD
  2
AcDbXrecord
  3
ObjectDBX Classes
 90
        0
280
     0
281
     0
  0
CLASS
  1
LWPOLYLINE
  2
AcDbPolyline
  3
ObjectDBX Classes
 90
        0
280
     0
281
     1
  0
CLASS
  1
HATCH
  2
AcDbHatch
  3
ObjectDBX Classes
 90
        0
280
     0
281
     1
  0
ENDSEC
  0
SECTION
  2
TABLES
  0
TABLE
  2
VPORT
  5
22
102
{ACAD_XDICTIONARY
360
25
102
}
330
0
100
AcDbSymbolTable
 70
     1
  0
VPORT
  5
23
330
22
100
AcDbSymbolTableRecord
100
AcDbViewportTableRecord
  2
*ACTIVE
 70
     0
 10
0.0
 20
0.0
 11
1.0
 21
1.0
 12
-82279.3466633939
 22
-16431.90635001834
 13
0.0
 23
0.0
 14
0.5
 24
0.5
 15
0.5
 25
0.5
 16
0.0
 26
0.0
 36
25869.83120904616
 17
2103488.180134319
 27
-174196.1815937744
 37
0.0
 40
17134.37676162436
 41
2.455246913580247
 42
50.0
 43
0.0
 44
0.0
 50
0.0
 51
0.0
 71
     0
 72
  1000
 73
     1
 74
     3
 75
     0
 76
     0
 77
     0
 78
     0
1001
ACAD_NAV_VCDISPLAY
1070
     3
  0
ENDTAB
  0
TABLE
  2
LTYPE
  5
1D
330
0
100
AcDbSymbolTable
 70
     2
  0
LTYPE
  5
1E
330
1D
100
AcDbSymbolTableRecord
100
AcDbLinetypeTableRecord
  2
BYBLOCK
 70
     0
  3

 72
    65
 73
     0
 40
0.0
  0
LTYPE
  5
1F
330
1D
100
AcDbSymbolTableRecord
100
AcDbLinetypeTableRecord
  2
BYLAYER
 70
     0
  3

 72
    65
 73
     0
 40
0.0
  0
LTYPE
  5
B
330
1D
100
AcDbSymbolTableRecord
100
AcDbLinetypeTableRecord
  2
CONTINUOUS
 70
     0
  3
Solid line
 72
    65
 73
     0
 40
0.0
  0
LTYPE
  5
31E
330
1D
100
AcDbSymbolTableRecord
100
AcDbLinetypeTableRecord
  2
HIDDEN2
 70
     0
  3
Hidden (.5x) _ _ _ _ _ _ _ _ _ _ _ _ _ _ _ _ _
 72
    65
 73
     2
 40
0.1875
 49
0.125
 74
     0
 49
-0.0625
 74
     0
  0
ENDTAB
  0
TABLE
  2
LAYER
  5
14
102
{ACAD_XDICTIONARY
360
15
102
}
330
0
100
AcDbSymbolTable
 70
    16
  0
LAYER
  5
6
102
{ACAD_XDICTIONARY
360
7
102
}
330
14
100
AcDbSymbolTableRecord
100
AcDbLayerTableRecord
  2
0
 70
     0
 62
   253
  6
CONTINUOUS
  0
LAYER
  5
E8
330
14
100
AcDbSymbolTableRecord
100
AcDbLayerTableRecord
  2
DEFPOINTS
 70
     0
 62
     7
  6
CONTINUOUS
  0
LAYER
  5
279
102
{ACAD_XDICTIONARY
360
412
102
}
330
14
100
AcDbSymbolTableRecord
100
AcDbLayerTableRecord
  2
TEXT_SCH
 70
     0
 62
     7
  6
CONTINUOUS
1001
ACAECLAYERSTANDARD
1000

1000

  0
LAYER
  5
216
102
{ACAD_XDICTIONARY
360
414
102
}
330
14
100
AcDbSymbolTableRecord
100
AcDbLayerTableRecord
  2
TABLE
 70
     0
 62
    62
  6
CONTINUOUS
  0
LAYER
  5
56
102
{ACAD_XDICTIONARY
360
416
102
}
330
14
100
AcDbSymbolTableRecord
100
AcDbLayerTableRecord
  2
TXT2
 70
     0
 62
   161
  6
CONTINUOUS
  0
LAYER
  5
C0
102
{ACAD_XDICTIONARY
360
418
102
}
330
14
100
AcDbSymbolTableRecord
100
AcDbLayerTableRecord
  2
ST
 70
     4
 62
     6
  6
CONTINUOUS
  0
LAYER
  5
22F
102
{ACAD_XDICTIONARY
360
41A
102
}
330
14
100
AcDbSymbolTableRecord
100
AcDbLayerTableRecord
  2
TXT
 70
     0
 62
     7
  6
CONTINUOUS
  0
LAYER
  5
3E
102
{ACAD_XDICTIONARY
360
41C
102
}
330
14
100
AcDbSymbolTableRecord
100
AcDbLayerTableRecord
  2
COLUMN
 70
     0
 62
     1
  6
CONTINUOUS
1001
ACAECLAYERSTANDARD
1000

1000

1001
ACCMTRANSPARENCY
1071
        0
  0
LAYER
  5
4A
102
{ACAD_XDICTIONARY
360
41E
102
}
330
14
100
AcDbSymbolTableRecord
100
AcDbLayerTableRecord
  2
H
 70
     0
 62
     9
  6
CONTINUOUS
  0
LAYER
  5
D9
102
{ACAD_XDICTIONARY
360
420
102
}
330
14
100
AcDbSymbolTableRecord
100
AcDbLayerTableRecord
  2
TXT1
 70
     0
 62
     4
  6
CONTINUOUS
  0
LAYER
  5
310
102
{ACAD_XDICTIONARY
360
422
102
}
330
14
100
AcDbSymbolTableRecord
100
AcDbLayerTableRecord
  2
DIM
 70
     0
 62
    30
  6
CONTINUOUS
  0
LAYER
  5
79
102
{ACAD_XDICTIONARY
360
424
102
}
330
14
100
AcDbSymbolTableRecord
100
AcDbLayerTableRecord
  2
BM
 70
     0
 62
     2
  6
CONTINUOUS
  0
LAYER
  5
A3
102
{ACAD_XDICTIONARY
360
A4
102
}
330
14
100
AcDbSymbolTableRecord
100
AcDbLayerTableRecord
  2
TEXT
 70
     0
 62
     7
  6
CONTINUOUS
  0
LAYER
  5
224
102
{ACAD_XDICTIONARY
360
427
102
}
330
14
100
AcDbSymbolTableRecord
100
AcDbLayerTableRecord
  2
TEXT_NAME_PLATE
 70
     0
 62
     7
  6
CONTINUOUS
1001
ACAECLAYERSTANDARD
1000

1000

  0
LAYER
  5
218
102
{ACAD_XDICTIONARY
360
219
102
}
330
14
100
AcDbSymbolTableRecord
100
AcDbLayerTableRecord
  2
SHEET
 70
     0
 62
     7
  6
CONTINUOUS
1001
RAK
1000
{ACET-LAYISO
1070
     0
1070
     7
1000
Continuous
1071
       20
1071
        1
1005
8
1000
ACET-LAYISO}
  0
LAYER
  5
DD
102
{ACAD_XDICTIONARY
360
42A
102
}
330
14
100
AcDbSymbolTableRecord
100
AcDbLayerTableRecord
  2
DIM_
 70
     0
 62
    30
  6
CONTINUOUS
1001
ACAECLAYERSTANDARD
1000

1000

  0
ENDTAB
  0
TABLE
  2
STYLE
  5
1A
330
0
100
AcDbSymbolTable
 70
     9
  0
STYLE
  5
1B
330
1A
100
AcDbSymbolTableRecord
100
AcDbTextStyleTableRecord
  2
STANDARD
 70
     0
 40
0.0
 41
1.0
 50
0.0
 71
     0
 42
0.2
  3
arial.ttf
  4

1001
ACAD
1000
Arial
1071
       34
  0
STYLE
  5
41
330
1A
100
AcDbSymbolTableRecord
100
AcDbTextStyleTableRecord
  2
ROMANC
 70
     0
 40
0.0
 41
1.0
 50
0.0
 71
     0
 42
0.22
  3
romanc.shx
  4

  0
STYLE
  5
A5
330
1A
100
AcDbSymbolTableRecord
100
AcDbTextStyleTableRecord
  2
ROMANS
 70
     0
 40
0.2
 41
1.0
 50
0.0
 71
     0
 42
2.5
  3
romans.shx
  4

  0
STYLE
  5
2C
330
1A
100
AcDbSymbolTableRecord
100
AcDbTextStyleTableRecord
  2
AS
 70
     0
 40
0.0
 41
0.8
 50
0.0
 71
     0
 42
0.2
  3
romans.shx
  4

  0
STYLE
  5
57
330
1A
100
AcDbSymbolTableRecord
100
AcDbTextStyleTableRecord
  2
AA
 70
     0
 40
0.0
 41
1.0
 50
0.0
 71
     0
 42
2.5
  3
arial.ttf
  4

1001
ACAD
1000
Arial
1071
       34
  0
STYLE
  5
22A
330
1A
100
AcDbSymbolTableRecord
100
AcDbTextStyleTableRecord
  2
SIMPLE
 70
     0
 40
0.3
 41
1.0
 50
0.0
 71
     0
 42
0.3
  3
romans.shx
  4
bigfont.shx
  0
STYLE
  5
265
330
1A
100
AcDbSymbolTableRecord
100
AcDbTextStyleTableRecord
  2
NAME
 70
     0
 40
0.0
 41
1.0
 50
0.0
 71
     0
 42
0.2
  3
times.ttf
  4

1001
ACAD
1000
Times New Roman
1071
    41490
  0
STYLE
  5
267
330
1A
100
AcDbSymbolTableRecord
100
AcDbTextStyleTableRecord
  2
SANFAB
 70
     0
 40
0.0
 41
0.8
 50
0.0
 71
     0
 42
2.5
  3
romans.shx
  4

  0
STYLE
  5
27A
330
1A
100
AcDbSymbolTableRecord
100
AcDbTextStyleTableRecord
  2
D1
 70
     0
 40
0.0
 41
1.0
 50
0.0
 71
     0
 42
0.9
  3
romans.shx
  4

  0
ENDTAB
  0
TABLE
  2
VIEW
  5
20
330
0
100
AcDbSymbolTable
 70
     0
  0
ENDTAB
  0
TABLE
  2
UCS
  5
21
330
0
100
AcDbSymbolTable
 70
     0
  0
ENDTAB
  0
TABLE
  2
APPID
  5
29
330
0
100
AcDbSymbolTable
 70
    13
  0
APPID
  5
19
330
29
100
AcDbSymbolTableRecord
100
AcDbRegAppTableRecord
  2
ACAD
 70
     0
  0
APPID
  5
34
330
29
100
AcDbSymbolTableRecord
100
AcDbRegAppTableRecord
  2
ACAD_DSTYLE_DIMJAG
 70
     0
  0
APPID
  5
35
330
29
100
AcDbSymbolTableRecord
100
AcDbRegAppTableRecord
  2
ACAD_DSTYLE_DIMTALN
 70
     0
  0
APPID
  5
24
330
29
100
AcDbSymbolTableRecord
100
AcDbRegAppTableRecord
  2
ACAD_NAV_VCDISPLAY
 70
     0
  0
APPID
  5
21A
330
29
100
AcDbSymbolTableRecord
100
AcDbRegAppTableRecord
  2
RAK
 70
     0
  0
APPID
  5
3F
330
29
100
AcDbSymbolTableRecord
100
AcDbRegAppTableRecord
  2
ACAECLAYERSTANDARD
 70
     0
  0
APPID
  5
DA
330
29
100
AcDbSymbolTableRecord
100
AcDbRegAppTableRecord
  2
ACDBBLOCKREPETAG
 70
     0
  0
APPID
  5
13
330
29
100
AcDbSymbolTableRecord
100
AcDbRegAppTableRecord
  2
ACAD_PSEXT
 70
     0
  0
APPID
  5
40
330
29
100
AcDbSymbolTableRecord
100
AcDbRegAppTableRecord
  2
ACCMTRANSPARENCY
 70
     0
  0
APPID
  5
33
330
29
100
AcDbSymbolTableRecord
100
AcDbRegAppTableRecord
  2
ACAD_DSTYLE_DIMBREAK
 70
     0
  0
APPID
  5
211
330
29
100
AcDbSymbolTableRecord
100
AcDbRegAppTableRecord
  2
ACDBDYNAMICBLOCKGUID
 70
     0
  0
APPID
  5
39F
330
29
100
AcDbSymbolTableRecord
100
AcDbRegAppTableRecord
  2
ACAD_DSTYLE_DIMARC_LENGTH_
 70
     0
  0
APPID
  5
468
330
29
100
AcDbSymbolTableRecord
100
AcDbRegAppTableRecord
  2
ACAD_MLEADERVER
 70
     0
  0
ENDTAB
  0
TABLE
  2
DIMSTYLE
  5
2A
330
0
100
AcDbSymbolTable
 70
     2
  0
DIMSTYLE
105
36
330
2A
100
AcDbSymbolTableRecord
100
AcDbDimStyleTableRecord
  2
STANDARD
 70
     0
  3

  4

  5

  6

  7

 40
1.0
 41
0.18
 42
0.0625
 43
0.38
 44
0.18
 45
0.0
 46
0.0
 47
0.0
 48
0.0
140
0.18
141
0.09
142
0.0
143
25.4
144
1.0
145
0.0
146
1.0
147
0.09
 71
     0
 72
     0
 73
     1
 74
     1
 75
     0
 76
     0
 77
     0
 78
     0
170
     0
171
     2
172
     0
173
     0
174
     0
175
     0
176
     0
177
     0
178
     0
270
     2
271
     4
272
     4
273
     2
274
     2
340
1B
275
     0
280
     0
281
     0
282
     0
283
     1
284
     0
285
     0
286
     0
287
     3
288
     0
  0
DIMSTYLE
105
2B
102
{ACAD_REACTORS
330
DC
330
EC
330
FC
330
10A
330
19D
330
1B1
330
1C0
330
1F4
330
203
330
30F
330
320
330
330
330
33E
330
34E
330
35E
330
36C
102
}
330
2A
100
AcDbSymbolTableRecord
100
AcDbDimStyleTableRecord
  2
DIM_AS
 70
     0
  3

  4

  5
OPEN
  6

  7

 40
1.0
 41
150.0
 42
50.0
 43
50.0
 44
50.0
 45
0.0
 46
0.0
 47
0.0
 48
0.0
140
195.0
141
0.0
142
0.0
143
39.4
144
1.0
145
0.0
146
1.0
147
50.0
 71
     0
 72
     0
 73
     0
 74
     0
 75
     0
 76
     0
 77
     0
 78
     0
170
     0
171
     0
172
     1
173
     0
174
     0
175
     0
176
   256
177
   256
178
     3
270
     2
271
     0
272
     0
273
     2
274
     0
340
2C
275
     0
280
     0
281
     0
282
     0
283
     1
284
     0
285
     0
286
     0
287
     5
288
     0
1001
ACAD_DSTYLE_DIMBREAK
1070
   391
1040
2.0
1001
ACAD_DSTYLE_DIMJAG
1070
   388
1040
1.5
1001
ACAD_DSTYLE_DIMTALN
1070
   392
1070
     0
  0
ENDTAB
  0
TABLE
  2
BLOCK_RECORD
  5
1
330
0
100
AcDbSymbolTable
 70
    20
  0
BLOCK_RECORD
  5
2
102
{ACAD_XDICTIONARY
360
3
102
}
330
1
100
AcDbSymbolTableRecord
100
AcDbBlockTableRecord
  2
*MODEL_SPACE
  0
BLOCK_RECORD
  5
F
330
1
100
AcDbSymbolTableRecord
100
AcDbBlockTableRecord
  2
*PAPER_SPACE
  0
BLOCK_RECORD
  5
2D
330
1
100
AcDbSymbolTableRecord
100
AcDbBlockTableRecord
  2
_OPEN
  0
BLOCK_RECORD
  5
311
330
1
100
AcDbSymbolTableRecord
100
AcDbBlockTableRecord
  2
*D1
  0
BLOCK_RECORD
  5
331
330
1
100
AcDbSymbolTableRecord
100
AcDbBlockTableRecord
  2
*D2
  0
BLOCK_RECORD
  5
35F
330
1
100
AcDbSymbolTableRecord
100
AcDbBlockTableRecord
  2
*D3
  0
BLOCK_RECORD
  5
323
330
1
100
AcDbSymbolTableRecord
100
AcDbBlockTableRecord
  2
*D4
  0
BLOCK_RECORD
  5
341
330
1
100
AcDbSymbolTableRecord
100
AcDbBlockTableRecord
  2
*D5
  0
BLOCK_RECORD
  5
351
330
1
100
AcDbSymbolTableRecord
100
AcDbBlockTableRecord
  2
*D6
  0
BLOCK_RECORD
  5
36F
330
1
100
AcDbSymbolTableRecord
100
AcDbBlockTableRecord
  2
*D7
  0
BLOCK_RECORD
  5
2D5
102
{ACAD_XDICTIONARY
360
2D6
102
}
330
1
100
AcDbSymbolTableRecord
100
AcDbBlockTableRecord
  2
A$C474F4318
1001
ACAD
1000
DesignCenter Data
1002
{
1070
     1
1070
     6
1002
}
  0
BLOCK_RECORD
  5
EF
330
1
100
AcDbSymbolTableRecord
100
AcDbBlockTableRecord
  2
*D9
  0
BLOCK_RECORD
  5
10D
330
1
100
AcDbSymbolTableRecord
100
AcDbBlockTableRecord
  2
*D10
  0
BLOCK_RECORD
  5
B9
102
{ACAD_XDICTIONARY
360
BA
102
}
330
1
100
AcDbSymbolTableRecord
100
AcDbBlockTableRecord
  2
A$C2FA33C06
1001
ACDBDYNAMICBLOCKGUID
1000
{D2719C28-A10B-42D7-9D20-D69AD874BE42}
1001
ACAD
1000
DesignCenter Data
1002
{
1070
     1
1070
     1
1002
}
  0
BLOCK_RECORD
  5
274
102
{ACAD_XDICTIONARY
360
275
102
}
330
1
100
AcDbSymbolTableRecord
100
AcDbBlockTableRecord
  2
A$C78EB681D
1001
ACAD
1000
DesignCenter Data
1002
{
1070
     1
1070
     1
1002
}
  0
BLOCK_RECORD
  5
DE
330
1
100
AcDbSymbolTableRecord
100
AcDbBlockTableRecord
  2
*D13
  0
BLOCK_RECORD
  5
FD
330
1
100
AcDbSymbolTableRecord
100
AcDbBlockTableRecord
  2
*D14
  0
BLOCK_RECORD
  5
1C1
330
1
100
AcDbSymbolTableRecord
100
AcDbBlockTableRecord
  2
*D15
  0
BLOCK_RECORD
  5
204
330
1
100
AcDbSymbolTableRecord
100
AcDbBlockTableRecord
  2
*D16
  0
BLOCK_RECORD
  5
1A0
330
1
100
AcDbSymbolTableRecord
100
AcDbBlockTableRecord
  2
*D17
  0
BLOCK_RECORD
  5
1F7
330
1
100
AcDbSymbolTableRecord
100
AcDbBlockTableRecord
  2
*D18
  0
BLOCK_RECORD
  5
1B4
330
1
100
AcDbSymbolTableRecord
100
AcDbBlockTableRecord
  2
*D19
  0
ENDTAB
  0
ENDSEC
  0
SECTION
  2
BLOCKS
  0
BLOCK
  5
5
330
2
100
AcDbEntity
  8
0
100
AcDbBlockBegin
  2
*MODEL_SPACE
 70
     0
 10
0.0
 20
0.0
 30
0.0
  3
*MODEL_SPACE
  1

  0
ENDBLK
  5
C
330
2
100
AcDbEntity
  8
0
100
AcDbBlockEnd
  0
BLOCK
  5
10
330
F
100
AcDbEntity
 67
     1
  8
0
100
AcDbBlockBegin
  2
*PAPER_SPACE
 70
     0
 10
0.0
 20
0.0
 30
0.0
  3
*PAPER_SPACE
  1

  0
ENDBLK
  5
11
330
F
100
AcDbEntity
 67
     1
  8
0
100
AcDbBlockEnd
  0
BLOCK
  5
2E
330
2D
100
AcDbEntity
  8
0
100
AcDbBlockBegin
  2
_OPEN
 70
     0
 10
0.0
 20
0.0
 30
0.0
  3
_OPEN
  1

  0
LINE
  5
2F
330
2D
100
AcDbEntity
  8
0
  6
BYBLOCK
 62
     0
100
AcDbLine
 10
-1.0
 20
0.1666666666666666
 30
0.0
 11
0.0
 21
0.0
 31
0.0
  0
LINE
  5
30
330
2D
100
AcDbEntity
  8
0
  6
BYBLOCK
 62
     0
100
AcDbLine
 10
-1.0
 20
-0.1666666666666666
 30
0.0
 11
0.0
 21
0.0
 31
0.0
  0
LINE
  5
31
330
2D
100
AcDbEntity
  8
0
  6
BYBLOCK
 62
     0
100
AcDbLine
 10
0.0
 20
0.0
 30
0.0
 11
-1.0
 21
0.0
 31
0.0
  0
ENDBLK
  5
32
330
2D
100
AcDbEntity
  8
0
100
AcDbBlockEnd
  0
BLOCK
  5
312
330
311
100
AcDbEntity
  8
0
 48
750.0
100
AcDbBlockBegin
  2
*D1
 70
     1
 10
0.0
 20
0.0
 30
0.0
  3
*D1
  1

  0
LINE
  5
313
330
311
100
AcDbEntity
  8
DIM
100
AcDbLine
 10
1409880.185779142
 20
-190329.3257332854
 30
0.0
 11
1409768.575482194
 21
-190329.3257332854
 31
0.0
  0
LINE
  5
314
330
311
100
AcDbEntity
  8
DIM
100
AcDbLine
 10
1409880.185779142
 20
-191407.7544870435
 30
0.0
 11
1409768.575482194
 21
-191407.7544870435
 31
0.0
  0
LINE
  5
315
330
311
100
AcDbEntity
  8
DIM
100
AcDbLine
 10
1409818.575482194
 20
-190479.3257332854
 30
0.0
 11
1409818.575482194
 21
-191257.7544870435
 31
0.0
  0
MTEXT
  5
316
330
311
100
AcDbEntity
  8
DIM
 62
     3
100
AcDbMText
 10
1409433.575482194
 20
-190868.5401101642
 30
0.0
 40
195.0
 41
0.0
 71
     5
 72
     1
  1
\A1;{\C4;BEAM\PDEPTH}
  7
AS
 11
1.000000000000000E-16
 21
1.0
 31
0.0
  0
INSERT
  5
317
330
311
100
AcDbEntity
  8
DIM
100
AcDbBlockReference
  2
_OPEN
 10
1409818.575482194
 20
-190329.3257332854
 30
0.0
 41
150.0
 42
150.0
 43
150.0
 50
90.0
  0
INSERT
  5
318
330
311
100
AcDbEntity
  8
DIM
100
AcDbBlockReference
  2
_OPEN
 10
1409818.575482194
 20
-191407.7544870435
 30
0.0
 41
150.0
 42
150.0
 43
150.0
 50
270.0
  0
POINT
  5
319
330
311
100
AcDbEntity
  8
DEFPOINTS
 62
     0
100
AcDbPoint
 10
1409930.185779142
 20
-190329.3257332854
 30
0.0
  0
POINT
  5
31A
330
311
100
AcDbEntity
  8
DEFPOINTS
 62
     0
100
AcDbPoint
 10
1409930.185779142
 20
-191407.7544870435
 30
0.0
  0
POINT
  5
31B
330
311
100
AcDbEntity
  8
DEFPOINTS
 62
     0
100
AcDbPoint
 10
1409818.575482194
 20
-191407.7544870435
 30
0.0
  0
ENDBLK
  5
31C
330
311
100
AcDbEntity
  8
0
 48
750.0
100
AcDbBlockEnd
  0
BLOCK
  5
332
330
331
100
AcDbEntity
  8
0
 48
750.0
100
AcDbBlockBegin
  2
*D2
 70
     1
 10
0.0
 20
0.0
 30
0.0
  3
*D2
  1

  0
LINE
  5
333
330
331
100
AcDbEntity
  8
DIM
100
AcDbLine
 10
1415019.630244825
 20
-190279.3257332854
 30
0.0
 11
1415019.630244825
 21
-190097.436163267
 31
0.0
  0
LINE
  5
334
330
331
100
AcDbEntity
  8
DIM
100
AcDbLine
 10
1417378.076590675
 20
-190492.3007520924
 30
0.0
 11
1417378.076590675
 21
-190097.436163267
 31
0.0
  0
LINE
  5
335
330
331
100
AcDbEntity
  8
DIM
100
AcDbLine
 10
1415169.630244825
 20
-190147.436163267
 30
0.0
 11
1415877.710560607
 21
-190147.436163267
 31
0.0
  0
LINE
  5
336
330
331
100
AcDbEntity
  8
DIM
100
AcDbLine
 10
1417228.076590675
 20
-190147.436163267
 30
0.0
 11
1416519.996274893
 21
-190147.436163267
 31
0.0
  0
INSERT
  5
337
330
331
100
AcDbEntity
  8
DIM
100
AcDbBlockReference
  2
_OPEN
 10
1415019.630244825
 20
-190147.436163267
 30
0.0
 41
150.0
 42
150.0
 43
150.0
 50
180.0
  0
INSERT
  5
338
330
331
100
AcDbEntity
  8
DIM
100
AcDbBlockReference
  2
_OPEN
 10
1417378.076590675
 20
-190147.436163267
 30
0.0
 41
150.0
 42
150.0
 43
150.0
  0
MTEXT
  5
339
330
331
100
AcDbEntity
  8
DIM
 62
     3
100
AcDbMText
 10
1416198.85341775
 20
-190147.436163267
 30
0.0
 40
195.0
 41
0.0
 71
     5
 72
     1
  1
\A1;L1/4
  7
AS
  0
POINT
  5
33A
330
331
100
AcDbEntity
  8
DEFPOINTS
 62
     0
100
AcDbPoint
 10
1415019.630244825
 20
-190329.3257332854
 30
0.0
  0
POINT
  5
33B
330
331
100
AcDbEntity
  8
DEFPOINTS
 62
     0
100
AcDbPoint
 10
1417378.076590675
 20
-190542.3007520924
 30
0.0
  0
POINT
  5
33C
330
331
100
AcDbEntity
  8
DEFPOINTS
 62
     0
100
AcDbPoint
 10
1417378.076590675
 20
-190147.436163267
 30
0.0
  0
ENDBLK
  5
33D
330
331
100
AcDbEntity
  8
0
 48
750.0
100
AcDbBlockEnd
  0
BLOCK
  5
360
330
35F
100
AcDbEntity
  8
0
 48
750.0
100
AcDbBlockBegin
  2
*D3
 70
     1
 10
0.0
 20
0.0
 30
0.0
  3
*D3
  1

  0
LINE
  5
361
330
35F
100
AcDbEntity
  8
DIM
100
AcDbLine
 10
1417378.076590675
 20
-191349.9116116681
 30
0.0
 11
1417378.076590675
 21
-191713.2329047773
 31
0.0
  0
LINE
  5
362
330
35F
100
AcDbEntity
  8
DIM
100
AcDbLine
 10
1418995.354324484
 20
-191273.5787037039
 30
0.0
 11
1418995.354324484
 21
-191713.2329047773
 31
0.0
  0
LINE
  5
363
330
35F
100
AcDbEntity
  8
DIM
100
AcDbLine
 10
1417528.076590675
 20
-191663.2329047773
 30
0.0
 11
1417882.850709028
 21
-191663.2329047773
 31
0.0
  0
LINE
  5
364
330
35F
100
AcDbEntity
  8
DIM
100
AcDbLine
 10
1418845.354324484
 20
-191663.2329047773
 30
0.0
 11
1418740.564994742
 21
-191663.2329047773
 31
0.0
  0
MTEXT
  5
365
330
35F
100
AcDbEntity
  8
DIM
 62
     3
100
AcDbMText
 10
1418311.707851885
 20
-191663.2329047773
 30
0.0
 40
195.0
 41
0.0
 71
     5
 72
     1
  1
\A1;.15L/2
  7
AS
  0
INSERT
  5
366
330
35F
100
AcDbEntity
  8
DIM
100
AcDbBlockReference
  2
_OPEN
 10
1417378.076590675
 20
-191663.2329047773
 30
0.0
 41
150.0
 42
150.0
 43
150.0
 50
180.0
  0
INSERT
  5
367
330
35F
100
AcDbEntity
  8
DIM
100
AcDbBlockReference
  2
_OPEN
 10
1418995.354324484
 20
-191663.2329047773
 30
0.0
 41
150.0
 42
150.0
 43
150.0
  0
POINT
  5
368
330
35F
100
AcDbEntity
  8
DEFPOINTS
 62
     0
100
AcDbPoint
 10
1417378.076590675
 20
-191299.9116116681
 30
0.0
  0
POINT
  5
369
330
35F
100
AcDbEntity
  8
DEFPOINTS
 62
     0
100
AcDbPoint
 10
1418995.354324484
 20
-191223.578703704
 30
0.0
  0
POINT
  5
36A
330
35F
100
AcDbEntity
  8
DEFPOINTS
 62
     0
100
AcDbPoint
 10
1418995.354324484
 20
-191663.2329047773
 30
0.0
  0
ENDBLK
  5
36B
330
35F
100
AcDbEntity
  8
0
 48
750.0
100
AcDbBlockEnd
  0
BLOCK
  5
324
330
323
100
AcDbEntity
  8
0
 48
750.0
100
AcDbBlockBegin
  2
*D4
 70
     1
 10
0.0
 20
0.0
 30
0.0
  3
*D4
  1

  0
LINE
  5
325
330
323
100
AcDbEntity
  8
DIM
100
AcDbLine
 10
1417378.076590675
 20
-190492.3007520924
 30
0.0
 11
1417378.076590675
 21
-190097.4161632671
 31
0.0
  0
LINE
  5
326
330
323
100
AcDbEntity
  8
DIM
100
AcDbLine
 10
1419618.547756489
 20
-190279.3257332854
 30
0.0
 11
1419618.547756489
 21
-190097.4161632671
 31
0.0
  0
LINE
  5
327
330
323
100
AcDbEntity
  8
DIM
100
AcDbLine
 10
1417528.076590675
 20
-190147.4161632671
 30
0.0
 11
1418177.169316439
 21
-190147.4161632671
 31
0.0
  0
LINE
  5
328
330
323
100
AcDbEntity
  8
DIM
100
AcDbLine
 10
1419468.547756489
 20
-190147.4161632671
 30
0.0
 11
1418819.455030725
 21
-190147.4161632671
 31
0.0
  0
INSERT
  5
329
330
323
100
AcDbEntity
  8
DIM
100
AcDbBlockReference
  2
_OPEN
 10
1417378.076590675
 20
-190147.4161632671
 30
0.0
 41
150.0
 42
150.0
 43
150.0
 50
180.0
  0
INSERT
  5
32A
330
323
100
AcDbEntity
  8
DIM
100
AcDbBlockReference
  2
_OPEN
 10
1419618.547756489
 20
-190147.4161632671
 30
0.0
 41
150.0
 42
150.0
 43
150.0
  0
MTEXT
  5
32B
330
323
100
AcDbEntity
  8
DIM
 62
     3
100
AcDbMText
 10
1418498.312173582
 20
-190147.4161632671
 30
0.0
 40
195.0
 41
0.0
 71
     5
 72
     1
  1
\A1;L2/4
  7
AS
  0
POINT
  5
32C
330
323
100
AcDbEntity
  8
DEFPOINTS
 62
     0
100
AcDbPoint
 10
1417378.076590675
 20
-190542.3007520924
 30
0.0
  0
POINT
  5
32D
330
323
100
AcDbEntity
  8
DEFPOINTS
 62
     0
100
AcDbPoint
 10
1419618.547756489
 20
-190329.3257332854
 30
0.0
  0
POINT
  5
32E
330
323
100
AcDbEntity
  8
DEFPOINTS
 62
     0
100
AcDbPoint
 10
1419618.547756489
 20
-190147.4161632671
 30
0.0
  0
ENDBLK
  5
32F
330
323
100
AcDbEntity
  8
0
 48
750.0
100
AcDbBlockEnd
  0
BLOCK
  5
342
330
341
100
AcDbEntity
  8
0
 48
750.0
100
AcDbBlockBegin
  2
*D5
 70
     1
 10
0.0
 20
0.0
 30
0.0
  3
*D5
  1

  0
LINE
  5
343
330
341
100
AcDbEntity
  8
DIM
100
AcDbLine
 10
1410359.980236923
 20
-190492.3007520924
 30
0.0
 11
1410359.980236923
 21
-190133.135135962
 31
0.0
  0
LINE
  5
344
330
341
100
AcDbEntity
  8
DIM
100
AcDbLine
 10
1412352.308484812
 20
-190279.3257332854
 30
0.0
 11
1412352.308484812
 21
-190133.135135962
 31
0.0
  0
LINE
  5
345
330
341
100
AcDbEntity
  8
DIM
100
AcDbLine
 10
1410509.980236923
 20
-190183.135135962
 30
0.0
 11
1411035.001503724
 21
-190183.135135962
 31
0.0
  0
LINE
  5
346
330
341
100
AcDbEntity
  8
DIM
100
AcDbLine
 10
1412202.308484812
 20
-190183.135135962
 30
0.0
 11
1411677.28721801
 21
-190183.135135962
 31
0.0
  0
INSERT
  5
347
330
341
100
AcDbEntity
  8
DIM
100
AcDbBlockReference
  2
_OPEN
 10
1410359.980236923
 20
-190183.135135962
 30
0.0
 41
150.0
 42
150.0
 43
150.0
 50
180.0
  0
INSERT
  5
348
330
341
100
AcDbEntity
  8
DIM
100
AcDbBlockReference
  2
_OPEN
 10
1412352.308484812
 20
-190183.135135962
 30
0.0
 41
150.0
 42
150.0
 43
150.0
  0
MTEXT
  5
349
330
341
100
AcDbEntity
  8
DIM
 62
     3
100
AcDbMText
 10
1411356.144360867
 20
-190183.135135962
 30
0.0
 40
195.0
 41
0.0
 71
     5
 72
     1
  1
\A1;L1/4
  7
AS
  0
POINT
  5
34A
330
341
100
AcDbEntity
  8
DEFPOINTS
 62
     0
100
AcDbPoint
 10
1410359.980236923
 20
-190542.3007520924
 30
0.0
  0
POINT
  5
34B
330
341
100
AcDbEntity
  8
DEFPOINTS
 62
     0
100
AcDbPoint
 10
1412352.308484812
 20
-190329.3257332854
 30
0.0
  0
POINT
  5
34C
330
341
100
AcDbEntity
  8
DEFPOINTS
 62
     0
100
AcDbPoint
 10
1412352.308484812
 20
-190183.135135962
 30
0.0
  0
ENDBLK
  5
34D
330
341
100
AcDbEntity
  8
0
 48
750.0
100
AcDbBlockEnd
  0
BLOCK
  5
352
330
351
100
AcDbEntity
  8
0
 48
750.0
100
AcDbBlockBegin
  2
*D6
 70
     1
 10
0.0
 20
0.0
 30
0.0
  3
*D6
  1

  0
LINE
  5
353
330
351
100
AcDbEntity
  8
DIM
100
AcDbLine
 10
1417378.076590675
 20
-191349.9116116681
 30
0.0
 11
1417378.076590675
 21
-191713.2329047773
 31
0.0
  0
LINE
  5
354
330
351
100
AcDbEntity
  8
DIM
100
AcDbLine
 10
1415760.798856867
 20
-191273.5787037039
 30
0.0
 11
1415760.798856867
 21
-191713.2329047773
 31
0.0
  0
LINE
  5
355
330
351
100
AcDbEntity
  8
DIM
100
AcDbLine
 10
1417228.076590675
 20
-191663.2329047773
 30
0.0
 11
1416851.016758037
 21
-191663.2329047773
 31
0.0
  0
LINE
  5
356
330
351
100
AcDbEntity
  8
DIM
100
AcDbLine
 10
1415910.798856867
 20
-191663.2329047773
 30
0.0
 11
1416037.873900894
 21
-191663.2329047773
 31
0.0
  0
MTEXT
  5
357
330
351
100
AcDbEntity
  8
DIM
 62
     3
100
AcDbMText
 10
1416444.445329466
 20
-191663.2329047773
 30
0.0
 40
195.0
 41
0.0
 71
     5
 72
     1
  1
\A1;.15L/1
  7
AS
  0
INSERT
  5
358
330
351
100
AcDbEntity
  8
DIM
100
AcDbBlockReference
  2
_OPEN
 10
1417378.076590675
 20
-191663.2329047773
 30
0.0
 41
150.0
 42
150.0
 43
150.0
  0
INSERT
  5
359
330
351
100
AcDbEntity
  8
DIM
100
AcDbBlockReference
  2
_OPEN
 10
1415760.798856867
 20
-191663.2329047773
 30
0.0
 41
150.0
 42
150.0
 43
150.0
 50
180.0
  0
POINT
  5
35A
330
351
100
AcDbEntity
  8
DEFPOINTS
 62
     0
100
AcDbPoint
 10
1417378.076590675
 20
-191299.9116116681
 30
0.0
  0
POINT
  5
35B
330
351
100
AcDbEntity
  8
DEFPOINTS
 62
     0
100
AcDbPoint
 10
1415760.798856867
 20
-191223.578703704
 30
0.0
  0
POINT
  5
35C
330
351
100
AcDbEntity
  8
DEFPOINTS
 62
     0
100
AcDbPoint
 10
1415760.798856867
 20
-191663.2329047773
 30
0.0
  0
ENDBLK
  5
35D
330
351
100
AcDbEntity
  8
0
 48
750.0
100
AcDbBlockEnd
  0
BLOCK
  5
370
330
36F
100
AcDbEntity
  8
0
 48
750.0
100
AcDbBlockBegin
  2
*D7
 70
     1
 10
0.0
 20
0.0
 30
0.0
  3
*D7
  1

  0
LINE
  5
371
330
36F
100
AcDbEntity
  8
DIM
100
AcDbLine
 10
1410359.980236923
 20
-191349.9116116681
 30
0.0
 11
1410359.980236923
 21
-191715.2484855084
 31
0.0
  0
LINE
  5
372
330
36F
100
AcDbEntity
  8
DIM
100
AcDbLine
 10
1411819.012333348
 20
-191457.7544870435
 30
0.0
 11
1411819.012333348
 21
-191715.2484855084
 31
0.0
  0
LINE
  5
373
330
36F
100
AcDbEntity
  8
DIM
100
AcDbLine
 10
1410509.980236923
 20
-191665.2484855084
 30
0.0
 11
1410760.080195703
 21
-191665.2484855084
 31
0.0
  0
LINE
  5
374
330
36F
100
AcDbEntity
  8
DIM
100
AcDbLine
 10
1411669.012333348
 20
-191665.2484855084
 30
0.0
 11
1411580.651624275
 21
-191665.2484855084
 31
0.0
  0
MTEXT
  5
375
330
36F
100
AcDbEntity
  8
DIM
 62
     3
100
AcDbMText
 10
1411170.365909989
 20
-191665.2484855084
 30
0.0
 40
195.0
 41
0.0
 71
     5
 72
     1
  1
\A1;0.1L/1
  7
AS
  0
INSERT
  5
376
330
36F
100
AcDbEntity
  8
DIM
100
AcDbBlockReference
  2
_OPEN
 10
1410359.980236923
 20
-191665.2484855084
 30
0.0
 41
150.0
 42
150.0
 43
150.0
 50
180.0
  0
INSERT
  5
377
330
36F
100
AcDbEntity
  8
DIM
100
AcDbBlockReference
  2
_OPEN
 10
1411819.012333348
 20
-191665.2484855084
 30
0.0
 41
150.0
 42
150.0
 43
150.0
  0
POINT
  5
378
330
36F
100
AcDbEntity
  8
DEFPOINTS
 62
     0
100
AcDbPoint
 10
1410359.980236923
 20
-191299.9116116681
 30
0.0
  0
POINT
  5
379
330
36F
100
AcDbEntity
  8
DEFPOINTS
 62
     0
100
AcDbPoint
 10
1411819.012333348
 20
-191407.7544870435
 30
0.0
  0
POINT
  5
37A
330
36F
100
AcDbEntity
  8
DEFPOINTS
 62
     0
100
AcDbPoint
 10
1411819.012333348
 20
-191665.2484855084
 30
0.0
  0
ENDBLK
  5
37B
330
36F
100
AcDbEntity
  8
0
 48
750.0
100
AcDbBlockEnd
  0
BLOCK
  5
2D8
330
2D5
100
AcDbEntity
  8
0
 48
750.0
100
AcDbBlockBegin
  2
A$C474F4318
 70
     0
 10
0.0
 20
0.0
 30
0.0
  3
A$C474F4318
  1

  0
LINE
  5
2D9
330
2D5
100
AcDbEntity
  8
BM
100
AcDbLine
 10
1619.353592609986
 20
3657.949054293219
 30
0.0
 11
7773.129899632185
 21
3657.949054293219
 31
0.0
  0
LWPOLYLINE
  5
2DA
330
2D5
100
AcDbEntity
  8
DIM_
100
AcDbPolyline
 90
        4
 70
     1
 43
0.0
 10
3905.673842511838
 20
942.2444973393867
 10
5486.8096497301
 20
942.2444973393867
 10
5486.8096497301
 20
1349.641510259593
 10
3905.673842511838
 20
1349.641510259593
  0
TEXT
  5
2DB
330
2D5
100
AcDbEntity
  8
TXT1
100
AcDbText
 10
4056.499497664627
 20
1032.691909258224
 30
0.0
 40
215.6857507516511
  1
SPAN L1
 41
0.88
  7
ROMANS
100
AcDbText
  0
TEXT
  5
2DC
330
2D5
100
AcDbEntity
  8
TXT2
100
AcDbText
 10
1770.560538119636
 20
-0.0000158860057127
 30
0.0
 40
214.7727272727273
  1
TYPICAL BAR CURTAILMENT PROCEDURE FOR BEAMS 
  7
ROMANC
100
AcDbText
  0
LINE
  5
2DD
330
2D5
100
AcDbEntity
  8
BM
100
AcDbLine
 10
1619.353592609986
 20
2579.520300535078
 30
0.0
 11
7773.129899632185
 21
2579.520300535078
 31
0.0
  0
LWPOLYLINE
  5
2DE
330
2D5
100
AcDbEntity
  8
DIM_
100
AcDbPolyline
 90
        4
 70
     1
 43
0.0
 10
4423.898684632731
 20
5239.841934880475
 10
6939.924603127874
 20
5239.841934880475
 10
6939.924603127874
 20
4477.920945194375
 10
4423.898684632731
 20
4477.920945194375
  0
LINE
  5
2DF
330
2D5
100
AcDbEntity
  8
BM
100
AcDbLine
 10
1619.353592609986
 20
2579.520300535078
 30
0.0
 11
1619.353592609986
 21
941.1033496322052
 31
0.0
  0
LINE
  5
2E0
330
2D5
100
AcDbEntity
  8
BM
100
AcDbLine
 10
756.6105896027292
 20
4736.3778080513
 30
0.0
 11
756.6105896027292
 21
941.1033496322052
 31
0.0
  0
LWPOLYLINE
  5
2E1
330
2D5
100
AcDbEntity
  8
DIM_
100
AcDbPolyline
 90
        4
 70
     1
 43
0.0
 10
3190.100705622694
 20
2346.180326338304
 10
4397.170266372151
 20
2346.180326338304
 10
4397.170266372151
 20
1619.202918288676
 10
3190.100705622694
 20
1619.202918288676
  0
TEXT
  5
2E2
330
2D5
100
AcDbEntity
  8
TXT1
100
AcDbText
 10
3237.141076304251
 20
1663.864733421331
 30
0.0
 40
151.8427685291624
  1
BAR
100
AcDbText
  0
LWPOLYLINE
  5
2E3
330
2D5
100
AcDbEntity
  8
BM
100
AcDbPolyline
 90
        8
 70
     0
 43
0.0
 10
597.7036258210428
 20
941.1033496322052
 10
1126.592994943726
 20
941.1033496322052
 10
1126.592994943726
 20
1045.970924962312
 10
1161.999214283889
 20
1045.970924962312
 10
1186.405047383392
 20
836.235774303612
 10
1220.548478689277
 20
836.235774303612
 10
1220.548478689277
 20
941.1033496322052
 10
1751.418791910168
 20
941.1033496322052
  0
LINE
  5
2E4
330
2D5
100
AcDbEntity
  8
BM
100
AcDbLine
 10
1619.353592609986
 20
1471.724700068618
 30
0.0
 11
1619.353592609986
 21
1327.934199567302
 31
0.0
  0
TEXT
  5
2E5
330
2D5
100
AcDbEntity
  8
TXT1
100
AcDbText
 10
910.9413305425552
 20
4170.11550892188
 30
0.0
 40
215.6857507516511
  1
COL
 41
0.88
  7
ROMANS
100
AcDbText
  0
LWPOLYLINE
  5
2E6
330
2D5
100
AcDbEntity
  8
DIM_
100
AcDbPolyline
 90
        4
 70
     1
 43
0.0
 10
837.1935270782559
 20
4102.781839758914
 10
1532.471862470265
 20
4102.781839758914
 10
1532.471862470265
 20
4442.444860029005
 10
837.1935270782559
 20
4442.444860029005
  0
LINE
  5
2E7
330
2D5
100
AcDbEntity
  8
BM
100
AcDbLine
 10
1619.353592609986
 20
4736.3778080513
 30
0.0
 11
1619.353592609986
 21
3657.949054293219
 31
0.0
  0
LINE
  5
2E8
330
2D5
100
AcDbEntity
  8
BM
100
AcDbLine
 10
1619.353592609986
 20
3931.159869400784
 30
0.0
 11
1619.353592609986
 21
3787.369368899498
 31
0.0
  0
TEXT
  5
2E9
330
2D5
100
AcDbEntity
  8
TXT1
100
AcDbText
 10
3237.141076304251
 20
2140.491470222623
 30
0.0
 40
151.8427685291624
  1
BOTTOM 
100
AcDbText
  0
TEXT
  5
2EA
330
2D5
100
AcDbEntity
  8
TXT1
100
AcDbText
 10
3237.141076304251
 20
1896.11996877301
 30
0.0
 40
151.8427685291624
  1
STRAIGHT
100
AcDbText
  0
LWPOLYLINE
  5
2EB
330
2D5
100
AcDbEntity
  8
DIM_
100
AcDbPolyline
 90
        4
 70
     1
 43
0.0
 10
1390.089933303185
 20
5807.478629669116
 10
3906.115851798096
 20
5807.478629669116
 10
3906.115851798096
 20
5045.557639982988
 10
1390.089933303185
 20
5045.557639982988
  0
TEXT
  5
2EC
330
2D5
100
AcDbEntity
  8
TXT1
100
AcDbText
 10
1516.130296868272
 20
5517.615371766559
 30
0.0
 40
189.803460661453
  1
EXTRA END
100
AcDbText
  0
TEXT
  5
2ED
330
2D5
100
AcDbEntity
  8
TXT1
100
AcDbText
 10
1303.860243467614
 20
5117.623723137862
 30
0.0
 40
189.803460661453
  1
 SUPPORT STEEL
100
AcDbText
  0
LWPOLYLINE
  5
2EE
330
2D5
100
AcDbEntity
  8
BM
100
AcDbPolyline
 90
        8
 70
     0
 43
0.0
 10
597.7036258210428
 20
4736.3778080513
 10
1126.592994943726
 20
4736.3778080513
 10
1126.592994943726
 20
4841.245383380796
 10
1161.999214283889
 20
4841.245383380796
 10
1186.405047383392
 20
4631.510232722212
 10
1220.548478689277
 20
4631.510232722212
 10
1220.548478689277
 20
4736.3778080513
 10
1751.418791910168
 20
4736.3778080513
  0
LINE
  5
2EF
330
2D5
100
AcDbEntity
  8
BM
100
AcDbLine
 10
7773.129899632185
 20
2579.520300535078
 30
0.0
 11
7773.129899632185
 21
941.1033496322052
 31
0.0
  0
LINE
  5
2F0
330
2D5
100
AcDbEntity
  8
BM
100
AcDbLine
 10
8635.872902639208
 20
2579.520300535078
 30
0.0
 11
8635.872902639208
 21
941.1033496322052
 31
0.0
  0
TEXT
  5
2F1
330
2D5
100
AcDbEntity
  8
TXT1
100
AcDbText
 10
5589.215708965435
 20
1843.959219195414
 30
0.0
 40
151.8427685291624
  1
BARS
100
AcDbText
  0
LWPOLYLINE
  5
2F2
330
2D5
100
AcDbEntity
  8
DIM_
100
AcDbPolyline
 90
        4
 70
     1
 43
0.0
 10
5418.95769127924
 20
2332.34543198772
 10
6501.436129204464
 20
2332.34543198772
 10
6501.436129204464
 20
1787.235620890075
 10
5418.95769127924
 20
1787.235620890075
  0
LWPOLYLINE
  5
2F3
330
2D5
100
AcDbEntity
  8
BM
100
AcDbPolyline
 90
        8
 70
     0
 43
0.0
 10
7614.222935850732
 20
941.1033496322052
 10
8143.112304973417
 20
941.1033496322052
 10
8143.112304973417
 20
1045.970924962312
 10
8178.518524313112
 20
1045.970924962312
 10
8202.924357412616
 20
836.235774303612
 10
8237.067788719434
 20
836.235774303612
 10
8237.067788719434
 20
941.1033496322052
 10
8767.93810194032
 20
941.1033496322052
  0
LINE
  5
2F4
330
2D5
100
AcDbEntity
  8
BM
100
AcDbLine
 10
7773.129899632185
 20
1471.724700068618
 30
0.0
 11
7773.129899632185
 21
1327.934199567302
 31
0.0
  0
LINE
  5
2F5
330
2D5
100
AcDbEntity
  8
BM
100
AcDbLine
 10
8635.872902639208
 20
1471.724700068618
 30
0.0
 11
8635.872902639208
 21
1327.934199567302
 31
0.0
  0
LWPOLYLINE
  5
2F6
330
2D5
100
AcDbEntity
  8
BM
100
AcDbPolyline
 90
        8
 70
     0
 43
0.0
 10
12389.11326945294
 20
2488.532221054397
 10
12389.11326945294
 20
3087.617352491681
 10
12284.24569412437
 20
3087.617352491681
 10
12284.24569412437
 20
3123.023571830913
 10
12493.9808447822
 20
3147.42940493091
 10
12493.9808447822
 20
3181.572836237203
 10
12389.11326945294
 20
3181.572836237203
 10
12389.11326945294
 20
3829.445854441612
  0
LWPOLYLINE
  5
2F7
330
2D5
100
AcDbEntity
  8
DIM_
100
AcDbPolyline
 90
        4
 70
     1
 43
0.0
 10
7853.712837107014
 20
4102.781839758914
 10
8548.991172499953
 20
4102.781839758914
 10
8548.991172499953
 20
4442.444860029005
 10
7853.712837107014
 20
4442.444860029005
  0
TEXT
  5
2F8
330
2D5
100
AcDbEntity
  8
TXT1
100
AcDbText
 10
7927.460640571546
 20
4170.11550892188
 30
0.0
 40
215.6857507516511
  1
COL
 41
0.88
  7
ROMANS
100
AcDbText
  0
LINE
  5
2F9
330
2D5
100
AcDbEntity
  8
BM
100
AcDbLine
 10
7773.129899632185
 20
4736.3778080513
 30
0.0
 11
7773.129899632185
 21
3657.949054293219
 31
0.0
  0
LINE
  5
2FA
330
2D5
100
AcDbEntity
  8
BM
100
AcDbLine
 10
7773.129899632185
 20
4059.425852271117
 30
0.0
 11
7773.129899632185
 21
3915.635351770208
 31
0.0
  0
LINE
  5
2FB
330
2D5
100
AcDbEntity
  8
BM
100
AcDbLine
 10
8635.872902639208
 20
4736.3778080513
 30
0.0
 11
8635.872902639208
 21
3657.949054293219
 31
0.0
  0
LINE
  5
2FC
330
2D5
100
AcDbEntity
  8
BM
100
AcDbLine
 10
8635.872902639208
 20
4059.425852271117
 30
0.0
 11
8635.872902639208
 21
3915.635351770208
 31
0.0
  0
LINE
  5
2FD
330
2D5
100
AcDbEntity
  8
BM
100
AcDbLine
 10
8635.872902639208
 20
3657.949054293219
 30
0.0
 11
12389.11326945294
 21
3657.949054293219
 31
0.0
  0
LINE
  5
2FE
330
2D5
100
AcDbEntity
  8
BM
100
AcDbLine
 10
8635.872902639208
 20
2579.520300535078
 30
0.0
 11
12389.11326945294
 21
2579.520300535078
 31
0.0
  0
TEXT
  5
2FF
330
2D5
100
AcDbEntity
  8
TXT1
100
AcDbText
 10
5480.058288563509
 20
2097.030500077497
 30
0.0
 40
151.8427685291624
  1
CURTAIL 
100
AcDbText
  0
LWPOLYLINE
  5
300
330
2D5
100
AcDbEntity
  8
BM
100
AcDbPolyline
 90
        8
 70
     0
 43
0.0
 10
7614.222935850732
 20
4736.3778080513
 10
8143.112304973417
 20
4736.3778080513
 10
8143.112304973417
 20
4841.245383380796
 10
8178.518524313112
 20
4841.245383380796
 10
8202.924357412616
 20
4631.510232722212
 10
8237.067788719434
 20
4631.510232722212
 10
8237.067788719434
 20
4736.3778080513
 10
8767.93810194032
 20
4736.3778080513
  0
TEXT
  5
301
330
2D5
100
AcDbEntity
  8
TXT1
100
AcDbText
 10
4292.802570114145
 20
4575.162916583038
 30
0.0
 40
189.803460661453
  1
 SUPPORT STEEL
100
AcDbText
  0
TEXT
  5
302
330
2D5
100
AcDbEntity
  8
TXT1
100
AcDbText
 10
4557.225817488041
 20
4975.154565212141
 30
0.0
 40
189.803460661453
  1
EXTRA MIDDLE
100
AcDbText
  0
LWPOLYLINE
  5
303
102
{ACAD_REACTORS
330
322
102
}
330
2D5
100
AcDbEntity
  8
ST
  6
CONTINUOUS
100
AcDbPolyline
 90
        4
 70
     0
 43
10.0
 10
5816.005949715152
 20
3407.740424782794
 10
5846.055055285338
 20
3444.974035486172
 10
10444.97256694943
 20
3444.974035486172
 10
10522.22160930792
 20
3380.099282011769
  0
LWPOLYLINE
  5
304
330
2D5
100
AcDbEntity
  8
ST
  6
CONTINUOUS
100
AcDbPolyline
 90
        4
 70
     0
 43
10.0
 10
2596.474605749827
 20
2803.670689696126
 10
2645.437143807998
 20
2763.696083874587
 10
6587.223667327315
 20
2763.696083874587
 10
6653.238942488096
 20
2817.058134031628
  0
LWPOLYLINE
  5
305
330
2D5
100
AcDbEntity
  8
ST
  6
CONTINUOUS
100
AcDbPolyline
 90
        3
 70
     0
 43
10.0
 10
9754.873296629172
 20
2822.092796294717
 10
9821.77913494408
 20
2763.696083874587
 10
12389.11326945294
 20
2763.696083874587
  0
LWPOLYLINE
  5
306
102
{ACAD_REACTORS
330
340
102
}
330
2D5
100
AcDbEntity
  8
ST
  6
CONTINUOUS
100
AcDbPolyline
 90
        4
 70
     0
 43
10.0
 10
1024.115531704621
 20
2814.208121303849
 10
1024.115531704621
 20
3444.974035486172
 10
3178.733295272105
 20
3444.974035486172
 10
3232.76023306558
 20
3408.22469302977
  0
LWPOLYLINE
  5
307
330
2D5
100
AcDbEntity
  8
ST
  6
CONTINUOUS
100
AcDbPolyline
 90
        3
 70
     0
 43
0.0
 10
828.0261609847657
 20
2798.841358237784
 10
828.0261609847657
 20
3550.106178917398
 10
12389.11326945294
 20
3550.106178917398
  0
LWPOLYLINE
  5
308
102
{ACAD_REACTORS
330
350
330
36E
102
}
330
2D5
100
AcDbEntity
  8
ST
  6
CONTINUOUS
100
AcDbPolyline
 90
        3
 70
     0
 43
0.0
 10
918.6961896326393
 20
3442.668572552911
 10
918.6961896326393
 20
2687.363175910491
 10
12389.11326945294
 20
2687.363175910491
  0
LEADER
  5
309
330
2D5
100
AcDbEntity
  8
DIM_
  6
CONTINUOUS
100
AcDbLeader
  3
DIM_AS
 76
     2
 10
1186.873096645809
 20
1145.943003799504
 30
0.0
 10
3905.673842511838
 20
1145.943003799504
 30
0.0
1001
ACAD
1000
DSTYLE
1002
{
1070
     5
1000

1070
    41
1040
200.0
1070
   341
1005
0
1070
   147
1040
50.0
1070
    77
1070
     0
1070
    49
1040
0.02
1070
    69
1070
     2
1070
   290
1070
     1
1002
}
  0
LEADER
  5
30A
330
2D5
100
AcDbEntity
  8
DIM_
  6
CONTINUOUS
100
AcDbLeader
  3
DIM_AS
 76
     2
 10
8204.5014011357
 20
1145.943003799504
 30
0.0
 10
5486.8096497301
 20
1145.943003799504
 30
0.0
211
-1.0
221
0.0
231
0.0
1001
ACAD
1000
DSTYLE
1002
{
1070
     5
1000

1070
    41
1040
200.0
1070
   341
1005
0
1070
   147
1040
50.0
1070
    77
1070
     0
1070
    49
1040
0.02
1070
    69
1070
     2
1070
   290
1070
     1
1002
}
  0
LWPOLYLINE
  5
30B
330
2D5
100
AcDbEntity
  8
DIM_
100
AcDbPolyline
 90
        4
 70
     1
 43
0.0
 10
9721.92518243706
 20
942.2429642868808
 10
11303.06098965532
 20
942.2429642868808
 10
11303.06098965532
 20
1349.639977207087
 10
9721.92518243706
 20
1349.639977207087
  0
TEXT
  5
30C
330
2D5
100
AcDbEntity
  8
TXT1
100
AcDbText
 10
9872.75083759008
 20
1032.690376205719
 30
0.0
 40
215.6857507516511
  1
SPAN L2
 41
0.88
  7
ROMANS
100
AcDbText
  0
LEADER
  5
30D
330
2D5
100
AcDbEntity
  8
DIM_
  6
CONTINUOUS
100
AcDbLeader
  3
DIM_AS
 76
     2
 10
8204.40357048763
 20
1145.941470746999
 30
0.0
 10
9721.92518243706
 20
1145.941470746999
 30
0.0
1001
ACAD
1000
DSTYLE
1002
{
1070
     5
1000

1070
    41
1040
200.0
1070
   341
1005
0
1070
   147
1040
50.0
1070
    77
1070
     0
1070
    49
1040
0.02
1070
    69
1070
     2
1070
   290
1070
     1
1002
}
  0
LEADER
  5
30E
330
2D5
100
AcDbEntity
  8
DIM_
  6
CONTINUOUS
100
AcDbLeader
  3
DIM_AS
 76
     2
 10
12389.11326945294
 20
1145.941470746999
 30
0.0
 10
11303.06098965532
 20
1145.941470746999
 30
0.0
211
-1.0
221
0.0
231
0.0
1001
ACAD
1000
DSTYLE
1002
{
1070
     5
1000

1070
    41
1040
200.0
1070
   341
1005
0
1070
   147
1040
50.0
1070
    77
1070
     0
1070
    49
1040
0.02
1070
    69
1070
     2
1070
   290
1070
     1
1002
}
  0
DIMENSION
  5
30F
330
2D5
100
AcDbEntity
  8
DIM
100
AcDbDimension
  2
*D1
 10
645.0002926541492
 20
2579.520300535078
 30
0.0
 11
260.0002926541492
 21
3118.734677414381
 31
0.0
 12
-1409173.575189539
 22
193987.2747875786
 32
0.0
  1
{\C4;BEAM\PDEPTH}
  3
DIM_AS
100
AcDbAlignedDimension
 13
756.6105896027292
 23
3657.949054293219
 33
0.0
 14
756.6105896027292
 24
2579.520300535078
 34
0.0
 50
90.0
100
AcDbRotatedDimension
  0
LINE
  5
31D
102
{ACAD_REACTORS
330
322
330
350
102
}
330
2D5
100
AcDbEntity
  8
BM
  6
HIDDEN2
 48
800.0
100
AcDbLine
 10
8204.5014011357
 20
410.6559621470806
 30
0.0
 11
8204.5014011357
 21
5203.972542199569
 31
0.0
  0
LINE
  5
31F
102
{ACAD_REACTORS
330
340
330
36E
102
}
330
2D5
100
AcDbEntity
  8
BM
  6
HIDDEN2
 48
800.0
100
AcDbLine
 10
1186.405047383392
 20
410.6559621470806
 30
0.0
 11
1186.405047383392
 21
5203.972542199569
 31
0.0
  0
DIMENSION
  5
320
102
{ACAD_REACTORS
330
322
102
}
102
{ACAD_XDICTIONARY
360
321
102
}
330
2D5
100
AcDbEntity
  8
DIM
100
AcDbDimension
  2
*D4
 10
10444.97256694943
 20
3839.858624311484
 30
0.0
 11
9324.73698404245
 21
3839.858624311484
 31
0.0
 12
-1409173.575189539
 22
193987.2747875786
 32
0.0
  1
L2/4
  3
DIM_AS
100
AcDbAlignedDimension
 13
8204.5014011357
 23
3444.974035486172
 33
0.0
 14
10444.97256694943
 24
3657.949054293219
 34
0.0
100
AcDbRotatedDimension
  0
DIMENSION
  5
330
330
2D5
100
AcDbEntity
  8
DIM
100
AcDbDimension
  2
*D2
 10
8204.5014011357
 20
3839.838624311612
 30
0.0
 11
7025.278228210519
 21
3839.838624311612
 31
0.0
 12
-1409173.575189539
 22
193987.2747875786
 32
0.0
  1
L1/4
  3
DIM_AS
100
AcDbAlignedDimension
 13
5846.055055285338
 23
3657.949054293219
 33
0.0
 14
8204.5014011357
 24
3444.974035486172
 34
0.0
100
AcDbRotatedDimension
  0
DIMENSION
  5
33E
102
{ACAD_REACTORS
330
340
102
}
102
{ACAD_XDICTIONARY
360
33F
102
}
330
2D5
100
AcDbEntity
  8
DIM
100
AcDbDimension
  2
*D5
 10
3178.733295272105
 20
3804.1396516166
 30
0.0
 11
2182.569171327632
 21
3804.1396516166
 31
0.0
 12
-1409173.575189539
 22
193987.2747875786
 32
0.0
  1
L1/4
  3
DIM_AS
100
AcDbAlignedDimension
 13
1186.405047383392
 23
3444.974035486172
 33
0.0
 14
3178.733295272105
 24
3657.949054293219
 34
0.0
100
AcDbRotatedDimension
  0
DIMENSION
  5
34E
102
{ACAD_REACTORS
330
350
102
}
102
{ACAD_XDICTIONARY
360
34F
102
}
330
2D5
100
AcDbEntity
  8
DIM
100
AcDbDimension
  2
*D6
 10
6587.223667327315
 20
2324.041882801306
 30
0.0
 11
7270.870139925975
 21
2324.041882801306
 31
0.0
 12
-1409173.575189539
 22
193987.2747875786
 32
0.0
 70
   128
  1
.15L/1
  3
DIM_AS
100
AcDbAlignedDimension
 13
8204.5014011357
 23
2687.363175910491
 33
0.0
 14
6587.223667327315
 24
2763.696083874587
 34
0.0
100
AcDbRotatedDimension
  0
DIMENSION
  5
35E
330
2D5
100
AcDbEntity
  8
DIM
100
AcDbDimension
  2
*D3
 10
9821.77913494408
 20
2324.041882801306
 30
0.0
 11
9138.132662345424
 21
2324.041882801306
 31
0.0
 12
-1409173.575189539
 22
193987.2747875786
 32
0.0
 70
   128
  1
.15L/2
  3
DIM_AS
100
AcDbAlignedDimension
 13
8204.5014011357
 23
2687.363175910491
 33
0.0
 14
9821.77913494408
 24
2763.696083874587
 34
0.0
 50
180.0
100
AcDbRotatedDimension
  0
DIMENSION
  5
36C
102
{ACAD_REACTORS
330
36E
102
}
102
{ACAD_XDICTIONARY
360
36D
102
}
330
2D5
100
AcDbEntity
  8
DIM
100
AcDbDimension
  2
*D7
 10
2645.437143807998
 20
2322.026302070211
 30
0.0
 11
1996.790720449295
 21
2322.026302070211
 31
0.0
 12
-1409173.575189539
 22
193987.2747875786
 32
0.0
 70
   128
  1
0.1L/1
  3
DIM_AS
100
AcDbAlignedDimension
 13
1186.405047383392
 23
2687.363175910491
 33
0.0
 14
2645.437143807998
 24
2579.520300535078
 34
0.0
100
AcDbRotatedDimension
  0
LEADER
  5
37C
330
2D5
100
AcDbEntity
  8
DIM_
  6
CONTINUOUS
100
AcDbLeader
  3
DIM_AS
 76
     4
 10
6509.225606844295
 20
3445.557745212981
 30
0.0
 10
6509.225606844295
 20
3030.922818219115
 30
0.0
 10
6145.159251203295
 20
3030.922818219115
 30
0.0
 10
6145.159251203295
 20
4477.920945194375
 30
0.0
1001
ACAD
1000
DSTYLE
1002
{
1070
     5
1000

1070
    41
1040
200.0
1070
   147
1040
50.0
1070
    77
1070
     0
1070
    49
1040
0.02
1070
   290
1070
     1
1070
   341
1005
0
1002
}
  0
LWPOLYLINE
  5
37D
330
2D5
100
AcDbEntity
  8
DIM_
  6
CONTINUOUS
100
AcDbPolyline
 90
        4
 70
     0
 43
0.0
 10
3012.169248192804
 20
3405.091650089803
 10
3012.169248192804
 20
3038.810063416109
 10
2648.102892551571
 20
3038.810063416109
 10
2648.102892551571
 20
5045.557639982988
  0
LEADER
  5
37E
330
2D5
100
AcDbEntity
  8
DIM_
  6
CONTINUOUS
100
AcDbLeader
  3
DIM_AS
 76
     4
 10
3012.169248192804
 20
3445.143821046892
 30
0.0
 10
3012.169248192804
 20
3038.810063416109
 30
0.0
 10
2648.102892551571
 20
3038.810063416109
 30
0.0
 10
2648.10289255064
 20
5045.557639982988
 30
0.0
1001
ACAD
1000
DSTYLE
1002
{
1070
     5
1000

1070
    41
1040
200.0
1070
   147
1040
50.0
1070
    77
1070
     0
1070
    49
1040
0.02
1070
   290
1070
     1
1070
   341
1005
0
1002
}
  0
LEADER
  5
37F
330
2D5
100
AcDbEntity
  8
DIM_
  6
CONTINUOUS
100
AcDbLeader
  3
DIM_AS
 76
     3
 10
2867.657870926196
 20
2687.79695021591
 30
0.0
 10
2867.657870926196
 20
2027.98140583199
 30
0.0
 10
3190.100705622694
 20
2027.98140583199
 30
0.0
1001
ACAD
1000
DSTYLE
1002
{
1070
     5
1000

1070
    41
1040
200.0
1070
   147
1040
50.0
1070
    77
1070
     0
1070
    49
1040
0.02
1070
   290
1070
     1
1070
   341
1005
0
1002
}
  0
LEADER
  5
380
330
2D5
100
AcDbEntity
  8
DIM_
  6
CONTINUOUS
100
AcDbLeader
  3
DIM_AS
 76
     4
 10
5400.888704624026
 20
2761.082995944395
 30
0.0
 10
5400.888704624026
 20
3179.71826396449
 30
0.0
 10
5833.995623896597
 20
3179.71826396449
 30
0.0
 10
5833.995623896597
 20
2332.34543198772
 30
0.0
1001
ACAD
1000
DSTYLE
1002
{
1070
     5
1000

1070
    41
1040
200.0
1070
    49
1040
0.02
1070
   290
1070
     1
1070
   341
1005
0
1002
}
  0
LEADER
  5
381
330
2D5
100
AcDbEntity
  8
DIM_
  6
CONTINUOUS
100
AcDbLeader
  3
DIM_AS
 76
     3
 10
2845.714453467635
 20
3444.974035486172
 30
0.0
 10
2845.714453467635
 20
4084.136354214192
 30
0.0
 10
3005.32343960181
 20
4084.136354214192
 30
0.0
1001
ACAD
1000
DSTYLE
1002
{
1070
     5
1000
OPEN
1070
   147
1040
50.0
1070
    77
1070
     0
1070
    49
1040
0.02
1070
   290
1070
     1
1002
}
  0
TEXT
  5
382
330
2D5
100
AcDbEntity
  8
TEXT
100
AcDbText
 10
3006.542031885591
 20
4042.262942390022
 30
0.0
 40
125.0
  1
100%%%
 41
0.88
  7
ROMANS
100
AcDbText
  0
LEADER
  5
383
330
2D5
100
AcDbEntity
  8
DIM_
  6
CONTINUOUS
100
AcDbLeader
  3
DIM_AS
 76
     3
 10
4914.036286095856
 20
3550.106178917398
 30
0.0
 10
4914.036286095856
 20
3988.886659034179
 30
0.0
 10
5073.645272230031
 20
3988.886659034179
 30
0.0
1001
ACAD
1000
DSTYLE
1002
{
1070
     5
1000
OPEN
1070
   147
1040
50.0
1070
    77
1070
     0
1070
    49
1040
0.02
1070
   290
1070
     1
1002
}
  0
TEXT
  5
384
330
2D5
100
AcDbEntity
  8
TEXT
100
AcDbText
 10
5074.863864513813
 20
3947.013247210009
 30
0.0
 40
125.0
  1
20%%%
 41
0.88
  7
ROMANS
100
AcDbText
  0
LEADER
  5
385
330
2D5
100
AcDbEntity
  8
DIM_
  6
CONTINUOUS
100
AcDbLeader
  3
DIM_AS
 76
     3
 10
11238.20242160977
 20
3550.106178917398
 30
0.0
 10
11238.20242160977
 20
3988.886659034179
 30
0.0
 10
11397.81140774348
 20
3988.886659034179
 30
0.0
1001
ACAD
1000
DSTYLE
1002
{
1070
     5
1000
OPEN
1070
   147
1040
50.0
1070
    77
1070
     0
1070
    49
1040
0.02
1070
   290
1070
     1
1002
}
  0
TEXT
  5
386
330
2D5
100
AcDbEntity
  8
TEXT
100
AcDbText
 10
11399.0300000275
 20
3947.013247210009
 30
0.0
 40
125.0
  1
20%%%
 41
0.88
  7
ROMANS
100
AcDbText
  0
LEADER
  5
387
330
2D5
100
AcDbEntity
  8
DIM_
  6
CONTINUOUS
100
AcDbLeader
  3
DIM_AS
 76
     3
 10
4729.693309250753
 20
2687.363175910491
 30
0.0
 10
4729.693309250753
 20
2322.882177474501
 30
0.0
 10
4889.302295384929
 20
2322.882177474501
 30
0.0
1001
ACAD
1000
DSTYLE
1002
{
1070
     5
1000
OPEN
1070
   147
1040
50.0
1070
    77
1070
     0
1070
    49
1040
0.02
1070
   290
1070
     1
1002
}
  0
TEXT
  5
388
330
2D5
100
AcDbEntity
  8
TEXT
100
AcDbText
 10
4890.52088766871
 20
2239.755589298788
 30
0.0
 40
125.0
  1
100%%%
 41
0.88
  7
ROMANS
100
AcDbText
  0
LEADER
  5
389
330
2D5
100
AcDbEntity
  8
DIM_
  6
CONTINUOUS
100
AcDbLeader
  3
DIM_AS
 76
     3
 10
10563.72103221062
 20
2687.363175910491
 30
0.0
 10
10563.72103221062
 20
2322.882177474501
 30
0.0
 10
10723.33001834457
 20
2322.882177474501
 30
0.0
1001
ACAD
1000
DSTYLE
1002
{
1070
     5
1000
OPEN
1070
   147
1040
50.0
1070
    77
1070
     0
1070
    49
1040
0.02
1070
   290
1070
     1
1002
}
  0
TEXT
  5
38A
330
2D5
100
AcDbEntity
  8
TEXT
100
AcDbText
 10
10724.54861062858
 20
2239.755589298788
 30
0.0
 40
125.0
  1
100%%%
 41
0.88
  7
ROMANS
100
AcDbText
  0
ENDBLK
  5
38B
330
2D5
100
AcDbEntity
  8
0
 48
750.0
100
AcDbBlockEnd
  0
BLOCK
  5
F0
330
EF
100
AcDbEntity
  8
0
100
AcDbBlockBegin
  2
*D9
 70
     1
 10
0.0
 20
0.0
 30
0.0
  3
*D9
  1

  0
LINE
  5
F1
330
EF
100
AcDbEntity
  8
DIM_
  6
BYBLOCK
100
AcDbLine
 10
2063106.14800777
 20
-273418.5433704577
 30
0.0
 11
2062681.06074118
 21
-272806.4801388109
 31
0.0
  0
LINE
  5
F2
330
EF
100
AcDbEntity
  8
DIM_
  6
BYBLOCK
100
AcDbLine
 10
2064297.101495821
 20
-272591.4079754599
 30
0.0
 11
2063872.014229231
 21
-271979.3447438134
 31
0.0
  0
LINE
  5
F3
330
EF
100
AcDbEntity
  8
DIM_
  6
BYBLOCK
100
AcDbLine
 10
2062832.78390023
 20
-272761.9820151645
 30
0.0
 11
2063102.304924247
 21
-272574.7955457538
 31
0.0
  0
LINE
  5
F4
330
EF
100
AcDbEntity
  8
DIM_
  6
BYBLOCK
100
AcDbLine
 10
2063777.334576179
 20
-272105.97713816
 30
0.0
 11
2063507.813552162
 21
-272293.1636075709
 31
0.0
  0
INSERT
  5
F5
330
EF
100
AcDbEntity
  8
DIM_
  6
BYBLOCK
100
AcDbBlockReference
  2
_OPEN
 10
2062709.582494179
 20
-272847.547274161
 30
0.0
 41
150.0
 42
150.0
 43
150.0
 50
214.7805693825537
  0
INSERT
  5
F6
330
EF
100
AcDbEntity
  8
DIM_
  6
BYBLOCK
100
AcDbBlockReference
  2
_OPEN
 10
2063900.53598223
 20
-272020.4118791635
 30
0.0
 41
150.0
 42
150.0
 43
150.0
 50
34.78056938255373
  0
MTEXT
  5
F7
330
EF
100
AcDbEntity
  8
DIM_
  6
BYBLOCK
 62
     3
100
AcDbMText
 10
2063305.059238204
 20
-272433.9795766623
 30
0.0
 40
195.0
 41
0.0
 71
     5
 72
     1
  1
\A1;600
  7
AS
 11
0.8213427070041787
 21
0.5704350599770739
 31
0.0
  0
POINT
  5
F8
330
EF
100
AcDbEntity
  8
DEFPOINTS
  6
BYBLOCK
 62
     0
100
AcDbPoint
 10
2063134.669760769
 20
-273459.6105058078
 30
0.0
  0
POINT
  5
F9
330
EF
100
AcDbEntity
  8
DEFPOINTS
  6
BYBLOCK
 62
     0
100
AcDbPoint
 10
2064325.62324882
 20
-272632.47511081
 30
0.0
  0
POINT
  5
FA
330
EF
100
AcDbEntity
  8
DEFPOINTS
  6
BYBLOCK
 62
     0
100
AcDbPoint
 10
2063900.53598223
 20
-272020.4118791635
 30
0.0
  0
ENDBLK
  5
FB
330
EF
100
AcDbEntity
  8
0
100
AcDbBlockEnd
  0
BLOCK
  5
10E
330
10D
100
AcDbEntity
  8
0
100
AcDbBlockBegin
  2
*D10
 70
     1
 10
0.0
 20
0.0
 30
0.0
  3
*D10
  1

  0
LINE
  5
10F
330
10D
100
AcDbEntity
  8
DIM_
  6
BYBLOCK
100
AcDbLine
 10
2062571.707981473
 20
-268760.443169295
 30
0.0
 11
2062940.539080979
 21
-268233.5415985874
 31
0.0
  0
LINE
  5
110
330
10D
100
AcDbEntity
  8
DIM_
  6
BYBLOCK
100
AcDbLine
 10
2063580.387239415
 20
-269466.5186498738
 30
0.0
 11
2063949.218338921
 21
-268939.6170791663
 31
0.0
  0
LINE
  5
111
330
10D
100
AcDbEntity
  8
DIM_
  6
BYBLOCK
100
AcDbLine
 10
2063034.750751837
 20
-268360.522546269
 30
0.0
 11
2063213.972341496
 21
-268485.9776590338
 31
0.0
  0
LINE
  5
112
330
10D
100
AcDbEntity
  8
DIM_
  6
BYBLOCK
100
AcDbLine
 10
2063797.660433626
 20
-268894.5593235358
 30
0.0
 11
2063618.438843966
 21
-268769.1042107705
 31
0.0
  0
INSERT
  5
113
330
10D
100
AcDbEntity
  8
DIM_
  6
BYBLOCK
100
AcDbBlockReference
  2
_OPEN
 10
2062911.86596376
 20
-268274.5031946129
 30
0.0
 41
150.0
 42
150.0
 43
150.0
 50
145.0079798006851
  0
INSERT
  5
114
330
10D
100
AcDbEntity
  8
DIM_
  6
BYBLOCK
100
AcDbBlockReference
  2
_OPEN
 10
2063920.545221702
 20
-268980.5786751918
 30
0.0
 41
150.0
 42
150.0
 43
150.0
 50
325.0079798006851
  0
MTEXT
  5
115
330
10D
100
AcDbEntity
  8
DIM_
  6
BYBLOCK
 62
     3
100
AcDbMText
 10
2063416.205592731
 20
-268627.5409349022
 30
0.0
 40
195.0
 41
0.0
 71
     5
 72
     1
  1
\A1;600
  7
AS
 11
0.8192319205114715
 21
-0.573462344374141
 31
0.0
  0
POINT
  5
116
330
10D
100
AcDbEntity
  8
DEFPOINTS
  6
BYBLOCK
 62
     0
100
AcDbPoint
 10
2062543.034864255
 20
-268801.4047653206
 30
0.0
  0
POINT
  5
117
330
10D
100
AcDbEntity
  8
DEFPOINTS
  6
BYBLOCK
 62
     0
100
AcDbPoint
 10
2063551.714122197
 20
-269507.4802458993
 30
0.0
  0
POINT
  5
118
330
10D
100
AcDbEntity
  8
DEFPOINTS
  6
BYBLOCK
 62
     0
100
AcDbPoint
 10
2063920.545221702
 20
-268980.5786751918
 30
0.0
  0
ENDBLK
  5
119
330
10D
100
AcDbEntity
  8
0
100
AcDbBlockEnd
  0
BLOCK
  5
BC
330
B9
100
AcDbEntity
  8
0
100
AcDbBlockBegin
  2
A$C2FA33C06
 70
     0
 10
0.0
 20
0.0
 30
0.0
  3
A$C2FA33C06
  1

  0
LWPOLYLINE
  5
BD
330
B9
100
AcDbEntity
  8
H
 48
100.0
100
AcDbPolyline
 90
       19
 70
     0
 43
0.0
 10
5475.352872970281
 20
1875.000087644788
 10
5475.352872970281
 20
2400.000087644788
 10
6225.352872801712
 20
2400.000087644788
 10
6225.352872801712
 20
2925.000087644788
 10
6975.352872801712
 20
2925.000087644788
 10
6975.352872801712
 20
3450.000087644788
 10
7725.352872801712
 20
3450.000087644788
 10
7725.352872801712
 20
3975.000087644788
 10
8475.352872801712
 20
3975.000087644788
 10
8475.352872801712
 20
4500.000087644788
 10
9225.352872801712
 20
4500.000087644672
 10
9225.352872801712
 20
5025.000087644672
 10
9975.35287265922
 20
5025.000087644672
 10
9975.35287265922
 20
5550.000087644672
 10
10725.35287280171
 20
5550.000087644672
 10
10725.35287280171
 20
6075.000087644672
 10
11475.35287280171
 20
6075.000087644672
 10
11475.35287280171
 20
6600.000087644672
 10
12225.35287278029
 20
6600.000087644672
  0
LINE
  5
BE
102
{ACAD_REACTORS
330
19F
102
}
330
B9
100
AcDbEntity
  8
H
 48
100.0
100
AcDbLine
 10
4725.352872991469
 20
1350.000087644847
 30
0.0
 11
12225.35287278029
 21
6600.000087644672
 31
0.0
  0
LINE
  5
BF
330
B9
100
AcDbEntity
  8
ST
  6
BYBLOCK
100
AcDbLine
 10
4186.66439889418
 20
880.3332884634729
 30
0.0
 11
5819.167824875331
 21
2023.085686681734
 31
0.0
  0
ARC
  5
C1
330
B9
100
AcDbEntity
  8
ST
  6
BYBLOCK
100
AcDbCircle
 10
5824.902448319132
 20
2014.893367476587
 30
0.0
 40
10.0
100
AcDbArc
 50
90.0
 51
124.9920202034766
  0
LINE
  5
C2
102
{ACAD_REACTORS
330
EE
102
}
330
B9
100
AcDbEntity
  8
ST
  6
BYBLOCK
100
AcDbLine
 10
11034.39938472933
 20
5673.747778682155
 30
0.0
 11
11823.114795584
 21
6225.848566295928
 31
0.0
  0
LINE
  5
C3
330
B9
100
AcDbEntity
  8
H
 48
100.0
100
AcDbLine
 10
4725.352872991469
 20
800.7050849316875
 30
0.0
 11
12367.20287665282
 21
6150.000087644672
 31
0.0
  0
LINE
  5
C4
330
B9
100
AcDbEntity
  8
ST
  6
BYBLOCK
100
AcDbLine
 10
4604.629919096595
 20
808.7838845059741
 30
0.0
 11
12769.44095384958
 21
6524.151608993532
 31
0.0
  0
LINE
  5
C5
330
B9
100
AcDbEntity
  8
H
 48
100.0
100
AcDbLine
 10
11475.35287280171
 20
9701.726517241448
 30
0.0
 11
16275.35287278029
 21
9701.726517241681
 31
0.0
  0
LINE
  5
C6
330
B9
100
AcDbEntity
  8
ST
  6
BYBLOCK
100
AcDbLine
 10
11451.44374615722
 20
9625.878038590075
 30
0.0
 11
16519.26247077808
 21
9625.8780385906
 31
0.0
  0
LINE
  5
C7
330
B9
100
AcDbEntity
  8
H
 48
100.0
100
AcDbLine
 10
11201.23877278646
 20
9251.726517241681
 30
0.0
 11
16275.35287296516
 21
9251.726517241681
 31
0.0
  0
LINE
  5
C8
330
B9
100
AcDbEntity
  8
ST
  6
BYBLOCK
100
AcDbLine
 10
11225.14789943187
 20
9327.574995892937
 30
0.0
 11
16558.21485979506
 21
9327.57499589282
 31
0.0
  0
ARC
  5
C9
330
B9
100
AcDbEntity
  8
ST
  6
BYBLOCK
100
AcDbCircle
 10
16558.21485979506
 20
9357.57499589282
 30
0.0
 40
30.0
100
AcDbArc
 50
270.0
 51
0.0
  0
LWPOLYLINE
  5
CA
102
{ACAD_REACTORS
330
1F6
102
}
330
B9
100
AcDbEntity
  8
H
 48
100.0
100
AcDbPolyline
 90
       19
 70
     0
 43
0.0
 10
11475.35287280171
 20
9701.726517241448
 10
11475.35287280171
 20
10226.72651724145
 10
10725.35287280171
 20
10226.72651724145
 10
10725.35287280171
 20
10751.72651724145
 10
9975.35287265922
 20
10751.72651724145
 10
9975.35287265922
 20
11276.72651724145
 10
9225.352872801712
 20
11276.72651724145
 10
9225.352872801712
 20
11801.72651724145
 10
8475.352872801712
 20
11801.72651724145
 10
8475.352872801712
 20
12326.72651724145
 10
7725.352872801712
 20
12326.72651724145
 10
7725.352872801712
 20
12851.72651724145
 10
6975.352872801712
 20
12851.72651724168
 10
6975.352872801712
 20
13376.72651724168
 10
6225.352872801712
 20
13376.72651724191
 10
6225.352872801712
 20
13901.72651724191
 10
5475.352872970281
 20
13901.72651724191
 10
5475.352872970281
 20
14426.72651724191
 10
4725.352872991702
 20
14426.72651724191
  0
LINE
  5
CB
102
{ACAD_REACTORS
330
1F6
102
}
330
B9
100
AcDbEntity
  8
H
 48
100.0
100
AcDbLine
 10
11475.35287280171
 20
9701.726517241448
 30
0.0
 11
3975.352873012889
 21
14951.72651724191
 31
0.0
  0
LINE
  5
CC
102
{ACAD_REACTORS
330
10C
102
}
330
B9
100
AcDbEntity
  8
ST
  6
BYBLOCK
100
AcDbLine
 10
11451.44374615722
 20
9625.878038590075
 30
0.0
 11
10442.76448821486
 21
10331.95351916959
 31
0.0
  0
LINE
  5
CD
330
B9
100
AcDbEntity
  8
ST
  6
BYBLOCK
100
AcDbLine
 10
5332.31971070962
 20
13910.34109178284
 30
0.0
 11
4377.754261838039
 21
14575.7784367014
 31
0.0
  0
ARC
  5
CE
330
B9
100
AcDbEntity
  8
ST
  6
BYBLOCK
100
AcDbCircle
 10
5326.601008155383
 20
13902.1376509745
 30
0.0
 40
10.0
100
AcDbArc
 50
0.0
 51
55.11925240497852
  0
ARC
  5
CF
330
B9
100
AcDbEntity
  8
ST
  6
BYBLOCK
100
AcDbCircle
 10
4372.035559283802
 20
14567.57499589311
 30
0.0
 40
10.0
100
AcDbArc
 50
55.11925240497852
 51
90.0
  0
LINE
  5
D0
330
B9
100
AcDbEntity
  8
ST
  6
BYBLOCK
100
AcDbLine
 10
11225.14789943187
 20
9327.57499589282
 30
0.0
 11
3301.583096935647
 21
14874.07035779592
 31
0.0
  0
LINE
  5
D1
102
{ACAD_REACTORS
330
1F6
102
}
330
B9
100
AcDbEntity
  8
H
 48
100.0
100
AcDbLine
 10
11201.23877278646
 20
9251.726517241681
 30
0.0
 11
3703.821174132405
 21
14499.918836447
 31
0.0
  0
LINE
  5
D2
102
{ACAD_REACTORS
330
1B3
102
}
330
B9
100
AcDbEntity
  8
H
 48
100.0
100
AcDbLine
 10
12225.35287277936
 20
6600.000087644556
 30
0.0
 11
16275.35287278029
 21
6600.000087644788
 31
0.0
  0
LINE
  5
D3
330
B9
100
AcDbEntity
  8
ST
  6
BYBLOCK
100
AcDbLine
 10
12769.44095384912
 20
6524.151608993416
 30
0.0
 11
16615.19699415634
 21
6524.151608993649
 31
0.0
  0
ARC
  5
D4
330
B9
100
AcDbEntity
  8
ST
  6
BYBLOCK
100
AcDbCircle
 10
16615.19699415634
 20
6494.151608993649
 30
0.0
 40
30.0
100
AcDbArc
 50
0.0
 51
90.0
  0
LINE
  5
D5
102
{ACAD_REACTORS
330
1B3
102
}
330
B9
100
AcDbEntity
  8
H
 48
100.0
100
AcDbLine
 10
12367.20287665329
 20
6150.000087645021
 30
0.0
 11
16275.35287278029
 21
6150.000087644788
 31
0.0
  0
LINE
  5
D6
330
B9
100
AcDbEntity
  8
ST
  6
BYBLOCK
100
AcDbLine
 10
11823.114795584
 20
6225.848566295812
 30
0.0
 11
16558.21485979552
 21
6225.848566295812
 31
0.0
  0
ARC
  5
D7
330
B9
100
AcDbEntity
  8
ST
  6
BYBLOCK
100
AcDbCircle
 10
16558.21485979552
 20
6255.848566295812
 30
0.0
 40
30.0
100
AcDbArc
 50
270.0
 51
0.0
  0
TEXT
  5
D8
330
B9
100
AcDbEntity
  8
TXT1
100
AcDbText
 10
4891.617927279323
 20
185.1557614601916
 30
0.0
 40
200.0
  1
(230X450)
  7
ROMANS
100
AcDbText
1001
ACDBBLOCKREPETAG
1000

  0
TEXT
  5
DB
330
B9
100
AcDbEntity
  8
TXT1
100
AcDbText
 10
5501.456076899078
 20
463.7441797856009
 30
0.0
 40
200.0
  1
GB7
  7
ROMANS
100
AcDbText
1001
ACDBBLOCKREPETAG
1000

  0
DIMENSION
  5
DC
330
B9
100
AcDbEntity
  8
DIM_
  6
BYBLOCK
100
AcDbDimension
  2
*D13
 10
5348.109942976018
 20
2707.318556199731
 30
0.0
 11
4806.563448800937
 21
2376.392247902462
 31
0.0
 70
   129
  1
600
  3
DIM_AS
100
AcDbAlignedDimension
 13
4739.926798259607
 23
1326.521229343838
 33
0.0
 14
5798.193047296954
 24
2035.428158446681
 34
0.0
  0
DIMENSION
  5
EC
102
{ACAD_REACTORS
330
EE
102
}
102
{ACAD_XDICTIONARY
360
ED
102
}
330
B9
100
AcDbEntity
  8
DIM_
  6
BYBLOCK
100
AcDbDimension
  2
*D9
 10
11800.26560618985
 20
7112.946405326482
 30
0.0
 11
11204.78886216437
 21
6699.378707827651
 31
0.0
 12
-2052100.27037604
 22
279133.35828449
 32
0.0
 70
     1
  1
600
  3
DIM_AS
100
AcDbAlignedDimension
 13
11034.39938472933
 23
5673.747778682155
 33
0.0
 14
12225.35287278029
 24
6500.8831736797
 34
0.0
  0
DIMENSION
  5
FC
330
B9
100
AcDbEntity
  8
DIM_
  6
BYBLOCK
100
AcDbDimension
  2
*D14
 10
5763.918812545771
 20
14488.0050578384
 30
0.0
 11
5099.459210613799
 21
15004.1272380387
 31
0.0
 70
     1
  1
600
  3
DIM_AS
100
AcDbAlignedDimension
 13
3993.39672070602
 23
14951.72651724191
 33
0.0
 14
5322.315924569964
 24
13919.48215684132
 34
0.0
  0
DIMENSION
  5
10A
102
{ACAD_REACTORS
330
10C
102
}
102
{ACAD_XDICTIONARY
360
10B
102
}
330
B9
100
AcDbEntity
  8
DIM_
  6
BYBLOCK
100
AcDbDimension
  2
*D10
 10
11820.27484566229
 20
10152.7796092981
 30
0.0
 11
11315.93521669134
 21
10505.8173495878
 31
0.0
 12
-2052100.27037604
 22
279133.35828449
 32
0.0
 70
     1
  1
600
  3
DIM_AS
100
AcDbAlignedDimension
 13
10442.76448821486
 23
10331.95351916959
 33
0.0
 14
11451.44374615676
 24
9625.878038590425
 34
0.0
  0
TEXT
  5
11A
330
B9
100
AcDbEntity
  8
TXT2
100
AcDbText
 10
1918.288782903925
 20
6398.712627570028
 30
0.0
 40
300.0
  1
DETAILS OF STAIRCASE
  7
ROMANC
100
AcDbText
1001
ACDBBLOCKREPETAG
1000

  0
TEXT
  5
11B
330
B9
100
AcDbEntity
  8
TXT2
100
AcDbText
 10
2939.933335911715
 20
8172.939955545356
 30
0.0
 40
200.0
  1
NOTES:
  7
ROMANC
100
AcDbText
1001
ACDBBLOCKREPETAG
1000

  0
TEXT
  5
11C
330
B9
100
AcDbEntity
  8
TXT1
100
AcDbText
 10
2884.397557258373
 20
7763.822878249222
 30
0.0
 40
200.0
  1
R=RISER, T=TREAD
  7
ROMANS
100
AcDbText
1001
ACDBBLOCKREPETAG
1000

  0
TEXT
  5
11D
330
B9
100
AcDbEntity
  8
TXT1
100
AcDbText
 10
2898.535738469334
 20
7458.103388786549
 30
0.0
 40
200.0
  1
R & T ARE AS PER
  7
ROMANS
100
AcDbText
1001
ACDBBLOCKREPETAG
1000

  0
TEXT
  5
11E
330
B9
100
AcDbEntity
  8
TXT1
100
AcDbText
 10
2852.152686344227
 20
7142.931441581226
 30
0.0
 40
200.0
  1
ARCHITECTURAL DRAWING
  7
ROMANS
100
AcDbText
1001
ACDBBLOCKREPETAG
1000

  0
LWPOLYLINE
  5
11F
330
B9
100
AcDbEntity
  8
H
100
AcDbPolyline
 90
        4
 70
     1
 43
0.0
 39
3000.0
 10
6676.853859016439
 20
8498.868327858276
 10
2824.239291557809
 20
8498.868327858276
 10
2824.239291557809
 20
7033.175920460722
 10
6676.853859016439
 20
7033.175920460722
1001
ACDBBLOCKREPETAG
1000

  0
CIRCLE
  5
120
330
B9
100
AcDbEntity
  8
ST
  6
BYBLOCK
100
AcDbCircle
 10
6318.525062627858
 20
2043.270957490429
 30
25.4048025868497
 40
24.0
  0
CIRCLE
  5
121
330
B9
100
AcDbEntity
  8
ST
  6
BYBLOCK
100
AcDbCircle
 10
6749.399669487728
 20
2344.883182300488
 30
25.4048025868497
 40
24.0
  0
CIRCLE
  5
122
330
B9
100
AcDbEntity
  8
ST
  6
BYBLOCK
100
AcDbCircle
 10
7180.274276347598
 20
2646.495407110546
 30
25.4048025868497
 40
24.0
  0
CIRCLE
  5
123
330
B9
100
AcDbEntity
  8
ST
  6
BYBLOCK
100
AcDbCircle
 10
7611.148883207003
 20
2948.107631920604
 30
25.4048025868497
 40
24.0
  0
CIRCLE
  5
124
330
B9
100
AcDbEntity
  8
ST
  6
BYBLOCK
100
AcDbCircle
 10
8042.023490066407
 20
3249.719856730662
 30
25.4048025868497
 40
24.0
  0
CIRCLE
  5
125
330
B9
100
AcDbEntity
  8
ST
  6
BYBLOCK
100
AcDbCircle
 10
8472.898096926278
 20
3551.332081540721
 30
25.4048025868497
 40
24.0
  0
CIRCLE
  5
126
330
B9
100
AcDbEntity
  8
ST
  6
BYBLOCK
100
AcDbCircle
 10
8903.772703786148
 20
3852.944306350779
 30
25.4048025868497
 40
24.0
  0
CIRCLE
  5
127
330
B9
100
AcDbEntity
  8
ST
  6
BYBLOCK
100
AcDbCircle
 10
9334.647310645552
 20
4154.556531160837
 30
25.4048025868497
 40
24.0
  0
CIRCLE
  5
128
330
B9
100
AcDbEntity
  8
ST
  6
BYBLOCK
100
AcDbCircle
 10
9765.521917504957
 20
4456.168755970895
 30
25.4048025868497
 40
24.0
  0
CIRCLE
  5
129
330
B9
100
AcDbEntity
  8
ST
  6
BYBLOCK
100
AcDbCircle
 10
10196.39652436483
 20
4757.780980780954
 30
25.4048025868497
 40
24.0
  0
CIRCLE
  5
12A
330
B9
100
AcDbEntity
  8
ST
  6
BYBLOCK
100
AcDbCircle
 10
10627.2711312247
 20
5059.393205591012
 30
25.4048025868497
 40
24.0
  0
CIRCLE
  5
12B
330
B9
100
AcDbEntity
  8
ST
  6
BYBLOCK
100
AcDbCircle
 10
11058.1457380841
 20
5361.00543040107
 30
25.4048025868497
 40
24.0
  0
CIRCLE
  5
12C
330
B9
100
AcDbEntity
  8
ST
  6
BYBLOCK
100
AcDbCircle
 10
11489.02034494351
 20
5662.617655211128
 30
25.4048025868497
 40
24.0
  0
CIRCLE
  5
12D
330
B9
100
AcDbEntity
  8
ST
  6
BYBLOCK
100
AcDbCircle
 10
11919.89495180338
 20
5964.229880021187
 30
25.4048025868497
 40
24.0
  0
CIRCLE
  5
12E
330
B9
100
AcDbEntity
  8
ST
  6
BYBLOCK
100
AcDbCircle
 10
11337.86789725791
 20
5846.370192927425
 30
0.0
 40
24.0
  0
CIRCLE
  5
12F
330
B9
100
AcDbEntity
  8
ST
  6
BYBLOCK
100
AcDbCircle
 10
11768.74250411778
 20
6147.982417737483
 30
0.0
 40
24.0
  0
CIRCLE
  5
130
330
B9
100
AcDbEntity
  8
ST
  6
BYBLOCK
100
AcDbCircle
 10
14277.75064641261
 20
6256.958764012787
 30
25.4048025868497
 40
24.0
  0
CIRCLE
  5
131
330
B9
100
AcDbEntity
  8
ST
  6
BYBLOCK
100
AcDbCircle
 10
14817.72453637491
 20
6255.685046870494
 30
0.0
 40
24.0
  0
CIRCLE
  5
132
330
B9
100
AcDbEntity
  8
ST
  6
BYBLOCK
100
AcDbCircle
 10
15357.69842633768
 20
6254.411329728202
 30
-25.4048025868497
 40
24.0
  0
CIRCLE
  5
133
330
B9
100
AcDbEntity
  8
ST
  6
BYBLOCK
100
AcDbCircle
 10
15897.67231630045
 20
6253.13761258591
 30
-50.80960517369939
 40
24.0
  0
CIRCLE
  5
134
330
B9
100
AcDbEntity
  8
ST
  6
BYBLOCK
100
AcDbCircle
 10
14277.75064641261
 20
6496.80555364734
 30
25.4048025868497
 40
24.0
  0
CIRCLE
  5
135
330
B9
100
AcDbEntity
  8
ST
  6
BYBLOCK
100
AcDbCircle
 10
14817.72453637491
 20
6495.531836505048
 30
0.0
 40
24.0
  0
CIRCLE
  5
136
330
B9
100
AcDbEntity
  8
ST
  6
BYBLOCK
100
AcDbCircle
 10
15357.69842633768
 20
6494.258119362756
 30
-25.4048025868497
 40
24.0
  0
CIRCLE
  5
137
330
B9
100
AcDbEntity
  8
ST
  6
BYBLOCK
100
AcDbCircle
 10
15897.67231630045
 20
6492.984402220463
 30
-50.80960517369939
 40
24.0
  0
CIRCLE
  5
138
330
B9
100
AcDbEntity
  8
ST
  6
BYBLOCK
100
AcDbCircle
 10
14287.9085836641
 20
9358.68519360968
 30
25.4048025868497
 40
24.0
  0
CIRCLE
  5
139
330
B9
100
AcDbEntity
  8
ST
  6
BYBLOCK
100
AcDbCircle
 10
14827.88247362641
 20
9357.411476467387
 30
0.0
 40
24.0
  0
CIRCLE
  5
13A
330
B9
100
AcDbEntity
  8
ST
  6
BYBLOCK
100
AcDbCircle
 10
15367.85636358871
 20
9356.137759325095
 30
-25.4048025868497
 40
24.0
  0
CIRCLE
  5
13B
330
B9
100
AcDbEntity
  8
ST
  6
BYBLOCK
100
AcDbCircle
 10
15907.83025355148
 20
9354.864042182802
 30
-50.80960517369939
 40
24.0
  0
CIRCLE
  5
13C
330
B9
100
AcDbEntity
  8
ST
  6
BYBLOCK
100
AcDbCircle
 10
14287.9085836641
 20
9598.531983244233
 30
25.4048025868497
 40
24.0
  0
CIRCLE
  5
13D
330
B9
100
AcDbEntity
  8
ST
  6
BYBLOCK
100
AcDbCircle
 10
14827.88247362641
 20
9597.25826610194
 30
0.0
 40
24.0
  0
CIRCLE
  5
13E
330
B9
100
AcDbEntity
  8
ST
  6
BYBLOCK
100
AcDbCircle
 10
15367.85636358871
 20
9595.984548959648
 30
-25.4048025868497
 40
24.0
  0
CIRCLE
  5
13F
330
B9
100
AcDbEntity
  8
ST
  6
BYBLOCK
100
AcDbCircle
 10
15907.83025355148
 20
9594.710831817356
 30
-50.80960517369939
 40
24.0
  0
CIRCLE
  5
140
330
B9
100
AcDbEntity
  8
ST
  6
BYBLOCK
100
AcDbCircle
 10
13747.93469370133
 20
9359.958910751971
 30
50.80960517369939
 40
24.0
  0
CIRCLE
  5
141
330
B9
100
AcDbEntity
  8
ST
  6
BYBLOCK
100
AcDbCircle
 10
13747.93469370133
 20
9599.805700386525
 30
50.80960517369939
 40
24.0
  0
CIRCLE
  5
142
330
B9
100
AcDbEntity
  8
ST
  6
BYBLOCK
100
AcDbCircle
 10
13207.96080373856
 20
9361.232627894264
 30
76.2144077605491
 40
24.0
  0
CIRCLE
  5
143
330
B9
100
AcDbEntity
  8
ST
  6
BYBLOCK
100
AcDbCircle
 10
13207.96080373856
 20
9601.079417528817
 30
76.2144077605491
 40
24.0
  0
CIRCLE
  5
144
330
B9
100
AcDbEntity
  8
ST
  6
BYBLOCK
100
AcDbCircle
 10
11145.9759984843
 20
9415.090612652246
 30
76.2144077605491
 40
24.0
  0
CIRCLE
  5
145
330
B9
100
AcDbEntity
  8
ST
  6
BYBLOCK
100
AcDbCircle
 10
10752.32845594385
 20
9690.6438924385
 30
76.2144077605491
 40
24.0
  0
CIRCLE
  5
146
330
B9
100
AcDbEntity
  8
ST
  6
BYBLOCK
100
AcDbCircle
 10
10358.6809134034
 20
9966.197172224754
 30
76.2144077605491
 40
24.0
  0
CIRCLE
  5
147
330
B9
100
AcDbEntity
  8
ST
  6
BYBLOCK
100
AcDbCircle
 10
9965.033370862482
 20
10241.75045201101
 30
76.2144077605491
 40
24.0
  0
CIRCLE
  5
148
330
B9
100
AcDbEntity
  8
ST
  6
BYBLOCK
100
AcDbCircle
 10
9571.385828321567
 20
10517.30373179726
 30
76.2144077605491
 40
24.0
  0
CIRCLE
  5
149
330
B9
100
AcDbEntity
  8
ST
  6
BYBLOCK
100
AcDbCircle
 10
9177.738285781117
 20
10792.85701158352
 30
76.2144077605491
 40
24.0
  0
CIRCLE
  5
14A
330
B9
100
AcDbEntity
  8
ST
  6
BYBLOCK
100
AcDbCircle
 10
8784.090743240668
 20
11068.41029136977
 30
76.2144077605491
 40
24.0
  0
CIRCLE
  5
14B
330
B9
100
AcDbEntity
  8
ST
  6
BYBLOCK
100
AcDbCircle
 10
8390.443200699752
 20
11343.96357115603
 30
76.2144077605491
 40
24.0
  0
CIRCLE
  5
14C
330
B9
100
AcDbEntity
  8
ST
  6
BYBLOCK
100
AcDbCircle
 10
7996.795658158837
 20
11619.51685094228
 30
76.2144077605491
 40
24.0
  0
CIRCLE
  5
14D
330
B9
100
AcDbEntity
  8
ST
  6
BYBLOCK
100
AcDbCircle
 10
7603.148115618387
 20
11895.07013072853
 30
76.2144077605491
 40
24.0
  0
CIRCLE
  5
14E
330
B9
100
AcDbEntity
  8
ST
  6
BYBLOCK
100
AcDbCircle
 10
7209.500573077938
 20
12170.62341051479
 30
76.2144077605491
 40
24.0
  0
CIRCLE
  5
14F
330
B9
100
AcDbEntity
  8
ST
  6
BYBLOCK
100
AcDbCircle
 10
6815.853030537022
 20
12446.17669030104
 30
76.2144077605491
 40
24.0
  0
CIRCLE
  5
150
330
B9
100
AcDbEntity
  8
ST
  6
BYBLOCK
100
AcDbCircle
 10
6422.205487996107
 20
12721.7299700873
 30
76.2144077605491
 40
24.0
  0
CIRCLE
  5
151
330
B9
100
AcDbEntity
  8
ST
  6
BYBLOCK
100
AcDbCircle
 10
6028.557945455657
 20
12997.28324987355
 30
76.2144077605491
 40
24.0
  0
CIRCLE
  5
152
330
B9
100
AcDbEntity
  8
ST
  6
BYBLOCK
100
AcDbCircle
 10
5634.910402915208
 20
13272.83652965981
 30
76.2144077605491
 40
24.0
  0
CIRCLE
  5
153
330
B9
100
AcDbEntity
  8
ST
  6
BYBLOCK
100
AcDbCircle
 10
5241.262860374292
 20
13548.38980944606
 30
76.2144077605491
 40
24.0
  0
CIRCLE
  5
154
330
B9
100
AcDbEntity
  8
ST
  6
BYBLOCK
100
AcDbCircle
 10
4847.615317833377
 20
13823.94308923231
 30
76.2144077605491
 40
24.0
  0
CIRCLE
  5
155
330
B9
100
AcDbEntity
  8
ST
  6
BYBLOCK
100
AcDbCircle
 10
5074.519975830335
 20
14031.08197166887
 30
0.0
 40
24.0
  0
CIRCLE
  5
156
330
B9
100
AcDbEntity
  8
ST
  6
BYBLOCK
100
AcDbCircle
 10
11325.00747421174
 20
9667.158025786397
 30
0.0
 40
24.0
  0
CIRCLE
  5
157
330
B9
100
AcDbEntity
  8
ST
  6
BYBLOCK
100
AcDbCircle
 10
10931.35993167083
 20
9942.711305572651
 30
0.0
 40
24.0
  0
CIRCLE
  5
158
330
B9
100
AcDbEntity
  8
ST
  6
BYBLOCK
100
AcDbCircle
 10
10537.71238912991
 20
10218.26458535891
 30
0.0
 40
24.0
  0
LINE
  5
159
330
B9
100
AcDbEntity
  8
DIM_
  6
BYBLOCK
100
AcDbLine
 10
14821.18903902243
 20
9595.649578409502
 30
12.70240129342483
 11
15367.85636358871
 21
9356.137759325095
 31
-25.4048025868497
  0
LINE
  5
15A
330
B9
100
AcDbEntity
  8
DIM_
  6
BYBLOCK
100
AcDbLine
 10
14827.88247362594
 20
9357.411476467387
 30
-0.0000000000000071
 11
15361.16292898473
 21
9594.37586126721
 31
-25.4048025868497
  0
TEXT
  5
15B
330
B9
100
AcDbEntity
  8
TXT1
100
AcDbText
 10
12966.90195978875
 20
10355.48328841082
 30
63.5120064671242
 40
200.0
  1
#8@175C/C
  7
ROMANS
100
AcDbText
1001
ACDBBLOCKREPETAG
1000

  0
TEXT
  5
15C
330
B9
100
AcDbEntity
  8
TXT1
100
AcDbText
 10
12971.75452908291
 20
9973.194713764358
 30
63.5120064671242
 40
200.0
  1
#10@100C/C
  7
ROMANS
100
AcDbText
1001
ACDBBLOCKREPETAG
1000

  0
LEADER
  5
15D
330
B9
100
AcDbEntity
  8
DIM_
  6
BYBLOCK
100
AcDbLeader
  3
DIM_AS
 76
     3
 10
15116.0612560173
 20
9488.670583908563
 30
63.5120064671242
 10
15116.06117518037
 20
10501.10353365506
 30
63.5120064671242
 10
14832.1750581807
 20
10501.10353365506
 30
63.5120064671242
1001
ACAD
1000
DSTYLE
1002
{
1070
     5
1000
OPEN
1002
}
  0
LEADER
  5
15E
330
B9
100
AcDbEntity
  8
DIM_
100
AcDbLeader
  3
DIM_AS
 76
     3
 10
15055.53711693012
 20
9623.33060430549
 30
63.5120064671242
 10
15055.53711692966
 20
10089.01883389894
 30
63.5120064671242
 10
14983.53018874279
 20
10089.01883389894
 30
63.5120064671242
1001
ACAD
1000
DSTYLE
1002
{
1070
     5
1000
OPEN
1070
    49
1040
0.065
1002
}
  0
LINE
  5
15F
330
B9
100
AcDbEntity
  8
DIM_
  6
BYBLOCK
100
AcDbLine
 10
14811.03110177093
 20
6493.923148812493
 30
12.70240129342484
 11
15357.69842633768
 21
6254.411329728202
 31
-25.4048025868497
  0
LINE
  5
160
330
B9
100
AcDbEntity
  8
DIM_
  6
BYBLOCK
100
AcDbLine
 10
14817.72453637491
 20
6255.685046870494
 30
-0.0000000000000071
 11
15351.00499173324
 21
6492.649431670201
 31
-25.4048025868497
  0
TEXT
  5
161
330
B9
100
AcDbEntity
  8
TXT1
100
AcDbText
 10
12932.86428414308
 20
7262.322280422086
 30
63.51200646712423
 40
200.0
  1
#8@175C/C
  7
ROMANS
100
AcDbText
1001
ACDBBLOCKREPETAG
1000

  0
TEXT
  5
162
330
B9
100
AcDbEntity
  8
TXT1
100
AcDbText
 10
12918.72391930246
 20
6871.468284167349
 30
63.51200646712423
 40
200.0
  1
#10@100C/C
  7
ROMANS
100
AcDbText
1001
ACDBBLOCKREPETAG
1000

  0
LEADER
  5
163
330
B9
100
AcDbEntity
  8
DIM_
  6
BYBLOCK
100
AcDbLeader
  3
DIM_AS
 76
     3
 10
15105.90331876627
 20
6386.944154311554
 30
63.51200646712423
 10
15105.90323792887
 20
7399.377104058047
 30
63.51200646712423
 10
14822.10765420296
 20
7399.377104058047
 30
63.51200646712423
1001
ACAD
1000
DSTYLE
1002
{
1070
     5
1000
OPEN
1002
}
  0
LEADER
  5
164
330
B9
100
AcDbEntity
  8
DIM_
100
AcDbLeader
  3
DIM_AS
 76
     3
 10
15045.37917967909
 20
6522.87789185124
 30
63.51200646712423
 10
15045.37917967862
 20
6987.292404302047
 30
63.51200646712423
 10
14933.1242391339
 20
6987.292404302047
 30
63.51200646712423
1001
ACAD
1000
DSTYLE
1002
{
1070
     5
1000
OPEN
1070
    49
1040
0.065
1002
}
  0
LINE
  5
165
330
B9
100
AcDbEntity
  8
DIM_
  6
BYBLOCK
100
AcDbLine
 10
10537.71238912991
 20
10218.26458535891
 30
0.0
 11
10752.32845594385
 21
9690.6438924385
 31
76.2144077605491
  0
LINE
  5
166
330
B9
100
AcDbEntity
  8
DIM_
  6
BYBLOCK
100
AcDbLine
 10
10931.35993167083
 20
9942.711305572651
 30
0.0
 11
10358.6809134034
 21
9966.197172224754
 31
76.2144077605491
  0
LINE
  5
167
330
B9
100
AcDbEntity
  8
DIM_
  6
BYBLOCK
100
AcDbLine
 10
11337.86789725791
 20
5846.370192927425
 30
0.0
 11
11919.89495180338
 21
5964.229880021187
 31
25.4048025868497
  0
LINE
  5
168
330
B9
100
AcDbEntity
  8
DIM_
  6
BYBLOCK
100
AcDbLine
 10
11768.74250411778
 20
6147.982417737483
 30
0.0
 11
11489.02034494351
 21
5662.617655211128
 31
25.4048025868497
  0
LEADER
  5
169
330
B9
100
AcDbEntity
  8
DIM_
100
AcDbLeader
  3
DIM_AS
 76
     3
 10
10657.97745445347
 20
9938.615833995515
 30
38.10720388027455
 10
10462.43150966172
 20
9519.44585833617
 30
38.10720388027455
 10
10031.78039913182
 20
9519.44585833617
 30
38.10720388027455
1001
ACAD
1000
DSTYLE
1002
{
1070
     5
1000
OPEN
1070
    49
1040
0.065
1002
}
  0
TEXT
  5
16A
330
B9
100
AcDbEntity
  8
TXT1
100
AcDbText
 10
8028.277896166546
 20
9402.997561874567
 30
38.10720388027455
 40
200.0
  1
#8@175C/C
  7
ROMANS
100
AcDbText
1001
ACDBBLOCKREPETAG
1000

  0
LEADER
  5
16B
330
B9
100
AcDbEntity
  8
DIM_
100
AcDbLeader
  3
DIM_AS
 76
     3
 10
7404.98115404509
 20
11977.47661012271
 30
0.0
 10
7209.435209253337
 20
11558.30663446337
 30
0.0
 10
6778.784098723438
 20
11558.30663446337
 30
0.0
1001
ACAD
1000
DSTYLE
1002
{
1070
     5
1000
OPEN
1070
    49
1040
0.065
1002
}
  0
TEXT
  5
16C
330
B9
100
AcDbEntity
  8
TXT1
100
AcDbText
 10
4775.281595758162
 20
11441.85833800177
 30
0.0
 40
200.0
  1
#10@100C/C
  7
ROMANS
100
AcDbText
1001
ACDBBLOCKREPETAG
1000

  0
TEXT
  5
16D
330
B9
100
AcDbEntity
  8
TXT1
100
AcDbText
 10
2309.119859814877
 20
13603.49464886519
 30
38.10720388027455
 40
200.0
  1
#8@175C/C
  7
ROMANS
100
AcDbText
1001
ACDBBLOCKREPETAG
1000

  0
LEADER
  5
16E
330
B9
100
AcDbEntity
  8
DIM_
  6
BYBLOCK
100
AcDbLeader
  3
DIM_AS
 76
     3
 10
5595.100404130062
 20
1684.400206527091
 30
12.70240129342703
 10
5704.133080118103
 20
1241.344520549872
 30
12.70240129342703
 10
6096.591136866016
 20
1241.344520549872
 30
12.70240129342703
1001
ACAD
1000
DSTYLE
1002
{
1070
     5
1000
OPEN
1002
}
  0
TEXT
  5
16F
330
B9
100
AcDbEntity
  8
TXT1
100
AcDbText
 10
6130.26001869957
 20
1109.959686819231
 30
12.70240129342703
 40
200.0
  1
#8@175C/C
  7
ROMANS
100
AcDbText
1001
ACDBBLOCKREPETAG
1000

  0
LEADER
  5
170
330
B9
100
AcDbEntity
  8
DIM_
100
AcDbLeader
  3
DIM_AS
 76
     3
 10
9195.741238158895
 20
4014.667490271968
 30
0.0
 10
9304.773914146004
 20
3571.611804294749
 30
0.0
 10
9697.231970893918
 20
3571.611804294749
 30
0.0
1001
ACAD
1000
DSTYLE
1002
{
1070
     5
1000
OPEN
1070
    49
1040
0.065
1002
}
  0
TEXT
  5
171
330
B9
100
AcDbEntity
  8
TXT1
100
AcDbText
 10
9730.900852727471
 20
3440.226970564108
 30
0.0
 40
200.0
  1
#10@100C/C
  7
ROMANS
100
AcDbText
1001
ACDBBLOCKREPETAG
1000

  0
TEXT
  5
172
330
B9
100
AcDbEntity
  8
TXT1
100
AcDbText
 10
12130.25944849034
 20
5371.314772075624
 30
-12.70240129342485
 40
200.0
  1
#8@175C/C
  7
ROMANS
100
AcDbText
1001
ACDBBLOCKREPETAG
1000

  0
LWPOLYLINE
  5
173
330
B9
100
AcDbEntity
  8
H
 48
100.0
100
AcDbPolyline
 90
        2
 70
     0
 43
0.0
 10
16275.35287278029
 20
7950.000087644788
 10
16275.35287278029
 20
6600.000087644788
  0
LWPOLYLINE
  5
174
330
B9
100
AcDbEntity
  8
H
 48
100.0
100
AcDbPolyline
 90
        4
 70
     0
 43
0.0
 10
16275.35287278029
 20
6150.000087644788
 10
16725.35287278029
 20
6150.000087644788
 10
16725.35287278029
 20
7950.000087644788
 10
16275.35287278029
 20
7950.000087644788
  0
LWPOLYLINE
  5
175
330
B9
100
AcDbEntity
  8
H
 48
100.0
100
AcDbPolyline
 90
        4
 70
     0
 43
0.0
 10
4035.352872991469
 20
1350.000087644788
 10
4035.352872991469
 20
0.0000876447884366
 10
4725.352872991469
 20
0.0000876447884366
 10
4725.352872991469
 20
800.705084931571
  0
TEXT
  5
176
330
B9
100
AcDbEntity
  8
TXT1
100
AcDbText
 10
909.1431495109573
 20
13665.44882691256
 30
38.10720388027455
 40
200.0
  1
BEAM
  7
ROMANS
100
AcDbText
1001
ACDBBLOCKREPETAG
1000

  0
TEXT
  5
177
330
B9
100
AcDbEntity
  8
TXT1
100
AcDbText
 10
844.3256619973108
 20
13955.07122020482
 30
38.10720388027455
 40
200.0
  1
FLOOR
  7
ROMANS
100
AcDbText
1001
ACDBBLOCKREPETAG
1000

  0
LINE
  5
178
330
B9
100
AcDbEntity
  8
ST
  6
BYBLOCK
100
AcDbLine
 10
12172.96680253907
 20
6565.23626305291
 30
0.0
 11
12175.69026622199
 21
6565.236263052793
 31
0.0
  0
LINE
  5
179
330
B9
100
AcDbEntity
  8
ST
  6
BYBLOCK
100
AcDbLine
 10
4186.66439889418
 20
880.3332884631818
 30
0.0
 11
4186.66439889418
 21
68.28123813122511
 31
0.0
  0
LINE
  5
17A
330
B9
100
AcDbEntity
  8
ST
  6
BYBLOCK
100
AcDbLine
 10
4604.629919096828
 20
808.7838845058577
 30
0.0
 11
4604.629919096828
 21
52.45299159397837
 31
0.0
  0
TEXT
  5
17B
330
B9
100
AcDbEntity
  8
TXT1
100
AcDbText
 10
16878.48789803102
 20
6781.219990855083
 30
0.0
 40
200.0
  1
(150X600)
  7
ROMANS
100
AcDbText
1001
ACDBBLOCKREPETAG
1000

  0
TEXT
  5
17C
330
B9
100
AcDbEntity
  8
TXT1
100
AcDbText
 10
17490.11814393033
 20
7070.094176738057
 30
0.0
 40
200.0
  1
MB
  7
ROMANS
100
AcDbText
1001
ACDBBLOCKREPETAG
1000

  0
LEADER
  5
17D
330
B9
100
AcDbEntity
  8
DIM_
  6
BYBLOCK
100
AcDbLeader
  3
DIM_AS
 76
     2
 10
16742.1207772966
 20
7218.659304675413
 30
0.0
 10
17454.08724711812
 20
7218.659304675413
 30
0.0
1001
ACAD
1000
DSTYLE
1002
{
1070
     5
1000
OPEN
1002
}
  0
CIRCLE
  5
17E
330
B9
100
AcDbEntity
  8
ST
  6
BYBLOCK
100
AcDbCircle
 10
13737.7767564503
 20
6258.232481155079
 30
50.80960517369939
 40
24.0
  0
CIRCLE
  5
17F
330
B9
100
AcDbEntity
  8
ST
  6
BYBLOCK
100
AcDbCircle
 10
13737.7767564503
 20
6498.079270789633
 30
50.80960517369939
 40
24.0
  0
CIRCLE
  5
180
330
B9
100
AcDbEntity
  8
ST
  6
BYBLOCK
100
AcDbCircle
 10
13197.802866488
 20
6259.506198297371
 30
76.2144077605491
 40
24.0
  0
CIRCLE
  5
181
330
B9
100
AcDbEntity
  8
ST
  6
BYBLOCK
100
AcDbCircle
 10
13197.802866488
 20
6499.352987931925
 30
76.2144077605491
 40
24.0
  0
CIRCLE
  5
182
330
B9
100
AcDbEntity
  8
ST
  6
BYBLOCK
100
AcDbCircle
 10
12667.98691377579
 20
9362.506345036556
 30
101.6192103473988
 40
24.0
  0
CIRCLE
  5
183
330
B9
100
AcDbEntity
  8
ST
  6
BYBLOCK
100
AcDbCircle
 10
12667.98691377579
 20
9602.35313467111
 30
101.6192103473988
 40
24.0
  0
CIRCLE
  5
184
330
B9
100
AcDbEntity
  8
ST
  6
BYBLOCK
100
AcDbCircle
 10
12128.01302381302
 20
9363.780062178848
 30
127.0240129342485
 40
24.0
  0
CIRCLE
  5
185
330
B9
100
AcDbEntity
  8
ST
  6
BYBLOCK
100
AcDbCircle
 10
12128.01302381302
 20
9595.627465917729
 30
127.0240129342485
 40
24.0
  0
CIRCLE
  5
186
330
B9
100
AcDbEntity
  8
ST
  6
BYBLOCK
100
AcDbCircle
 10
11588.03913385025
 20
9365.05377932114
 30
152.4288155210982
 40
24.0
  0
CIRCLE
  5
187
330
B9
100
AcDbEntity
  8
ST
  6
BYBLOCK
100
AcDbCircle
 10
11588.03913385025
 20
9596.901183060021
 30
152.4288155210982
 40
24.0
  0
LINE
  5
188
330
B9
100
AcDbEntity
  8
DIM_
100
AcDbLine
 10
5732.153940170305
 20
1920.107948504505
 30
0.0
 11
5456.775848908117
 21
1440.046507870313
 31
25.4048025868497
  0
LINE
  5
189
330
B9
100
AcDbEntity
  8
DIM_
100
AcDbLine
 10
5294.668619991979
 20
1612.381906832336
 30
0.0
 11
5887.650455767987
 21
1741.658732680371
 31
25.4048025868497
  0
LEADER
  5
18A
330
B9
100
AcDbEntity
  8
DIM_
100
AcDbLeader
  3
DIM_AS
 76
     2
 10
4725.352872991469
 20
597.075079017668
 30
0.0
 10
5472.155246124137
 20
597.075079017668
 30
0.0
211
-1.0
221
0.0
231
0.0
1001
ACAD
1000
DSTYLE
1002
{
1070
     5
1000
OPEN
1070
   147
1040
50.0
1070
    77
1070
     0
1070
    49
1040
2.0
1070
   290
1070
     1
1002
}
  0
LINE
  5
18B
330
B9
100
AcDbEntity
  8
H
 48
100.0
100
AcDbLine
 10
4035.352872991469
 20
1350.000087644788
 30
0.0
 11
4725.352872991469
 21
1350.000087644788
 31
0.0
  0
CIRCLE
  5
18C
330
B9
100
AcDbEntity
  8
ST
  6
BYBLOCK
100
AcDbCircle
 10
5887.650455767987
 20
1741.658732680371
 30
25.4048025868497
 40
24.0
  0
CIRCLE
  5
18D
330
B9
100
AcDbEntity
  8
ST
  6
BYBLOCK
100
AcDbCircle
 10
5725.543226851849
 20
1913.994131642394
 30
0.0
 40
24.0
  0
CIRCLE
  5
18E
330
B9
100
AcDbEntity
  8
ST
  6
BYBLOCK
100
AcDbCircle
 10
5456.775848908117
 20
1440.046507870313
 30
25.4048025868497
 40
24.0
  0
CIRCLE
  5
18F
330
B9
100
AcDbEntity
  8
ST
  6
BYBLOCK
100
AcDbCircle
 10
5294.668619991979
 20
1612.381906832336
 30
0.0
 40
24.0
  0
LINE
  5
190
330
B9
100
AcDbEntity
  8
ST
  6
BYBLOCK
100
AcDbLine
 10
16588.21485979506
 20
9834.910306294565
 30
0.0
 11
16588.21485979506
 21
9357.57499589282
 31
0.0
  0
LINE
  5
191
330
B9
100
AcDbEntity
  8
ST
  6
BYBLOCK
100
AcDbLine
 10
16645.19699415634
 20
6494.151608993649
 30
0.0
 11
16645.19699415681
 21
6200.232078331406
 31
0.0
  0
LINE
  5
192
330
B9
100
AcDbEntity
  8
ST
  6
BYBLOCK
100
AcDbLine
 10
16588.21485979552
 20
6449.730057645007
 30
0.0
 11
16588.21485979552
 21
6255.848566295812
 31
0.0
  0
LWPOLYLINE
  5
193
330
B9
100
AcDbEntity
  8
H
 48
100.0
100
AcDbPolyline
 90
        2
 70
     0
 43
0.0
 10
16275.35287278029
 20
11051.72651724168
 10
16275.35287278029
 20
9701.726517241681
  0
LWPOLYLINE
  5
194
330
B9
100
AcDbEntity
  8
H
 48
100.0
100
AcDbPolyline
 90
        4
 70
     0
 43
0.0
 10
16275.35287278029
 20
9251.726517241681
 10
16725.35287278029
 20
9251.726517241681
 10
16725.35287278029
 20
11051.72651724168
 10
16275.35287278029
 20
11051.72651724168
  0
TEXT
  5
195
330
B9
100
AcDbEntity
  8
TXT1
100
AcDbText
 10
16878.48789803102
 20
9882.946420451975
 30
0.0
 40
200.0
  1
(150X600)
  7
ROMANS
100
AcDbText
1001
ACDBBLOCKREPETAG
1000

  0
TEXT
  5
196
330
B9
100
AcDbEntity
  8
TXT1
100
AcDbText
 10
17490.11814393033
 20
10171.82060633495
 30
0.0
 40
200.0
  1
MB
  7
ROMANS
100
AcDbText
1001
ACDBBLOCKREPETAG
1000

  0
LEADER
  5
197
330
B9
100
AcDbEntity
  8
DIM_
  6
BYBLOCK
100
AcDbLeader
  3
DIM_AS
 76
     2
 10
16742.1207772966
 20
10320.38573427231
 30
0.0
 10
17454.08724711812
 20
10320.38573427231
 30
0.0
1001
ACAD
1000
DSTYLE
1002
{
1070
     5
1000
OPEN
1002
}
  0
LINE
  5
198
330
B9
100
AcDbEntity
  8
ST
  6
BYBLOCK
100
AcDbLine
 10
16519.26247077808
 20
9393.6005079085
 30
0.0
 11
16519.26247077808
 21
9625.878038590658
 31
0.0
  0
LWPOLYLINE
  5
199
330
B9
100
AcDbEntity
  8
H
 48
100.0
100
AcDbPolyline
 90
        3
 70
     0
 43
0.0
 10
5475.352872970281
 20
1875.000087644788
 10
4725.352872991469
 20
1875.000087644788
 10
4725.352872991469
 20
1350.000087644788
  0
CIRCLE
  5
19A
330
B9
100
AcDbEntity
  8
ST
  6
BYBLOCK
100
AcDbCircle
 10
5025.901242048247
 20
1138.434283060255
 30
25.4048025868497
 40
24.0
  0
CIRCLE
  5
19B
330
B9
100
AcDbEntity
  8
ST
  6
BYBLOCK
100
AcDbCircle
 10
4863.794013132108
 20
1310.769682022277
 30
0.0
 40
24.0
  0
LINE
  5
19C
330
B9
100
AcDbEntity
  8
ST
  6
BYBLOCK
100
AcDbLine
 10
5824.902448319132
 20
2024.893367476587
 30
0.0
 11
5963.958702767966
 21
2024.893367476587
 31
0.0
  0
DIMENSION
  5
19D
102
{ACAD_REACTORS
330
19F
102
}
102
{ACAD_XDICTIONARY
360
19E
102
}
330
B9
100
AcDbEntity
  8
DIM_
  6
BYBLOCK
100
AcDbDimension
  2
*D17
 10
8773.355556109978
 20
3634.306963194198
 30
0.0
 11
8127.344243429019
 21
4345.960388887179
 31
0.0
 70
   129
  1
140
  3
DIM_AS
100
AcDbAlignedDimension
 13
8475.35287288588
 23
3975.000087644759
 33
0.0
 14
8773.355556110037
 24
3634.306963194249
 34
0.0
  0
LEADER
  5
1AA
330
B9
100
AcDbEntity
  8
DIM_
  6
BYBLOCK
100
AcDbLeader
  3
DIM_AS
 76
     3
 10
11631.04866507836
 20
5912.293252545875
 30
12.626414799216
 10
11740.0813410664
 20
5469.237566568656
 30
12.626414799216
 10
12132.53939781431
 20
5469.237566568656
 30
12.626414799216
1001
ACAD
1000
DSTYLE
1002
{
1070
     5
1000
OPEN
1002
}
  0
LINE
  5
1AB
330
B9
100
AcDbEntity
  8
ST
  6
BYBLOCK
100
AcDbLine
 10
11034.39938472933
 20
5673.747778682155
 30
0.0
 11
11034.39938472933
 21
5545.162083254312
 31
0.0
  0
LINE
  5
1AC
330
B9
100
AcDbEntity
  8
ST
  6
BYBLOCK
100
AcDbLine
 10
11235.81177022355
 20
5857.898015636252
 30
0.0
 11
12247.00215900643
 21
6565.802716041799
 31
0.0
  0
LINE
  5
1AD
330
B9
100
AcDbEntity
  8
ST
  6
BYBLOCK
100
AcDbLine
 10
13764.23181973444
 20
6567.610668703332
 30
0.0
 11
12252.73717081151
 21
6567.610668703332
 31
0.0
  0
ARC
  5
1AE
330
B9
100
AcDbEntity
  8
ST
  6
BYBLOCK
100
AcDbCircle
 10
12252.73717081151
 20
6557.610668703332
 30
0.0
 40
10.0
100
AcDbArc
 50
90.0
 51
124.994736377201
  0
LEADER
  5
1AF
330
B9
100
AcDbEntity
  8
DIM_
  6
BYBLOCK
100
AcDbLeader
  3
DIM_AS
 76
     3
 10
12456.55102629145
 20
6567.610668703332
 30
0.0
 10
12456.55102629145
 20
7410.526910377666
 30
0.0
 10
11983.53639701032
 20
7410.526910377666
 30
0.0
1001
ACAD
1000
DSTYLE
1002
{
1070
     5
1000
OPEN
1002
}
  0
TEXT
  5
1B0
330
B9
100
AcDbEntity
  8
TXT1
100
AcDbText
 10
10084.65659022518
 20
7301.996286152862
 30
63.51200646712423
 40
200.0
  1
#10@200C/C
  7
ROMANS
100
AcDbText
1001
ACDBBLOCKREPETAG
1000

  0
DIMENSION
  5
1B1
102
{ACAD_REACTORS
330
1B3
102
}
102
{ACAD_XDICTIONARY
360
1B2
102
}
330
B9
100
AcDbEntity
  8
DIM_
  6
BYBLOCK
100
AcDbDimension
  2
*D19
 10
15641.10617544246
 20
6600.000087644766
 30
0.0
 11
15727.7925251713
 21
6961.571880643874
 31
0.0
 70
   128
  1
140
  3
DIM_AS
100
AcDbAlignedDimension
 13
15687.33882910153
 23
6150.000087644824
 33
0.0
 14
15687.33882910153
 24
6600.000087644766
 34
0.0
 50
90.0
100
AcDbRotatedDimension
  0
DIMENSION
  5
1C0
330
B9
100
AcDbEntity
  8
DIM_
  6
BYBLOCK
100
AcDbDimension
  2
*D15
 10
15641.10617544246
 20
9701.726517241565
 30
0.0
 11
15727.7925251713
 21
10063.29831024067
 31
0.0
 70
   128
  1
140
  3
DIM_AS
100
AcDbAlignedDimension
 13
15687.33882910153
 23
9251.726517241623
 33
0.0
 14
15687.33882910153
 24
9701.726517241565
 34
0.0
 50
90.0
100
AcDbRotatedDimension
  0
LWPOLYLINE
  5
1CD
330
B9
100
AcDbEntity
  8
H
 48
100.0
100
AcDbPolyline
 90
        3
 70
     0
 43
0.0
 10
4725.352872991934
 20
14426.72651724191
 10
4725.352872991702
 20
14951.72651724191
 10
3975.352873013122
 20
14951.72651724191
  0
LINE
  5
1CE
330
B9
100
AcDbEntity
  8
H
100
AcDbLine
 10
3975.352873013122
 20
14951.72651724191
 30
0.0
 11
689.9995925209951
 21
14951.72651724191
 31
0.0
  0
LINE
  5
1CF
330
B9
100
AcDbEntity
  8
ST
  6
BYBLOCK
100
AcDbLine
 10
3295.848473491846
 20
14875.87803859072
 30
0.0
 11
171.0045386790298
 21
14875.87803859072
 31
0.0
  0
ARC
  5
1D0
330
B9
100
AcDbEntity
  8
ST
  6
BYBLOCK
100
AcDbCircle
 10
3295.848473491846
 20
14865.87803859072
 30
0.0
 40
10.0
100
AcDbArc
 50
55.00797979652341
 51
90.0
  0
LINE
  5
1D1
330
B9
100
AcDbEntity
  8
H
100
AcDbLine
 10
3698.086550688604
 20
14501.72651724191
 30
0.0
 11
689.9995925209951
 21
14501.72651724191
 31
0.0
  0
ARC
  5
1D2
330
B9
100
AcDbEntity
  8
H
100
AcDbCircle
 10
3698.086550688604
 20
14491.72651724191
 30
0.0
 40
10.0
100
AcDbArc
 50
55.00797979652341
 51
90.0
  0
LINE
  5
1D3
330
B9
100
AcDbEntity
  8
ST
  6
BYBLOCK
100
AcDbLine
 10
4372.035559283802
 20
14577.57499589311
 30
0.0
 11
302.8551299758255
 21
14577.57499589311
 31
0.0
  0
LWPOLYLINE
  5
1D4
330
B9
100
AcDbEntity
  8
H
100
AcDbPolyline
 90
        5
 70
     0
 43
0.0
 10
689.9995925209951
 20
14501.72651724191
 10
689.9995925209951
 20
13601.72651724191
 10
-0.0004074790049344
 20
13601.72651724191
 10
-0.0004074790049344
 20
14951.72651724191
 10
689.9995925209951
 20
14951.72651724191
  0
CIRCLE
  5
1D5
330
B9
100
AcDbEntity
  8
ST
  6
BYBLOCK
100
AcDbCircle
 10
4375.229069445282
 20
14154.38592679921
 30
76.2144077605491
 40
24.0
  0
CIRCLE
  5
1D6
330
B9
100
AcDbEntity
  8
ST
  6
BYBLOCK
100
AcDbCircle
 10
4602.13372744224
 20
14361.52480923577
 30
0.0
 40
24.0
  0
LINE
  5
1D7
330
B9
100
AcDbEntity
  8
ST
  6
BYBLOCK
100
AcDbLine
 10
161.0045386790298
 20
14368.59243981831
 30
0.0
 11
161.0045386790298
 21
14865.87803859072
 31
0.0
  0
ARC
  5
1D8
330
B9
100
AcDbEntity
  8
ST
  6
BYBLOCK
100
AcDbCircle
 10
171.0045386790298
 20
14865.87803859072
 30
0.0
 40
10.0
100
AcDbArc
 50
90.0
 51
180.0
  0
LINE
  5
1D9
330
B9
100
AcDbEntity
  8
ST
  6
BYBLOCK
100
AcDbLine
 10
292.8551299758255
 20
14728.78750524251
 30
0.0
 11
292.8551299758255
 21
14587.57499589311
 31
0.0
  0
ARC
  5
1DA
330
B9
100
AcDbEntity
  8
ST
  6
BYBLOCK
100
AcDbCircle
 10
302.8551299758255
 20
14587.57499589311
 30
0.0
 40
10.0
100
AcDbArc
 50
180.0
 51
270.0
  0
CIRCLE
  5
1DB
330
B9
100
AcDbEntity
  8
ST
  6
BYBLOCK
100
AcDbCircle
 10
2374.925306989346
 20
14609.9589107522
 30
50.80960517369939
 40
24.0
  0
CIRCLE
  5
1DC
330
B9
100
AcDbEntity
  8
ST
  6
BYBLOCK
100
AcDbCircle
 10
2374.925306989346
 20
14849.80570038676
 30
50.80960517369939
 40
24.0
  0
CIRCLE
  5
1DD
330
B9
100
AcDbEntity
  8
ST
  6
BYBLOCK
100
AcDbCircle
 10
1834.951417026576
 20
14611.2326278945
 30
76.2144077605491
 40
24.0
  0
CIRCLE
  5
1DE
330
B9
100
AcDbEntity
  8
ST
  6
BYBLOCK
100
AcDbCircle
 10
1834.951417026576
 20
14851.07941752905
 30
76.2144077605491
 40
24.0
  0
CIRCLE
  5
1DF
330
B9
100
AcDbEntity
  8
ST
  6
BYBLOCK
100
AcDbCircle
 10
1294.977527063806
 20
14612.50634503679
 30
101.6192103473988
 40
24.0
  0
CIRCLE
  5
1E0
330
B9
100
AcDbEntity
  8
ST
  6
BYBLOCK
100
AcDbCircle
 10
1294.977527063806
 20
14852.35313467134
 30
101.6192103473988
 40
24.0
  0
CIRCLE
  5
1E1
330
B9
100
AcDbEntity
  8
ST
  6
BYBLOCK
100
AcDbCircle
 10
755.0036371010356
 20
14613.78006217908
 30
127.0240129342485
 40
24.0
  0
CIRCLE
  5
1E2
330
B9
100
AcDbEntity
  8
ST
  6
BYBLOCK
100
AcDbCircle
 10
755.0036371010356
 20
14845.62746591796
 30
127.0240129342485
 40
24.0
  0
CIRCLE
  5
1E3
330
B9
100
AcDbEntity
  8
ST
  6
BYBLOCK
100
AcDbCircle
 10
2914.899196952116
 20
14608.68519360991
 30
25.40480258684968
 40
24.0
  0
CIRCLE
  5
1E4
330
B9
100
AcDbEntity
  8
ST
  6
BYBLOCK
100
AcDbCircle
 10
2914.899196952116
 20
14848.53198324447
 30
25.40480258684968
 40
24.0
  0
LINE
  5
1E5
330
B9
100
AcDbEntity
  8
DIM_
  6
BYBLOCK
100
AcDbLine
 10
2368.231872385833
 20
14848.19701269432
 30
63.51200646712422
 11
2914.899196952116
 21
14608.68519360991
 31
25.40480258684968
  0
LINE
  5
1E6
330
B9
100
AcDbEntity
  8
DIM_
  6
BYBLOCK
100
AcDbLine
 10
2374.925306989346
 20
14609.9589107522
 30
50.80960517369937
 11
2908.205762348138
 21
14846.92329555203
 31
25.40480258684968
  0
TEXT
  5
1E7
330
B9
100
AcDbEntity
  8
TXT1
100
AcDbText
 10
513.9447931521572
 20
15608.03072269564
 30
114.3216116408236
 40
200.0
  1
#8@175C/C
  7
ROMANS
100
AcDbText
1001
ACDBBLOCKREPETAG
1000

  0
TEXT
  5
1E8
330
B9
100
AcDbEntity
  8
TXT1
100
AcDbText
 10
518.7973624463193
 20
15225.74214804918
 30
114.3216116408236
 40
200.0
  1
#10@100C/C
  7
ROMANS
100
AcDbText
1001
ACDBBLOCKREPETAG
1000

  0
LEADER
  5
1E9
330
B9
100
AcDbEntity
  8
DIM_
  6
BYBLOCK
100
AcDbLeader
  3
DIM_AS
 76
     3
 10
2663.104089380708
 20
14741.21801819338
 30
114.3216116408236
 10
2663.104008543771
 20
15753.65096793987
 30
114.3216116408236
 10
2379.217891544104
 20
15753.65096793987
 30
114.3216116408236
1001
ACAD
1000
DSTYLE
1002
{
1070
     5
1000
OPEN
1002
}
  0
LEADER
  5
1EA
330
B9
100
AcDbEntity
  8
DIM_
100
AcDbLeader
  3
DIM_AS
 76
     3
 10
2602.579950293526
 20
14875.87803859031
 30
114.3216116408236
 10
2602.57995029306
 20
15341.56626818376
 30
114.3216116408236
 10
2530.573022106197
 20
15341.56626818376
 30
114.3216116408236
1001
ACAD
1000
DSTYLE
1002
{
1070
     5
1000
OPEN
1070
    49
1040
0.065
1002
}
  0
LINE
  5
1EB
330
B9
100
AcDbEntity
  8
ST
  6
BYBLOCK
100
AcDbLine
 10
5336.601008155383
 20
13902.1376509745
 30
0.0
 11
5336.601008155383
 21
13794.28340832924
 31
0.0
  0
LINE
  5
1EC
330
B9
100
AcDbEntity
  8
DIM_
  6
BYBLOCK
100
AcDbLine
 10
4375.229069445282
 20
14154.38592679921
 30
76.2144077605491
 11
5074.519975830335
 21
14031.08197166887
 31
0.0
  0
LINE
  5
1ED
330
B9
100
AcDbEntity
  8
DIM_
  6
BYBLOCK
100
AcDbLine
 10
4847.615317833377
 20
13823.94308923231
 30
76.2144077605491
 11
4602.13372744224
 21
14361.52480923577
 31
0.0
  0
LEADER
  5
1EE
330
B9
100
AcDbEntity
  8
DIM_
100
AcDbLeader
  3
DIM_AS
 76
     3
 10
4730.611434991471
 20
14105.03152673785
 30
38.10720388027455
 10
4535.065490199719
 20
13685.8615510785
 30
38.10720388027455
 10
4104.414379669819
 20
13685.8615510785
 30
38.10720388027455
1001
ACAD
1000
DSTYLE
1002
{
1070
     5
1000
OPEN
1070
    49
1040
0.065
1002
}
  0
LINE
  5
1EF
330
B9
100
AcDbEntity
  8
ST
  6
BYBLOCK
100
AcDbLine
 10
2518.005017526681
 20
14917.32939663588
 30
0.0
 11
3905.770464762114
 21
14917.32939663588
 31
0.0
  0
ARC
  5
1F0
330
B9
100
AcDbEntity
  8
ST
  6
BYBLOCK
100
AcDbCircle
 10
3905.770464762114
 20
14907.32939663588
 30
0.0
 40
10.0
100
AcDbArc
 50
56.15491366021928
 51
90.0
  0
LINE
  5
1F1
330
B9
100
AcDbEntity
  8
ST
  6
BYBLOCK
100
AcDbLine
 10
5143.721066565951
 20
14089.222506413
 30
0.0
 11
3911.339958252152
 21
14915.63486123836
 31
0.0
  0
LEADER
  5
1F2
330
B9
100
AcDbEntity
  8
DIM_
  6
BYBLOCK
100
AcDbLeader
  3
DIM_AS
 76
     3
 10
3645.51737513137
 20
14917.32939663588
 30
0.0
 10
3645.51737513137
 20
15764.4818305996
 30
0.0
 10
4323.613506557187
 20
15764.4818305996
 30
0.0
1001
ACAD
1000
DSTYLE
1002
{
1070
     5
1000
OPEN
1002
}
  0
TEXT
  5
1F3
330
B9
100
AcDbEntity
  8
TXT1
100
AcDbText
 10
4333.190375364386
 20
15662.72350223246
 30
114.3216116408236
 40
200.0
  1
#10@200C/C
  7
ROMANS
100
AcDbText
1001
ACDBBLOCKREPETAG
1000

  0
DIMENSION
  5
1F4
102
{ACAD_REACTORS
330
1F6
102
}
102
{ACAD_XDICTIONARY
360
1F5
102
}
330
B9
100
AcDbEntity
  8
DIM_
  6
BYBLOCK
100
AcDbDimension
  2
*D18
 10
8155.291241866251
 20
11383.88978894573
 30
0.0
 11
8803.981734185236
 21
12178.46857019281
 31
0.0
 70
   129
  1
140
  3
DIM_AS
100
AcDbAlignedDimension
 13
8475.35287288645
 23
11801.72651724145
 33
0.0
 14
8173.798571533744
 24
11370.93465817813
 34
0.0
  0
DIMENSION
  5
203
330
B9
100
AcDbEntity
  8
DIM_
  6
BYBLOCK
100
AcDbDimension
  2
*D16
 10
3196.833944605431
 20
14951.72651724186
 30
0.0
 11
3283.520294334274
 21
15313.29831024096
 31
0.0
 70
   128
  1
140
  3
DIM_AS
100
AcDbAlignedDimension
 13
3243.0665982645
 23
14501.72651724191
 33
0.0
 14
3243.0665982645
 24
14951.72651724186
 34
0.0
 50
90.0
100
AcDbRotatedDimension
  0
ENDBLK
  5
210
330
B9
100
AcDbEntity
  8
0
100
AcDbBlockEnd
  0
BLOCK
  5
277
330
274
100
AcDbEntity
  8
0
100
AcDbBlockBegin
  2
A$C78EB681D
 70
     0
 10
0.0
 20
0.0
 30
0.0
  3
A$C78EB681D
  1

  0
TEXT
  5
278
330
274
100
AcDbEntity
  8
TEXT_SCH
100
AcDbText
 10
6901.070497400593
 20
4776.545352642774
 30
0.0
 40
157.5
  1
CURTAIL(0.66XL)
  7
D1
100
AcDbText
  0
LINE
  5
27B
330
274
100
AcDbEntity
  8
TABLE
100
AcDbLine
 10
-0.0003901487216353
 20
6302.1146819063
 30
0.0
 11
-0.0003899438306689
 21
-0.0001048375852406
 31
0.0
  0
TEXT
  5
27C
330
274
100
AcDbEntity
  8
TEXT_SCH
100
AcDbText
 10
15860.68874166207
 20
5262.022798544494
 30
0.0
 40
225.0
  1
RINGS
  7
D1
100
AcDbText
  0
TEXT
  5
27D
330
274
100
AcDbEntity
  8
TEXT_SCH
100
AcDbText
 10
16828.4574359348
 20
4680.867978100665
 30
0.0
 40
225.0
  1
SHEAR
  7
D1
100
AcDbText
  0
TEXT
  5
27E
330
274
100
AcDbEntity
  8
TEXT_SCH
100
AcDbText
 10
12421.85569285508
 20
4900.947379179415
 30
0.0
 40
180.0
  1
OVER END
  7
D1
100
AcDbText
  0
TEXT
  5
27F
330
274
100
AcDbEntity
  8
TEXT_SCH
100
AcDbText
 10
12494.02422480704
 20
4608.627562708803
 30
0.0
 40
180.0
  1
SUPPORT
  7
D1
100
AcDbText
  0
TEXT
  5
280
330
274
100
AcDbEntity
  8
TEXT_SCH
100
AcDbText
 10
10538.89986615814
 20
4900.947379179415
 30
0.0
 40
180.0
  1
OVER CONTI.
  7
D1
100
AcDbText
  0
TEXT
  5
281
330
274
100
AcDbEntity
  8
TEXT_SCH
100
AcDbText
 10
10740.93592044059
 20
4604.533164122258
 30
0.0
 40
180.0
  1
SUPPORT
  7
D1
100
AcDbText
  0
TEXT
  5
282
330
274
100
AcDbEntity
  8
TEXT_SCH
100
AcDbText
 10
14191.63330544718
 20
4680.867978100665
 30
0.0
 40
225.0
  1
NOMINAL
  7
D1
100
AcDbText
  0
LINE
  5
283
330
274
100
AcDbEntity
  8
TABLE
100
AcDbLine
 10
10530.75056790141
 20
5134.562658140669
 30
0.0
 11
10530.75056791911
 21
-0.0001044269884005
 31
0.0
  0
LINE
  5
284
330
274
100
AcDbEntity
  8
TABLE
100
AcDbLine
 10
12283.83887238381
 20
5134.562658140669
 30
0.0
 11
12283.83887232002
 21
-0.0001043587108143
 31
0.0
  0
LINE
  5
285
330
274
100
AcDbEntity
  8
TABLE
100
AcDbLine
 10
16532.41949946759
 20
5205.765383032733
 30
0.0
 11
16532.41949948575
 21
-0.0001041930518113
 31
0.0
  0
LINE
  5
286
330
274
100
AcDbEntity
  8
TABLE
100
AcDbLine
 10
14036.92717692349
 20
5718.335091894958
 30
0.0
 11
14036.92717688391
 21
-0.0001042903168127
 31
0.0
  0
TEXT
  5
287
330
274
100
AcDbEntity
  8
TEXT_SCH
100
AcDbText
 10
5078.087149588857
 20
4682.911431200569
 30
0.0
 40
225.0
  1
STRIGHT
  7
D1
100
AcDbText
  0
TEXT
  5
288
330
274
100
AcDbEntity
  8
TEXT_SCH
100
AcDbText
 10
5788.354311539326
 20
5293.092692381819
 30
0.0
 40
225.0
  1
BOTTOM STEEL
  7
D1
100
AcDbText
  0
LINE
  5
289
330
274
100
AcDbEntity
  8
TABLE
100
AcDbLine
 10
4748.650190647226
 20
5718.335091894958
 30
0.0
 11
4748.650190360378
 21
-0.0001046524266712
 31
0.0
  0
LINE
  5
28A
330
274
100
AcDbEntity
  8
TABLE
100
AcDbLine
 10
8876.706623988692
 20
5718.335091894958
 30
0.0
 11
8876.706623890903
 21
-0.0001044915406965
 31
0.0
  0
LINE
  5
28B
330
274
100
AcDbEntity
  8
TABLE
100
AcDbLine
 10
2794.061790447216
 20
5718.335091894958
 30
0.0
 11
2794.06179030519
 21
-0.0001047286204994
 31
0.0
  0
LINE
  5
28C
330
274
100
AcDbEntity
  8
TABLE
100
AcDbLine
 10
4748.650190647226
 20
5134.562658140669
 30
0.0
 11
19194.87174915383
 21
5134.56265847676
 31
0.0
  0
TEXT
  5
28D
330
274
100
AcDbEntity
  8
TEXT_SCH
100
AcDbText
 10
9082.12802145211
 20
4682.911431200569
 30
0.0
 40
180.0
  1
MID SPAN
  7
D1
100
AcDbText
  0
TEXT
  5
28E
330
274
100
AcDbEntity
  8
TEXT_SCH
100
AcDbText
 10
9676.499792892952
 20
5302.49820352206
 30
0.0
 40
225.0
  1
TOP STEEL
  7
D1
100
AcDbText
  0
LINE
  5
28F
330
274
100
AcDbEntity
  8
TABLE
100
AcDbLine
 10
-0.0003901487216353
 20
5718.33509094175
 30
0.0
 11
23194.36948293541
 21
5718.335091845831
 31
0.0
  0
LINE
  5
290
330
274
100
AcDbEntity
  8
TABLE
100
AcDbLine
 10
-0.0003901487216353
 20
6302.1146819063
 30
0.0
 11
23194.3694829247
 21
6302.114682870219
 31
0.0
  0
LINE
  5
291
330
274
100
AcDbEntity
  8
TABLE
100
AcDbLine
 10
-0.0003901487216353
 20
4550.790223483811
 30
0.0
 11
23194.3694829559
 21
4550.790224388009
 31
0.0
  0
LINE
  5
292
330
274
100
AcDbEntity
  8
TABLE
100
AcDbLine
 10
-0.0003901487216353
 20
3792.325168733369
 30
0.0
 11
23194.36948296893
 21
3792.325169637392
 31
0.0
  0
LINE
  5
293
330
274
100
AcDbEntity
  8
TABLE
100
AcDbLine
 10
-0.0003901487216353
 20
2275.395059294067
 30
0.0
 11
23194.36948299594
 21
2275.395060198149
 31
0.0
  0
LINE
  5
294
330
274
100
AcDbEntity
  8
TABLE
100
AcDbLine
 10
-0.0003901487216353
 20
1516.930004543392
 30
0.0
 11
23194.36948300898
 21
1516.930005447881
 31
0.0
  0
LINE
  5
295
330
274
100
AcDbEntity
  8
TABLE
100
AcDbLine
 10
-0.0003900923766196
 20
758.4649498511571
 30
0.0
 11
23194.36948302248
 21
758.4649507552385
 31
0.0
  0
LINE
  5
296
330
274
100
AcDbEntity
  8
TABLE
100
AcDbLine
 10
-0.0003900923766196
 20
-0.0001048375852406
 30
0.0
 11
23194.36948303599
 21
-0.0001039333292283
 31
0.0
  0
LINE
  5
297
330
274
100
AcDbEntity
  8
TABLE
100
AcDbLine
 10
6812.678407287691
 20
5134.562658140669
 30
0.0
 11
6812.678407264408
 21
-0.0001045719836839
 31
0.0
  0
TEXT
  5
298
330
274
100
AcDbEntity
  8
TEXT_SCH
100
AcDbText
 10
86.8082547262311
 20
5907.478251103079
 30
0.0
 40
250.0
  1
SCHEDULE OF BEAMS AT GROUND FLOOR LEVEL
  7
ROMANC
100
AcDbText
  0
LINE
  5
299
330
274
100
AcDbEntity
  8
TABLE
100
AcDbLine
 10
23194.3694829247
 20
6302.114682868531
 30
0.0
 11
23194.36948303599
 21
-0.0001039333292283
 31
0.0
  0
TEXT
  5
29A
330
274
100
AcDbEntity
  8
TEXT_SCH
100
AcDbText
 10
19740.60800413229
 20
5309.841253822087
 30
0.0
 40
225.0
  1
REMARK
  7
D1
100
AcDbText
  0
LINE
  5
29B
330
274
100
AcDbEntity
  8
TABLE
100
AcDbLine
 10
19194.87174914032
 20
5718.335091774934
 30
0.0
 11
19194.87174927257
 21
-0.0001040892675519
 31
0.0
  0
TEXT
  5
29C
330
274
100
AcDbEntity
  8
TEXT_SCH
100
AcDbText
 10
72.07440417772159
 20
4962.224707252812
 30
0.0
 40
225.0
  1
BEAM NO.
  7
D1
100
AcDbText
  0
TEXT
  5
29D
330
274
100
AcDbEntity
  8
TEXT_SCH
100
AcDbText
 10
2908.018170675728
 20
4962.22470746038
 30
0.0
 40
225.0
  1
SIZE
  7
D1
100
AcDbText
  0
LINE
  5
29E
330
274
100
AcDbEntity
  8
TABLE
100
AcDbLine
 10
-0.0003901273012161
 20
3033.860113982693
 30
0.0
 11
23194.3694829829
 21
3033.860114887008
 31
0.0
  0
TEXT
  5
29F
330
274
100
AcDbEntity
  8
TEXT_SCH
100
AcDbText
 10
14119.02221249044
 20
4112.022025071201
 30
0.0
 40
200.0
  1
#8@150C/C
  7
ROMANS
100
AcDbText
  0
TEXT
  5
2A0
330
274
100
AcDbEntity
  8
TEXT_SCH
100
AcDbText
 10
4879.94585349923
 20
4084.575358323054
 30
0.0
 40
200.0
  1
3-#12
  7
ROMANS
100
AcDbText
  0
TEXT
  5
2A1
330
274
100
AcDbEntity
  8
TEXT_SCH
100
AcDbText
 10
2893.367599922698
 20
4095.465017920942
 30
0.0
 40
200.0
  1
230X450
  7
ROMANS
100
AcDbText
  0
TEXT
  5
2A2
330
274
100
AcDbEntity
  8
TEXT_SCH
100
AcDbText
 10
10662.04623104818
 20
4084.575358129805
 30
0.0
 40
200.0
  1
2-#12
  7
ROMANS
100
AcDbText
  0
TEXT
  5
2A3
330
274
100
AcDbEntity
  8
TEXT_SCH
100
AcDbText
 10
6943.974070196506
 20
4084.575358313858
 30
0.0
 40
200.0
  1
----
  7
ROMANS
100
AcDbText
  0
TEXT
  5
2A4
330
274
100
AcDbEntity
  8
TEXT_SCH
100
AcDbText
 10
69.87099028239027
 20
2580.337188907084
 30
0.0
 40
200.0
  1
GB4,5
  7
ROMANS
100
AcDbText
  0
TEXT
  5
2A5
330
274
100
AcDbEntity
  8
TEXT_SCH
100
AcDbText
 10
14119.02221254259
 20
2595.091915631783
 30
0.0
 40
200.0
  1
#8@150C/C
  7
ROMANS
100
AcDbText
  0
TEXT
  5
2A6
330
274
100
AcDbEntity
  8
TEXT_SCH
100
AcDbText
 10
4879.945853552315
 20
2567.645248883637
 30
0.0
 40
200.0
  1
3-#12
  7
ROMANS
100
AcDbText
  0
TEXT
  5
2A7
330
274
100
AcDbEntity
  8
TEXT_SCH
100
AcDbText
 10
2893.367599975783
 20
2578.534908481524
 30
0.0
 40
200.0
  1
230X450
  7
ROMANS
100
AcDbText
  0
TEXT
  5
2A8
330
274
100
AcDbEntity
  8
TEXT_SCH
100
AcDbText
 10
9008.002286862582
 20
2567.645248688641
 30
0.0
 40
200.0
  1
2-#12
  7
ROMANS
100
AcDbText
  0
TEXT
  5
2A9
330
274
100
AcDbEntity
  8
TEXT_SCH
100
AcDbText
 10
69.8709904323332
 20
1821.872134214267
 30
0.0
 40
200.0
  1
GB6,9
  7
ROMANS
100
AcDbText
  0
TEXT
  5
2AA
330
274
100
AcDbEntity
  8
TEXT_SCH
100
AcDbText
 10
14119.02221273165
 20
319.696751557989
 30
0.0
 40
200.0
  1
#8@125C/C
  7
ROMANS
100
AcDbText
  0
TEXT
  5
2AB
330
274
100
AcDbEntity
  8
TEXT_SCH
100
AcDbText
 10
4879.945853741374
 20
292.2500848098425
 30
0.0
 40
200.0
  1
2-#16
  7
ROMANS
100
AcDbText
  0
TEXT
  5
2AC
330
274
100
AcDbEntity
  8
TEXT_SCH
100
AcDbText
 10
2893.367600163911
 20
303.1397444077302
 30
0.0
 40
200.0
  1
230X600
  7
ROMANS
100
AcDbText
  0
TEXT
  5
2AD
330
274
100
AcDbEntity
  8
TEXT_SCH
100
AcDbText
 10
69.87099033454433
 20
1063.407079525758
 30
0.0
 40
200.0
  1
MB
  7
ROMANS
100
AcDbText
  0
TEXT
  5
2AE
330
274
100
AcDbEntity
  8
TEXT_SCH
100
AcDbText
 10
14119.02221259661
 20
1078.161806250806
 30
0.0
 40
200.0
  1
#8@150C/C
  7
ROMANS
100
AcDbText
  0
TEXT
  5
2AF
330
274
100
AcDbEntity
  8
TEXT_SCH
100
AcDbText
 10
4879.945853604004
 20
1050.715139502659
 30
0.0
 40
200.0
  1
4-#12
  7
ROMANS
100
AcDbText
  0
TEXT
  5
2B0
330
274
100
AcDbEntity
  8
TEXT_SCH
100
AcDbText
 10
2893.367600028869
 20
1061.604799100431
 30
0.0
 40
200.0
  1
150X600
  7
ROMANS
100
AcDbText
  0
TEXT
  5
2B1
330
274
100
AcDbEntity
  8
TEXT_SCH
100
AcDbText
 10
9008.002286916133
 20
1050.715139307664
 30
0.0
 40
200.0
  1
2-#12
  7
ROMANS
100
AcDbText
  0
TEXT
  5
2B2
330
274
100
AcDbEntity
  8
TEXT_SCH
100
AcDbText
 10
69.87099050870165
 20
304.9420247753151
 30
0.0
 40
200.0
  1
MBR
  7
ROMANS
100
AcDbText
  0
TEXT
  5
2B3
330
274
100
AcDbEntity
  8
TEXT_SCH
100
AcDbText
 10
14119.02221251791
 20
3353.556970320758
 30
0.0
 40
200.0
  1
#8@150C/C
  7
ROMANS
100
AcDbText
  0
TEXT
  5
2B4
330
274
100
AcDbEntity
  8
TEXT_SCH
100
AcDbText
 10
4879.945853526704
 20
3326.110303572612
 30
0.0
 40
200.0
  1
2-#12
  7
ROMANS
100
AcDbText
  0
TEXT
  5
2B5
330
274
100
AcDbEntity
  8
TEXT_SCH
100
AcDbText
 10
2893.367599951103
 20
3336.9999631705
 30
0.0
 40
200.0
  1
150X450
  7
ROMANS
100
AcDbText
  0
TEXT
  5
2B6
330
274
100
AcDbEntity
  8
TEXT_SCH
100
AcDbText
 10
9008.002286838368
 20
3326.110303377616
 30
0.0
 40
200.0
  1
2-#12
  7
ROMANS
100
AcDbText
  0
TEXT
  5
2B7
330
274
100
AcDbEntity
  8
TEXT_SCH
100
AcDbText
 10
12415.13453547889
 20
3326.1103034314
 30
0.0
 40
200.0
  1
----
  7
ROMANS
100
AcDbText
  0
TEXT
  5
2B8
330
274
100
AcDbEntity
  8
TEXT_SCH
100
AcDbText
 10
10662.04623107472
 20
3326.110303379362
 30
0.0
 40
200.0
  1
----
  7
ROMANS
100
AcDbText
  0
TEXT
  5
2B9
330
274
100
AcDbEntity
  8
TEXT_SCH
100
AcDbText
 10
10662.04623115109
 20
2567.645248628687
 30
0.0
 40
200.0
  1
----
  7
ROMANS
100
AcDbText
  0
TEXT
  5
2BA
330
274
100
AcDbEntity
  8
TEXT_SCH
100
AcDbText
 10
14119.02221256774
 20
1836.626860939548
 30
0.0
 40
200.0
  1
#8@150C/C
  7
ROMANS
100
AcDbText
  0
TEXT
  5
2BB
330
274
100
AcDbEntity
  8
TEXT_SCH
100
AcDbText
 10
4879.945853575598
 20
1809.180194191402
 30
0.0
 40
200.0
  1
2-#12
  7
ROMANS
100
AcDbText
  0
TEXT
  5
2BC
330
274
100
AcDbEntity
  8
TEXT_SCH
100
AcDbText
 10
2893.367599999998
 20
1820.069853789289
 30
0.0
 40
200.0
  1
230X450
  7
ROMANS
100
AcDbText
  0
TEXT
  5
2BD
330
274
100
AcDbEntity
  8
TEXT_SCH
100
AcDbText
 10
9008.00228688633
 20
1809.180193996523
 30
0.0
 40
200.0
  1
2-#12
  7
ROMANS
100
AcDbText
  0
TEXT
  5
2BE
330
274
100
AcDbEntity
  8
TEXT_SCH
100
AcDbText
 10
6943.974070226774
 20
3326.110303563299
 30
0.0
 40
200.0
  1
----
  7
ROMANS
100
AcDbText
  0
TEXT
  5
2BF
330
274
100
AcDbEntity
  8
TEXT_SCH
100
AcDbText
 10
12415.13453546818
 20
1809.180194050306
 30
0.0
 40
200.0
  1
----
  7
ROMANS
100
AcDbText
  0
TEXT
  5
2C0
330
274
100
AcDbEntity
  8
TEXT_SCH
100
AcDbText
 10
10662.04623106401
 20
1809.180193998269
 30
0.0
 40
200.0
  1
----
  7
ROMANS
100
AcDbText
  0
TEXT
  5
2C1
330
274
100
AcDbEntity
  8
TEXT_SCH
100
AcDbText
 10
6943.974070216529
 20
1809.180194182205
 30
0.0
 40
200.0
  1
----
  7
ROMANS
100
AcDbText
  0
TEXT
  5
2C2
330
274
100
AcDbEntity
  8
TEXT_SCH
100
AcDbText
 10
6943.974070282187
 20
292.2500847596675
 30
0.0
 40
200.0
  1
----
  7
ROMANS
100
AcDbText
  0
TEXT
  5
2C3
330
274
100
AcDbEntity
  8
TEXT_SCH
100
AcDbText
 10
12415.13453576341
 20
1050.71513925679
 30
0.0
 40
200.0
  1
----
  7
ROMANS
100
AcDbText
  0
TEXT
  5
2C4
330
274
100
AcDbEntity
  8
TEXT_SCH
100
AcDbText
 10
10662.04623136157
 20
1050.715139204636
 30
0.0
 40
200.0
  1
----
  7
ROMANS
100
AcDbText
  0
TEXT
  5
2C5
330
274
100
AcDbEntity
  8
TEXT_SCH
100
AcDbText
 10
6943.97407050943
 20
1050.715139388805
 30
0.0
 40
200.0
  1
----
  7
ROMANS
100
AcDbText
  0
TEXT
  5
2C6
330
274
100
AcDbEntity
  8
TEXT_SCH
100
AcDbText
 10
12415.13453596085
 20
2567.645248637884
 30
0.0
 40
200.0
  1
----
  7
ROMANS
100
AcDbText
  0
TEXT
  5
2C7
330
274
100
AcDbEntity
  8
TEXT_SCH
100
AcDbText
 10
10662.04623155901
 20
2567.64524858573
 30
0.0
 40
200.0
  1
----
  7
ROMANS
100
AcDbText
  0
TEXT
  5
2C8
330
274
100
AcDbEntity
  8
TEXT_SCH
100
AcDbText
 10
6943.97407070687
 20
2567.645248769899
 30
0.0
 40
200.0
  1
1-#12
  7
ROMANS
100
AcDbText
  0
TEXT
  5
2C9
330
274
100
AcDbEntity
  8
TEXT_SCH
100
AcDbText
 10
9008.0022868081
 20
4084.575358128175
 30
0.0
 40
200.0
  1
2-#12
  7
ROMANS
100
AcDbText
  0
TEXT
  5
2CA
330
274
100
AcDbEntity
  8
TEXT_SCH
100
AcDbText
 10
12415.13453544863
 20
4084.575358181959
 30
0.0
 40
200.0
  1
2-#12
  7
ROMANS
100
AcDbText
  0
TEXT
  5
2CB
330
274
100
AcDbEntity
  8
TEXT_SCH
100
AcDbText
 10
9008.002286891919
 20
292.2500845801551
 30
0.0
 40
200.0
  1
4-#16
  7
ROMANS
100
AcDbText
  0
TEXT
  5
2CC
330
274
100
AcDbEntity
  8
TEXT_SCH
100
AcDbText
 10
12415.13453553291
 20
292.250084633939
 30
0.0
 40
200.0
  1
----
  7
ROMANS
100
AcDbText
  0
TEXT
  5
2CD
330
274
100
AcDbEntity
  8
TEXT_SCH
100
AcDbText
 10
10662.04623112874
 20
292.2500845819013
 30
0.0
 40
200.0
  1
----
  7
ROMANS
100
AcDbText
  0
TEXT
  5
2CE
330
274
100
AcDbEntity
  8
TEXT_SCH
100
AcDbText
 10
69.87099025771022
 20
3338.80224359571
 30
0.0
 40
200.0
  1
GB3
  7
ROMANS
100
AcDbText
  0
TEXT
  5
2CF
330
274
100
AcDbEntity
  8
TEXT_SCH
100
AcDbText
 10
69.87099023303017
 20
4097.267298346385
 30
0.0
 40
200.0
  1
GB1,2,7,8,10
  7
ROMANS
100
AcDbText
  0
TEXT
  5
2D0
330
274
100
AcDbEntity
  8
TEXT_SCH
100
AcDbText
 10
19236.59948183503
 20
283.5444862513104
 30
0.0
 40
225.0
  1
AT MID LANDING LEVEL
  7
ROMANS
100
AcDbText
  0
TEXT
  5
2D1
330
274
100
AcDbEntity
  8
TEXT_SCH
100
AcDbText
 10
19236.59948181733
 20
1042.009540939936
 30
0.0
 40
225.0
  1
AT MID LANDING LEVEL
  7
ROMANS
100
AcDbText
  0
LWPOLYLINE
  5
2D2
330
274
100
AcDbEntity
  8
ST
100
AcDbPolyline
 90
        8
 70
     0
 43
10.0
 10
10316.97141487338
 20
680.1725783771835
 10
10188.81657617912
 20
680.1725783771835
 10
10188.81657617912
 20
65.90211998217274
 10
10368.79138714913
 20
65.90211998217274
 10
10368.79138714913
 20
217.7164616672089
 10
9650.217728900723
 20
217.7164616672089
 10
9650.217728900723
 20
52.10053310275543
 10
10002.59512909316
 20
52.10053310275543
  0
ENDBLK
  5
2D3
330
274
100
AcDbEntity
  8
0
100
AcDbBlockEnd
  0
BLOCK
  5
DF
330
DE
100
AcDbEntity
  8
0
100
AcDbBlockBegin
  2
*D13
 70
     1
 10
0.0
 20
0.0
 30
0.0
  3
*D13
  1

  0
LINE
  5
E0
330
DE
100
AcDbEntity
  8
DIM_
  6
BYBLOCK
100
AcDbLine
 10
4712.099565564112
 20
1368.062114270748
 30
0.0
 11
4262.016461243175
 21
2039.952512023798
 31
0.0
  0
LINE
  5
E1
330
DE
100
AcDbEntity
  8
DIM_
  6
BYBLOCK
100
AcDbLine
 10
5770.36581460146
 20
2076.969043373591
 30
0.0
 11
5320.282710280523
 21
2748.859441126641
 31
0.0
  0
LINE
  5
E2
330
DE
100
AcDbEntity
  8
DIM_
  6
BYBLOCK
100
AcDbLine
 10
4414.4663487194
 20
2081.893325183371
 30
0.0
 11
4616.193761542943
 21
2217.025633211417
 31
0.0
  0
LINE
  5
E3
330
DE
100
AcDbEntity
  8
DIM_
  6
BYBLOCK
100
AcDbLine
 10
5223.487288195288
 20
2623.836858113247
 30
0.0
 11
5026.38032813552
 21
2491.799679484644
 31
0.0
  0
MTEXT
  5
E4
330
DE
100
AcDbEntity
  8
DIM_
  6
BYBLOCK
 62
     3
100
AcDbMText
 10
4806.563448800937
 20
2376.392247902462
 30
0.0
 40
195.0
 41
0.0
 71
     5
 72
     1
  1
\A1;600
  7
AS
 11
0.8308176985382045
 21
0.5565446539098916
 31
0.0
  0
INSERT
  5
E5
330
DE
100
AcDbEntity
  8
DIM_
  6
BYBLOCK
100
AcDbBlockReference
  2
_OPEN
 10
4289.84369393867
 20
1998.411627096888
 30
0.0
 41
150.0
 42
150.0
 43
150.0
 50
213.8171727417084
  0
INSERT
  5
E6
330
DE
100
AcDbEntity
  8
DIM_
  6
BYBLOCK
100
AcDbBlockReference
  2
_OPEN
 10
5348.109942976018
 20
2707.318556199731
 30
0.0
 41
150.0
 42
150.0
 43
150.0
 50
33.8171727417084
  0
POINT
  5
E7
330
DE
100
AcDbEntity
  8
DEFPOINTS
  6
BYBLOCK
 62
     0
100
AcDbPoint
 10
4739.926798259606
 20
1326.521229343838
 30
0.0
  0
POINT
  5
E9
330
DE
100
AcDbEntity
  8
DEFPOINTS
  6
BYBLOCK
 62
     0
100
AcDbPoint
 10
5798.193047296953
 20
2035.428158446681
 30
0.0
  0
POINT
  5
EA
330
DE
100
AcDbEntity
  8
DEFPOINTS
  6
BYBLOCK
 62
     0
100
AcDbPoint
 10
5348.109942976018
 20
2707.318556199731
 30
0.0
  0
ENDBLK
  5
EB
330
DE
100
AcDbEntity
  8
0
100
AcDbBlockEnd
  0
BLOCK
  5
FE
330
FD
100
AcDbEntity
  8
0
100
AcDbBlockBegin
  2
*D14
 70
     1
 10
0.0
 20
0.0
 30
0.0
  3
*D14
  1

  0
LINE
  5
FF
330
FD
100
AcDbEntity
  8
DIM_
  6
BYBLOCK
100
AcDbLine
 10
4024.068576069693
 20
14991.21369602883
 30
0.0
 11
4465.671464045502
 21
15559.73659702592
 31
0.0
  0
LINE
  5
100
330
FD
100
AcDbEntity
  8
DIM_
  6
BYBLOCK
100
AcDbLine
 10
5352.987779933637
 20
13958.96933562823
 30
0.0
 11
5794.590667909446
 21
14527.49223662532
 31
0.0
  0
LINE
  5
101
330
FD
100
AcDbEntity
  8
DIM_
  6
BYBLOCK
100
AcDbLine
 10
4553.461145042575
 20
15428.23385214798
 30
0.0
 11
4904.505367917255
 21
15155.55856966278
 31
0.0
  0
LINE
  5
102
330
FD
100
AcDbEntity
  8
DIM_
  6
BYBLOCK
100
AcDbLine
 10
5645.457276185025
 20
14580.02062392942
 30
0.0
 11
5294.413053310343
 21
14852.69590641462
 31
0.0
  0
INSERT
  5
103
330
FD
100
AcDbEntity
  8
DIM_
  6
BYBLOCK
100
AcDbBlockReference
  2
_OPEN
 10
4434.999608681827
 20
15520.249418239
 30
0.0
 41
150.0
 42
150.0
 43
150.0
 50
142.161554704258
  0
INSERT
  5
104
330
FD
100
AcDbEntity
  8
DIM_
  6
BYBLOCK
100
AcDbBlockReference
  2
_OPEN
 10
5763.918812545771
 20
14488.0050578384
 30
0.0
 41
150.0
 42
150.0
 43
150.0
 50
322.161554704258
  0
MTEXT
  5
105
330
FD
100
AcDbEntity
  8
DIM_
  6
BYBLOCK
 62
     3
100
AcDbMText
 10
5099.459210613799
 20
15004.1272380387
 30
0.0
 40
195.0
 41
0.0
 71
     5
 72
     1
  1
\A1;600
  7
AS
 11
0.7897435757383159
 21
-0.6134371072734832
 31
0.0
  0
POINT
  5
106
330
FD
100
AcDbEntity
  8
DEFPOINTS
  6
BYBLOCK
 62
     0
100
AcDbPoint
 10
3993.396720706019
 20
14951.72651724191
 30
0.0
  0
POINT
  5
107
330
FD
100
AcDbEntity
  8
DEFPOINTS
  6
BYBLOCK
 62
     0
100
AcDbPoint
 10
5322.315924569964
 20
13919.48215684132
 30
0.0
  0
POINT
  5
108
330
FD
100
AcDbEntity
  8
DEFPOINTS
  6
BYBLOCK
 62
     0
100
AcDbPoint
 10
5763.918812545771
 20
14488.0050578384
 30
0.0
  0
ENDBLK
  5
109
330
FD
100
AcDbEntity
  8
0
100
AcDbBlockEnd
  0
BLOCK
  5
1C2
330
1C1
100
AcDbEntity
  8
0
100
AcDbBlockBegin
  2
*D15
 70
     1
 10
0.0
 20
0.0
 30
0.0
  3
*D15
  1

  0
LINE
  5
1C3
330
1C1
100
AcDbEntity
  8
DIM_
  6
BYBLOCK
100
AcDbLine
 10
15637.33882910153
 20
9251.726517241623
 30
0.0
 11
15591.10617544246
 21
9251.726517241623
 31
0.0
  0
LINE
  5
1C4
330
1C1
100
AcDbEntity
  8
DIM_
  6
BYBLOCK
100
AcDbLine
 10
15637.33882910153
 20
9701.726517241565
 30
0.0
 11
15591.10617544246
 21
9701.726517241565
 31
0.0
  0
LINE
  5
1C5
330
1C1
100
AcDbEntity
  8
DIM_
  6
BYBLOCK
100
AcDbLine
 10
15641.10617544246
 20
9401.726517241623
 30
0.0
 11
15641.10617544246
 21
9551.726517241565
 31
0.0
  0
MTEXT
  5
1C6
330
1C1
100
AcDbEntity
  8
DIM_
  6
BYBLOCK
 62
     3
100
AcDbMText
 10
15727.7925251713
 20
10063.29831024067
 30
0.0
 40
195.0
 41
0.0
 71
     5
 72
     1
  1
\A1;140
  7
AS
 11
6.123031769111886E-17
 21
1.0
 31
0.0
  0
INSERT
  5
1C7
330
1C1
100
AcDbEntity
  8
DIM_
  6
BYBLOCK
100
AcDbBlockReference
  2
_OPEN
 10
15641.10617544246
 20
9251.726517241623
 30
0.0
 41
150.0
 42
150.0
 43
150.0
 50
270.0
  0
INSERT
  5
1C8
330
1C1
100
AcDbEntity
  8
DIM_
  6
BYBLOCK
100
AcDbBlockReference
  2
_OPEN
 10
15641.10617544246
 20
9701.726517241565
 30
0.0
 41
150.0
 42
150.0
 43
150.0
 50
90.0
  0
POINT
  5
1C9
330
1C1
100
AcDbEntity
  8
DEFPOINTS
  6
BYBLOCK
 62
     0
100
AcDbPoint
 10
15687.33882910153
 20
9251.726517241623
 30
0.0
  0
POINT
  5
1CA
330
1C1
100
AcDbEntity
  8
DEFPOINTS
  6
BYBLOCK
 62
     0
100
AcDbPoint
 10
15687.33882910153
 20
9701.726517241565
 30
0.0
  0
POINT
  5
1CB
330
1C1
100
AcDbEntity
  8
DEFPOINTS
  6
BYBLOCK
 62
     0
100
AcDbPoint
 10
15641.10617544246
 20
9701.726517241565
 30
0.0
  0
ENDBLK
  5
1CC
330
1C1
100
AcDbEntity
  8
0
100
AcDbBlockEnd
  0
BLOCK
  5
205
330
204
100
AcDbEntity
  8
0
100
AcDbBlockBegin
  2
*D16
 70
     1
 10
0.0
 20
0.0
 30
0.0
  3
*D16
  1

  0
LINE
  5
206
330
204
100
AcDbEntity
  8
DIM_
  6
BYBLOCK
100
AcDbLine
 10
3193.0665982645
 20
14501.72651724191
 30
0.0
 11
3146.833944605431
 21
14501.72651724191
 31
0.0
  0
LINE
  5
207
330
204
100
AcDbEntity
  8
DIM_
  6
BYBLOCK
100
AcDbLine
 10
3193.0665982645
 20
14951.72651724186
 30
0.0
 11
3146.833944605431
 21
14951.72651724186
 31
0.0
  0
LINE
  5
208
330
204
100
AcDbEntity
  8
DIM_
  6
BYBLOCK
100
AcDbLine
 10
3196.833944605431
 20
14651.72651724191
 30
0.0
 11
3196.833944605431
 21
14801.72651724186
 31
0.0
  0
MTEXT
  5
209
330
204
100
AcDbEntity
  8
DIM_
  6
BYBLOCK
 62
     3
100
AcDbMText
 10
3283.520294334274
 20
15313.29831024096
 30
0.0
 40
195.0
 41
0.0
 71
     5
 72
     1
  1
\A1;140
  7
AS
 11
6.123031769111886E-17
 21
1.0
 31
0.0
  0
INSERT
  5
20A
330
204
100
AcDbEntity
  8
DIM_
  6
BYBLOCK
100
AcDbBlockReference
  2
_OPEN
 10
3196.833944605431
 20
14501.72651724191
 30
0.0
 41
150.0
 42
150.0
 43
150.0
 50
270.0
  0
INSERT
  5
20B
330
204
100
AcDbEntity
  8
DIM_
  6
BYBLOCK
100
AcDbBlockReference
  2
_OPEN
 10
3196.833944605431
 20
14951.72651724186
 30
0.0
 41
150.0
 42
150.0
 43
150.0
 50
90.0
  0
POINT
  5
20C
330
204
100
AcDbEntity
  8
DEFPOINTS
  6
BYBLOCK
 62
     0
100
AcDbPoint
 10
3243.0665982645
 20
14501.72651724191
 30
0.0
  0
POINT
  5
20D
330
204
100
AcDbEntity
  8
DEFPOINTS
  6
BYBLOCK
 62
     0
100
AcDbPoint
 10
3243.0665982645
 20
14951.72651724186
 30
0.0
  0
POINT
  5
20E
330
204
100
AcDbEntity
  8
DEFPOINTS
  6
BYBLOCK
 62
     0
100
AcDbPoint
 10
3196.833944605431
 20
14951.72651724186
 30
0.0
  0
ENDBLK
  5
20F
330
204
100
AcDbEntity
  8
0
100
AcDbBlockEnd
  0
BLOCK
  5
1A1
330
1A0
100
AcDbEntity
  8
0
100
AcDbBlockBegin
  2
*D17
 70
     1
 10
0.0
 20
0.0
 30
0.0
  3
*D17
  1

  0
LINE
  5
1A2
330
1A0
100
AcDbEntity
  8
DIM_
  6
BYBLOCK
100
AcDbLine
 10
8574.109080039869
 20
3862.096537884097
 30
0.0
 11
8674.599348955931
 21
3747.210512954809
 31
0.0
  0
MTEXT
  5
1A3
330
1A0
100
AcDbEntity
  8
DIM_
  6
BYBLOCK
 62
     3
100
AcDbMText
 10
8127.344243429019
 20
4345.960388887179
 30
0.0
 40
195.0
 41
0.0
 71
     5
 72
     1
  1
\A1;140
  7
AS
 11
0.6583747143603167
 21
-0.7526903317374094
 31
0.0
  0
INSERT
  5
1A4
330
1A0
100
AcDbEntity
  8
DIM_
  6
BYBLOCK
100
AcDbBlockReference
  2
_OPEN
 10
8475.352872885822
 20
3975.000087644708
 30
0.0
 41
150.0
 42
150.0
 43
150.0
 50
131.1760367543422
  0
INSERT
  5
1A5
330
1A0
100
AcDbEntity
  8
DIM_
  6
BYBLOCK
100
AcDbBlockReference
  2
_OPEN
 10
8773.355556109978
 20
3634.306963194198
 30
0.0
 41
150.0
 42
150.0
 43
150.0
 50
311.1760367543422
  0
POINT
  5
1A6
330
1A0
100
AcDbEntity
  8
DEFPOINTS
  6
BYBLOCK
 62
     0
100
AcDbPoint
 10
8475.35287288588
 20
3975.00008764476
 30
0.0
  0
POINT
  5
1A7
330
1A0
100
AcDbEntity
  8
DEFPOINTS
  6
BYBLOCK
 62
     0
100
AcDbPoint
 10
8773.355556110037
 20
3634.306963194249
 30
0.0
  0
POINT
  5
1A8
330
1A0
100
AcDbEntity
  8
DEFPOINTS
  6
BYBLOCK
 62
     0
100
AcDbPoint
 10
8773.355556109978
 20
3634.306963194198
 30
0.0
  0
ENDBLK
  5
1A9
330
1A0
100
AcDbEntity
  8
0
100
AcDbBlockEnd
  0
BLOCK
  5
1F8
330
1F7
100
AcDbEntity
  8
0
100
AcDbBlockBegin
  2
*D18
 70
     1
 10
0.0
 20
0.0
 30
0.0
  3
*D18
  1

  0
LINE
  5
1F9
330
1F7
100
AcDbEntity
  8
DIM_
  6
BYBLOCK
100
AcDbLine
 10
8434.39127686087
 20
11830.39963446015
 30
0.0
 11
8415.883947193379
 21
11843.35476522775
 31
0.0
  0
LINE
  5
1FA
330
1F7
100
AcDbEntity
  8
DIM_
  6
BYBLOCK
100
AcDbLine
 10
8132.836975508166
 20
11399.60777539683
 30
0.0
 11
8114.329645840673
 21
11412.56290616443
 31
0.0
  0
LINE
  5
1FB
330
1F7
100
AcDbEntity
  8
DIM_
  6
BYBLOCK
100
AcDbLine
 10
8370.826191562854
 20
11691.79685993232
 30
0.0
 11
8241.310593522354
 21
11506.77457702246
 31
0.0
  0
MTEXT
  5
1FC
330
1F7
100
AcDbEntity
  8
DIM_
  6
BYBLOCK
 62
     3
100
AcDbMText
 10
8803.981734185236
 20
12178.46857019281
 30
0.0
 40
195.0
 41
0.0
 71
     5
 72
     1
  1
\A1;140
  7
AS
 11
0.5734623443740261
 21
0.819231920511552
 31
0.0
  0
INSERT
  5
1FD
330
1F7
100
AcDbEntity
  8
DIM_
  6
BYBLOCK
100
AcDbBlockReference
  2
_OPEN
 10
8456.845543218957
 20
11814.68164800905
 30
0.0
 41
150.0
 42
150.0
 43
150.0
 50
55.00797980069315
  0
INSERT
  5
1FE
330
1F7
100
AcDbEntity
  8
DIM_
  6
BYBLOCK
100
AcDbBlockReference
  2
_OPEN
 10
8155.291241866251
 20
11383.88978894573
 30
0.0
 41
150.0
 42
150.0
 43
150.0
 50
235.0079798006931
  0
POINT
  5
1FF
330
1F7
100
AcDbEntity
  8
DEFPOINTS
  6
BYBLOCK
 62
     0
100
AcDbPoint
 10
8475.352872886448
 20
11801.72651724145
 30
0.0
  0
POINT
  5
200
330
1F7
100
AcDbEntity
  8
DEFPOINTS
  6
BYBLOCK
 62
     0
100
AcDbPoint
 10
8173.798571533743
 20
11370.93465817813
 30
0.0
  0
POINT
  5
201
330
1F7
100
AcDbEntity
  8
DEFPOINTS
  6
BYBLOCK
 62
     0
100
AcDbPoint
 10
8155.291241866251
 20
11383.88978894573
 30
0.0
  0
ENDBLK
  5
202
330
1F7
100
AcDbEntity
  8
0
100
AcDbBlockEnd
  0
BLOCK
  5
1B5
330
1B4
100
AcDbEntity
  8
0
100
AcDbBlockBegin
  2
*D19
 70
     1
 10
0.0
 20
0.0
 30
0.0
  3
*D19
  1

  0
LINE
  5
1B6
330
1B4
100
AcDbEntity
  8
DIM_
  6
BYBLOCK
100
AcDbLine
 10
15637.33882910153
 20
6150.000087644824
 30
0.0
 11
15591.10617544246
 21
6150.000087644824
 31
0.0
  0
LINE
  5
1B7
330
1B4
100
AcDbEntity
  8
DIM_
  6
BYBLOCK
100
AcDbLine
 10
15637.33882910153
 20
6600.000087644766
 30
0.0
 11
15591.10617544246
 21
6600.000087644766
 31
0.0
  0
LINE
  5
1B8
330
1B4
100
AcDbEntity
  8
DIM_
  6
BYBLOCK
100
AcDbLine
 10
15641.10617544246
 20
6300.000087644824
 30
0.0
 11
15641.10617544246
 21
6450.000087644766
 31
0.0
  0
MTEXT
  5
1B9
330
1B4
100
AcDbEntity
  8
DIM_
  6
BYBLOCK
 62
     3
100
AcDbMText
 10
15727.7925251713
 20
6961.571880643874
 30
0.0
 40
195.0
 41
0.0
 71
     5
 72
     1
  1
\A1;140
  7
AS
 11
6.123031769111886E-17
 21
1.0
 31
0.0
  0
INSERT
  5
1BA
330
1B4
100
AcDbEntity
  8
DIM_
  6
BYBLOCK
100
AcDbBlockReference
  2
_OPEN
 10
15641.10617544246
 20
6150.000087644824
 30
0.0
 41
150.0
 42
150.0
 43
150.0
 50
270.0
  0
INSERT
  5
1BB
330
1B4
100
AcDbEntity
  8
DIM_
  6
BYBLOCK
100
AcDbBlockReference
  2
_OPEN
 10
15641.10617544246
 20
6600.000087644766
 30
0.0
 41
150.0
 42
150.0
 43
150.0
 50
90.0
  0
POINT
  5
1BC
330
1B4
100
AcDbEntity
  8
DEFPOINTS
  6
BYBLOCK
 62
     0
100
AcDbPoint
 10
15687.33882910153
 20
6150.000087644824
 30
0.0
  0
POINT
  5
1BD
330
1B4
100
AcDbEntity
  8
DEFPOINTS
  6
BYBLOCK
 62
     0
100
AcDbPoint
 10
15687.33882910153
 20
6600.000087644766
 30
0.0
  0
POINT
  5
1BE
330
1B4
100
AcDbEntity
  8
DEFPOINTS
  6
BYBLOCK
 62
     0
100
AcDbPoint
 10
15641.10617544246
 20
6600.000087644766
 30
0.0
  0
ENDBLK
  5
1BF
330
1B4
100
AcDbEntity
  8
0
100
AcDbBlockEnd
  0
ENDSEC
  0
SECTION
  2
ENTITIES
  0
LWPOLYLINE
  5
45
330
2
100
AcDbEntity
  8
COLUMN
100
AcDbPolyline
 90
        4
 70
     1
 43
0.0
 10
1992757.998066121
 20
-188835.4875460946
 10
1992757.998066121
 20
-188605.4875460946
 10
1993437.998066121
 20
-188605.4875460946
 10
1993437.998066121
 20
-188835.4875460946
  0
LINE
  5
46
330
2
100
AcDbEntity
  8
COLUMN
100
AcDbLine
 10
1992757.998066121
 20
-188835.4875460946
 30
0.0
 11
1993437.998066121
 21
-188605.4875460946
 31
0.0
  0
LWPOLYLINE
  5
47
330
2
100
AcDbEntity
  8
COLUMN
100
AcDbPolyline
 90
        4
 70
     1
 43
0.0
 10
1992607.998066121
 20
-191465.4875460946
 10
1992607.998066121
 20
-191235.4875460946
 10
1993437.998066121
 20
-191235.4875460946
 10
1993437.998066121
 20
-191465.4875460946
  0
LINE
  5
48
330
2
100
AcDbEntity
  8
COLUMN
100
AcDbLine
 10
1992607.998066121
 20
-191465.4875460946
 30
0.0
 11
1993437.998066121
 21
-191235.4875460946
 31
0.0
  0
LINE
  5
49
330
2
100
AcDbEntity
  8
H
100
AcDbLine
 10
1991437.998066121
 20
-191235.4875460946
 30
0.0
 11
1991437.998066121
 21
-188835.4875460946
 31
0.0
  0
LINE
  5
4B
330
2
100
AcDbEntity
  8
H
100
AcDbLine
 10
1991187.998066121
 20
-191235.4875460946
 30
0.0
 11
1991187.998066121
 21
-188835.4875460946
 31
0.0
  0
LINE
  5
4C
330
2
100
AcDbEntity
  8
H
100
AcDbLine
 10
1991687.998066121
 20
-191235.4875460946
 30
0.0
 11
1991687.998066121
 21
-188835.4875460946
 31
0.0
  0
LINE
  5
4D
330
2
100
AcDbEntity
  8
H
100
AcDbLine
 10
1991937.998066121
 20
-191235.4875460946
 30
0.0
 11
1991937.998066121
 21
-188835.4875460946
 31
0.0
  0
LINE
  5
4E
330
2
100
AcDbEntity
  8
H
100
AcDbLine
 10
1992187.998066121
 20
-191235.4875460946
 30
0.0
 11
1992187.998066121
 21
-188835.4875460946
 31
0.0
  0
LINE
  5
4F
330
2
100
AcDbEntity
  8
H
100
AcDbLine
 10
1992437.998066121
 20
-191235.4875460946
 30
0.0
 11
1992437.998066121
 21
-188835.4875460946
 31
0.0
  0
LINE
  5
50
330
2
100
AcDbEntity
  8
H
100
AcDbLine
 10
1992687.998066121
 20
-191235.4875460946
 30
0.0
 11
1992687.998066121
 21
-188835.4875460946
 31
0.0
  0
LINE
  5
51
330
2
100
AcDbEntity
  8
H
100
AcDbLine
 10
1992937.998066121
 20
-191235.4875460946
 30
0.0
 11
1992937.998066121
 21
-188835.4875460946
 31
0.0
  0
LINE
  5
52
330
2
100
AcDbEntity
  8
H
100
AcDbLine
 10
1993187.998066121
 20
-191235.4875460946
 30
0.0
 11
1993187.998066121
 21
-188835.4875460946
 31
0.0
  0
LINE
  5
53
330
2
100
AcDbEntity
  8
H
100
AcDbLine
 10
1993437.998066121
 20
-191235.4875460946
 30
0.0
 11
1993437.998066121
 21
-188835.4875460946
 31
0.0
  0
LINE
  5
54
330
2
100
AcDbEntity
  8
H
100
AcDbLine
 10
1993437.998066121
 20
-190035.4875460648
 30
0.0
 11
1991187.998066121
 21
-190035.4875460648
 31
0.0
  0
TEXT
  5
55
330
2
100
AcDbEntity
  8
TXT2
100
AcDbText
 10
1992509.168485206
 20
-195710.439531432
 30
0.0
 40
200.0
  1
C12
  7
AA
100
AcDbText
  0
TEXT
  5
58
330
2
100
AcDbEntity
  8
TXT2
100
AcDbText
 10
1988817.752774994
 20
-195697.9139218847
 30
0.0
 40
200.0
  1
C11
  7
AA
100
AcDbText
  0
TEXT
  5
59
330
2
100
AcDbEntity
  8
TXT2
100
AcDbText
 10
1985277.99340977
 20
-195604.7590963192
 30
0.0
 40
200.0
  1
C10
  7
AA
100
AcDbText
  0
TEXT
  5
5A
330
2
100
AcDbEntity
  8
TXT2
100
AcDbText
 10
1985226.447367927
 20
-192354.4977008437
 30
0.0
 40
200.0
  1
C9
  7
AA
100
AcDbText
  0
TEXT
  5
5B
330
2
100
AcDbEntity
  8
TXT2
100
AcDbText
 10
1989960.928558505
 20
-191717.0916026344
 30
0.0
 40
200.0
  1
C7
  7
AA
100
AcDbText
  0
TEXT
  5
5C
330
2
100
AcDbEntity
  8
TXT2
100
AcDbText
 10
1992811.747862648
 20
-191739.7413646542
 30
0.0
 40
200.0
  1
C8
  7
AA
100
AcDbText
  0
TEXT
  5
5D
330
2
100
AcDbEntity
  8
TXT2
100
AcDbText
 10
1992858.375304017
 20
-188536.7407094955
 30
0.0
 40
200.0
  1
C6
  7
AA
100
AcDbText
  0
TEXT
  5
5E
330
2
100
AcDbEntity
  8
TXT2
100
AcDbText
 10
1985122.612929831
 20
-188470.9977008436
 30
0.0
 40
200.0
  1
C4
  7
AA
100
AcDbText
  0
TEXT
  5
5F
330
2
100
AcDbEntity
  8
TXT2
100
AcDbText
 10
1985804.339879975
 20
-184859.2678506428
 30
0.0
 40
200.0
  1
C1
  7
AA
100
AcDbText
  0
TEXT
  5
60
330
2
100
AcDbEntity
  8
TXT2
100
AcDbText
 10
1988977.755420841
 20
-184867.0960316239
 30
0.0
 40
200.0
  1
C2
  7
AA
100
AcDbText
  0
TEXT
  5
61
330
2
100
AcDbEntity
  8
TXT2
100
AcDbText
 10
1992720.377836815
 20
-184858.476290001
 30
0.0
 40
200.0
  1
C3
  7
AA
100
AcDbText
  0
LWPOLYLINE
  5
62
330
2
100
AcDbEntity
  8
COLUMN
100
AcDbPolyline
 90
        4
 70
     1
 43
0.0
 10
1985687.998066121
 20
-195705.4875460648
 10
1985687.998066121
 20
-196005.4875460648
 10
1984937.998066121
 20
-196005.4875460648
 10
1984937.998066121
 20
-195705.4875460648
  0
LINE
  5
63
330
2
100
AcDbEntity
  8
COLUMN
100
AcDbLine
 10
1985687.998066121
 20
-195705.4875460648
 30
0.0
 11
1984937.998066121
 21
-196005.4875460648
 31
0.0
  0
LWPOLYLINE
  5
64
330
2
100
AcDbEntity
  8
COLUMN
100
AcDbPolyline
 90
        4
 70
     1
 43
0.0
 10
1984938.116667205
 20
-184685.4875460648
 10
1984938.116667205
 20
-184385.4875460648
 10
1985688.116667205
 20
-184385.4875460648
 10
1985688.116667205
 20
-184685.4875460648
  0
LINE
  5
65
330
2
100
AcDbEntity
  8
COLUMN
100
AcDbLine
 10
1984938.116667205
 20
-184685.4875460648
 30
0.0
 11
1985688.116667205
 21
-184385.4875460648
 31
0.0
  0
LWPOLYLINE
  5
66
330
2
100
AcDbEntity
  8
COLUMN
100
AcDbPolyline
 90
        4
 70
     1
 43
0.0
 10
1988637.998066121
 20
-184385.4875460648
 10
1988937.998066121
 20
-184385.4875460648
 10
1988937.998066121
 20
-185135.4875460648
 10
1988637.998066121
 20
-185135.4875460648
  0
LINE
  5
67
330
2
100
AcDbEntity
  8
COLUMN
100
AcDbLine
 10
1988637.998066121
 20
-184385.4875460648
 30
0.0
 11
1988937.998066121
 21
-185135.4875460648
 31
0.0
  0
LWPOLYLINE
  5
68
330
2
100
AcDbEntity
  8
COLUMN
100
AcDbPolyline
 90
        4
 70
     1
 43
0.0
 10
1993137.998066121
 20
-184090.356445738
 10
1993437.998066121
 20
-184090.356445738
 10
1993437.998066121
 20
-184840.356445738
 10
1993137.998066121
 20
-184840.356445738
  0
LINE
  5
69
330
2
100
AcDbEntity
  8
COLUMN
100
AcDbLine
 10
1993137.998066121
 20
-184090.356445738
 30
0.0
 11
1993437.998066121
 21
-184840.356445738
 31
0.0
  0
LWPOLYLINE
  5
6A
330
2
100
AcDbEntity
  8
COLUMN
100
AcDbPolyline
 90
        4
 70
     1
 43
0.0
 10
1984937.998066121
 20
-188185.4875460648
 10
1984937.998066121
 20
-187885.4875460648
 10
1985687.998066121
 20
-187885.4875460648
 10
1985687.998066121
 20
-188185.4875460648
  0
LINE
  5
6B
330
2
100
AcDbEntity
  8
COLUMN
100
AcDbLine
 10
1984937.998066121
 20
-188185.4875460648
 30
0.0
 11
1985687.998066121
 21
-187885.4875460648
 31
0.0
  0
LWPOLYLINE
  5
6C
330
2
100
AcDbEntity
  8
COLUMN
100
AcDbPolyline
 90
        4
 70
     1
 43
0.0
 10
1984938.116667205
 20
-192085.4875460648
 10
1984938.116667205
 20
-191785.4875460648
 10
1985688.116667205
 20
-191785.4875460648
 10
1985688.116667205
 20
-192085.4875460648
  0
LINE
  5
6D
330
2
100
AcDbEntity
  8
COLUMN
100
AcDbLine
 10
1984938.116667205
 20
-192085.4875460648
 30
0.0
 11
1985688.116667205
 21
-191785.4875460648
 31
0.0
  0
LWPOLYLINE
  5
6E
330
2
100
AcDbEntity
  8
COLUMN
100
AcDbPolyline
 90
        4
 70
     1
 43
0.0
 10
1989637.998066121
 20
-191465.4875460946
 10
1989637.998066121
 20
-191235.4875460946
 10
1990467.998066121
 20
-191235.4875460946
 10
1990467.998066121
 20
-191465.4875460946
  0
LINE
  5
6F
330
2
100
AcDbEntity
  8
COLUMN
100
AcDbLine
 10
1989637.998066121
 20
-191465.4875460946
 30
0.0
 11
1990467.998066121
 21
-191235.4875460946
 31
0.0
  0
LWPOLYLINE
  5
70
330
2
100
AcDbEntity
  8
COLUMN
100
AcDbPolyline
 90
        4
 70
     1
 43
0.0
 10
1993437.998066121
 20
-196005.4875460648
 10
1993057.998066125
 20
-196005.4859743411
 10
1993058.0014991
 20
-195175.4859743481
 10
1993438.001499097
 20
-195175.4875460718
  0
LINE
  5
71
330
2
100
AcDbEntity
  8
COLUMN
100
AcDbLine
 10
1993437.998066121
 20
-196005.4875460648
 30
0.0
 11
1993058.0014991
 21
-195175.4859743481
 31
0.0
  0
LWPOLYLINE
  5
72
330
2
100
AcDbEntity
  8
COLUMN
100
AcDbPolyline
 90
        4
 70
     1
 43
0.0
 10
1989357.998066121
 20
-195175.4875460648
 10
1989737.998066121
 20
-195175.4875460648
 10
1989737.998066121
 20
-196005.4875460648
 10
1989357.998066121
 20
-196005.4875460648
  0
LINE
  5
73
330
2
100
AcDbEntity
  8
COLUMN
100
AcDbLine
 10
1989357.998066121
 20
-195175.4875460648
 30
0.0
 11
1989737.998066121
 21
-196005.4875460648
 31
0.0
  0
LWPOLYLINE
  5
74
330
2
100
AcDbEntity
  8
COLUMN
100
AcDbPolyline
 90
        4
 70
     1
 43
0.0
 10
1989787.998066121
 20
-186885.4875460648
 10
1991587.998066121
 20
-186885.4875460648
 10
1991587.998066121
 20
-188685.4875460648
 10
1989787.998066121
 20
-188685.4875460648
  0
LWPOLYLINE
  5
75
330
2
100
AcDbEntity
  8
COLUMN
100
AcDbPolyline
 90
        4
 70
     1
 43
0.0
 10
1989637.998066121
 20
-186735.4875460648
 10
1991737.998066121
 20
-186735.4875460648
 10
1991737.998066121
 20
-188835.4875460648
 10
1989637.998066121
 20
-188835.4875460648
  0
LWPOLYLINE
  5
76
330
2
100
AcDbEntity
  8
COLUMN
100
AcDbPolyline
 90
        4
 70
     1
 43
0.0
 10
1989637.998066121
 20
-188835.4875460648
 10
1989867.998066121
 20
-188835.4875460648
 10
1989867.998066121
 20
-188455.4875460648
 10
1989637.998066121
 20
-188455.4875460648
  0
TEXT
  5
77
330
2
100
AcDbEntity
  8
TXT2
100
AcDbText
 10
1989236.373319487
 20
-188750.3272608357
 30
0.0
 40
200.0
  1
C5
  7
AA
100
AcDbText
  0
LINE
  5
78
330
2
100
AcDbEntity
  8
BM
100
AcDbLine
 10
1985688.116667205
 20
-184385.4875460648
 30
0.0
 11
1988637.998066121
 21
-184385.4875460648
 31
0.0
  0
LINE
  5
7A
330
2
100
AcDbEntity
  8
BM
100
AcDbLine
 10
1985688.116667205
 20
-184615.4875460648
 30
0.0
 11
1988637.998066121
 21
-184615.4875460648
 31
0.0
  0
LINE
  5
7B
330
2
100
AcDbEntity
  8
BM
100
AcDbLine
 10
1988937.998066121
 20
-184385.4875460648
 30
0.0
 11
1993137.998066121
 21
-184385.4875460648
 31
0.0
  0
LINE
  5
7C
330
2
100
AcDbEntity
  8
BM
100
AcDbLine
 10
1988937.998066121
 20
-184615.4875460648
 30
0.0
 11
1993137.998066121
 21
-184615.4875460648
 31
0.0
  0
LINE
  5
7D
330
2
100
AcDbEntity
  8
BM
100
AcDbLine
 10
1984938.116667205
 20
-184685.4875460648
 30
0.0
 11
1984938.116667205
 21
-187885.4875460648
 31
0.0
  0
LINE
  5
7E
330
2
100
AcDbEntity
  8
BM
100
AcDbLine
 10
1985168.116667205
 20
-184685.4875460648
 30
0.0
 11
1985168.116667205
 21
-187885.4875460648
 31
0.0
  0
LINE
  5
7F
330
2
100
AcDbEntity
  8
BM
100
AcDbLine
 10
1984937.998066121
 20
-188185.4875460648
 30
0.0
 11
1984938.116667205
 21
-191785.4875460648
 31
0.0
  0
LINE
  5
80
330
2
100
AcDbEntity
  8
BM
100
AcDbLine
 10
1985167.998065996
 20
-188185.4799687733
 30
0.0
 11
1985168.116667081
 21
-191785.4799687733
 31
0.0
  0
LINE
  5
81
330
2
100
AcDbEntity
  8
BM
100
AcDbLine
 10
1984938.116667205
 20
-192085.4875460648
 30
0.0
 11
1984938.116667205
 21
-195705.4875460648
 31
0.0
  0
LINE
  5
82
330
2
100
AcDbEntity
  8
BM
100
AcDbLine
 10
1985168.116667205
 20
-192085.4875460648
 30
0.0
 11
1985168.116667205
 21
-195705.4875460648
 31
0.0
  0
LINE
  5
83
330
2
100
AcDbEntity
  8
BM
100
AcDbLine
 10
1985687.998066121
 20
-196005.4875460648
 30
0.0
 11
1989357.998066121
 21
-196005.4875460648
 31
0.0
  0
LINE
  5
84
330
2
100
AcDbEntity
  8
BM
100
AcDbLine
 10
1985687.998066121
 20
-195775.4875460648
 30
0.0
 11
1989357.998066121
 21
-195775.4875460648
 31
0.0
  0
LINE
  5
85
330
2
100
AcDbEntity
  8
BM
100
AcDbLine
 10
1989737.998066121
 20
-196005.4875460648
 30
0.0
 11
1993057.998066125
 21
-196005.4859743411
 31
0.0
  0
LINE
  5
86
330
2
100
AcDbEntity
  8
BM
100
AcDbLine
 10
1989737.997957237
 20
-195775.4875460648
 30
0.0
 11
1993057.99795724
 21
-195775.4859743411
 31
0.0
  0
LINE
  5
87
330
2
100
AcDbEntity
  8
BM
100
AcDbLine
 10
1990467.998066121
 20
-191235.4875460946
 30
0.0
 11
1992607.998066121
 21
-191235.4875460946
 31
0.0
  0
LINE
  5
88
330
2
100
AcDbEntity
  8
BM
100
AcDbLine
 10
1990467.998066121
 20
-191465.4875460946
 30
0.0
 11
1992607.998066121
 21
-191465.4875460946
 31
0.0
  0
LINE
  5
89
330
2
100
AcDbEntity
  8
BM
100
AcDbLine
 10
1993437.998066121
 20
-191235.4875460946
 30
0.0
 11
1994937.998066121
 21
-191235.4875460946
 31
0.0
  0
LINE
  5
8A
330
2
100
AcDbEntity
  8
BM
100
AcDbLine
 10
1993437.998066121
 20
-191465.4875460946
 30
0.0
 11
1994937.998066121
 21
-191465.4875460946
 31
0.0
  0
LINE
  5
8B
330
2
100
AcDbEntity
  8
BM
100
AcDbLine
 10
1993437.998066121
 20
-191465.4875460946
 30
0.0
 11
1993437.982721134
 21
-195175.4875459941
 31
0.0
  0
LINE
  5
8C
330
2
100
AcDbEntity
  8
BM
100
AcDbLine
 10
1993207.998066123
 20
-191465.4865947881
 30
0.0
 11
1993207.982721136
 21
-195175.4865946877
 31
0.0
  0
LINE
  5
8D
330
2
100
AcDbEntity
  8
BM
100
AcDbLine
 10
1991737.998066121
 20
-188835.4875460648
 30
0.0
 11
1992757.998066121
 21
-188835.4875460946
 31
0.0
  0
LINE
  5
8E
330
2
100
AcDbEntity
  8
BM
100
AcDbLine
 10
1991737.998066126
 20
-188685.4875460648
 30
0.0
 11
1992757.998066126
 21
-188685.4875460946
 31
0.0
  0
LINE
  5
8F
330
2
100
AcDbEntity
  8
BM
100
AcDbLine
 10
1993437.998066121
 20
-188835.4875460946
 30
0.0
 11
1994937.998066121
 21
-188835.4875460946
 31
0.0
  0
LINE
  5
90
330
2
100
AcDbEntity
  8
BM
100
AcDbLine
 10
1993437.998066121
 20
-188605.4875460946
 30
0.0
 11
1994937.998066121
 21
-188605.4875460946
 31
0.0
  0
LINE
  5
91
330
2
100
AcDbEntity
  8
BM
100
AcDbLine
 10
1994937.998066121
 20
-191465.4875460946
 30
0.0
 11
1994937.998066121
 21
-188605.4875460946
 31
0.0
  0
LINE
  5
92
330
2
100
AcDbEntity
  8
BM
100
AcDbLine
 10
1994787.998066121
 20
-191235.4875460946
 30
0.0
 11
1994787.998066121
 21
-188835.4875460946
 31
0.0
  0
LINE
  5
93
330
2
100
AcDbEntity
  8
BM
100
AcDbLine
 10
1993437.998066121
 20
-188835.4875460946
 30
0.0
 11
1993437.998066121
 21
-191235.4875460946
 31
0.0
  0
LINE
  5
94
330
2
100
AcDbEntity
  8
BM
100
AcDbLine
 10
1993207.998066121
 20
-188835.4875460946
 30
0.0
 11
1993207.998066121
 21
-191235.4875460946
 31
0.0
  0
LINE
  5
95
330
2
100
AcDbEntity
  8
BM
100
AcDbLine
 10
1989637.998066121
 20
-191235.4875460946
 30
0.0
 11
1989637.998066121
 21
-188835.4875460648
 31
0.0
  0
LINE
  5
96
330
2
100
AcDbEntity
  8
BM
100
AcDbLine
 10
1989867.998066121
 20
-191235.4875460946
 30
0.0
 11
1989867.998066121
 21
-188835.4875460648
 31
0.0
  0
LINE
  5
97
330
2
100
AcDbEntity
  8
BM
100
AcDbLine
 10
1991187.998066121
 20
-191235.4875460946
 30
0.0
 11
1991187.998066121
 21
-188835.4875460648
 31
0.0
  0
LINE
  5
98
330
2
100
AcDbEntity
  8
BM
100
AcDbLine
 10
1990957.998066121
 20
-191235.4875460946
 30
0.0
 11
1990957.998066121
 21
-188835.4875460648
 31
0.0
  0
LINE
  5
99
330
2
100
AcDbEntity
  8
BM
100
AcDbLine
 10
1985687.998066121
 20
-188185.4875460648
 30
0.0
 11
1989637.998066121
 21
-188185.4875460648
 31
0.0
  0
LINE
  5
9A
330
2
100
AcDbEntity
  8
BM
100
AcDbLine
 10
1985687.998066121
 20
-187955.4875460648
 30
0.0
 11
1989637.998066121
 21
-187955.4875460648
 31
0.0
  0
LINE
  5
9B
330
2
100
AcDbEntity
  8
BM
100
AcDbLine
 10
1989637.998066121
 20
-191465.4875460946
 30
0.0
 11
1989637.998066121
 21
-195175.4875460648
 31
0.0
  0
LINE
  5
9C
330
2
100
AcDbEntity
  8
BM
100
AcDbLine
 10
1989867.998066121
 20
-191465.4875460946
 30
0.0
 11
1989867.998066121
 21
-195775.4874845214
 31
0.0
  0
LINE
  5
9D
330
2
100
AcDbEntity
  8
BM
100
AcDbLine
 10
1985688.116667205
 20
-191785.4875460648
 30
0.0
 11
1989637.998066121
 21
-191785.4875460647
 31
0.0
  0
LINE
  5
9E
330
2
100
AcDbEntity
  8
BM
100
AcDbLine
 10
1985688.116667205
 20
-192015.4875460648
 30
0.0
 11
1989637.998066121
 21
-192015.4875460647
 31
0.0
  0
LINE
  5
9F
330
2
100
AcDbEntity
  8
BM
100
AcDbLine
 10
1993437.998066121
 20
-184840.356445738
 30
0.0
 11
1993437.998066121
 21
-188605.4875460946
 31
0.0
  0
LINE
  5
A0
330
2
100
AcDbEntity
  8
BM
100
AcDbLine
 10
1993207.998066121
 20
-184840.356445738
 30
0.0
 11
1993207.998066121
 21
-188605.4875460946
 31
0.0
  0
TEXT
  5
A1
330
2
100
AcDbEntity
  8
TXT2
 48
0.5
100
AcDbText
 10
1985208.921614091
 20
-197197.0206573535
 30
0.0
 40
250.0
  1
KEY PLAN AT GROUND FLOOR LEVEL
  7
ROMANC
100
AcDbText
  0
TEXT
  5
A2
330
2
100
AcDbEntity
  8
TEXT
100
AcDbText
 10
1987130.692843874
 20
-196254.4657468325
 30
0.0
 40
200.0
  1
GB1
  7
ROMANS
100
AcDbText
  0
TEXT
  5
A6
330
2
100
AcDbEntity
  8
TEXT
100
AcDbText
 10
1984852.795896615
 20
-194188.2217256795
 30
0.0
 40
200.0
  1
GB1
 50
90.0
  7
ROMANS
100
AcDbText
  0
TEXT
  5
A7
330
2
100
AcDbEntity
  8
TEXT
100
AcDbText
 10
1991074.515640769
 20
-196268.4829774249
 30
0.0
 40
200.0
  1
GB4
  7
ROMANS
100
AcDbText
  0
TEXT
  5
A8
330
2
100
AcDbEntity
  8
TEXT
100
AcDbText
 10
1991303.022673791
 20
-191692.5841812049
 30
0.0
 40
200.0
  1
GB4
  7
ROMANS
100
AcDbText
  0
TEXT
  5
A9
330
2
100
AcDbEntity
  8
TEXT
100
AcDbText
 10
1993877.306993238
 20
-191706.6333301809
 30
0.0
 40
200.0
  1
MBR
  7
ROMANS
100
AcDbText
  0
TEXT
  5
AA
330
2
100
AcDbEntity
  8
TEXT
100
AcDbText
 10
1987111.019465106
 20
-192254.559092959
 30
0.0
 40
200.0
  1
GB2
  7
ROMANS
100
AcDbText
  0
TEXT
  5
AB
330
2
100
AcDbEntity
  8
TEXT
100
AcDbText
 10
1987193.453437361
 20
-188410.4293695271
 30
0.0
 40
200.0
  1
GB2
  7
ROMANS
100
AcDbText
  0
TEXT
  5
AC
330
2
100
AcDbEntity
  8
TEXT
100
AcDbText
 10
1986829.378690286
 20
-184341.464560123
 30
0.0
 40
200.0
  1
GB1
  7
ROMANS
100
AcDbText
  0
TEXT
  5
AD
330
2
100
AcDbEntity
  8
TEXT
100
AcDbText
 10
1990807.71904087
 20
-184342.6097294436
 30
0.0
 40
200.0
  1
GB1
  7
ROMANS
100
AcDbText
  0
TEXT
  5
AE
330
2
100
AcDbEntity
  8
TEXT
100
AcDbText
 10
1984852.736595948
 20
-190278.214148388
 30
0.0
 40
200.0
  1
GB1
 50
90.0
  7
ROMANS
100
AcDbText
  0
TEXT
  5
AF
330
2
100
AcDbEntity
  8
TEXT
100
AcDbText
 10
1984852.795896615
 20
-186578.2217256795
 30
0.0
 40
200.0
  1
GB1
 50
90.0
  7
ROMANS
100
AcDbText
  0
TEXT
  5
B0
330
2
100
AcDbEntity
  8
TEXT
100
AcDbText
 10
1989552.67729553
 20
-193913.2216949227
 30
0.0
 40
200.0
  1
GB5
 50
90.0
  7
ROMANS
100
AcDbText
  0
TEXT
  5
B1
330
2
100
AcDbEntity
  8
TEXT
100
AcDbText
 10
1993696.317551024
 20
-193637.5026605032
 30
0.0
 40
200.0
  1
GB8
 50
90.0
  7
ROMANS
100
AcDbText
  0
TEXT
  5
B2
330
2
100
AcDbEntity
  8
TEXT
100
AcDbText
 10
1995165.392118777
 20
-190186.2951358563
 30
0.0
 40
200.0
  1
MB
 50
90.0
  7
ROMANS
100
AcDbText
  0
TEXT
  5
B3
330
2
100
AcDbEntity
  8
TEXT
100
AcDbText
 10
1989552.67729553
 20
-190328.2217256944
 30
0.0
 40
200.0
  1
GB6
 50
90.0
  7
ROMANS
100
AcDbText
  0
TEXT
  5
B4
330
2
100
AcDbEntity
  8
TEXT
100
AcDbText
 10
1990872.67729553
 20
-190328.2217257093
 30
0.0
 40
200.0
  1
GB7
 50
90.0
  7
ROMANS
100
AcDbText
  0
TEXT
  5
B5
330
2
100
AcDbEntity
  8
TEXT
100
AcDbText
 10
1993694.26810627
 20
-186886.988366079
 30
0.0
 40
200.0
  1
GB10
 50
90.0
  7
ROMANS
100
AcDbText
  0
TEXT
  5
B6
330
2
100
AcDbEntity
  8
TEXT
100
AcDbText
 10
1993804.929024756
 20
-188583.8655826029
 30
0.0
 40
200.0
  1
MBR
  7
ROMANS
100
AcDbText
  0
TEXT
  5
B7
330
2
100
AcDbEntity
  8
TEXT
100
AcDbText
 10
1993713.266857047
 20
-190328.2217257093
 30
0.0
 40
200.0
  1
GB9
 50
90.0
  7
ROMANS
100
AcDbText
  0
INSERT
  5
B8
330
2
100
AcDbEntity
  8
H
100
AcDbBlockReference
  2
A$C2FA33C06
 10
1995782.146097455
 20
-199935.8757508383
 30
0.0
  0
LWPOLYLINE
  5
212
330
2
100
AcDbEntity
  8
0
  6
CONTINUOUS
100
AcDbPolyline
 90
        4
 70
     1
 43
0.0
 10
1981781.487678688
 20
-213412.194392783
 10
2025204.372678688
 20
-213412.194392783
 10
2025204.372678688
 20
-182709.1443927829
 10
1981781.487678688
 20
-182709.1443927829
  0
LWPOLYLINE
  5
213
330
2
100
AcDbEntity
  8
0
  6
CONTINUOUS
100
AcDbPolyline
 90
        4
 70
     1
 43
0.0
 10
1983243.537678687
 20
-213119.7843927829
 10
2024911.962678688
 20
-213119.7843927829
 10
2024911.962678688
 20
-183001.5543927832
 10
1983243.537678687
 20
-183001.5543927832
  0
LINE
  5
214
330
2
100
AcDbEntity
  8
0
  6
CONTINUOUS
100
AcDbLine
 10
1982951.127678687
 20
-213412.194392783
 30
0.0
 11
1982951.127678687
 21
-182709.1443927829
 31
0.0
  0
LINE
  5
215
330
2
100
AcDbEntity
  8
TABLE
100
AcDbLine
 10
2015522.544762037
 20
-183001.5543927832
 30
0.0
 11
2015522.544762037
 21
-213119.7843927829
 31
0.0
  0
TEXT
  5
217
330
2
100
AcDbEntity
  8
SHEET
  6
CONTINUOUS
 48
2.0
100
AcDbText
 10
2023619.506215156
 20
-205631.00952103
 30
0.0
 40
200.0
  1
25.08.22
 41
0.8
  7
ROMANS
100
AcDbText
1001
ACDBBLOCKREPETAG
1000

  0
LINE
  5
21B
330
2
100
AcDbEntity
  8
TABLE
100
AcDbLine
 10
2015522.544762037
 20
-201972.2782916115
 30
0.0
 11
2024911.962678688
 21
-201972.2782916115
 31
0.0
1001
ACDBBLOCKREPETAG
1000

  0
LINE
  5
21C
330
2
100
AcDbEntity
  8
TABLE
100
AcDbLine
 10
2015522.544762037
 20
-205881.4174877982
 30
0.0
 11
2024911.962678688
 21
-205881.4174877982
 31
0.0
1001
ACDBBLOCKREPETAG
1000

  0
LINE
  5
21D
330
2
100
AcDbEntity
  8
TABLE
100
AcDbLine
 10
2023471.651489988
 20
-206562.9594954679
 30
0.0
 11
2023471.651489988
 21
-203836.7914647919
 31
0.0
1001
ACDBBLOCKREPETAG
1000

  0
LINE
  5
21E
330
2
100
AcDbEntity
  8
TABLE
100
AcDbLine
 10
2016842.933817624
 20
-203836.7914647919
 30
0.0
 11
2016842.933817624
 21
-206562.9594954679
 31
0.0
1001
ACDBBLOCKREPETAG
1000

  0
TEXT
  5
21F
330
2
100
AcDbEntity
  8
SHEET
  6
CONTINUOUS
 48
2.0
100
AcDbText
 10
2017441.003058231
 20
-206349.109822452
 30
0.0
 40
225.0
  1
REVISIONS
 41
0.8
  7
ROMANS
100
AcDbText
1001
ACDBBLOCKREPETAG
1000

  0
TEXT
  5
220
330
2
100
AcDbEntity
  8
SHEET
  6
CONTINUOUS
 48
2.0
100
AcDbText
 10
2015655.864154336
 20
-206349.109822452
 30
0.0
 40
225.0
  1
REV.NO.
 41
0.8
  7
ROMANS
100
AcDbText
1001
ACDBBLOCKREPETAG
1000

  0
TEXT
  5
221
330
2
100
AcDbEntity
  8
SHEET
  6
CONTINUOUS
 48
2.0
100
AcDbText
 10
2016994.74259059
 20
-205623.7654449473
 30
0.0
 40
200.0
  1
FIRST ISSUE
 41
0.8
  7
ROMANS
100
AcDbText
1001
ACDBBLOCKREPETAG
1000

  0
TEXT
  5
222
330
2
100
AcDbEntity
  8
SHEET
  6
CONTINUOUS
 48
2.0
100
AcDbText
 10
2015721.545149667
 20
-205623.7654449473
 30
0.0
 40
200.0
  1
00
 41
0.8
  7
ROMANS
100
AcDbText
1001
ACDBBLOCKREPETAG
1000

  0
TEXT
  5
223
330
2
100
AcDbEntity
  8
TEXT_NAME_PLATE
100
AcDbText
 39
22.0691293951626
 10
2015686.456773275
 20
-202505.6771923292
 30
0.0
 40
200.0
  1
ISSUED FOR
  7
AA
100
AcDbText
1001
ACDBBLOCKREPETAG
1000

  0
TEXT
  5
225
102
{ACAD_XDICTIONARY
360
226
102
}
330
2
100
AcDbEntity
  8
TEXT
100
AcDbText
 39
12.70240129342485
 10
2015653.381570048
 20
-212955.065405117
 30
0.0
 40
150.0
  1
D:\2022\Anandwali\RCC\DATTU_GB_25.08
  7
SIMPLE
100
AcDbText
  0
LINE
  5
22B
330
2
100
AcDbEntity
  8
TABLE
100
AcDbLine
 10
2015522.544762037
 20
-210560.460422264
 30
0.0
 11
2024911.962678688
 21
-210560.460422264
 31
0.0
  0
TEXT
  5
22C
330
2
100
AcDbEntity
  8
TEXT_NAME_PLATE
100
AcDbText
 39
22.0691293951626
 10
2015641.985702975
 20
-210825.775865739
 30
0.0
 40
180.0
  1
DRAWING NO.
  7
AA
100
AcDbText
  0
TEXT
  5
22D
330
2
100
AcDbEntity
  8
TEXT_NAME_PLATE
100
AcDbText
 39
22.0691293951626
 10
2019070.416848679
 20
-210867.5793337947
 30
0.0
 40
200.0
  1
CONSULTING ENGINEER
  7
AA
100
AcDbText
  0
TEXT
  5
22E
330
2
100
AcDbEntity
  8
TXT
100
AcDbText
 39
14.1137792149165
 10
2019074.88569689
 20
-212023.3953423477
 30
0.0
 40
170.0
  1
VISE MALA , COLLEGE ROAD, NASHIK-422005
 41
0.8
  7
ROMANS
100
AcDbText
  0
TEXT
  5
230
330
2
100
AcDbEntity
  8
TXT
100
AcDbText
 39
14.1137792149165
 10
2019074.88569689
 20
-211734.396667035
 30
0.0
 40
170.0
  1
2, MUKTAI APARTMENT, VIJAN HOSPITAL ROAD
 41
0.8
  7
ROMANS
100
AcDbText
  0
TEXT
  5
231
330
2
100
AcDbEntity
  8
TEXT_NAME_PLATE
100
AcDbText
 39
22.0691293951626
 10
2015687.890214154
 20
-211517.2518428413
 30
0.0
 40
200.0
  1
DATE:-
  7
AA
100
AcDbText
  0
TEXT
  5
232
330
2
100
AcDbEntity
  8
TXT
100
AcDbText
 10
2015615.726589141
 20
-211843.7713867429
 30
0.0
 40
190.0
  1
25.08.22
 41
0.8
  7
ROMANS
100
AcDbText
  0
TEXT
  5
233
330
2
100
AcDbEntity
  8
TXT
100
AcDbText
 39
14.1137792149165
 10
2019074.88569689
 20
-212328.1986769378
 30
0.0
 40
170.0
  1
MOB: 9 3 2 5 9 4 5 9 5 5
 41
0.8
  7
ROMANS
100
AcDbText
  0
LINE
  5
234
330
2
100
AcDbEntity
  8
TABLE
100
AcDbLine
 10
2017342.320625907
 20
-210560.460422264
 30
0.0
 11
2017342.320625907
 21
-206562.9594954679
 31
0.0
  0
TEXT
  5
235
330
2
100
AcDbEntity
  8
TXT
100
AcDbText
 39
14.1137792149165
 10
2019074.88569689
 20
-212619.8997432789
 30
0.0
 40
170.0
  1
Mail:asudarshan.a@gmail.com
 41
0.8
  7
ROMANS
100
AcDbText
  0
TEXT
  5
236
330
2
100
AcDbEntity
  8
TEXT_NAME_PLATE
100
AcDbText
 39
22.0691293951626
 10
2015565.46199934
 20
-208862.0782892235
 30
0.0
 40
200.0
  1
CLIENT:
  7
AA
100
AcDbText
  0
LINE
  5
237
330
2
100
AcDbEntity
  8
TABLE
100
AcDbLine
 10
2015522.544762037
 20
-208561.7099588681
 30
0.0
 11
2024911.962678688
 21
-208561.7099588681
 31
0.0
  0
TEXT
  5
238
330
2
100
AcDbEntity
  8
TEXT_NAME_PLATE
100
AcDbText
 39
22.0691293951626
 10
2015565.46199934
 20
-207862.7030575215
 30
0.0
 40
200.0
  1
PROJECT:
  7
AA
100
AcDbText
  0
LINE
  5
239
330
2
100
AcDbEntity
  8
TABLE
100
AcDbLine
 10
2015522.544762037
 20
-207562.3347271697
 30
0.0
 11
2024911.962678688
 21
-207562.3347271697
 31
0.0
  0
TEXT
  5
23A
330
2
100
AcDbEntity
  8
TEXT_NAME_PLATE
100
AcDbText
 39
22.0691293951626
 10
2015565.46199934
 20
-206863.3278258237
 30
0.0
 40
200.0
  1
TITLE:
  7
AA
100
AcDbText
  0
LINE
  5
23B
330
2
100
AcDbEntity
  8
TABLE
100
AcDbLine
 10
2015522.544762037
 20
-206562.9594954679
 30
0.0
 11
2024911.962678688
 21
-206562.9594954679
 31
0.0
  0
LINE
  5
23C
330
2
100
AcDbEntity
  8
TABLE
100
AcDbLine
 10
2015522.544762037
 20
-212700.4961575382
 30
0.0
 11
2024911.962678688
 21
-212700.4961575382
 31
0.0
  0
LINE
  5
23D
330
2
100
AcDbEntity
  8
TABLE
100
AcDbLine
 10
2015522.544762037
 20
-203836.7914647919
 30
0.0
 11
2024911.962678688
 21
-203836.7914647919
 31
0.0
1001
ACDBBLOCKREPETAG
1000

  0
TEXT
  5
23E
330
2
100
AcDbEntity
  8
TEXT_NAME_PLATE
100
AcDbText
 39
22.0691293951626
 10
2019028.459942077
 20
-211335.3747720372
 30
0.0
 40
250.0
  1
SUDARSHANKUMAR A. ANAWADE
  7
AA
100
AcDbText
  0
LINE
  5
23F
330
2
100
AcDbEntity
  8
TABLE
100
AcDbLine
 10
2018772.781914681
 20
-210560.460422264
 30
0.0
 11
2018772.781914681
 21
-212700.4961575382
 31
0.0
  0
LINE
  5
240
330
2
100
AcDbEntity
  8
TABLE
100
AcDbLine
 10
2015522.544762037
 20
-211273.8056673553
 30
0.0
 11
2018772.781914681
 21
-211273.8056673553
 31
0.0
  0
LINE
  5
241
330
2
100
AcDbEntity
  8
TABLE
100
AcDbLine
 10
2015522.544762037
 20
-211987.1509124463
 30
0.0
 11
2018772.781914681
 21
-211987.1509124463
 31
0.0
  0
TEXT
  5
242
330
2
100
AcDbEntity
  8
TEXT_NAME_PLATE
100
AcDbText
 39
22.0691293951626
 10
2015673.439360913
 20
-212266.6895369689
 30
0.0
 40
200.0
  1
DRAWN BY:
  7
AA
100
AcDbText
  0
TEXT
  5
243
330
2
100
AcDbEntity
  8
TXT
100
AcDbText
 10
2015644.63063376
 20
-212571.5537161529
 30
0.0
 40
190.0
  1
GOVIND
 41
0.8
  7
ROMANS
100
AcDbText
  0
TEXT
  5
244
330
2
100
AcDbEntity
  8
TXT
100
AcDbText
 10
2015615.726589141
 20
-211130.4261416515
 30
0.0
 40
190.0
  1
3S_075/02
 41
0.8
  7
ROMANS
100
AcDbText
  0
TEXT
  5
245
330
2
100
AcDbEntity
  8
SHEET
  6
CONTINUOUS
 48
2.0
100
AcDbText
 10
2019272.735353853
 20
-202964.9628769322
 30
0.0
 40
225.0
  1
ADVANCE COPY
 41
0.8
  7
ROMANS
100
AcDbText
1001
ACDBBLOCKREPETAG
1000

  0
TEXT
  5
246
330
2
100
AcDbEntity
  8
SHEET
  6
CONTINUOUS
 48
2.0
100
AcDbText
 10
2016194.756897468
 20
-202969.231173119
 30
0.0
 40
225.0
  1
COMMENTS
 41
0.8
  7
ROMANS
100
AcDbText
1001
ACDBBLOCKREPETAG
1000

  0
LINE
  5
247
330
2
100
AcDbEntity
  8
SHEET
  6
CONTINUOUS
 48
2.0
100
AcDbLine
 10
2022881.362410046
 20
-203027.5645543322
 30
0.0
 11
2022881.362410046
 21
-202737.320413661
 31
0.0
1001
ACDBBLOCKREPETAG
1000

  0
LINE
  5
248
330
2
100
AcDbEntity
  8
SHEET
  6
CONTINUOUS
 48
2.0
100
AcDbLine
 10
2023171.606550605
 20
-202737.320413661
 30
0.0
 11
2023171.606550605
 21
-203027.5645543322
 31
0.0
1001
ACDBBLOCKREPETAG
1000

  0
LINE
  5
249
330
2
100
AcDbEntity
  8
SHEET
  6
CONTINUOUS
 48
2.0
100
AcDbLine
 10
2015711.016663196
 20
-203027.5645543322
 30
0.0
 11
2015711.016663196
 21
-202737.320413661
 31
0.0
1001
ACDBBLOCKREPETAG
1000

  0
LINE
  5
24A
330
2
100
AcDbEntity
  8
SHEET
  6
CONTINUOUS
 48
2.0
100
AcDbLine
 10
2016001.260803758
 20
-202737.320413661
 30
0.0
 11
2016001.260803758
 21
-203027.5645543322
 31
0.0
1001
ACDBBLOCKREPETAG
1000

  0
LINE
  5
24B
330
2
100
AcDbEntity
  8
SHEET
  6
CONTINUOUS
 48
2.0
100
AcDbLine
 10
2018753.425984708
 20
-203027.5645543322
 30
0.0
 11
2018753.425984708
 21
-202737.3204136618
 31
0.0
1001
ACDBBLOCKREPETAG
1000

  0
LINE
  5
24C
330
2
100
AcDbEntity
  8
SHEET
  6
CONTINUOUS
 48
2.0
100
AcDbLine
 10
2019043.67012527
 20
-202737.3204136618
 30
0.0
 11
2019043.67012527
 21
-203027.5645543322
 31
0.0
1001
ACDBBLOCKREPETAG
1000

  0
TEXT
  5
24D
330
2
100
AcDbEntity
  8
SHEET
  6
CONTINUOUS
 48
2.0
100
AcDbText
 10
2016183.374774307
 20
-203683.939932383
 30
0.0
 40
225.0
  1
CONSTRUCTION
 41
0.8
  7
ROMANS
100
AcDbText
1001
ACDBBLOCKREPETAG
1000

  0
LINE
  5
24E
330
2
100
AcDbEntity
  8
SHEET
  6
CONTINUOUS
 48
2.0
100
AcDbLine
 10
2015708.171132408
 20
-203439.2242843669
 30
0.0
 11
2015998.41527297
 21
-203439.2242843669
 31
0.0
1001
ACDBBLOCKREPETAG
1000

  0
LINE
  5
24F
330
2
100
AcDbEntity
  8
SHEET
  6
CONTINUOUS
 48
2.0
100
AcDbLine
 10
2015998.41527297
 20
-203729.4684250373
 30
0.0
 11
2015708.171132408
 21
-203729.4684250373
 31
0.0
1001
ACDBBLOCKREPETAG
1000

  0
LINE
  5
250
330
2
100
AcDbEntity
  8
SHEET
  6
CONTINUOUS
 48
2.0
100
AcDbLine
 10
2015708.171132408
 20
-203729.4684250373
 30
0.0
 11
2015708.171132408
 21
-203439.2242843669
 31
0.0
1001
ACDBBLOCKREPETAG
1000

  0
LINE
  5
251
330
2
100
AcDbEntity
  8
SHEET
  6
CONTINUOUS
 48
2.0
100
AcDbLine
 10
2015998.41527297
 20
-203439.2242843669
 30
0.0
 11
2015998.41527297
 21
-203729.4684250373
 31
0.0
1001
ACDBBLOCKREPETAG
1000

  0
LINE
  5
252
330
2
100
AcDbEntity
  8
SHEET
  6
CONTINUOUS
 48
2.0
100
AcDbLine
 10
2016001.260803758
 20
-203027.5645543322
 30
0.0
 11
2015711.016663196
 21
-203027.5645543322
 31
0.0
1001
ACDBBLOCKREPETAG
1000

  0
TEXT
  5
253
330
2
100
AcDbEntity
  8
SHEET
  6
CONTINUOUS
 48
2.0
100
AcDbText
 10
2019193.060491736
 20
-203656.9073898698
 30
0.0
 40
225.0
  1
MUNCIPAL SUBMISSION
 41
0.8
  7
ROMANS
100
AcDbText
1001
ACDBBLOCKREPETAG
1000

  0
LINE
  5
254
330
2
100
AcDbEntity
  8
SHEET
  6
CONTINUOUS
 48
2.0
100
AcDbLine
 10
2018753.425984708
 20
-203440.6470497623
 30
0.0
 11
2019043.67012527
 21
-203440.6470497623
 31
0.0
1001
ACDBBLOCKREPETAG
1000

  0
LINE
  5
255
330
2
100
AcDbEntity
  8
SHEET
  6
CONTINUOUS
 48
2.0
100
AcDbLine
 10
2019043.67012527
 20
-203729.4684250373
 30
0.0
 11
2018753.425984708
 21
-203729.4684250373
 31
0.0
1001
ACDBBLOCKREPETAG
1000

  0
LINE
  5
256
330
2
100
AcDbEntity
  8
SHEET
  6
CONTINUOUS
 48
2.0
100
AcDbLine
 10
2019043.67012527
 20
-203027.5645543322
 30
0.0
 11
2018753.425984708
 21
-203027.5645543322
 31
0.0
1001
ACDBBLOCKREPETAG
1000

  0
LINE
  5
257
330
2
100
AcDbEntity
  8
SHEET
  6
CONTINUOUS
 48
2.0
100
AcDbLine
 10
2018753.425984708
 20
-203729.4684250373
 30
0.0
 11
2018753.425984708
 21
-203440.6470497623
 31
0.0
1001
ACDBBLOCKREPETAG
1000

  0
LINE
  5
258
330
2
100
AcDbEntity
  8
SHEET
  6
CONTINUOUS
 48
2.0
100
AcDbLine
 10
2019043.67012527
 20
-203440.6470497623
 30
0.0
 11
2019043.67012527
 21
-203729.4684250373
 31
0.0
1001
ACDBBLOCKREPETAG
1000

  0
LINE
  5
259
330
2
100
AcDbEntity
  8
SHEET
  6
CONTINUOUS
 48
2.0
100
AcDbLine
 10
2022881.362410046
 20
-203440.6470497623
 30
0.0
 11
2023171.606550605
 21
-203440.6470497623
 31
0.0
1001
ACDBBLOCKREPETAG
1000

  0
LINE
  5
25A
330
2
100
AcDbEntity
  8
SHEET
  6
CONTINUOUS
 48
2.0
100
AcDbLine
 10
2023171.606550605
 20
-203729.4684250375
 30
0.0
 11
2022881.362410046
 21
-203729.4684250375
 31
0.0
1001
ACDBBLOCKREPETAG
1000

  0
LINE
  5
25B
330
2
100
AcDbEntity
  8
SHEET
  6
CONTINUOUS
 48
2.0
100
AcDbLine
 10
2022881.362410046
 20
-203729.4684250375
 30
0.0
 11
2022881.362410046
 21
-203440.6470497623
 31
0.0
1001
ACDBBLOCKREPETAG
1000

  0
LINE
  5
25C
330
2
100
AcDbEntity
  8
SHEET
  6
CONTINUOUS
 48
2.0
100
AcDbLine
 10
2023171.606550605
 20
-203440.6470497623
 30
0.0
 11
2023171.606550605
 21
-203729.4684250375
 31
0.0
1001
ACDBBLOCKREPETAG
1000

  0
LINE
  5
25D
330
2
100
AcDbEntity
  8
SHEET
  6
CONTINUOUS
 48
2.0
100
AcDbLine
 10
2023171.606550605
 20
-203027.5645543322
 30
0.0
 11
2022881.362410046
 21
-203027.5645543322
 31
0.0
1001
ACDBBLOCKREPETAG
1000

  0
LINE
  5
25E
330
2
100
AcDbEntity
  8
SHEET
  6
CONTINUOUS
 48
2.0
100
AcDbLine
 10
2015711.016663196
 20
-202737.320413661
 30
0.0
 11
2016001.260803758
 21
-202737.320413661
 31
0.0
1001
ACDBBLOCKREPETAG
1000

  0
LINE
  5
25F
330
2
100
AcDbEntity
  8
SHEET
  6
CONTINUOUS
 48
2.0
100
AcDbLine
 10
2018753.425984708
 20
-202737.3204136618
 30
0.0
 11
2019043.67012527
 21
-202737.3204136618
 31
0.0
1001
ACDBBLOCKREPETAG
1000

  0
LINE
  5
260
330
2
100
AcDbEntity
  8
SHEET
  6
CONTINUOUS
 48
2.0
100
AcDbLine
 10
2022881.362410046
 20
-202737.320413661
 30
0.0
 11
2023171.606550605
 21
-202737.320413661
 31
0.0
1001
ACDBBLOCKREPETAG
1000

  0
TEXT
  5
261
330
2
100
AcDbEntity
  8
SHEET
  6
CONTINUOUS
 48
2.0
100
AcDbText
 10
2023306.769263121
 20
-202963.5401115369
 30
0.0
 40
225.0
  1
APPROVAL
 41
0.8
  7
ROMANS
100
AcDbText
1001
ACDBBLOCKREPETAG
1000

  0
TEXT
  5
262
330
2
100
AcDbEntity
  8
SHEET
  6
CONTINUOUS
 48
2.0
100
AcDbText
 10
2023322.419682466
 20
-203658.3301552655
 30
0.0
 40
225.0
  1
REVIEW
 41
0.8
  7
ROMANS
100
AcDbText
1001
ACDBBLOCKREPETAG
1000

  0
MTEXT
  5
263
330
2
100
AcDbEntity
  8
SHEET
 48
20.0
100
AcDbMText
 10
2018772.282590319
 20
-202578.9672303563
 30
0.0
 40
423.7212876894031
 41
496.2753083917479
 71
     1
 72
     5
  1
{\fWingdings 2|b0|i0|c2|p18;P}
  7
AA
1001
ACDBBLOCKREPETAG
1000

  0
TEXT
  5
264
330
2
100
AcDbEntity
  8
TEXT_NAME_PLATE
100
AcDbText
 39
22.0691293951626
 10
2017414.746052574
 20
-207913.4079945591
 30
0.0
 40
225.0
  1
PROPOSED   BUILDING AT NASHIK
  7
NAME
100
AcDbText
  0
MTEXT
  5
266
330
2
100
AcDbEntity
  8
TXT
100
AcDbMText
 10
2015617.50155195
 20
-185386.2607139192
 30
0.0
 40
148.5
 41
9272.163160116155
 71
     1
 72
     5
  3
{\fArial|b0|i0|c0|p34;\H1.125x;(A)GENERAL NOTES:-\P\Fromans|c0;\H1.1972x;1. ALL THE DIMENSIONS AND MEASUREMENTS TO BE REFEREED FROM ARCHITECTURAL DRAWINGS AND IF ANY AMBIGUITY FOUND SHALL BE DISCUSSED WITH OUR OFFICE/ARCHITECT BEFORE EXECUTION\P2. W
  3
E SHALL NOT REMAIN RESPONSIBLE FOR CONCRETE MIX, QUALITY, SHUTTERING , CURING, CONSTRUCTION MATERIAL, WORKMANSHIP, FAULTY CONSTRUCTION PROCEDURE, SAFETY OF ADJOINING STRUCTURES, SAFETY OF LABORS OR ANY ACCIDENT.  \P3. SAFE BEARING CAPACITY OF SOIL=3
  3
00kN/sqm.\P4. CONCRETE GRADE= M25 \P5. REINFORCEMENT=Fe500\P6. # DENOTES H.Y.S. STEEL CONFORMING I. S.1786\P7. LIVE LOAD ASSUMED= 2 KN/SQM\P8. CRANE LOAD CONSIDERED =XXX\P9. LAP LENGTH FOR     Fe 415    Fe 500D\P  1 COLUMNS         40 X DIA.  45 X D
  3
IA.\P  2 BEAMS AND SLABS  45 X DIA.  50 X DIA.\P10.NOMINAL COVER TO MAIN REINFORCEMENT TO MEET 2 HOURS PERIOD (MODERATE) OF FIRE RESISTANCE  FOUNDATION=50mm  RAFT=50mm  COLUMN=40mm RETAINING   WALL=30mm\P  LIFT PARDI=30mm   BEAM=30mm   SLAB=25 mm  \
  3
P11.IN CASE OF COLLINEAR BEAMS, BOTH TOP AND BOTTOM REINFORCEMENT AT A SUPPORT SHALL BE CONTINUED IN ADJACENT SPAN FOR FULL DEVELOPMENT LENGTH OR SPAN L/4 th  SPAN LENGTH OF ADJOINING  SPAN WHICHEVER IS MORE. \P12.IN CASE OF NONLINEAR BEAM AND IN CA
  3
SE THERE IS NO BEAM ON THE OTHER SIDE, BOTH TOP AND BOTTOM REINFORCEMENT AT A SUPPORT  SHALL BE ANCHORED IN THE SUPPORTING COLUMN FOR FULL DEVELOPMENT LENGTH.\P13.MINIMUM AND MAXIMUM DISTANCE BETWEEN INDIVIDUAL BARS SHALL BE AS PER CLAUSE NO 26.3 OF
  3
 IS:456 WITH LATEST AMENDMENTS. \P14.IN CASE DIAMETER AND NUMBER OF ADJACENT COLLINEAR BEAMS ARE SAME THEN BARS SHALL BE KEPT CONTINUOUS \P15.EXTRA STEEL AT TOP SUPPORT BETWEEN ADJACENT BEAMS IS SHOWN IN ANY ONE BEAM. THIS EXTRA STEEL IS TO BE CONTI
  3
NUED ON BOTH SIDES OF THE SUPPORT FOR REQUIRED ANCHORAGE LENGTH OR SPAN L/4 th SPAN LENGTH OF RESPECTIVE BEAMS \PWHICHEVER IS MORE. \P16.PROVIDE 2-#12 ELL BARS AT DISCONTINUOUS END OF BEAM\P17.BEAM/SLAB BOTTOM/TOP LEVEL TO BE KEPT AS INDICATED IN SC
  3
HEDULE/TABLE  \P18.DISINTERRING PERIOD SHALL NOT BE LESS THAN SPECIFIED \P  BELOW.\P  a) BEAMS  1. SPANNING UP TO 4.5m=14 DAYS\P           2. SPANNING UP TO 4.5m=21 DAYS\P  b) SLABS  1. SPANNING UP TO 4.5m=14 DAYS\P           2. SPANNING UP TO 4.5m=
  1
21 DAYS\P19.LEGENDS:\P  NGL- NATURAL GROUND LEVEL , TYP.- TYPICAL ,  \P C/C CENTER TO CENTER GB- GROUND BEAMS , PB= PLINTH BEAMS , FFL- FLOOR FINISH LEVEL , EQ.BHD- EQUAL BEHIND}
  7
SANFAB
1001
ACAD
1000
ACAD_MTEXT_DEFINED_HEIGHT_BEGIN
1070
    46
1040
15265.57834655451
1000
ACAD_MTEXT_DEFINED_HEIGHT_END
  0
TEXT
  5
268
330
2
100
AcDbEntity
  8
TEXT_NAME_PLATE
100
AcDbText
 39
22.0691293951626
 10
2015565.46199934
 20
-209861.453520922
 30
0.0
 40
200.0
  1
ARCHITECT:
  7
AA
100
AcDbText
  0
LINE
  5
269
330
2
100
AcDbEntity
  8
TABLE
100
AcDbLine
 10
2015522.544762037
 20
-209561.0851905664
 30
0.0
 11
2024911.962678688
 21
-209561.0851905664
 31
0.0
  0
TEXT
  5
26A
330
2
100
AcDbEntity
  8
TEXT_NAME_PLATE
100
AcDbText
 39
22.0691293951626
 10
2017414.746052574
 20
-209912.1584579556
 30
0.0
 40
225.0
  1
Ar.  D. B. GAVHANE 
  7
NAME
100
AcDbText
  0
TEXT
  5
26B
330
2
100
AcDbEntity
  8
TEXT_NAME_PLATE
100
AcDbText
 39
22.0691293951626
 10
2017414.746052574
 20
-208837.8527167033
 30
0.0
 40
225.0
  1
Mr. D. B. GAVHANE 
  7
NAME
100
AcDbText
  0
LINE
  5
26C
330
2
100
AcDbEntity
  8
TABLE
100
AcDbLine
 10
2015522.544762037
 20
-205199.8754801285
 30
0.0
 11
2024911.962678688
 21
-205199.8754801285
 31
0.0
1001
ACDBBLOCKREPETAG
1000

  0
TEXT
  5
26D
330
2
100
AcDbEntity
  8
SHEET
  6
CONTINUOUS
 48
2.0
100
AcDbText
 10
2015721.545149667
 20
-204942.2234372775
 30
0.0
 40
200.0
  1
01
 41
0.8
  7
ROMANS
100
AcDbText
1001
ACDBBLOCKREPETAG
1000

  0
LINE
  5
26E
330
2
100
AcDbEntity
  8
TABLE
100
AcDbLine
 10
2015522.544762037
 20
-204518.3334724588
 30
0.0
 11
2024911.962678688
 21
-204518.3334724588
 31
0.0
1001
ACDBBLOCKREPETAG
1000

  0
TEXT
  5
26F
330
2
100
AcDbEntity
  8
SHEET
  6
CONTINUOUS
 48
2.0
100
AcDbText
 10
2015721.545149667
 20
-204260.6814296078
 30
0.0
 40
200.0
  1
02
 41
0.8
  7
ROMANS
100
AcDbText
1001
ACDBBLOCKREPETAG
1000

  0
TEXT
  5
270
330
2
100
AcDbEntity
  8
TEXT_NAME_PLATE
100
AcDbText
 39
22.0691293951626
 10
2017454.876280243
 20
-206918.6275487823
 30
0.0
 40
225.0
  1
STRUCTURAL DETAILS OF BEAMS AT 
  7
NAME
100
AcDbText
  0
TEXT
  5
271
330
2
100
AcDbEntity
  8
TEXT_NAME_PLATE
100
AcDbText
 39
22.0691293951626
 10
2017462.84005027
 20
-207294.8796392791
 30
0.0
 40
225.0
  1
GROUND  FLOOR  LEVEL
  7
NAME
100
AcDbText
  0
TEXT
  5
272
330
2
100
AcDbEntity
  8
TEXT
100
AcDbText
 10
1991973.574386014
 20
-188655.4912136964
 30
0.0
 40
200.0
  1
GB3
  7
ROMANS
100
AcDbText
  0
INSERT
  5
273
330
2
100
AcDbEntity
  8
H
100
AcDbBlockReference
  2
A$C78EB681D
 10
1984594.894451094
 20
-212599.1207297801
 30
0.0
  0
INSERT
  5
2D4
330
2
100
AcDbEntity
  8
BM
 48
750.0
100
AcDbBlockReference
  2
A$C474F4318
 10
1984854.364008274
 20
-205675.0881336086
 30
0.0
 41
1.199999999999999
 42
1.199999999999999
 43
1.199999999999999
  0
ENDSEC
  0
SECTION
  2
OBJECTS
  0
DICTIONARY
  5
A
330
0
100
AcDbDictionary
  3
ACAD_CIP_PREVIOUS_PRODUCT_INFO
350
406
  3
ACAD_COLOR
350
3C
  3
ACAD_DETAILVIEWSTYLE
350
3FB
  3
ACAD_FIELDLIST
350
390
  3
ACAD_GROUP
350
38
  3
ACAD_LAYOUT
350
E
  3
ACAD_MATERIAL
350
3B
  3
ACAD_MLEADERSTYLE
350
3F7
  3
ACAD_MLINESTYLE
350
39
  3
ACAD_PLOTSETTINGS
350
3A
  3
ACAD_RENDER_ACTIVE_RAPIDRT
350
40E
  3
ACAD_RENDER_ACTIVE_SETTINGS
350
46F
  3
ACAD_SCALELIST
350
3E5
  3
ACAD_SECTIONVIEWSTYLE
350
3F9
  3
ACAD_VISUALSTYLE
350
28
  3
ACDBHEADERROUNDTRIPXREC
350
47B
  3
ACDBVARIABLEDICTIONARY
350
3B0
  3
DWGPROPS
350
49E
  0
DICTIONARY
  5
25
330
22
100
AcDbDictionary
280
     1
  3
ACAD_XREC_ROUNDTRIP
360
49F
  0
DICTIONARY
  5
15
330
14
100
AcDbDictionary
280
     1
  3
ACAD_LAYERFILTERS
360
16
  3
ACAD_LAYERSTATES
360
17
  3
ACLYDICTIONARY
360
18
  0
DICTIONARY
  5
7
330
6
100
AcDbDictionary
280
     1
  3
ADSK_XREC_LAYER_RECONCILED
360
411
  0
DICTIONARY
  5
412
330
279
100
AcDbDictionary
280
     1
  3
ADSK_XREC_LAYER_RECONCILED
360
413
  0
DICTIONARY
  5
414
330
216
100
AcDbDictionary
280
     1
  3
ADSK_XREC_LAYER_RECONCILED
360
415
  0
DICTIONARY
  5
416
330
56
100
AcDbDictionary
280
     1
  3
ADSK_XREC_LAYER_RECONCILED
360
417
  0
DICTIONARY
  5
418
330
C0
100
AcDbDictionary
280
     1
  3
ADSK_XREC_LAYER_RECONCILED
360
419
  0
DICTIONARY
  5
41A
330
22F
100
AcDbDictionary
280
     1
  3
ADSK_XREC_LAYER_RECONCILED
360
41B
  0
DICTIONARY
  5
41C
330
3E
100
AcDbDictionary
280
     1
  3
ADSK_XREC_LAYER_RECONCILED
360
41D
  0
DICTIONARY
  5
41E
330
4A
100
AcDbDictionary
280
     1
  3
ADSK_XREC_LAYER_RECONCILED
360
41F
  0
DICTIONARY
  5
420
330
D9
100
AcDbDictionary
280
     1
  3
ADSK_XREC_LAYER_RECONCILED
360
421
  0
DICTIONARY
  5
422
330
310
100
AcDbDictionary
280
     1
  3
ADSK_XREC_LAYER_RECONCILED
360
423
  0
DICTIONARY
  5
424
330
79
100
AcDbDictionary
280
     1
  3
ADSK_XREC_LAYER_RECONCILED
360
425
  0
DICTIONARY
  5
A4
330
A3
100
AcDbDictionary
280
     1
  3
ADSK_XREC_LAYER_RECONCILED
360
426
  0
DICTIONARY
  5
427
330
224
100
AcDbDictionary
280
     1
  3
ADSK_XREC_LAYER_RECONCILED
360
428
  0
DICTIONARY
  5
219
330
218
100
AcDbDictionary
280
     1
  3
ADSK_XREC_LAYER_RECONCILED
360
429
  0
DICTIONARY
  5
42A
330
DD
100
AcDbDictionary
280
     1
  3
ADSK_XREC_LAYER_RECONCILED
360
42B
  0
DICTIONARY
  5
3
330
2
100
AcDbDictionary
280
     1
  3
ACAD_SORTENTS
360
38F
  0
DICTIONARY
  5
2D6
330
2D5
100
AcDbDictionary
280
     1
  3
ACAD_SORTENTS
360
38E
  0
DICTIONARY
  5
BA
330
B9
100
AcDbDictionary
280
     1
  3
ACAD_SORTENTS
360
38C
  0
DICTIONARY
  5
275
330
274
100
AcDbDictionary
280
     1
  3
ACAD_SORTENTS
360
38D
  0
DICTIONARY
  5
321
330
320
100
AcDbDictionary
280
     1
  3
ACAD_DIMASSOC
360
322
  0
DICTIONARY
  5
33F
330
33E
100
AcDbDictionary
280
     1
  3
ACAD_DIMASSOC
360
340
  0
DICTIONARY
  5
34F
330
34E
100
AcDbDictionary
280
     1
  3
ACAD_DIMASSOC
360
350
  0
DICTIONARY
  5
36D
330
36C
100
AcDbDictionary
280
     1
  3
ACAD_DIMASSOC
360
36E
  0
DICTIONARY
  5
ED
330
EC
100
AcDbDictionary
280
     1
  3
ACAD_DIMASSOC
360
EE
  0
DICTIONARY
  5
10B
330
10A
100
AcDbDictionary
280
     1
  3
ACAD_DIMASSOC
360
10C
  0
DICTIONARY
  5
19E
330
19D
100
AcDbDictionary
280
     1
  3
ACAD_DIMASSOC
360
19F
  0
DICTIONARY
  5
1B2
330
1B1
100
AcDbDictionary
280
     1
  3
ACAD_DIMASSOC
360
1B3
  0
DICTIONARY
  5
1F5
330
1F4
100
AcDbDictionary
280
     1
  3
ACAD_DIMASSOC
360
1F6
  0
DICTIONARY
  5
226
330
225
100
AcDbDictionary
280
     1
  3
ACAD_FIELD
360
227
  0
XRECORD
  5
406
102
{ACAD_REACTORS
330
A
102
}
330
A
100
AcDbXrecord
300
ACD
300
2018
300
ACD_F_S
  0
DICTIONARY
  5
3C
102
{ACAD_REACTORS
330
A
102
}
330
A
100
AcDbDictionary
  0
DICTIONARY
  5
3FB
102
{ACAD_REACTORS
330
A
102
}
330
A
100
AcDbDictionary
  3
IMPERIAL24
350
3FC
  0
ACAD_PROXY_OBJECT
  5
390
102
{ACAD_REACTORS
330
A
102
}
330
A
100
AcDbProxyObject
 90
      499
 91
      525
 93
       11
310
4080
330
228
330
229
 94
        0
  0
DICTIONARY
  5
38
102
{ACAD_REACTORS
330
A
102
}
330
A
100
AcDbDictionary
  0
DICTIONARY
  5
E
102
{ACAD_REACTORS
330
A
102
}
330
A
100
AcDbDictionary
  0
DICTIONARY
  5
3B
102
{ACAD_REACTORS
330
A
102
}
330
A
100
AcDbDictionary
  3
BYBLOCK
350
3BE
  3
BYLAYER
350
3B6
  3
GLOBAL
350
3C6
  0
DICTIONARY
  5
3F7
102
{ACAD_REACTORS
330
A
102
}
330
A
100
AcDbDictionary
  3
STANDARD
350
3F8
  0
DICTIONARY
  5
39
102
{ACAD_REACTORS
330
A
102
}
330
A
100
AcDbDictionary
  3
STANDARD
350
42
  0
DICTIONARY
  5
3A
102
{ACAD_REACTORS
330
A
102
}
330
A
100
AcDbDictionary
  0
ACAD_PROXY_OBJECT
  5
40E
102
{ACAD_REACTORS
330
A
102
}
330
A
100
AcDbProxyObject
 90
      499
 91
      546
 93
      479
310
409064D656469756DB91A4170706C69657320352072656E646572696E67206C6576656C7390390540501408000000000000084000000000000002102
  0
ACAD_PROXY_OBJECT
  5
46F
102
{ACAD_REACTORS
330
A
102
}
102
{ACAD_XDICTIONARY
360
470
102
}
330
A
100
AcDbProxyObject
 90
      499
 91
      547
 93
      852
310
409064D656469756DFA902901408000000000000084000000000000002100000000A09999A93F0000002826666A4FC000000A09999A93F0000002826666A4FE505415051E802000041027000041505414E40500000000001C25D0280000000000002440A49040C02000010
  0
DICTIONARY
  5
3E5
102
{ACAD_REACTORS
330
A
102
}
330
A
100
AcDbDictionary
  3
A0
350
3E6
  3
A1
350
3E7
  3
A2
350
3E8
  3
A3
350
3E9
  3
A4
350
3EA
  3
A5
350
3EB
  3
A6
350
3EC
  3
A7
350
3ED
  3
A8
350
3EE
  3
A9
350
3EF
  3
B0
350
3F0
  3
B1
350
3F1
  3
B2
350
3F2
  3
B3
350
3F3
  3
B4
350
3F4
  3
B5
350
3F5
  3
B6
350
3F6
  0
DICTIONARY
  5
3F9
102
{ACAD_REACTORS
330
A
102
}
330
A
100
AcDbDictionary
  3
IMPERIAL24
350
3FA
  0
DICTIONARY
  5
28
102
{ACAD_REACTORS
330
A
102
}
330
A
100
AcDbDictionary
  3
2DWIREFRAME
350
27
  3
BASIC
350
3D2
  3
BRIGHTEN
350
3D8
  3
COLORCHANGE
350
3DC
  3
CONCEPTUAL
350
3D5
  3
DIM
350
3D7
  3
EDGECOLOROFF
350
3E4
  3
FACEPATTERN
350
3DB
  3
FLAT
350
3CE
  3
FLATWITHEDGES
350
3CF
  3
GOURAUD
350
3D0
  3
GOURAUDWITHEDGES
350
3D1
  3
HIDDEN
350
3D4
  3
JITTEROFF
350
3E2
  3
LINEPATTERN
350
3DA
  3
OVERHANGOFF
350
3E3
  3
REALISTIC
350
3D6
  3
SHADED
350
3E1
  3
SHADED_WITH_EDGES
350
3E0
  3
SHADES_OF_GRAY
350
3DD
  3
SKETCHY
350
3DE
  3
THICKEN
350
3D9
  3
WIREFRAME
350
3D3
  3
X-RAY
350
3DF
  0
DICTIONARY
  5
47B
102
{ACAD_REACTORS
330
A
102
}
330
A
100
AcDbDictionary
  3
CEPSNID
350
485
  3
CEPSNTYPE
350
484
  3
COLORDICT
350
49C
  3
DIMSTYLEDATA
350
49B
  3
FINGERPRINTGUID
350
486
  3
HYPERLINKBASE
350
47E
  3
INSUNITS
350
483
  3
LAYOUTDICT
350
480
  3
LWETCUNION
350
482
  3
MATERIALDICT
350
49D
  3
PLOTSETDICT
350
481
  3
PSVPSCALE
350
488
  3
PUCSBASE
350
48B
  3
PUCSORGBACK
350
491
  3
PUCSORGBOTTOM
350
48D
  3
PUCSORGFRONT
350
490
  3
PUCSORGLEFT
350
48E
  3
PUCSORGRIGHT
350
48F
  3
PUCSORGTOP
350
48C
  3
PUCSORTHOREF
350
489
  3
PUCSORTHOVIEW
350
48A
  3
STYLESHEET
350
47F
  3
TSTACKALIGN
350
47C
  3
TSTACKSIZE
350
47D
  3
UCSBASE
350
494
  3
UCSORGBACK
350
49A
  3
UCSORGBOTTOM
350
496
  3
UCSORGFRONT
350
499
  3
UCSORGLEFT
350
497
  3
UCSORGRIGHT
350
498
  3
UCSORGTOP
350
495
  3
UCSORTHOREF
350
492
  3
UCSORTHOVIEW
350
493
  3
VERSIONGUID
350
487
  0
DICTIONARY
  5
3B0
102
{ACAD_REACTORS
330
A
102
}
330
A
100
AcDbDictionary
  3
CANNOSCALE
350
476
  3
CMLEADERSTYLE
350
472
  3
CTABLESTYLE
350
3B1
  3
CVIEWDETAILSTYLE
350
473
  3
CVIEWSECTIONSTYLE
350
474
  3
DIMASSOC
350
3B3
  3
HIDETEXT
350
3B2
  3
LAYEREVAL
350
478
  3
LAYERNOTIFY
350
479
  3
LIGHTINGUNITS
350
477
  3
MSLTSCALE
350
475
  3
PROJECTNAME
350
3B4
  3
XCLIPFRAME
350
47A
  0
XRECORD
  5
49E
102
{ACAD_REACTORS
330
A
102
}
330
A
100
AcDbXrecord
  1
DWGPROPS COOKIE
  2

  3

  4

  6

  7

  8
cmdrun
  9

300
=
301
=
302
=
303
=
304
=
305
=
306
=
307
=
308
=
309
=
 40
0.0
 41
2457459.885259664
 42
2460943.565484688
  1

 90
        0
  0
XRECORD
  5
49F
102
{ACAD_REACTORS
330
25
102
}
330
25
100
AcDbXrecord
102
VTR_0.000_0.000_1.000_1.000_VISUALSTYLE
340
27
102
VTR_0.000_0.000_1.000_1.000_GRIDDISPLAY
 70
     3
102
VTR_0.000_0.000_1.000_1.000_GRIDMAJOR
 70
     5
102
VTR_0.000_0.000_1.000_1.000_DEFAULTLIGHTING
280
     1
102
VTR_0.000_0.000_1.000_1.000_DEFAULTLIGHTINGTYPE
 70
     1
102
VTR_0.000_0.000_1.000_1.000_BRIGHTNESS
141
0.0
102
VTR_0.000_0.000_1.000_1.000_CONTRAST
142
0.0
  0
DICTIONARY
  5
16
102
{ACAD_REACTORS
330
15
102
}
330
15
100
AcDbDictionary
  0
DICTIONARY
  5
17
102
{ACAD_REACTORS
330
15
102
}
330
15
100
AcDbDictionary
  0
DICTIONARY
  5
18
102
{ACAD_REACTORS
330
15
102
}
330
15
100
AcDbDictionary
1001
ACAD
1000
<All
  0
ACAD_PROXY_OBJECT
  5
411
102
{ACAD_REACTORS
330
7
102
}
330
7
100
AcDbProxyObject
 90
      499
 91
      548
 93
       34
310
40C8804040
  0
ACAD_PROXY_OBJECT
  5
413
102
{ACAD_REACTORS
330
412
102
}
330
412
100
AcDbProxyObject
 90
      499
 91
      548
 93
       34
310
40C8804040
  0
ACAD_PROXY_OBJECT
  5
415
102
{ACAD_REACTORS
330
414
102
}
330
414
100
AcDbProxyObject
 90
      499
 91
      548
 93
       34
310
40C8804040
  0
ACAD_PROXY_OBJECT
  5
417
102
{ACAD_REACTORS
330
416
102
}
330
416
100
AcDbProxyObject
 90
      499
 91
      548
 93
       34
310
40C8804040
  0
ACAD_PROXY_OBJECT
  5
419
102
{ACAD_REACTORS
330
418
102
}
330
418
100
AcDbProxyObject
 90
      499
 91
      548
 93
       34
310
40C8804040
  0
ACAD_PROXY_OBJECT
  5
41B
102
{ACAD_REACTORS
330
41A
102
}
330
41A
100
AcDbProxyObject
 90
      499
 91
      548
 93
       34
310
40C8804040
  0
ACAD_PROXY_OBJECT
  5
41D
102
{ACAD_REACTORS
330
41C
102
}
330
41C
100
AcDbProxyObject
 90
      499
 91
      548
 93
       34
310
40C8804040
  0
ACAD_PROXY_OBJECT
  5
41F
102
{ACAD_REACTORS
330
41E
102
}
330
41E
100
AcDbProxyObject
 90
      499
 91
      548
 93
       34
310
40C8804040
  0
ACAD_PROXY_OBJECT
  5
421
102
{ACAD_REACTORS
330
420
102
}
330
420
100
AcDbProxyObject
 90
      499
 91
      548
 93
       34
310
40C8804040
  0
ACAD_PROXY_OBJECT
  5
423
102
{ACAD_REACTORS
330
422
102
}
330
422
100
AcDbProxyObject
 90
      499
 91
      548
 93
       34
310
40C8804040
  0
ACAD_PROXY_OBJECT
  5
425
102
{ACAD_REACTORS
330
424
102
}
330
424
100
AcDbProxyObject
 90
      499
 91
      548
 93
       34
310
40C8804040
  0
ACAD_PROXY_OBJECT
  5
426
102
{ACAD_REACTORS
330
A4
102
}
330
A4
100
AcDbProxyObject
 90
      499
 91
      548
 93
       34
310
40C8804040
  0
ACAD_PROXY_OBJECT
  5
428
102
{ACAD_REACTORS
330
427
102
}
330
427
100
AcDbProxyObject
 90
      499
 91
      548
 93
       34
310
40C8804040
  0
ACAD_PROXY_OBJECT
  5
429
102
{ACAD_REACTORS
330
219
102
}
330
219
100
AcDbProxyObject
 90
      499
 91
      548
 93
       34
310
40C8804040
  0
ACAD_PROXY_OBJECT
  5
42B
102
{ACAD_REACTORS
330
42A
102
}
330
42A
100
AcDbProxyObject
 90
      499
 91
      548
 93
       34
310
40C8804040
  0
SORTENTSTABLE
  5
38F
102
{ACAD_REACTORS
330
3
102
}
330
3
100
AcDbSortentsTable
330
2
  0
SORTENTSTABLE
  5
38E
102
{ACAD_REACTORS
330
2D6
102
}
330
2D6
100
AcDbSortentsTable
330
2D5
  0
SORTENTSTABLE
  5
38C
102
{ACAD_REACTORS
330
BA
102
}
330
BA
100
AcDbSortentsTable
330
B9
  0
SORTENTSTABLE
  5
38D
102
{ACAD_REACTORS
330
275
102
}
330
275
100
AcDbSortentsTable
330
274
  0
ACAD_PROXY_OBJECT
  5
322
102
{ACAD_REACTORS
330
321
102
}
330
321
100
AcDbProxyObject
 90
      499
 91
      517
 93
      294
310
4040088A0B1A23127B9B730B82837B4B73A2932B305A028150F343B4879483C87F52028150
330
320
330
31D
330
303
 94
        0
  0
ACAD_PROXY_OBJECT
  5
340
102
{ACAD_REACTORS
330
33F
102
}
330
33F
100
AcDbProxyObject
 90
      499
 91
      517
 93
      294
310
4040088A0B1A23127B9B730B82837B4B73A2932B305A028150F343B4879483C87F52028150
330
33E
330
31F
330
306
 94
        0
  0
ACAD_PROXY_OBJECT
  5
350
102
{ACAD_REACTORS
330
34F
102
}
330
34F
100
AcDbProxyObject
 90
      499
 91
      517
 93
      294
310
4040088A0B1A23127B9B730B82837B4B73A2932B305A02815087966803FECBBC7F52028150
330
34E
330
31D
330
308
 94
        0
  0
ACAD_PROXY_OBJECT
  5
36E
102
{ACAD_REACTORS
330
36D
102
}
330
36D
100
AcDbProxyObject
 90
      499
 91
      517
 93
      294
310
4040088A0B1A23127B9B730B82837B4B73A2932B305A02815087966803FECBBC7F52028150
330
36C
330
31F
330
308
 94
        0
  0
ACAD_PROXY_OBJECT
  5
EE
102
{ACAD_REACTORS
330
ED
102
}
330
ED
100
AcDbProxyObject
 90
      499
 91
      517
 93
      270
310
4040088A0B1A23127B9B730B82837B4B73A2932B306A02815544D323F62870DB0A50
330
EC
330
C2
 94
        0
  0
ACAD_PROXY_OBJECT
  5
10C
102
{ACAD_REACTORS
330
10B
102
}
330
10B
100
AcDbProxyObject
 90
      499
 91
      517
 93
      270
310
4040088A0B1A23127B9B730B82837B4B73A2932B300A02815344D323F62870DB0A50
330
10A
330
CC
 94
        0
  0
ACAD_PROXY_OBJECT
  5
19F
102
{ACAD_REACTORS
330
19E
102
}
330
19E
100
AcDbProxyObject
 90
      499
 91
      517
 93
      270
310
4040088A0B1A23127B9B730B82837B4B73A2932B3012028150DA0000000001C07F50
330
19D
330
BE
 94
        0
  0
ACAD_PROXY_OBJECT
  5
1B3
102
{ACAD_REACTORS
330
1B2
102
}
330
1B2
100
AcDbProxyObject
 90
      499
 91
      517
 93
      772
310
40C0088A0B1A23127B9B730B82837B4B73A2932B30520281502299E1ACE25FD67F5111416344624F736E6170506F696E745265660840502A1F28A514E756BACFEAA2282C688C49EE6DCC2E0A0DED2DCE8A4CACC1480A05408A6786B3897F59FD40
330
1B1
330
D5
330
D2
330
D5
 94
        0
  0
ACAD_PROXY_OBJECT
  5
1F6
102
{ACAD_REACTORS
330
1F5
102
}
330
1F5
100
AcDbProxyObject
 90
      499
 91
      517
 93
      836
310
40C0088A0B1A23127B9B730B82837B4B73A2932B305A0281500F2F33333333B27F520281211111416344624F736E6170506F696E745265660840502A0F49525BB4B5F64FEAA2282C688C49EE6DCC2E0A0DED2DCE8A4CACC1680A05403CBCCCCCCCCEC9FD480A048440
330
1F4
330
CB
330
CA
330
D1
330
CB
330
CA
 94
        0
  0
DICTIONARY
  5
227
102
{ACAD_REACTORS
330
226
102
}
330
226
100
AcDbDictionary
280
     1
  3
TEXT
360
228
  0
ACAD_PROXY_OBJECT
  5
3FC
102
{ACAD_REACTORS
330
3FB
102
}
102
{ACAD_XDICTIONARY
360
46D
102
}
330
3FB
100
AcDbProxyObject
 90
      499
 91
      514
 93
     1245
310
90A496D70657269616C3234481E5C0F42F5A8DC671FC056BD1B81E856B9F81E5C0F42F5A8DC671FA33E5C0F42F5A8DC671FA02000000000000741FA02AD129E2E20B1AB30B9102B34B2BBAA3CB832902E33101112BA3198911F1290129E2E20B1AB30B9102B34B2BBA232BA30B4B624B21F12AE2829A1A0A62290129E2E20B
310
1AB30B9102B34B2BBA9B1B0B632902E33101112B9B7111F12A33A33800
340
1B
340
0
340
B
340
1B
340
B
340
B
 94
        0
  0
MATERIAL
  5
3BE
102
{ACAD_REACTORS
330
3B
102
}
102
{ACAD_XDICTIONARY
360
4A0
102
}
330
3B
100
AcDbMaterial
  1
BYBLOCK
 72
     0
 73
     2
 43
0.0208333333333333
 43
0.0
 43
0.0
 43
0.0
 43
0.0
 43
0.0208333333333333
 43
0.0
 43
0.0
 43
0.0
 43
0.0
 43
1.0
 43
0.0
 43
0.0
 43
0.0
 43
0.0
 43
1.0
 77
     0
 78
     2
 47
0.0208333333333333
 47
0.0
 47
0.0
 47
0.0
 47
0.0
 47
0.0208333333333333
 47
0.0
 47
0.0
 47
0.0
 47
0.0
 47
1.0
 47
0.0
 47
0.0
 47
0.0
 47
0.0
 47
1.0
171
     0
172
     2
 49
0.0208333333333333
 49
0.0
 49
0.0
 49
0.0
 49
0.0
 49
0.0208333333333333
 49
0.0
 49
0.0
 49
0.0
 49
0.0
 49
1.0
 49
0.0
 49
0.0
 49
0.0
 49
0.0
 49
1.0
175
     0
176
     2
142
0.0208333333333333
142
0.0
142
0.0
142
0.0
142
0.0
142
0.0208333333333333
142
0.0
142
0.0
142
0.0
142
0.0
142
1.0
142
0.0
142
0.0
142
0.0
142
0.0
142
1.0
179
     0
270
     2
144
0.0208333333333333
144
0.0
144
0.0
144
0.0
144
0.0
144
0.0208333333333333
144
0.0
144
0.0
144
0.0
144
0.0
144
1.0
144
0.0
144
0.0
144
0.0
144
0.0
144
1.0
274
     2
147
0.0208333333333333
147
0.0
147
0.0
147
0.0
147
0.0
147
0.0208333333333333
147
0.0
147
0.0
147
0.0
147
0.0
147
1.0
147
0.0
147
0.0
147
0.0
147
0.0
147
1.0
  0
MATERIAL
  5
3B6
102
{ACAD_REACTORS
330
3B
102
}
102
{ACAD_XDICTIONARY
360
4A2
102
}
330
3B
100
AcDbMaterial
  1
BYLAYER
 72
     0
 73
     2
 43
0.0208333333333333
 43
0.0
 43
0.0
 43
0.0
 43
0.0
 43
0.0208333333333333
 43
0.0
 43
0.0
 43
0.0
 43
0.0
 43
1.0
 43
0.0
 43
0.0
 43
0.0
 43
0.0
 43
1.0
 77
     0
 78
     2
 47
0.0208333333333333
 47
0.0
 47
0.0
 47
0.0
 47
0.0
 47
0.0208333333333333
 47
0.0
 47
0.0
 47
0.0
 47
0.0
 47
1.0
 47
0.0
 47
0.0
 47
0.0
 47
0.0
 47
1.0
171
     0
172
     2
 49
0.0208333333333333
 49
0.0
 49
0.0
 49
0.0
 49
0.0
 49
0.0208333333333333
 49
0.0
 49
0.0
 49
0.0
 49
0.0
 49
1.0
 49
0.0
 49
0.0
 49
0.0
 49
0.0
 49
1.0
175
     0
176
     2
142
0.0208333333333333
142
0.0
142
0.0
142
0.0
142
0.0
142
0.0208333333333333
142
0.0
142
0.0
142
0.0
142
0.0
142
1.0
142
0.0
142
0.0
142
0.0
142
0.0
142
1.0
179
     0
270
     2
144
0.0208333333333333
144
0.0
144
0.0
144
0.0
144
0.0
144
0.0208333333333333
144
0.0
144
0.0
144
0.0
144
0.0
144
1.0
144
0.0
144
0.0
144
0.0
144
0.0
144
1.0
274
     2
147
0.0208333333333333
147
0.0
147
0.0
147
0.0
147
0.0
147
0.0208333333333333
147
0.0
147
0.0
147
0.0
147
0.0
147
1.0
147
0.0
147
0.0
147
0.0
147
0.0
147
1.0
  0
MATERIAL
  5
3C6
102
{ACAD_REACTORS
330
3B
102
}
102
{ACAD_XDICTIONARY
360
3C7
102
}
330
3B
100
AcDbMaterial
  1
GLOBAL
 72
     0
 73
     2
 43
0.0208333333333333
 43
0.0
 43
0.0
 43
0.0
 43
0.0
 43
0.0208333333333333
 43
0.0
 43
0.0
 43
0.0
 43
0.0
 43
1.0
 43
0.0
 43
0.0
 43
0.0
 43
0.0
 43
1.0
 77
     0
 78
     2
 47
0.0208333333333333
 47
0.0
 47
0.0
 47
0.0
 47
0.0
 47
0.0208333333333333
 47
0.0
 47
0.0
 47
0.0
 47
0.0
 47
1.0
 47
0.0
 47
0.0
 47
0.0
 47
0.0
 47
1.0
171
     0
172
     2
 49
0.0208333333333333
 49
0.0
 49
0.0
 49
0.0
 49
0.0
 49
0.0208333333333333
 49
0.0
 49
0.0
 49
0.0
 49
0.0
 49
1.0
 49
0.0
 49
0.0
 49
0.0
 49
0.0
 49
1.0
175
     0
176
     2
142
0.0208333333333333
142
0.0
142
0.0
142
0.0
142
0.0
142
0.0208333333333333
142
0.0
142
0.0
142
0.0
142
0.0
142
1.0
142
0.0
142
0.0
142
0.0
142
0.0
142
1.0
179
     0
270
     2
144
0.0208333333333333
144
0.0
144
0.0
144
0.0
144
0.0
144
0.0208333333333333
144
0.0
144
0.0
144
0.0
144
0.0
144
1.0
144
0.0
144
0.0
144
0.0
144
0.0
144
1.0
274
     2
147
0.0208333333333333
147
0.0
147
0.0
147
0.0
147
0.0
147
0.0208333333333333
147
0.0
147
0.0
147
0.0
147
0.0
147
1.0
147
0.0
147
0.0
147
0.0
147
0.0
147
1.0
  0
ACAD_PROXY_OBJECT
  5
3F8
102
{ACAD_REACTORS
330
3F7
102
}
330
3F7
100
AcDbProxyObject
 90
      499
 91
      506
 93
      610
310
40901902A4063FBFFFFFE056BD1B81E855B9FC0AD7A3703D0AD73F4214DD185B99185C9900AD7A3703D0AC73F90141901A02B5E8DC0F42B1CFC02B5E8DC0F42B1CFE5764000000000000300FC0
340
1E
340
0
340
1B
340
0
 94
        0
1001
ACAD_MLEADERVER
1070
     2
  0
MLINESTYLE
  5
42
102
{ACAD_REACTORS
330
39
102
}
330
39
100
AcDbMlineStyle
  2
STANDARD
 70
     0
  3

 62
   256
 51
90.0
 52
90.0
 71
     2
 49
0.5
 62
   256
  6
BYLAYER
 49
-0.5
 62
   256
  6
BYLAYER
  0
DICTIONARY
  5
470
330
46F
100
AcDbDictionary
280
     1
  3
ADSK_XREC_MENTALRAYSETTINGSINFO
360
471
  0
ACAD_PROXY_OBJECT
  5
3E6
102
{ACAD_REACTORS
330
3E5
102
}
330
3E5
100
AcDbProxyObject
 90
      499
 91
      505
 93
       41
310
903313A31580
  0
ACAD_PROXY_OBJECT
  5
3E7
102
{ACAD_REACTORS
330
3E5
102
}
330
3E5
100
AcDbProxyObject
 90
      499
 91
      505
 93
      257
310
90E312F31323822203D2031272D3022000000000000200FC000000000000284000
  0
ACAD_PROXY_OBJECT
  5
3E8
102
{ACAD_REACTORS
330
3E5
102
}
330
3E5
100
AcDbProxyObject
 90
      499
 91
      505
 93
      249
310
90D312F363422203D2031272D3022000000000000240FC000000000000284000
  0
ACAD_PROXY_OBJECT
  5
3E9
102
{ACAD_REACTORS
330
3E5
102
}
330
3E5
100
AcDbProxyObject
 90
      499
 91
      505
 93
      249
310
90D312F333222203D2031272D3022000000000000280FC000000000000284000
  0
ACAD_PROXY_OBJECT
  5
3EA
102
{ACAD_REACTORS
330
3E5
102
}
330
3E5
100
AcDbProxyObject
 90
      499
 91
      505
 93
      249
310
90D312F313622203D2031272D30220000000000002C0FC000000000000284000
  0
ACAD_PROXY_OBJECT
  5
3EB
102
{ACAD_REACTORS
330
3E5
102
}
330
3E5
100
AcDbProxyObject
 90
      499
 91
      505
 93
      249
310
90D332F333222203D2031272D30220000000000002E0FC000000000000284000
  0
ACAD_PROXY_OBJECT
  5
3EC
102
{ACAD_REACTORS
330
3E5
102
}
330
3E5
100
AcDbProxyObject
 90
      499
 91
      505
 93
      241
310
90C312F3822203D2031272D3022000000000000300FC000000000000284000
  0
ACAD_PROXY_OBJECT
  5
3ED
102
{ACAD_REACTORS
330
3E5
102
}
330
3E5
100
AcDbProxyObject
 90
      499
 91
      505
 93
      249
310
90D332F313622203D2031272D3022000000000000320FC000000000000284000
  0
ACAD_PROXY_OBJECT
  5
3EE
102
{ACAD_REACTORS
330
3E5
102
}
330
3E5
100
AcDbProxyObject
 90
      499
 91
      505
 93
      241
310
90C312F3422203D2031272D3022000000000000340FC000000000000284000
  0
ACAD_PROXY_OBJECT
  5
3EF
102
{ACAD_REACTORS
330
3E5
102
}
330
3E5
100
AcDbProxyObject
 90
      499
 91
      505
 93
      241
310
90C332F3822203D2031272D3022000000000000360FC000000000000284000
  0
ACAD_PROXY_OBJECT
  5
3F0
102
{ACAD_REACTORS
330
3E5
102
}
330
3E5
100
AcDbProxyObject
 90
      499
 91
      505
 93
      241
310
90C312F3222203D2031272D3022000000000000380FC000000000000284000
  0
ACAD_PROXY_OBJECT
  5
3F1
102
{ACAD_REACTORS
330
3E5
102
}
330
3E5
100
AcDbProxyObject
 90
      499
 91
      505
 93
      241
310
90C332F3422203D2031272D30220000000000003A0FC000000000000284000
  0
ACAD_PROXY_OBJECT
  5
3F2
102
{ACAD_REACTORS
330
3E5
102
}
330
3E5
100
AcDbProxyObject
 90
      499
 91
      505
 93
      161
310
90A3122203D2031272D30224000000000000284000
  0
ACAD_PROXY_OBJECT
  5
3F3
102
{ACAD_REACTORS
330
3E5
102
}
330
3E5
100
AcDbProxyObject
 90
      499
 91
      505
 93
      257
310
90E312D312F3222203D2031272D30220000000000003E0FC000000000000284000
  0
ACAD_PROXY_OBJECT
  5
3F4
102
{ACAD_REACTORS
330
3E5
102
}
330
3E5
100
AcDbProxyObject
 90
      499
 91
      505
 93
      225
310
90A3322203D2031272D302200000000000002100000000000000284000
  0
ACAD_PROXY_OBJECT
  5
3F5
102
{ACAD_REACTORS
330
3E5
102
}
330
3E5
100
AcDbProxyObject
 90
      499
 91
      505
 93
      225
310
90A3622203D2031272D302200000000000006100000000000000284000
  0
ACAD_PROXY_OBJECT
  5
3F6
102
{ACAD_REACTORS
330
3E5
102
}
330
3E5
100
AcDbProxyObject
 90
      499
 91
      505
 93
      249
310
90D31272D3022203D2031272D30220000000000000A100000000000000284000
  0
ACAD_PROXY_OBJECT
  5
3FA
102
{ACAD_REACTORS
330
3F9
102
}
102
{ACAD_XDICTIONARY
360
46B
102
}
330
3F9
100
AcDbProxyObject
 90
      499
 91
      513
 93
     2271
310
90A496D70657269616C32344A765C0F42F5A8DC671FE5C0F42F5A8DC671FA209258409E5840A25840A65840B05840B45C0F42F5A8DC6F1FA33A659703D0BD6A3719C7E5C0F42F5A8DC671FE5C0F42F5A8DC671FA02000000000000741FA02BE129E2E20B1AB30B9102B34B2BBAA3CB832902E33101112BA3198911F1290129
310
E2E20B1AB30B9102B34B2BBA9B2B1BA34B7B729BA30B93A24B21F1296929E2E20B1AB30B9102B34B2BBA9B2B1BA34B7B722B73224B21F12AE2829A1A0A62290129E2E20B1AB30B9102B34B2BBA9B1B0B632902E33101112B9B7111F12E0080A0C829CA6926662C206056BD1B81E85639FA0320D0305A88A9F643F27E32B996
310
9C2960E81F87FA0718D4DE3E87E32B9969C2960E85F9E5129FC49EA5FA7E
340
1B
340
0
340
0
340
B
340
B
340
1B
 94
        0
  0
ACAD_PROXY_OBJECT
  5
27
102
{ACAD_REACTORS
330
28
102
}
330
28
100
AcDbProxyObject
 90
      499
 91
      504
 93
      348
310
904902404333333333333E3BF0000000000000FB0107901411070040501600405405064090741402480A0340
1001
ACAD
1000
AcDbSavedByObjectVersion
1070
     0
  0
ACAD_PROXY_OBJECT
  5
3D2
102
{ACAD_REACTORS
330
28
102
}
330
28
100
AcDbProxyObject
 90
      499
 91
      504
 93
      388
310
4150985CDA58D07406404333333333333E3BF0000000000000FB0107A41107004050150841D405064090741402480A0350
1001
ACAD
1000
AcDbSavedByObjectVersion
1070
     0
  0
ACAD_PROXY_OBJECT
  5
3D8
102
{ACAD_REACTORS
330
28
102
}
330
28
100
AcDbProxyObject
 90
      499
 91
      504
 93
      428
310
42109C9A59DA1D195B90C409028333333333333E3BF0000000000000FB010790141107004050150841D405064090741402480A029950
1001
ACAD
1000
AcDbSavedByObjectVersion
1070
     0
  0
ACAD_PROXY_OBJECT
  5
3DC
102
{ACAD_REACTORS
330
28
102
}
330
28
100
AcDbProxyObject
 90
      499
 91
      504
 93
      452
310
42D0DBDB1BDC90DA185B99D95104090240C333333333333E3BF0000000000000FB0108901411070040501508421405064090741402480A0350
1001
ACAD
1000
AcDbSavedByObjectVersion
1070
     0
  0
ACAD_PROXY_OBJECT
  5
3D5
102
{ACAD_REACTORS
330
28
102
}
330
28
100
AcDbProxyObject
 90
      499
 91
      504
 93
      500
310
4290DBDB98D95C1D1D585B10940D028333333333333E3BF0000000000000FB0107902409070040501000000000018199010841D405064090740C02480A0340
1001
ACAD
1000
AcDbSavedByObjectVersion
1070
     0
  0
ACAD_PROXY_OBJECT
  5
3D7
102
{ACAD_REACTORS
330
28
102
}
330
28
100
AcDbProxyObject
 90
      499
 91
      504
 93
      412
310
40D11A5B50B409028333333333333E3BF0000000000000FB010790141107004050150841D405064090741402480A02677FFFFFD0
1001
ACAD
1000
AcDbSavedByObjectVersion
1070
     0
  0
ACAD_PROXY_OBJECT
  5
3E4
102
{ACAD_REACTORS
330
28
102
}
330
28
100
AcDbProxyObject
 90
      499
 91
      504
 93
      452
310
43115919D950DBDB1BDC93D999916409028333333333333E3BF0000000000000FB010790141107004050150841D405064090741402480A0350
1001
ACAD
1000
AcDbSavedByObjectVersion
1070
     0
  0
ACAD_PROXY_OBJECT
  5
3DB
102
{ACAD_REACTORS
330
28
102
}
330
28
100
AcDbProxyObject
 90
      499
 91
      504
 93
      444
310
42D19858D95C185D1D195C9B90F409028333333333333E3BF0000000000000FB010790141107004050150841D405064090741402480A0350
1001
ACAD
1000
AcDbSavedByObjectVersion
1070
     0
  0
ACAD_PROXY_OBJECT
  5
3CE
102
{ACAD_REACTORS
330
28
102
}
330
28
100
AcDbProxyObject
 90
      499
 91
      504
 93
      380
310
41119B185D240901404333333333333E3BF0000000000000F9010740A907004050150841D405064090741402480A1B50
1001
ACAD
1000
AcDbSavedByObjectVersion
1070
     0
  0
ACAD_PROXY_OBJECT
  5
3CF
102
{ACAD_REACTORS
330
28
102
}
330
28
100
AcDbProxyObject
 90
      499
 91
      504
 93
      468
310
43519B185D15DA5D1A115919D95CD0140901404333333333333E3BF0000000000000F90107409019070040501600405405064090741402480A1B50
1001
ACAD
1000
AcDbSavedByObjectVersion
1070
     0
  0
ACAD_PROXY_OBJECT
  5
3D0
102
{ACAD_REACTORS
330
28
102
}
330
28
100
AcDbProxyObject
 90
      499
 91
      504
 93
      404
310
41D1DBDD5C985D5910240902404333333333333E3BF0000000000000F9010740A9070040501641D405064090741402480A1B50
1001
ACAD
1000
AcDbSavedByObjectVersion
1070
     0
  0
ACAD_PROXY_OBJECT
  5
3D1
102
{ACAD_REACTORS
330
28
102
}
330
28
100
AcDbProxyObject
 90
      499
 91
      504
 93
      492
310
4411DBDD5C985D5915DA5D1A115919D95CD0340902404333333333333E3BF0000000000000F90107409019070040501600405405064090741402480A1B50
1001
ACAD
1000
AcDbSavedByObjectVersion
1070
     0
  0
ACAD_PROXY_OBJECT
  5
3D4
102
{ACAD_REACTORS
330
28
102
}
330
28
100
AcDbProxyObject
 90
      499
 91
      504
 93
      476
310
41921A5919195B90640502408333333333333E3BF0000000000000FB01079024090700405020000000000001110200405405064090740C02480A0340
1001
ACAD
1000
AcDbSavedByObjectVersion
1070
     0
  0
ACAD_PROXY_OBJECT
  5
3E2
102
{ACAD_REACTORS
330
28
102
}
330
28
100
AcDbProxyObject
 90
      499
 91
      504
 93
      428
310
42529A5D1D195C93D999914409028333333333333E3BF0000000000000FB010790141107004050150A41D405064090741402480A0350
1001
ACAD
1000
AcDbSavedByObjectVersion
1070
     0
  0
ACAD_PROXY_OBJECT
  5
3DA
102
{ACAD_REACTORS
330
28
102
}
330
28
100
AcDbProxyObject
 90
      499
 91
      504
 93
      444
310
42D31A5B995C185D1D195C9B90E409028333333333333E3BF0000000000000FB010790141107004050750841D405064090741402483A0350
1001
ACAD
1000
AcDbSavedByObjectVersion
1070
     0
  0
ACAD_PROXY_OBJECT
  5
3E3
102
{ACAD_REACTORS
330
28
102
}
330
28
100
AcDbProxyObject
 90
      499
 91
      504
 93
      444
310
42D3DD995C9A185B99D3D999915409028333333333333E3BF0000000000000FB010790141107004050150941D405064090741402480A0350
1001
ACAD
1000
AcDbSavedByObjectVersion
1070
     0
  0
ACAD_PROXY_OBJECT
  5
3D6
102
{ACAD_REACTORS
330
28
102
}
330
28
100
AcDbProxyObject
 90
      499
 91
      504
 93
      428
310
425499585B1A5CDD1A58D08409028333333333333E3BF0000000000000F9010740A907004050150800405405064090740C02480A1B40
1001
ACAD
1000
AcDbSavedByObjectVersion
1070
     0
  0
ACAD_PROXY_OBJECT
  5
3E1
102
{ACAD_REACTORS
330
28
102
}
330
28
100
AcDbProxyObject
 90
      499
 91
      504
 93
      420
310
4194DA1859195911B40902404333333333333E3BF0000000000000F9010740A41107004050150800405405064090840C02480A0B40
1001
ACAD
1000
AcDbSavedByObjectVersion
1070
     0
  0
ACAD_PROXY_OBJECT
  5
3E0
102
{ACAD_REACTORS
330
28
102
}
330
28
100
AcDbProxyObject
 90
      499
 91
      504
 93
      516
310
4454DA18591959081DDA5D1A08195919D95CD1A40902404333333333333E3BF0000000000000F901074090140907004050250800405405064090740C02480A0B40
1001
ACAD
1000
AcDbSavedByObjectVersion
1070
     0
  0
ACAD_PROXY_OBJECT
  5
3DD
102
{ACAD_REACTORS
330
28
102
}
330
28
100
AcDbProxyObject
 90
      499
 91
      504
 93
      532
310
4394DA1859195CC81BD98811DC985E5174090240C333333333333E3BF0000000000000FB01079024090741D01000000000000111010841D405064090740C02480A0340
1001
ACAD
1000
AcDbSavedByObjectVersion
1070
     0
  0
ACAD_PROXY_OBJECT
  5
3DE
102
{ACAD_REACTORS
330
28
102
}
330
28
100
AcDbProxyObject
 90
      499
 91
      504
 93
      476
310
41D4DAD95D18DA1E51840502408333333333333E3BF0000000000000FB01079024090741D01000000000000111010B41D405064090741802480A0340
1001
ACAD
1000
AcDbSavedByObjectVersion
1070
     0
  0
ACAD_PROXY_OBJECT
  5
3D9
102
{ACAD_REACTORS
330
28
102
}
330
28
100
AcDbProxyObject
 90
      499
 91
      504
 93
      412
310
41D51A1A58DAD95B90D409028333333333333E3BF0000000000000FB010790141107004050150C41D405064090741402480A0350
1001
ACAD
1000
AcDbSavedByObjectVersion
1070
     0
  0
ACAD_PROXY_OBJECT
  5
3D3
102
{ACAD_REACTORS
330
28
102
}
330
28
100
AcDbProxyObject
 90
      499
 91
      504
 93
      420
310
4255DA5C99599C985B595059028333333333333E3BF0000000000000FB0107901411070040501600405405064090740C02480A0340
1001
ACAD
1000
AcDbSavedByObjectVersion
1070
     0
  0
ACAD_PROXY_OBJECT
  5
3DF
102
{ACAD_REACTORS
330
28
102
}
330
28
100
AcDbProxyObject
 90
      499
 91
      504
 93
      404
310
41560B54985E51940902404000000000000E03F0000000000000FB010740501907004050150841D405064090740C02480A1B40
1001
ACAD
1000
AcDbSavedByObjectVersion
1070
     0
  0
XRECORD
  5
485
102
{ACAD_REACTORS
330
47B
102
}
330
47B
100
AcDbXrecord
340
0
  0
XRECORD
  5
484
102
{ACAD_REACTORS
330
47B
102
}
330
47B
100
AcDbXrecord
 90
        0
  0
XRECORD
  5
49C
102
{ACAD_REACTORS
330
47B
102
}
330
47B
100
AcDbXrecord
340
3C
  0
XRECORD
  5
49B
102
{ACAD_REACTORS
330
47B
102
}
330
47B
100
AcDbXrecord
1000
DSTYLE
1002
{
1070
   171
 70
     0
1070
   143
 40
39.4
1070
   274
 70
     0
1070
    41
 40
150.0
1070
   289
 70
     2
1070
   342
340
2D
1070
   141
 40
0.0
1070
   176
 70
   256
1070
   177
 70
   256
1070
   178
 70
     3
1070
   271
 70
     0
1070
    43
 40
50.0
1070
    44
 40
50.0
1070
    42
 40
50.0
1070
   147
 40
50.0
1070
   341
340
2D
1070
   371
 70
    -1
1070
   372
 70
    -1
1070
   272
 70
     0
1070
    73
 70
     0
1070
   279
 70
     2
1070
   172
 70
     1
1070
    74
 70
     0
1070
   340
340
2C
1070
   140
 40
195.0
1070
    90
 70
     1
1002
}
  0
XRECORD
  5
486
102
{ACAD_REACTORS
330
47B
102
}
330
47B
100
AcDbXrecord
  1
{D390E2D4-98E7-4B77-AF97-F18CC533EFB5}
  0
XRECORD
  5
47E
102
{ACAD_REACTORS
330
47B
102
}
330
47B
100
AcDbXrecord
  1

  0
XRECORD
  5
483
102
{ACAD_REACTORS
330
47B
102
}
330
47B
100
AcDbXrecord
 90
        1
  0
XRECORD
  5
480
102
{ACAD_REACTORS
330
47B
102
}
330
47B
100
AcDbXrecord
340
E
  0
XRECORD
  5
482
102
{ACAD_REACTORS
330
47B
102
}
330
47B
100
AcDbXrecord
 90
    10781
  0
XRECORD
  5
49D
102
{ACAD_REACTORS
330
47B
102
}
330
47B
100
AcDbXrecord
340
3B
  0
XRECORD
  5
481
102
{ACAD_REACTORS
330
47B
102
}
330
47B
100
AcDbXrecord
340
3A
  0
XRECORD
  5
488
102
{ACAD_REACTORS
330
47B
102
}
330
47B
100
AcDbXrecord
 40
0.0
  0
XRECORD
  5
48B
102
{ACAD_REACTORS
330
47B
102
}
330
47B
100
AcDbXrecord
340
0
  0
XRECORD
  5
491
102
{ACAD_REACTORS
330
47B
102
}
330
47B
100
AcDbXrecord
 10
0.0
 20
0.0
 30
0.0
  0
XRECORD
  5
48D
102
{ACAD_REACTORS
330
47B
102
}
330
47B
100
AcDbXrecord
 10
0.0
 20
0.0
 30
0.0
  0
XRECORD
  5
490
102
{ACAD_REACTORS
330
47B
102
}
330
47B
100
AcDbXrecord
 10
0.0
 20
0.0
 30
0.0
  0
XRECORD
  5
48E
102
{ACAD_REACTORS
330
47B
102
}
330
47B
100
AcDbXrecord
 10
0.0
 20
0.0
 30
0.0
  0
XRECORD
  5
48F
102
{ACAD_REACTORS
330
47B
102
}
330
47B
100
AcDbXrecord
 10
0.0
 20
0.0
 30
0.0
  0
XRECORD
  5
48C
102
{ACAD_REACTORS
330
47B
102
}
330
47B
100
AcDbXrecord
 10
0.0
 20
0.0
 30
0.0
  0
XRECORD
  5
489
102
{ACAD_REACTORS
330
47B
102
}
330
47B
100
AcDbXrecord
340
0
  0
XRECORD
  5
48A
102
{ACAD_REACTORS
330
47B
102
}
330
47B
100
AcDbXrecord
 70
     0
  0
XRECORD
  5
47F
102
{ACAD_REACTORS
330
47B
102
}
330
47B
100
AcDbXrecord
  1
monochrome.ctb
  0
XRECORD
  5
47C
102
{ACAD_REACTORS
330
47B
102
}
330
47B
100
AcDbXrecord
 90
        1
  0
XRECORD
  5
47D
102
{ACAD_REACTORS
330
47B
102
}
330
47B
100
AcDbXrecord
 90
       70
  0
XRECORD
  5
494
102
{ACAD_REACTORS
330
47B
102
}
330
47B
100
AcDbXrecord
340
0
  0
XRECORD
  5
49A
102
{ACAD_REACTORS
330
47B
102
}
330
47B
100
AcDbXrecord
 10
0.0
 20
0.0
 30
0.0
  0
XRECORD
  5
496
102
{ACAD_REACTORS
330
47B
102
}
330
47B
100
AcDbXrecord
 10
0.0
 20
0.0
 30
0.0
  0
XRECORD
  5
499
102
{ACAD_REACTORS
330
47B
102
}
330
47B
100
AcDbXrecord
 10
0.0
 20
0.0
 30
0.0
  0
XRECORD
  5
497
102
{ACAD_REACTORS
330
47B
102
}
330
47B
100
AcDbXrecord
 10
0.0
 20
0.0
 30
0.0
  0
XRECORD
  5
498
102
{ACAD_REACTORS
330
47B
102
}
330
47B
100
AcDbXrecord
 10
0.0
 20
0.0
 30
0.0
  0
XRECORD
  5
495
102
{ACAD_REACTORS
330
47B
102
}
330
47B
100
AcDbXrecord
 10
0.0
 20
0.0
 30
0.0
  0
XRECORD
  5
492
102
{ACAD_REACTORS
330
47B
102
}
330
47B
100
AcDbXrecord
340
0
  0
XRECORD
  5
493
102
{ACAD_REACTORS
330
47B
102
}
330
47B
100
AcDbXrecord
 70
     0
  0
XRECORD
  5
487
102
{ACAD_REACTORS
330
47B
102
}
330
47B
100
AcDbXrecord
  1
{78BC58B7-B5D6-8544-B252-A2134E794A12}
  0
DICTIONARYVAR
  5
476
102
{ACAD_REACTORS
330
3B0
102
}
330
3B0
100
DictionaryVariables
280
     0
  1
1:1
  0
DICTIONARYVAR
  5
472
102
{ACAD_REACTORS
330
3B0
102
}
330
3B0
100
DictionaryVariables
280
     0
  1
Standard
  0
DICTIONARYVAR
  5
3B1
102
{ACAD_REACTORS
330
3B0
102
}
330
3B0
100
DictionaryVariables
280
     0
  1
Standard
  0
DICTIONARYVAR
  5
473
102
{ACAD_REACTORS
330
3B0
102
}
330
3B0
100
DictionaryVariables
280
     0
  1
Imperial24
  0
DICTIONARYVAR
  5
474
102
{ACAD_REACTORS
330
3B0
102
}
330
3B0
100
DictionaryVariables
280
     0
  1
Imperial24
  0
DICTIONARYVAR
  5
3B3
102
{ACAD_REACTORS
330
3B0
102
}
330
3B0
100
DictionaryVariables
280
     0
  1
2
  0
DICTIONARYVAR
  5
3B2
102
{ACAD_REACTORS
330
3B0
102
}
330
3B0
100
DictionaryVariables
280
     0
  1
1
  0
DICTIONARYVAR
  5
478
102
{ACAD_REACTORS
330
3B0
102
}
330
3B0
100
DictionaryVariables
280
     0
  1
1
  0
DICTIONARYVAR
  5
479
102
{ACAD_REACTORS
330
3B0
102
}
330
3B0
100
DictionaryVariables
280
     0
  1
15
  0
DICTIONARYVAR
  5
477
102
{ACAD_REACTORS
330
3B0
102
}
330
3B0
100
DictionaryVariables
280
     0
  1
0
  0
DICTIONARYVAR
  5
475
102
{ACAD_REACTORS
330
3B0
102
}
330
3B0
100
DictionaryVariables
280
     0
  1
0
  0
DICTIONARYVAR
  5
3B4
102
{ACAD_REACTORS
330
3B0
102
}
330
3B0
100
DictionaryVariables
280
     0
  1

  0
DICTIONARYVAR
  5
47A
102
{ACAD_REACTORS
330
3B0
102
}
330
3B0
100
DictionaryVariables
280
     0
  1
2
  0
FIELD
  5
228
102
{ACAD_REACTORS
330
227
102
}
330
227
100
AcDbField
  1
_text
  2
%<\_FldIdx 0>%
 90
        1
360
229
 97
        0
 91
       63
 92
        0
 94
        9
 95
        2
 96
        0
300

 93
        1
  6
ACFD_FIELDTEXT_CHECKSUM
 90
        2
140
50233.0
  7
ACFD_FIELD_VALUE
 90
        0
 91
        0
301

 98
        0
  0
DICTIONARY
  5
46D
330
3FC
100
AcDbDictionary
280
     1
  0
DICTIONARY
  5
4A0
330
3BE
100
AcDbDictionary
280
     1
  3
ACAD_XREC_ROUNDTRIP
360
4A1
  0
DICTIONARY
  5
4A2
330
3B6
100
AcDbDictionary
280
     1
  3
ACAD_XREC_ROUNDTRIP
360
4A3
  0
DICTIONARY
  5
3C7
330
3C6
100
AcDbDictionary
280
     1
  3
ACAD_XREC_ROUNDTRIP
360
4A4
  3
FBXASSET
360
435
  0
XRECORD
  5
471
102
{ACAD_REACTORS
330
470
102
}
330
470
100
AcDbXrecord
 70
     2
 71
     3
 72
     0
  0
DICTIONARY
  5
46B
330
3FA
100
AcDbDictionary
280
     1
  0
FIELD
  5
229
330
228
100
AcDbField
  1
AcVar
  2
\AcVar Filename \f "%fn3"
 90
        0
 97
        0
 91
       63
 92
        0
 94
       59
 95
        2
 96
        0
300

 93
        1
  6
Variable
 90
        4
  1
Filename
  7
ACFD_FIELD_VALUE
 90
        4
  1
D:\2022\Anandwali\RCC\DATTU_GB_25.08.dwg
301
D:\2022\Anandwali\RCC\DATTU_GB_25.08
 98
       36
  0
XRECORD
  5
4A1
102
{ACAD_REACTORS
330
4A0
102
}
330
4A0
100
AcDbXrecord
102
MATERIAL
148
0.0
149
0.0
149
0.0
 93
        0
 94
      127
282
     0
 72
     0
 77
     0
171
     0
175
     0
179
     0
273
     0
  0
XRECORD
  5
4A3
102
{ACAD_REACTORS
330
4A2
102
}
330
4A2
100
AcDbXrecord
102
MATERIAL
148
0.0
149
0.0
149
0.0
 93
        0
 94
      127
282
     0
 72
     0
 77
     0
171
     0
175
     0
179
     0
273
     0
  0
XRECORD
  5
4A4
102
{ACAD_REACTORS
330
3C7
102
}
330
3C7
100
AcDbXrecord
102
MATERIAL
148
0.0
149
0.0
149
0.0
 93
        0
 94
      127
282
     0
 72
     0
 77
     0
171
     0
175
     0
179
     0
273
     0
  0
XRECORD
  5
435
102
{ACAD_REACTORS
330
3C7
102
}
330
3C7
100
AcDbXrecord
 70
     1
 90
1959938040
 71
     1
  1
9262B99B-C03F-451D-ADCF-F4CBC567ECB3
311
504B03041400060808008A5D715564D48F99F7000000A80100004F00000044463535433844392D373546362D343530322D413935312D3835304143324336454433462F4173736574446174612F446566696E6974696F6E4974657261746F7250726F706572746965732E62696EBD90B14EC4300C8603038881018907606035
311
C9B575DA2021D4260D130B3C00CA95705729D79E2EAD586FE4ADC111E515B0F4C7D61FC7FE942FC6D8F71254B213D291CE4BCA4F7EF087BE7BEDB67EE7D85972C2B876E1962AA91AA332AB0157AD85424884CA940A94B1028530655597A7D4774E32FEC3CD614A239FFBD8F910DCE0C7395E91B1ECB8D9B98976B970971E5D
311
3096D291C4FE2E629AB4F9254A909F24F7BEBF7F7431FAE9811B8BA82BA3A0442BA1409141AD7005158A5A675AB626B7FCC5C7713E743E7295C9AC51AA012D72E2C79581DA680BB6D08D4659B6BAC9F9B49DD3D75C278CF5E0FAC0055F10DEF6C386EC7F8B1F504B03041400060808008A5D7155CFDA72C0EC000000300200
311
004500000044463535433844392D373546362D343530322D413935312D3835304143324336454433462F4173736574446174612F496E7374616E636550726F706572746965732E62696EEB606060F80F0540260323103700495E20ED9E9A975A94991C9C9C919A9BA80214B034323372B2B474D275363076D335313574D175
311
747176D3753371767236353377757632664768046931363471713532B5D435353131D635313332D475727372D13534373670367376B67474B5042A03DBCBA019D37FE8ABC6157B20CD04146B0062181F4C03F940F0C11EA29A8141C08141002C0426541C106CAC2CA046088033B02A030AC2157C6006F21A8018AAF50194E6
311
010A610250382264E08660284CD9E98021862280A91564B406929A0FF62C401E28B6F88038B83CB1243943D7A928312F25350524432B0000504B03041400060808008A5D715588E57597CD3F0000904100006B00000044463535433844392D373546362D343530322D413935312D3835304143324336454433462F5265736F
311
75726365732F39323632423939422D433033462D343531442D414443462D4634434243353637454342332F7468756D626E61696C2F302F67656E657269635F706E67355B773CD4FF1FBF73E71C0E67EF7576C9DEF3EC995D46C6A1EC5046649CBDF79E192942562825CE965D8A868C2842C8DE9FDFD1F7E7F138F7078FCF6B
311
3F5FCFD7EBFDFEC41B196891913091804020321D6D7513FC77D8C5070EC3FFEE51B21F068154CC75D455CC028A3EA68992803810109FDDE5D5CEC5521B28A1B422BF80741695D5B529DA1C2D058AD2388BDA9F476F7C2CADC939304173DBF48A452BF8A700C0C70C3D121C1AA15A5270C22E2B9E28763651F7DA0D12CE1107
311
7B2ECD0D560B5E3DE2368B1E65C5E1C87384A4CC5F2D9FB8BE39E9B77C753783A37998F5CEF1B4FEE553463245C9712270880DF339E0B882A6BA713D865F6F384C842D440934EF264F4A304F8DE4EEFA1E2BF5E2D91F5ADD9613D6E31DDB33ED31DB1D7916CAF091286EA3D31B9CFECB78BB0060245B943C4C040119FF780A
311
74DD308BA9D028678674EB5504ECF284EE814DAED07440BAF649BE4B55DA2890F4D73E2D489A59EE54FDB0A85B59F2F52C4858A02705C4815A792B0C4A996A2023ECB195073E115E3E3647F64243A8338F2000BCB58DA5692C7E7C3D413F963FEDF3CF00FBB0F831A9D51360FECA43819F527B89FA260EB63C5DA676830AA3
311
626A3693B23F1A17A0DFFCE3EE164E31B5365EDF0C89EF64D8E38AB0BA9A1117D7C3A0EC44F44F4023095E80BA610DE336D0F99593A88BFC5306E72DF98F7FD132ED95878DF2964EA7E43071359FD83B2BDF9C6B5BDF768F0F3C0FC351199526F53D9460A34511F75D1B63E488178569472C91A94497807A3FD4A390C6558F
311
26D416365C3656DE6E769DA9D8FC73774E1709812842DD8EF96AED1960F79D21B395CDDFE6F92CB4EB962A4668C76990E2EF29798C8941D67DA50F4A5F947872460F1F6FDB794E8A29FD7AC0C0D6E0714339CE258FB17AE8535221E3464A10F29A0BE5EEECEFC5675926A89F49EB14E5711894F6586DB5754EB4D5DA9C6437
311
EBA57DB97A24F8B8A8DB295FFD73266CF57E82694DF5166DDF93573AFE9C9C5EB05F8FEF8E89E0A8917B0B3724DB7BEBB53252581EFC3E38166BA131A3A5B42FE2AD00A769BBFA4458D2DE7822F8C4F63D0B8E21B285AE13325F3410A435C648C9D91FDEB109E73CEDA7BC796961AF79175E1A3CE4C5E8B0D009B0C9E29EFD
311
98BC8E97554E3D8D838424E270F7685226E5AC268E021EDE3522D583E8F20C0BDE2959EF5BBFEEDAB32FE9A3ED0E39F211A86AA9DEBFC68182EDED132AB8BB794442D2D7EA9F4D8BFF52BC4D55BB165124EE90A42D101E67BBBB292FFB4F66DE5BF2300E44546757DA7CEF8932BFC9F92A0707953491A55C5A5ACEDABD9FA1
311
AEA01BAC3DC5A24E22E7C47213493996EFBC369D086ED9397C9BA6C7F9855C7BD5E15BFC8C53DB3D2A4C5901A57ACD2FBDF4D1676E95338B2C2BCE65FDA4C64F5FEFDC7D9CA5AA1FCF11E193F2FDABF0F4916BF13FB916A224380E6462A9815F2300DC49CC4DF8D055CEF76462F4B7A7ACA7365C2707891370BC1D0AA6203C
311
44CCAB47084FEC057F27FFCD57F89B8B9852459798A675C66BD7CE572CAF71FF7E6D7ECF7BF62CAB7B3F1107DCD04DC55A3F9961700286141C94A4F771FEB2BCDA2DDEE0CB0BAE402FF1DB0100F8E475DFFFC074DDB4498AB7D186A7654DDB1CB680D703D47CEB4E72F8CB13D86A4AA68116E26387B93FD6738779B34FEDB8
311
E517EDF2BAF28D9BE93A1D3A164320E07D42E514725C29515FF361754213EDE06B079A2E99EB1CA82A02019EADEEB87B9AF005BD04BBCECB14AACD6B24EFBE482194A97DD32400685FF1FEF1544D1B14EFB1E7F08E6D2CD2AF52DE757F35F5E62332EE88EA26417AD5C3E0E319D68F25414E6D672BD4522B278C57D18F0113
311
921C71D96527E091F00CEB15AE23D24667369BD3CEFA10C7549D930890BA4366F4EBC55F01F746109F98ABCDD5A3EE06619C6AD78AB33E48E4C9BD21BF7478B385EC05C4F8987E2C1BFA0A60EBEDAA0AE0B015C2720ECE180FB6F2DEFBEB822D96338C9B63822183BBF52FB664A7AE57003AABCE512BF77E7E31BDA2E739AC
311
4C131657DDFE5225E900FB56CC01CDE808FA4A9C9DA16AC679656BB64796283D89812B8F91136AE18EE5EBBAF47A73BE3C153EB5D4CD491B4BFB4FE690A4CF9ABA08C0D8AA64220C438C96EA6CA80B58FE5761E697B3A292EB9FBDA502FA863E49FE694ADDFFF9D62C520BDD1A22014147A0903A05B9B729F54272EF83931F
311
EEC057BFF8C8055C279EAC5C0011804828734024F6CFA319C9CC6867C727184465CD9BB7ED386AFFD96B294A85E3802FAE47244602D8273615952B98C4F23F7EAE4463D9D638EEE374A20959E0FE519C4CFB0FBFE5DD80C2AA3F9DB961D1BDE57E67C9BB47B77FDD74EE3094F5DBBE3EBC1FBDB7393F5116263009E2EFE1AF
311
9A221B2AE234C902BF70E9F280ED23E73908361565964333A3F01D0B006AF32FB21AA1316744B489D5A198E85299241735BE559675130955C902A8ED761FC0DBE337A9F91919AF5CE32AF902ADF9AB2615E00E8A94586BA1A90839B61832FF1BFB76D2EFADE6DB1BA04CCAD3DA649E7E2A0219F592E22F2AD54847EEA8E422
311
71011E9074F8F3DD9FBA6CDF88FFC9FC7E811AD1CA8F4557CE4AFC7BBEDCF0114A48689F20A584520C74DA8127124B767E2FB91A6B186246727BE63C9445BAE02088D58B8EFDC0F1072407CD9B89A13F6303B4A928F593AD489B58E6869325790ADC406036C591729FE14021F94B7796BB11848D463536A092A26F077F9463
311
9F7CEEE2A724C66EC885F4A24F8B8A0AC321F8FD149BA529460FAA34E4663C02D41FDF80BCA222D42F0ABFF8490F4FA74C673807C2051D8E467B47B616072860069A9A303ABA9B319D58404461401B0A0F9BE5E1E151C14BC33B32ABE03DDE91708DFAEB15E7C0D593C86BB7D7EC17BE56E57975F077BFD5525F3A1A361D58
311
4A75E08CF29FC7B44B2B3085014F3A5A14517377C3F6B8F37E59514C3B12F8AACDEDDA4DFC49BE5710101534CD6FB6DE15B50F11A09472AABA727F0C49D9CB906B158030065F48EB3625E010CEC1D511D0053474B11E6A4F01C0D6EF1BED3A944FDEC70E0DDCDC756C86545910E0DAE3BE3AA9A404574C2995CD5CAF954922
311
6BC94B4F4F0F5F9086F418F6B32346464610D8BC7391D3C3A3CCF04CFC1FB2A3A3170E369511868F14EEA4E5E438CC73DB1F3248AA94B6B2FF33B222FF3D1E7BF146CAD229770158063BCE4F5391964DF62F7E52A7BE0EEA829C9E13C4C147D6F93FE59E111DAB5E4594D6F3CD1AD375EE039930EFE5AF2BB2D41C83C7DABD
311
8C659BAFBE8FAB392CA634F3D15C1D945DB4588D2B0824A4EC928AAC565557CA2F0DAA588CA5BE30B3A8004F7BF005E96CBF891D7F18112A3619FDF530DC8AA64954258E1811789B5189B49B4EB53F5F89F7D37523894F3EB57B373763C91E502F52CC99EB7BDDF933FC324C4FFC2561DFFA7339FAFDD0A4BFBE6D3A8FF9ED
311
1FC49898139864602458968913181918F719CCF5A68B2EE9C1FF050E34E63107003B8120FA982C21B30A874E4F5E4B38D5A8290C4B8D9BE48A0BE31EA995BDC37AC6DE90BA17D259DEF53605D55922FEB1855D915B659FBEB350EE0DFB2F9F766E1C84CC8964B75D08667445EAB966015F63A18A9E0A325C1B3DC628C0D3CB
311
60F767FA93CC65F25458BD23C3B312716E5F40E5858AC06EBA9AB14F95DB99147B832069201541D09A0D856E12C629CF32683760EE855537D1901988D5EBC156676C7DD51D7207CF3267AF1D76C2AD867315E44618015313A98B19941C696FED3461CAA9B5415F918556D7802EDACEFD6B2E45853A9735DFC9DBF7E440F931
311
9F8B6805A973BCCDC76C069A9144E51F187EDCC12FC31B5DEAAF0A76137199B106EC84ADA6B6EE697D4E6A96E007417F4E880E8B1E89B4BCE9D81EF611E2ED8F0C1A6C25F620FAFAAB656A7C42D464880E8AFAB0E0FC8EA38CA9A8AEEAEE3E4648BA4680270A89743CDD3E6C6CBF34B7B640EFA285ABC7EA0A1E28F3CC963D
311
114A80123EE66D0AF7D5380EB41909B605AB4765B709B808590458157E69BA1378FEC4B48CAF6A730E3BE3C5EF2DD1A5EAF94B1DDE50CEB55DDFD7EE9A16747FA4B223359FB1FCC69E1194892BABB93A1D5C4E807AC0EA2E30180811E77A2291F6E7F7FAA5E0F60215BC6024E48DE436C511F0628B8CA189982D4D83CCA17D
311
305A7E923C37941CFDFDCD93ACAF735EF5F0E61BBD3E6C41A59B242790D3A3BAC7064DCD89AA2E37214EC839820949D5CAA31E240D2948E48F690298974A96BA9A8432BC90F5071D6537C9666EA4564796B7AFFFA548077BEEA75F63083435074BA182F3699557397F71548383FDA8CA34D99B981E72835ECDA5DDDC151315
311
173D05A21F651AAF8524E88209E2E7A737ED1045800CE3390050BCFB8BE588DF111617874C62575039CA588EEFDEFEFE319B739DE2EDC147092A262611E159650E787917885EF08F1F51B8F2D8A71D60B58B190FEF9541A1BE94BC19FEA50784DA1419FE4B0FB51B8D36B5FF8E1286FD8AF42B91E59A5F1CC4D60174E76404
311
5FD8C57B18209B217F89A62252BD20BE0E63E12B8E8F029FE19E0E8D0870F58721A557082250D5424F7909369376E41666C0EE77CD87CB283F661D5FB6D0DA023CB67320A20DC7BE661E9E1BFE5463085C557DA1FF9BE835733766C3D139F2CF9E2208873AD0EB4814DE9E6BF2CAF81614D4D43906ED1C05A3265CABBFE192
311
770FC2F64F940CB6B17B5F166F133C9AEEAD2641807C3E69515171DD74C4A85311513D6EC9530B3B601B6BA3EBFF3B5C3D2F7D69765141E345F75433953D013ADDF8F6AA7DC3F4A7563FE5C7D367937E2900D7EAD0F9FC9A4A1A9B5BDF1FEF08532660C01C5D6DE22199AA774383E306DAB87E301ABB7D213887F9869D4942
311
D0D71E94B27EDF216A318BD488D45DF84529EF575AF3C3938C0AAA0215B01994153E2054A0B894DA5C784980633AAD48576957CF4AEAEAFADC7C587368551C73DBE1E57C58AC713303A8BFC258BD04B51724459FF9E24C03A81E0E0679CEB9B348C0DC998FEB9C6D6EFA77D247CC8F92D3848599ED89A23218D0636465AD1C
311
EEB7DC140D7426F83491C4E8E8281C2FB35240918FFECE880CA2A42D70E8B20B34DF5221C7DB0CF90ECCB9C745B37A47E9B716FF7A97B7A252C1F3814DC7B1E1A7F72B8751D524EF7CAE45B0C73B3BE7D08ED39781B380DDFC9AA4A4749C9493DB5BAD07A6EA6C092FBD0E85DB004DF06B8C9D3089C5320187E4CE1846158C
311
7EA7DDAE8AD9AFFF21AA3A1026BB06A259845E8232DEE62811A4DA9CEAB3A4887320B76E2AE5615EAB7BDF738CBDD01F1E64064BC13D9EC53576751CA8CACD58B3CEB0E6CA585BD089B2A59B9FC101403387AADBDBE70586B93D64BF3AD4453EF9C3B6A93817E8346991798601344F79A83C51F3D50F7BF2683A3605F51A72
311
449489E0EE6169C749C60B1035651103AEE24D24E51A759C840DD3FC6504DA6FE107510E447B43461C79D22970B75DE5E1BD3007D1AFC619A4A4A69B5626AF5E9B8374E20677F77E2F8E73DF868E8BEC7EBA7B6A75EEF7205E1AB9486CB642741D6E03FF13FCCEDB1C4AC129886268B01CDF4B124AF797CF784F3C6DEC97A1
311
7D4B558070A0F1C04DA4FF9BDBF34159AEFE958479824B3F58EBD1E19088A2AFDE501B6F2052368A3FD0E650A179EFAB1561E1D27527077136E652676C3670F42DCB3352F48F6BC86D2C3B0051727E41A0A4DC6CE2BE9D47F5CAA2935A3C0539AF080665997194ABECD723B08129CC5B6B21D2E7D54CD4D12610E7E9FB8306
311
771A89576C7A982002775ED44F3F744CF21EEBB27A631671D921938AAEE3EB0D19CD1E083727F607823E817BF599DCED5394E37EEBC2E88782E638920CA641EF74D4CDFCDEF06F4278ECB18E31E7E9876F2D783C8BF429C75395F57E98C2B495A3DA077EB3AC3C158608B6B57FE3EA48484D9A480096FCEE0DE880950E7E5A
311
5714131C5C41AAA29FD19AE81AC145FA1B9E85C7169A5AB837B213493DF7E9AA4B5FBF9CDEB36EBD21EF1181B7CF7366AB2A951D01E37AF4EB835D1BE8C117CFBE7625D2EBCDB0B20C5A4B45CED0BCDE3EE8DA9DA78C2E21DEAAFFD1197E463C33CC6A80FB785669B856EFF7A8CCCA2841B5A5369173320B1170C368B2748D
311
81062EA0296E5E2D95D7667A4A46D98A6FF475C76AAB0A8C8D45E226FAFC9FE0133EA9F60111F99CA81ACE03A1D14C89E8B0D69079C91464FA1D99E651D0EAF606F345C42A8A1AA9BA391031582B96D5B4176A77AADB01F12FD298A75DEEBB2C82F0B8650E880722F8DDD90C56A7A058E5FDEF1AC93545BA27367C76F5D8F9
311
690CB6F8DAE141EDD7971F0FB548A2AE435F224D6E5954CA155512F7332029D5A1230854B79F258EC5FFDB09F5F6343A8EB193229B7F7E79B3E48F8E183860B38C8269D1B53738FF1E0BACF6AADA6D4869E9DE708E79B5DADCC09B1BC76F649731CFAF59A83FD8BAE4C749D66FA87A3810D4D62FFE826FA400C0F325D2BC0F
311
3CA35F5847B82A2ACC7961745C823E4D863D54460AF792CE6F79B5C7A33B25C3AEA6CDE15A919B6367D781E9D44F61BF828672594A3E1D9EDD6DF179A81F27EAC05B936575D73E05C209DDD2115CFB705DF9BBF3C911589B3640735E9E618FC9C36A7326C82B2205E244C55D56FDB9D5DC93CE958D4BF8174D2B3DA54CB3C0
311
9F2C2A6DFF73D23B2197355761AD421EC581284A7EF8DE2CE3497C0C804D49B41DFD6A7360844E5BEFFB495CFCDB97A4595911CDBA623274CE852B5E278AF0BEB1770E9D37CD977B2766A7DED0E94B840E1E95E8C77DE5CB6354AF7871427C28ADBEEF7BA0A28E19DE9ACD75F379FE373EAE6DDDAE3834692F9C2B03B4FCA8
311
FCA9ABE8EEEBEBB725B88A7C90941E850682CA04061A7DF0CE82ED49BFAFFD42C309818FAE14755CAAE78B0F73243ECCCAD7DF58FCB9CDFAE7A4D3E6671A613639130D056C8383C8F4FCF4808C331E544DD26E4755D09EA05253B3049A1E32587CC25D72E073E2CD96D04A71BBCB0038FEC3F53D254199C3CDC67CD6664026
311
9431860225392B2CB3ECD0B4498AAE78BA1994246AE1EE78F2EDFB79F6C6CB6B5E279C4D373FBC21CB2698C9ACBBEB6A4BB6B39E16AB0E421CCBFC7654D81ED86022F9BB522146F9F4772E2D0E4FA70120C95A85A417BF5078B232F4754363EB1750B2AC2148EB46B1EA72AD9B4D23ADCBC589D70106C3EC2ABEEED84DFE28
311
E718C6C83502C28E9FDD3B09DA0A6F6F7B72B706A31C9E2A331EE70DA56A083D2177BFD63C55B11D8D949FAFCF90B23A1E24B9B5018B9A17E99F2890EC302F330FE7936E2C23F0D237EC8916F5166AB84B62A21BB0B950146962D754F92CC2C8877BED8FC7B7B25726DD19545392570B3A2C66B58F027BEF412E552D12A588
311
C4A3CC5C3193FCB3485EFFF700D0B9EEC077754A33DC1FB9E25AF814628F91DDFECB667D3F7690803F38D13F8AE39353523BB08FC6760144AFA2CE28236F65EDBB3D5F59A57D612B99E3D7E5F8A851666BF9B5A6658EFC96EEB37A378ABB0EB3FDDF1303AF32C41BD1C8560745D7BD81066B0D6313359CF488563D3BA3F8E2
311
185D1FAA3EBA1397C9D0E3DD232180A4DCADB6AF25DB3AC3CC26589C8239E66E81547BC7E2F328F9884764CA37EB5DBE390DFC03A5246B456A7C3684C4377D0EEF9A350680FA9A077E8B2957B489E09AB1AD41316944C2254B5984830F691C93CAA767EECF976FA5647538830B5E63236A6F0365C1E0F3E327F24FE35EDDBD
311
7360B0F7374837409F7A6311BECC12B7026D4FA1AE204FA3F5FE904B1F420C7A9044AE58E403E7C4848E7DA25DC9EDAC79DD756FAA26B9EA83ACE8A214A2612A22AFA19DAE7DBAC5F8CDE1292A485F98DAC731A29FE01A3966E96BCB9FB5A4C8830E1B9AF0C54B87FBE221A097036E5D28D1F869F810C06A9BB0AC0612F69A
311
EBAF893C6E7AD59460208BAB3A6B09CA4F6BDDAB8CF0D1F84B72487498395A70DCD754796E271099A567A55CF242BBED64696378BB6CF25EF0FCDB589F3A82F1116D010A9AB9FA4358809EE0C973A2B4229BAA876A70B03AB49CBA7FBE71DB1832FFD32F9BF2C8E98075CACAFB36921235D0F552B6A67E94E094097A5D7DF6
311
81B40623DA535ADA7A9AD8E9A62407D7C9A5AE51D62A17A83A23728DE86BB56115804D3F2675F2C6B87541A0FC497BF0CA86420F558C9859EBE9FAD62747E323E3AADC03FDCDDFE7407B09DA90B44E3185723C5381EAEF589765E2F7A099BA46695BAD60CEF3491B8A171F5F56444F7CE9455312C3498C74173AEA0214EC02
311
9833B34B650CBB5A5508D5091665309642791708ECF27CF11DB3D797D6CFE474453BD4BFADB768094B2147814D81C7CBAF8228DCAF5564B5891F5EF6A860EB2E323CB82AB868D8EA048880D63B0DE5341F1B3D53297B928A11E15F25E5148990F710747C3509ED14909C552EBE3973246FCE55D00564D8310BC3EBC5085D08
311
D806799B77D6C57FDF5E55837F9E934F09C03C729271B64F12D0A9F9E938107CAF7BF1EC8CF1BB9B42363D33070F4CACB425E605DDB0A34A12BB936DE286B9887A4E2E558F0886498BFF49C311D96C277CF6A9FC0D75AD0ECC5226D7E0E3572012E56D7FDE4410CEC7A6D0F997F225A2055B8B92E3956E875AE4993CB3D4C9
311
063AF98FD45E1BAB165640A43439A2C9181A7C355B297C0A0CCFFAE19B6FA3C2BA238A885FBC98B8F6DAF4B94B97304878DF4D8BFF6A4AEDF79E90ED4E68F00CD7299F4E0D83E35601AF0CBEF18C1E870E74758FA91F5131075004DB3CFCF09AE1DABC11957FD9808C92E8A678CE9DBE40DDA0E0D1D505AAFBCBA208232BFB
311
6FB3704E8985E61ADE53DE74152F5C7DE74B1DEDCD37DC3E8FB30D7EBA8B9EFFC3606BF90B8D438279CB7709FC7C00D327F41817EEA71CD9E49FE9C8C9A81C70915D9F0F15958EC5AA4C3BBFAF46986B90F188BDB24B89DE3C6F29EC3E6F66D84856EE96A35E657CA41B41EFD8DBFA16AD6E91439EA92B40B21C053249F51A
311
E50EB0B24C770FFAF40DF12C8436366819C48E36547D4E7B72FE2BBF10828583057814A668BDF183F6B2E58DFB151103E56303E63D00F39C27C4661605DB644D19175D02E3F0241E8FC3458D17AAAADB117CE9EEA690D0DB01E634878C04C2C9310B69FCAB831151E3AD293BEF6E46B0ABCECB50F5939B39C613D41E81FAE8
311
D34CAE3C4566B761D37185FE864AC32FCB71AEF39DAA5BAB88609BB980CD2F07A8F941653B529567726E2B2A58D079DD57E1E5E31426CF184A04D7B03B985F276D47406AF276FE32E3328BA866EB1FD39BEF57863A317634AA5FE467409B3873F5069EF0D71AF00AD189D17BA1974ECDB2D623E9E14086386A6AAB5807825C
311
37B015BFE892AFD154920EC437EB945D958E18622E1E0FE2FA06557CE4BB9BBD05A2D40E774DA2B65473791E314B7D6C886820B2FCFE4AA272B3B8B15E7344A145E8AF919B5454D89D36D413E87211186BF6F645E5EC94DCCE8E1C799022E4EC9BC86D7A0F2AFB1FC4B2CE48F84B3F49ECE65BAD24CADCC07EFF39AB06BE9E
311
6B27A059938EA7208838455383DDBCFCD967DDE4650EF92A14FF933C975DB20BD7FEEBC4487576485963D757D16340D9599FEB362F775F38CA4185A86F74B629C81B133644A3B18FD056E997E0734F9BE26D11C0AAFC669E2AC9FC41D281F8B2E1C35AE27BCE05F3DA295488096688719D974DF1B5D182DB7792288697F876
311
3CFB43562C1CDEE11C4AABD5C22B6E33F6F389CFC3477C5919DC0D533F8A7A1846B7ADB60ABDC26C43D0CFC8910B7C15EE22675BD02702ED39DB77A87A192CA7A543E6205B979B9F5A6B512A3CA799E198B2D5797C0AF8D1D872CA455D4D431A7879D4DD76110B5FF7F4176B54477A9EB5E4A5D11214FDA585F0382751D8E2
311
582BA5D2075053298FEB8F1537304E32CB22C2E2B693DC0A760B1DFCA751BDC445AFDCBB12820ED85F6D5298933C7EF1211E9E057684056CDA3FEF3BB6052355E162DF27C59E965A8DDB7F9437EB72CDDA3A090DE65A5B2F50326247B7EC67B73ACC7047FC9B353D6EE990F772207C6EC52B39DC2F3C0754821DAB559F7C18
311
09C7D0DD5B0499D0442E0A6E391B3D5DB46D11E731E6794EC77523FBDAA242ED67F9FA1FB684255671F63C9BCFE6E7E896D51001A6113EF2298BA494E0B0980D1FA5B9D60796554C02256B1E0345FB7C6186B6A19D2DCA270416262845FA4F42DB5D9B0A0B6F07FCA2E56C242522E001E0CEB734AF310FC8BFB57E38E03AAC
311
E93B3326A2197891E68452B26A6307FDABFEE0223D3C03C3C73D2D5BC054C8311F12004CAE488E5C29287F8156A2CAA4AD0D7BE6B97264E4139F437CE73ADF52E5134C52B819777C18B323A5924E4F67AFD13B1CDC3A61793A79FAF5C0CEB718E441071E797C6DCCB9EFCF7E4A1E9F3DF3C2F9C9E8294E9586868788C97285
311
7FB0556D7A26941A7EEB9B580AD78EC40B85DC906B4120A563CA3B87797ED612D3B035962BB75F6515A393F4CB057F564CDF54F2E5A024514E6A1F901DB80C7E70B1FC05E356A7E72FABF4775B3E3FB8F70A2A8E7B6A94542BB304157978CCC999E707A29CC795E67A59CC546A5D47B368954CA7B6E75EC9E1F6FC73CE3B4F
311
71F8CB1A6B15923D61EAAEB14626AAA9D04A26EB9C66CD1BE86CA31A5D8703DE04CD1EBCE4F5CCB62F93909AD11E55799A781A956ED27D3E738F4538CB04ADABC7DAEF20BC35BA6A90BCC1DC61BA05F20D8832FFB9BC9B15E2DB838A0AFBB7E0C82A562127E0446894F427794C3037186F622BF24DE1B00AA10A23BFA47B2A
311
180D6DA5AD6F7326FEB8C100C2D7142EB2A0B2A9D1008A09BA343D70E054AB69E2A7EDB783CBD92537FAF4A44D1296AC2792729104B3276C276C951D0CF3CF3F1E6B017720A7B8505A5FF9589365979678C36F1BAF759EAF57C60F1FF5FE9DCF5F8E764FF25A2D06CF25117A8FED51884C13B2B750DB0E4F5E3D64124FCF11
311
F0AD8F1CC3B3DA4B38ED22BF1CB2585EE6BFEBBA63FBFD44F9537B9B37BDD6B358720F98A8125AED4349CCFEB0E135F19E208A04CA7E2B10711185D72E381F448036EF57C9F874E54A971CA37A639E986AC0226DC5AA00D5B14FEA9192234B3DE617814FC221C92F33F1D392F297731B567FD98FD91D989379AF567A65B8AD
311
F177591DB90FBEA99BF4ED11B16E50A0AB1DBF1156D034BBE04D69D08F939D8E92BF525A1DDAFF80ECBC95D8F45D3FDD289FD23F7D8B452F8EBB34EC082DEEE68E18EDDF072060FAD2AB1504DD4879BF67099FC58F6E9DEFBF645D16334A3E9A127C6F1AF6132CF287E433B43A0EE93812B4AA0B194E03EE3FF91EF9C6ED00
311
74A2F6EB18A96A7C9890B1FCDA1F2095E944DB911ED54C60DF16FB74C8CE9BDC7C54C4F14078CF73C2FFF1F1BBCCD7CF64F71407EA1683DBC410D226627F66E509060D5C0AFD611DE681D509DB8DD12FB1265B03C6F5C55FF4C30BD94187FF692B4F152982502F193098A789526A038AB529A52BC0DC4FB6285CBAC10A8B8D
311
B75DCD9BDABBB221E27D1F8DA9F5EE5926A1C8AA9BA9BC09239C6A7F12914EA3B59EFF7AAEC3FFCCE56F1C5C2980AD072793527565E774F4631DB178CEEC691B1F367BEA0CF2907E1D6B854D527065979DDEF002D8B2ACEA7CE21AE297737EDE1D45B31233B73FEA35BCFDD0B09721FDBAF6432681F2FD10C3E9EFB246FD6E
311
854B344ACC9D8A0EEF876A7314B49B6A499FC650B099D650DBFEC7638ADFD245E2B7839DA5AC5F7D5623FC0ECEEC8653FC9B2BDD1AD4D00A566FBA7186DD3C9CD26512551637498CADB950FEC71ADB9A5524285DE328B8EC7EC75D2345AEC6A27C42AF6D9B92155315C80DBFCABBB7DA0FAE425C4FB896B15C9BFAC4FE67DF
311
5A23D30C93DA4D8F36FB15D100050DA6062E22AEC5F4DAC4F6FEEF97AE05DE63C6D38F9E068A20BC5E3B6BCD75320C5090924E7F93640A7735B1A43451C2D91EE62C6238B797349E59890AF3A520DF4A87095F3ABEC2E61F0593416CE46CDCBE0E00E2523FCCD04408588B5B6C9DB6459C786CE378770B54F51DA3A5E1DF2A
311
3349BEAAC234A6CF8993B598B3B25B4B113E353A4D750FA7534749430F3EBF2512E7EA3FD43C6AB9A1F765A58463B306721A15D224FAFE8C6F5E3432D57EE697DA0DD5A9D4866A8BCCAAA9DFF1F06047851408FEC060471D0E3EB86BFAF46E4B5E60311DC3E3CEA147C75CF971BE74689507154FF2D2E92F15CDB2B9182B11
311
459FD8ACAC5A85F174BC94A7F4EE4C4F5CAFA7C02E37BF0BC77B7DCD0C047BC316F562A01A441AFA7931CC84A28CB9F4AA367EB515778F29BFE61195FA671F4352E5E46E3A64773F1F76EE5EB36D7BCE9BCEAD837A4D77F8DB8C92AEEF6711920D7C7D0F76B0FD0EB7AB83724CD35BCA7D36DDDF5FBB7FF6F04A91F3E2BB3B
311
8F1A43CD659639507FF6331C5F697BCC782AE57D757A27D97F1AB9E0AEDB43F92F1B2AACDF5FEC8ADBAF9F814E2027003BA2F9E144B1938A7A04050AE5D953B82C45619165C813A10E76DD6906B3C16438064D14CDA713AEC420034613E1AC7241904A49FBF87409AFB1FCB9B72FE7933A87D8FBEDACECE4EDCF6A4FE9FB94
311
D5DEB74FAB7CFEAE17EE965DF980DCCA2D04134994F9A2E94D2265DA4FE6AA7B7AC15FACAC2B5ABBCD7DFF542C5314FDAB2E1B9D8B65220B8E2B638BE008E8DCA22678C820C5053664D15E89F2D735B51A84955E81A443545E9FF787BE0FA700A76D136C27DA179A7C6E8939E01BE756E19CB292798063D8B97F44E8A27BCF
311
3A614FEB8BE974A718E86F7EC99B53CA35FA24F61F2B07266684623A3D4CF073E511F3A10A8FDAFAF0078C577F4DF9D339FE7862E5FA47CF4344209E5BF76D783B1B48E152AD281B15FCB934DCDA49CEC5706B1EE8B460F435324A5CAD154725E21AB8044B75A557A79F6C807B9340AA3D92503E866F4274412926C8C504E4
311
D5EF8C0E68DD0B028781A6B4054F11CF18941F101C57CCC796773ABC8DED9CD91FE5788806C05E548895354AEAC96546D55B0E94A59F148D061F42AA398D822CDECA4CDE79E13469BDCC44FDC990F366BA5978C15F97ED80CBFD73B0CD9B8B83A4F6845BDFBFAF034019473FB9A63BD55D3A4A7284757071574029A4D016DC
311
CBE95DD679EF3C4880BF169422F8C89B68A988D2B13793CAED4F74DE7486C72DC94DF46B8E93D8E02EFCB1FF9B3BA10C8AE7F653DF94F4AF466CDDCEF5776687F7C4C14B63E4EED1719DC2EC482D7DBCC7AE518CDE3D5FF86D39000EC3673C0044E1D308BF05F74D1B5F033A7D1BE7F74BC55BBE3E4A20F920946CA0271EB1
311
7BD2B80E5660ACB8A29A79F5E4BBA49D4D945B6EEF4A7EFEAA65E5555BBB57A7E15D2F83C69F30BBB978D2B39F1F26FC097424D39BB33CA3D87ABF64E307938B685BAD44F71556A30B7E712CA4FE600613C3E554B69ADE949A7CFE214DF1FFF05CB82151EC6FC31950239F94CF7AD39DC473F6EA356E5EC2C4EFA04383CEFE
311
985A127484366FBEE3C0EC4FEA363E4F6632AE781392FD45D67B63FB8DF70E82734F431FD3443172A0E30A83D60982D55FA6A2CF86DBA8382502ACC6CDEF3B907982EED1160E14863FA242F9757347E1544275CCDCF71ECD5F8621CBEA326B8BA884AD7F825781923E66971F04010D574C541D8427A438A37EEF8AF88240EE
311
D7362C953F5A81DE2D56109CDE2524EA0F5D2F87308C0C47BD97AD605878AB8589E17CA83930CB5E0DCCD75853D68B1AB136594926DE426C367428E9334AFAFF90ECE221BB5DC9E5BB53D2CDEF954EAA9CD814F0E5725F1965DD458E5F8487683AD86B9D0076BE3EE91EB1CECC5331A67A3F79D8B27587C12EC2A6A7047474
311
9F27B4C0BBAFB94B34189E88DC18964BE4121B9137FD516C7755356E50D6714E31ACD222621EBBCD1CFF81D87479056A9DA0E0B8EA19D24CF937DA89F78E8650CCBDC110AAB6C4E46DCBFD0446BA9E2060E81F314AC2031E88135E5476AC0160EF5C0DD2EEF1B8B5CB2D198BE9A554A9093B5F7D7E4B5407DDFCA1D9C152FD
311
97F55BFFFDFE802954DFEC8995B983E28AC92F1971E28F531DC407A1280EB125F64A72E617EFB27DFBCEDCDA2D6F2BDADA36873EE46B9BE1782998C63DA7182BC383FB6FD15DA472B175D7E8B4FC88F38D6E07FEAA3FA3CBB8F6B449ECF14D2175E5C5CCA3A42ABF24CA6C9395AF74535F4DDB38CB84F56614B0FD32D7E19C
311
A5CF988DB4449C40E23DF2B16772594554579094450F56F253CD25EA7F77366FB1CFE79696C428BB64D5A41E986189427E5E4D7E2DAE3D5BB4972B3DC44EAABDDDD63A2264ECFA5C786EB0EE1FDC5BE34FA0F08376869FD1E61EA06CAE15191135445EE8F0394161C3266A596AA035572BB0C8876180D8B9C77D307DF9DCDF
311
7365ABDA6F3A2366436457A4DFC1F259666569A9E4A79C817BDD5610E5200FCE894A358EC72858D50EF67545DA81C6FACE3D457BAF70367E1E6BDD9A952FB4F56247F58F523B97E640246051A72F79BE42FFA0B3187F63097F91C48B868586F714B0EBD5A00A8412C1236E1298F60C72BE6C96B82B404CADAA304AE9F30317
311
6B14BA53FBC2D5E86377E35542019E24D97B96A49B2C0E5006E7795954DEAF5DA58958839043C6C70BD3B1B33B6DC5C31316D8A6923F142E26F6711A2258AF977DDF1F970ECC4F1F2B434B96D81BEB6E89BF3BBB3C7C8CC80505070723D6D7D7D3C8CA27CA164A26024FED94B12A86031867241DA53D929636DA600F050BC4
311
0CE48B8BA03D69224720DEE2ED2127390BDF5E6EA64527BBD4C4C63FA76BB801FEEC0E61218EC98A8A86CD8313781617877E66692839B9468CF4DB8E50A73986E558E309C0D6F676F921BE02F1185454DC75B111572FF9D27D85EA14C05AD7271225B391C4275659CA4A43759D0BA44639BE4C30A84DB7F67A41399FB95CBF
311
923B1B1672ABC807C1590557FB18D811983FA97F5E609516D62281D38B1281F68FC75528C35E4CD7DF0F7DBB5E5DD69C414EBEA2F4A5B241B996BA77AE6C772E367408C633EA3E438B68563EA8BE7667F3A4C4FDEEA52ABD78A2820F443B7914A15F180018D231E64519C56A12F6CA7C8DAE18F06F6B769DBF92329EF6A5D1
311
8FBCE600F36BD8E8198DE5CDAA96181F3A756EBA5501CEE58F497EA4F418A2B82565B9BCC611713C0B708CCA1F398B78C5F7D03B3437CC18F13061F55C7BEDADD5ACB1DB0E36D3CE47FF6EA1A563A57E9649EA5D14D1A50EAA457463381C073777EF1600607BAF6428A7DDC079D47A204EF1E1F1F0589FB054D45E02CE623B
311
3823C317C601E589E22B1E88B448524B86A82828E32345EC18AE17214B42F8C41C6D428016D9BA31DDCB47572561E5A402E5BA4FCE55F78AF7268524AA04130F3A20BA5D1E9F9948EA48FC8F5314FDB35E21898198060034ACE5E3E2BBCA34092518F275190AF65F45867FF0900AA4B81F25427414C372BF51DC29AA855C54
311
28EE1EEDD6B849AD60F6E73475C2D2523F8A2772C840A478DED18A8C5C91B085F255DC4F54EA7AA8947354FD17ECF8FB3B4A0DE7B483CAF3A1165EE05BBA413E5C1FEF3DE1D6B8F2F3F3251C17D9FCAB48A9AAF63AC773A0E413BBC46A9ADF84A566FC920E4D8C52C9769EE3301CADEEEDD92B312E02E2A7E35B7F1E7D203F
311
E5A7D75578B06E99D0E46FFADB8FDA17ED8880390DA29094202D6F645F76F6F96409CDA05495A96E84B04A00D1A6C6C81D7F3DE9376E828CCF144EE50E364ACCE7237EA0BFB5607ED1AC3CFE73794E5B61739D14DF1743441B1AC98F00ECEDE9E7301FA29755FBEFA68C91EF2B314CF510537EF1ABFC9A762496280B546F5E
311
DAAF8A5B387D469FC9A878A92828C88608453ACEC6094DCA54111E7AD5B2663DFE2DD151B7F123B9F4FEF8EE36AB125FD7AD52A59B1B765B3E3F73E3F73DEA93875004D2AFFE3CDE9493B87A9904DD052028949041A91DC0E1BA47BA714343FD5B25E0A6A09503AFC17C790058A836A324FE31D7893512E28230332F153181
311
C1E018E1124EBE1BA262AA428A518237D1EA7275E48C5C561BD19ED6912EDD8367DA0F31E40EEAE9683DA9257525AEA7B632B97119E17145A90231768A4F3B9120FF32E8319B015E3CBE26F1A754177D8185345817C096B0CE443A955D13AC15E1FB5DEEA0239EC32A3C92241A237B0B02FFCB4F93CF2B02570C8D192E2F2A
311
68CEEB42F12E6F8CEEFF46C251E22B4341C56FB08CCE550E7A9D6F4D6564B9EA52A83D5BF2C6E03FA19D2775E15A8A7ACF30A13C259EE7F5EF2AC3BA354F1500E1A07FC63FB4686E2F12EC69719F9ECF5FE3F35598DF2CE944008CE78F0911BA5BE5D0A34E0098FF038669C26030BA9B300303039852A8F6F496341737CA7E
311
0D2E3AAA36DE0A70AA7D9CA0D54D9AD84B18A44C9E625475E1C97B93BEBB38DCE7D227E67A2D00F531436136355F243D1FC0D712C5765754FA22FCFFAE97919161F46D6E61ACB37D83777B385889770B50765B127768443A5C4D3A4E35A3151111F146B7CA116F918A049F1C272F2CD7976C69A0068773451659A97E0F4A08
311
FE604C3FF6CE7385DB19F4D3ABC8A0D80DA8A42096AC377DB49382B36E270B6FA7570188B4B7D1DDDDA82ACA487CCA5D38BD3BD039ADBAFA4ACFF27809239B722081E2EB9F145320553D183F28471C388BC8814E5045676767AB58A8E72D1CED2CA731379515D2E533E4CF0B39DFC625F97AC4836831A4DE330E87A8126FA1
311
7EBE583D614E71E22A8DBF2825599743E0640037303E8E1B1E8EA4E1ABFA4F62907B5E4E0E5DCFDAB417C36C6848A2B8D15F1E505434C0707E16B1CFC2A1C36A42BBF55734F8F4301DDC2A5110CEE8C0747F69519265012A2174BF4E955ECD4FDE095A3ABC70536B7AD0B9D7892F81287D667C108703C9B66A221E9A0929D0
311
30008F77FF6F5D2108EF5706FC87A3069B976F7C9FC3239D13D283CDEA83597461079FEEE049B0F392889898B7D87D31F8D60ED7B56B91823A8E4EDDB36C6172ECEE42BD42B12CD67994FA0F0DFAE9389356F4CD4425A4B8AA55CBF7ECD585C6A2C2316791E43D5C06841ADBB226A87FD61515FFBB0167B74E56BD7F3E90A5
311
7A97FEDCBDF483A0D6699A8C0849CAEB4947FAA90D8E332D9DEBD9F4738C37DA0CAF9CF3DAA68BCB67C420459C7A64498D6E848E5CADE92BB6901F607AA331104A67F7CD650EE169B1DAE94D2C31C2F993632259B6957E246EFE4C5481107B07118607700040E5812A2A2A38DA0076875258C753F60E0F2662C748EDD5F3F3
311
686B8FC3BD6FE631ECCAA1E8B1C1E565AD117E54893E79F4672E32F9E46B2A183DFDCF3EECB4D4D077DBEA0DA254D256045109670050129E9B9B1A9E4A11344D61497A992778095151510C4BB7EF2009B63AA4360635312E4CF668B7E0D3D85A8688E2BD83B569439892ADB63461930D428E0DE42E4AC57CE48DA5CC144953
311
0D8BD3D6A0F08DF20C8E8F570F2CFFFCEA286E30969B4654D498A58D9DA782E19FE3F002181838925592C4A1EF0B332D88B61A92C644547BED490D3A42CFFAB70E36D961F694F6307F72FF15A1C79D5B1B5CEFD353D9E2B52566DEC8F8F09CB3E8359C0F68EBBB7898243E34E12A015B2685AB303C04D3A9E00671FF3DFF0A
311
184E4A2ABEB2B666AF5B3A209C73D8EF29DCDB069C9F391EEE9DD0F74C7BCDE16F8F02E3B8816122BBEB50665775B600549D8BB33A54A6BF940C028118BC6878C79958D6784F9DEAA6E26748386FFAF8D0D0101E2847B6563F5D8DC1D78F787BE00E2C941AE12148D4A81599FE8F68D4DA5CDED75530ADE138240300EE13B0
311
FC13A1687FED6774662C05A2B7DFB186732F0D7A93545D8B0A6390AE5054D9CB582DA846D7A061B3358B45E2B52DDE63E114397EDB7E09233A579155D795BE76102CF277F4DF8B188C4F2879BEAE3C08347124BF9ED23B128259FE107D31E34A652F090B30B39E0D9AF917B76A2806135621A8A60681F16AF216514BBD0271
311
1585B5B1AE823F4B2D0369EA5B6BCB863072727FFC871CA6C9AB79A814D989057E9470A3D238BC87CBB4A0EA49AFE2B86F22E499793CAA9047080450166BDC357524561E258C77CB697F1ABB32562CF87C3B7AA12F911EF19FB3E5C02222E887D08202A60A17151F5E053A86B437771088B4FEE14D652C43E8D939995D3454
311
5E12E2FF93D4E366EAD25F10CB7DED141563C3D0C447AF06078A91135FD4B9611583CB4BF3BD167F2399CEAB0E0100F8FFC305F00F1711717173138B4B48C83022295DE657EFEDD97F238ECA80F528AFB4F8D67AD4E2594B9A3AA86D7487EFC313BA95745C186F0CDD84CC12DC9CB0424B42203D351FD9C0A3AF10CC7F388E
311
0329279087386421F194F4A29464C1DEF7EF8BE515E4A199DCD5B909342598D8FE6A231F71336248D5CEC5454455C7BE383B3BC7B260FED27F703FDC39A170F3827239102F59D4DEE7FEF82EAA1A5E4BA94DCC4CC44E7E2EDE20F24244E4454369D2E87C3F823F193FD4FD27E1C23984B01898D15ABC20711A8A558054951A
311
6AE280096BA36CBA439603B7B0B4C45F248C14B2383B4B5CD8ECECE4FF859AD4A6CA2326D020EF090F4041D28DB66E5256B56232CC52829DE8060BAE6BBF37D4B7469B822454FE93210A3E8D15E69FFCF01123222611C51C4FD0A041A0CFA2471CF6BE38D2B20FA4C3525B5B8B586759475CF80ADFE67A284AC24651E52B8E
311
683D24C2622642F27E7C3C22783BCF63648BC398BD6CD0D9C97E7E7E3EACB6126DB7A6C1FD9F1031302EE67ED96F22B77C7CA0239BB324207559B105E4693EB26EC46182A92C9C0DBD24F29B31C5C5AC1F84300E0E17CEEAC15F5736FA4A98971E2F1423BFCD68D4BBD5F86E74B40A369F39507C88FCDB35D2DD8DEBEA4AF9
311
99E23CF2816D204200DF6E611781B9884C1AC8888B4DE397320472959434323A5A36B22A8E1F721A270DF3BD65E4A31C11FF048AFB0D8B7B6881423793963A23CFCE935FC189ED36FAE35C46DA3574C979E4394BE52084F3081837BE033396D2EBD80F1F691B273F660D2B32FA27A33B1DE4ADA5F0FA4651511102DFA410DD
311
A86E065272CA314D5249DF91B06BB92807B28EFD54F08F7B525252782CD276DD02E6B0319B13DF87B1F6361AD6B28FC0D711CF445429B9E5A433CD493051C49A9E03DDB1B147D880253514A5DED88009018620EE229101C041950E2D8AA8E1F5F5438E0C0C0C60EEDEE9E3E0C051948C69F84BB7B2A48A1F3C8EB9E6864687
311
F4F4F6F6E2FA87608ADAF9C5E117B7C1A737E710769DA1D15ECE6A84502AA855398712D5FB51BE92E4EF824969CE18278798AC303C2C7980DD2500ADF8FB1E6D6C2FAAFF9987178923334A244758BAA01A9A1B70FA5097D01E1CC2A58DAD0EC94CE6430AA9B0C10D75E3C6BAC670EFBADEE1607739CE0FC18A2587E3EC3058
311
562014C64219C69BC269082D5C2F4A659278D585755912176D78A1B641719C2A394CED495A1AC5D583FD2F5EDD93308EA7EAE8A6DD396598BDBD3D4CFED62D18A5BDFDE0DD5C80D1A89BA62697B131AE7CE9A6594138582F1B37D68F1749AC7CB67A70695D48A4A056AC1FBD4E82358CEAE38F54B95A9016F9000F9879C0D9
311
D131768635CA798895F27D6F1614F11F2838A83611AA51C9A3DDB539D42979C29F10465655C17BEC3E2760B80DCBF609198C7B171A531905F3EC218D696025975E986C6B4C666666787271F202805577DD5A3EF0CAFAF91B62DC4B2DB4217A7606282F31D8DDBC290593BAA93EA6353AFA9939B877978481E15CFC9F2755CD
311
C00C538F63A4BA3E80AE009B73CA0185687D339A507D165B74290D6EE46D5C58148F020C3668ABE9EF2F7549170DC80DB41FFC1D678FF19AEB10C7133832B104B80F691B3138F97A92D26E551F1F110400D45AC71A9B9AC41A1A1B1DAEED0B0810638EFFB511D46B121C6FEA0F38CD00E03CFFEB9713FE1F9C263E4DDEC160
311
D0497FA9A132BA608584057FB15380825DE6C7FC3C667EE947D488A09898D8E939C4953BF4EC9836344D2CC6B2971B2A21A572B06096F4982D2CC7232D46E8EA69DC83722E267754D777F97F96D5DA74E1E75178084D0E70F12AD33E5F71EF2AFA599B2BEBF60A5BE475F444F240CBFE8143C334E7ED9150FEEFEF7EB020C4
311
DBED388DD1D6A167A76F3CBF119B578AE8CFA7736ACAFA4440A1C47185638A0D2F3EB5BDDEFDA958FB13CE4AA4923D5BF840392D45544329525749734866684BF7F8D9D54D892E19BCA9F829A0F8BFCBEEA6CFDFC61D74EA1A645ED7A1FF241739F15694BD835B66FEC5677E40FE69BD3F91AE402F036537218A401CB08286
311
04AD189E575015C6F3F6BBC8AC79CF6C70653847254B31551EFCBEB5978B9DB85D58D0FA41A9DFE9C624834AA04949D24B5AE6D299E072D152D12097920F14AA92C31C3B97E28B6C2E6E9C23D63043ECBBC0A60FDF5BD0C33C127EA8A3308B8B6AFFEB28B4455BF6E7AF4FC6222728357EB8E46E85053E6A8843AB23295BF8
311
38ABDA94658FEF3F832F147046B4ACD6F7D48E8FCC9618582961C898D1C7A253C91BFECBDA6BA18A1FCF70755DCCEE2222F41B76D23CA98D0CB3D95F0CF66D57FFF65E2A90F5DF40FC3187621E981BD0BC1D992787212688976B94A8F0C6EF646624B570B78E068826F87CE27041A95C9A4871FF65CC17FCB1639629AD6A95
311
17000D63AC231F3D741CB8430777E7ECF80CE7A3F73C0F162F7E56AA71F4DA80A33CD6ACEE78E2C11FAC03DAFCE929B106F8F6B3ED2DC71FF994BD9CEF4E9A94896EF1B6E2B7B4978168BCF0847A3D2A4F1B0500B926E634B174548E9FBAD27153FB5FC36799B1E6C7C38A94E1F9E996796D7B485E635D5287A2AE76FBD11A
311
341DB3F8F810385BB7296391973DC6C37C452A9305AEBBE0CDB6C566DB59FE60C8E94B1FD090354BF51439FFD1B48D725228FFA88C84F686F547107A7A235665A4593B7C34D748C1AC8D56DD5DA861EEFBADDECBBD65117E65851F90351AEB65F0EFCFF4BCFEF24CB7A5879699FAC437A7AF9099186CF006BB923A59E37D7A
311
36A29FD8D2CBB914A5E9D0A8FD212FBF796AE9A67958FF1D5D8B85F78F96219D4714EB919929241B6C018AAE0C02069F8D919961EC5DDFBFB7573E3AC8E08BFB7C8534BE6DE045B3CD63DBD71F7638BA2309CAE398EA3A7D8F98BBBC7AEB367EFA5CFA27A9F8F2F52FE878058E6209C026453F8E7E8A237DFC389E9590F605
311
9B397CFD65183BBF936E86896612A5B5FEE49DAC8455D026218AFEBEC12B3523A45B57B82C9C97E02ACFA1184DB18E48CF615DBF39C3CC6F0B4AE6BBEEA2E39D944E290302FA3DE33FA7E40296E2EF7BF1CD855BBECFAD0FD622BEE9746FC4FDFDE545AE6E3BC234CADF83A0FB76DFB145BF3828AE3436368AC24989454F8F
311
F70A177672C711CAA1A76107218CF948CA01F873520E7A2B118EBB161ABAD432932029628B6761590C98AB590C8C8C79798CE9F715BA696E839E9131A4BB68BE923F1747FBFF165331FFDD4D05997ACD168F12CA75348DAC04C7F509FE83898A8B421181AF492861CE81E4A2DD0A30850CFA95E05F097FF70F9E777310D584
311
A75BA7018922E271DAB1D785671157685B7D383D3E074DDB4F1E44EF04B07BAAC75A062077C54B9752C738C9D804D402E02851F3F89605AF189738C18C021D2139EAF72513824E10DDD3047BACC8521ED7E98B257D1166903B1B08FA6F918FD7E162913FEC7D0EF4787E29C35FBA8C6E2C9C20E9AB30AE42CA2A01A090E7D0
311
10C1B5BF9CEE2A304BF3A987FB40D836979B79E18D70F257DA61E808472DD85B82761825779D6B90CAEB0F23360C6F80A7D7D77545E95B3DFF0CF96A827F9B5BCECD2C9698718417EF80FEEDEE938AFF55859D0D540B7FE09435583A6F04874A0C7E8CF234DF4879722000167F5872CEC6BF3EF7E5A8CC8121E6A359227C8A
311
29C95212F9F735BC72A887D56B8F309FC525BFB4FD767AAEC4AEFF249CFBBD2DE1AB9969A6155C7D8DABC307E47324C1F916C7BCFF40ABA5644E9FFB9238D19ADADA49D9610F01ABBA57E4DFCBDCCBB2B93C8953206C91DE01B0E2651A6D6C31721915B31F7B7CBCE55466F6D70402788FA91D73BE4ADCBA99A35F17D6B833
311
83704917D6833F0FA3CD45C926ADB8BC17999A4A0AFBCE2541F7B8CF4C2F5FBA611B3E626D64407CB32C122DFF4EF8674D6EDBB86C8F7C6A16D50FA685E2CCA34F8F7D1D8265BB0042E9D7F1F666F7BE5FAA5184DF58E12122A42EF02F461B3F369AC746F96528AD208512AB56844CF75B97F352DF7995024FB02855385854
311
F3798670D01CAC771AC3E1889EC25F61A20C1F8CAB46898817F9C47E2CDA1F286BF2F358298709FE567C91133E2638C8B53975E753EA8BFD3578B5F7186B7BF084EBA3F77BAC3132A5779902EC22AF2D2E79F42D324E083386DAEE9810D1B44A5DAA54513C7A71E52A4AB9257D975B621308FE4D2141CC3DCFE946C154A3C1
311
DFCCA7629EC69ACFA831634ADDA93C0388D2A9A2DDAFCF957C6995BCE7FBB6DC4EBAE79E63EB08E9A25F52F67076F7093CA545CA3053B5BF576DEAD4E0017143C5F759F32B2D6F145B52B67B48909B7C7FCA6586EE385A2189C16932CB6DDFD9152AE317C430492A578ED27B72D85D40C7C93C097939E1B50F4D67F05334FE
311
9DC362C30B7FF561B95259138ECFD9274C8D695C31B14D4EAA9F3D7FA8DDF652F8C5DEFA23284C799B7D94416DEE81E05A866302DC70192A5368EA65E1CED8BF107A1E2D3119A71E85DC1A7B0C1E93274CE04DD0F2ABC8AC7C987FDB002B6F81757B43502EF7A0D92E416494FAEEA4C9C090CD9557AA4D532F4996A272B943
311
55C5A0E4974EEA9627476F30809B94D8D8D860062E02204643BEC7D0438AF800FC7E2B26955D595421E83C69E1A07E0E3122285835F014AD538188CF9737CE76D464A353FA55A001AB2526B84E985083693BC76FE211CA1D000679C889E3C009832C87E1AC2EDD05C302557422DF0800E316FCAC86978A371F025A6C7DAA9F
311
333E7BD160403A1A06EA75AA9888FF01504B03041400060808008A5D715528BB58AF800100009E0500003D00000044463535433844392D373546362D343530322D413935312D3835304143324336454433462F536368656D61732F436F6D6D6F6E536368656D612E786D6CBD544D4FC23018BEFB2B96DE15493C78601010A3
311
4B880709DEDFB52FD0D8B54BD70DF6EFED3AC0B12E6442E2716BFB3CEFF3D18E26FB440405EA8C2B1992E1C323095052C5B8DC842437EBFB673219DF8DA659866649B798C078B48AE6410122242F2A4994AC7F93815DF85C049C8564CA0A901499DD886B2EB9B1E02448F358701A9235880C49A0119892A20C89D1B9FD7688
311
15CAD268CB5E0355B40B1E47F3E37A2020464BED06AA57CE8FCC20C3C3446D46761A2632A8C1283D07031EFF2AE7CCB1BFEEE916E406DFAC8E36FFD99A9D60A6944090EEDC3B670C7DC13DE86B6B2C5C240D6E503BB85ACD579D513F1B9F9A69DC9CC22AFA80C426D40AF0B21EA168559156B6276F0F726A6BFF04DCD513A8
311
7A62CAD41FB24FCB2858B3952E3D852084DA25B9303C15687973CC8E8AAE11DF2836C38C6A9E765E8C1BA1BFB1DC29CDFE518C8B5A7655A4ED7E77291ABEB80DBD82EC866ADE1B8D05AF9E35CF09D7A061F38A986D9EC412B8F0F65E5D81534D9B231D1E5A8FE577A241F3A5FD01504B03041400060808008A5D7155670136
311
ADA9040000B41400003E00000044463535433844392D373546362D343530322D413935312D3835304143324336454433462F536368656D61732F47656E65726963536368656D612E786D6CDD586D6FE3360CFEBE5F21F87BD3245B0E2D90F4905CD12E1F8A0CCDF5BE0A8AAC24DAE417C872DAECD78FD48BE3D44EE3B5C3E1
311
6E010EE75A34C5877C48911A7F7E4914D9095DC82C9D44835E3F2222E5592CD3CD242ACDFAE22AFA7CF3CB785A14C22CF95624EC66FC34BF253BA626D1BD488596DCBD8F2E6FC6335608B7F428D258E807664080A98384D9E75E22F16B2CCF05D32CE502359492C878124DE31DBE89612BB196A934605E44F272A5249F446B
311
A60A11112D589CA56A3F898C2EE16F6B136C595C7AC3C2FF076D3D808BDBC824572211A961A8D96E393F7AF5806BEA91EDDFB1ABFB769EB08DE8BCDFE27EF98E9DE0ABCE3BFCA1C54E8AE777ECE2BFFC92A94C87EDE6A9111BA1ADE75C74BF391275D33FAAC5FABF89F1D33C9836CB3225980B2A479BE96A4FB3D59F821BCF
311
11CF1FC55602586C7191D99E2C9C0CF2B8A662E3484E59466361985485D7E248E7953C01F19DA23B9D256461B6E09C40FF02D1DEA98C19EBAFBA4659184B7D47DEDF22E2F53DB017721B164F5B845961697F0C699AAC2410982C385725A6361A500F59CD848221F103A8C1A7CA84A55F407794695C905C688E69B111550ACA
311
946B9B4785FC1BDE0E229240B62665328986D5B32C400CEDD88188F35AC25EBCD40836F47F35E5C0EA4B6F767B50568CFFB5665C505E2AD5EA8A9997205F50A2350EAB32C9294B0024108429953DF32C4D812E226658F78A490408362A94987E6F787DFCBBBABAAEDC36758ADEE9B58B41BF0F35D87BB1E991E02BF0B51374
311
8E6C0AA2EB2CE56EC68E97585643D82DE284E51DE03E4E22B00738761F1E66E1616A03EE093B0327B6BB9797262B0DCD72C6A5817ADAC1C3C0A3909CF6639B404D18B15CAF4B3C09CEAA4414BD5F0723F059ED37048E7A64271711EDC9C5230F58FBDA5DE00DA512CF04BA6671A0D201A83D2EC81D2EB552C7E5CD1BF9D691
311
3567B2CD53A659AC362A2B200B440195E2ACBBD167A32A86F7874F7F00686DB55D163481DADE5E417E979BAD827FC6B2B0AD8A6AB1567038E466EB4B10C4C2F3F71196A09260938125FDAB8662456EAD68AB2F7C1DFF709C874887B76A4355564F017256531BF73D7D754A40E23401DA38EFC907CF8D8E3C1E5E7505D8E432
311
C60BE1EDA01E5166683F169B6EAC6EC046153F66C2BE0679FD3F407982ABFA28F92E0E457501938D96B12090869079360D3F947CA8BBC3D9FCE1ECF3C676C9BE80EB67CABE004FC290F8E26BE6A0371AD6CE66781C408A1FAA8CFFA63DD93A94CD5E1F3BA6A3DFB05B34E1247BB3949E3C332105035203136EA14AE89FF99E
311
3E0B3C4EFE65C581A3A3D2D0EE84EFDB22B49DA31A07059E69B81628A8ED1228B63E42C3D840C3C01F460D1F331FE199821B03F22CCDB6DBF074B49566B12C3B3626074EA1B130B4596BDBFBB642A835954A9509E5769234228129889952870EEE13F494954AD7A27EAD09411BDEEC5B6B6AD752C11509F826EF4007E86281
311
B1AE63750FD09DBA87A34EF4CE2A75F3E85960004EA6B519F4806609E8C91CD18380BD81691D9F2CB5730631E6DDBAFBC30E96D3E1D3D67EE8FB72BAD92AD4C1FD3CEDFBD2681858ED6583CA3853294B80AF67AECFAC6418D08164D5FD1E52E8B546BCC77B87C6E9D1655FFD384FB26A28AADD82E04B9C64EBF78FFF00504B
311
03041400060808008A5D71558DFFFC99640100009B0300004500000044463535433844392D373546362D343530322D413935312D3835304143324336454433462F536368656D61732F52656E6465724D6174657269616C536368656D612E786D6CA5535D6BC230147DDFAF08799F5FDB600FADA20EA430D968A7AF12D36B1B
311
481349529DFF7EF9A85A718860DFDA73EFB987734EA3D16FC5D10E946652C4B8DFE9610482CA9C8922C6B5D93CBFE3D1F0291A6B0D26A3255464182D920FB4233CC629881CD49C18508CF000E3EE309A100D61622AAB4A8A33B2483F11CB639C545B0E1508438C3D3C0361192846DB7ACD198DF186700D182920B914FC1063
311
A36AFBEE8FBA03FFD3CC1D1F4FC9E151A2AF59F628C5B7821D83FDFD3489305080F2EE04BF962195FB285E9D2DD352320A9E827AE357594914E42B1F5FE35F83688F60C4C91A6C946ED0668E8F244BC2EB0BA6E3BCCFC0B6A4B507F9F9F8D51EB315D9BA9E08D308E89F96931666E577837E2B4172199C68C4FE306156D47D
311
F51C698C7B9D97FE5BEFE2190C3C38BB054E6E8163FB039CB4B993C80BF18D969203116D6BBD26238B821F9BB909AD6D9C71B85BCD8C33D66FEA3D31B4BC0AD45BEA46BBEDDFEC0F504B03041400060808008A5D71554743F8FE51000000570000004700000044463535433844392D373546362D343530322D413935312D38
311
35304143324336454433462F4173736574446174612F41737365745461626C654F66436F6E74656E74732E62696E53616060B034323372B2B474D275363076D335313574D175747176D37533717672363533777576321602AACB4D2C492DCA4CCC492C28484D2C4ACC4B4E050A82012F90744FCD03CA26072767A4E6260200
311
504B03041400060808008A5D7155C55C663656000000680000004500000044463535433844392D373546362D343530322D413935312D3835304143324336454433462F4173736574446174612F53747265616D56657273696F6E5461626C652E696E665D8CBD0A80300C06F73E4B29FE6CDD8A2E82A083B8B7F209014925C9
311
FBA3AEAEC7DD2555D896CB85E51C2A1BD834F6A1F56EC4494C4695278364ABB24ABD2146F88CCEBB89D5321FF8F3F43D672A3B44DF3CB6A1710F504B03041400060808008A5D7155AE1940FC36010000A20400003600000044463535433844392D373546362D343530322D413935312D3835304143324336454433462F4173
311
736574446174612F636E782E786D6CCD94314FC3301085FF4A648931711C5502558E2B044B2790A818D8AECEA55875ECC8BE20F8F7D84D0650115387AEA7EFEE9E9FFC4E6E3E075B7C6088C6BB9689AA66053AED3BE30E2D9BA82FEF58B15132784F3F30563818B065B9CC943C043F8D4BA9C31E269BABD6B8E352BC8F1169
311
077B8B4FFD8377848E222BB485185B16F53B0E50C144BEC378AC3A20A8441530FA29684C93C80CB84CD20181B063AAA99BA614A214B73B21D6ABD5BA116F926752C9BDF776E14D5A16FC78D3D47ADECB542D7906949C8259A8FC1AA6FE5259ED8D933C914A460AC995A583BEC6D401E3688D064AE671AF09A94C10C220F90C
311
2BC9B30BBFBC78C4DE38935BB6491A900FCF4920063278859EFCA7F6F2DE6C5D24701AAFD991738D97F7E1E5F48B5EE7589E72737D6939D75819D75F202BFC744E5274F27551DF504B03041400060808008A5D71553805B7C0E6000000600100006700000044463535433844392D373546362D343530322D413935312D3835
311
304143324336454433462F5265736F75726365732F39323632423939422D433033462D343531442D414443462D4634434243353637454342332F7468756D626E61696C2F302F636E782E786D6C4D90C16EC4200C447F25B2D4634288566AB522EC4FF4D44B458937454B3002B3DAFE7DA1E5B0A7B1C64F9667D4E571F8E18E
311
293B0A2BC869860183A5CD857D85C2D7F10D868B5689889F3018823970856683567BA212BBB5E1D514DF5CEFC2AD9B3B064CCE7EC6B0C360BDC979856CBFF13093294C1BE6DBB41936939C12662AC9623DC0EEC07EC026348C1BE8655E9651CA51BEBE4B793E9DCE8BFC50A2915A7D11F9CEBBC09828BE2CB3A53A86FACFAC
311
4403B42AC975AA8500FDF49C1275A955E654F377887F62854C8CDE59C3B526419691C70AA13994F887B5122D6F95BF32AAB66EF42F504B03041400060808008A5D7155A233C2345D000000800000006500000044463535433844392D373546362D343530322D413935312D3835304143324336454433462F5265736F757263
311
65732F39323632423939422D433033462D343531442D414443462D4634434243353637454342332F7468756D626E61696C2F636E782E786D6C4D8B490E80201004BF42E6EE76F3C0F216234B883063108CCF170C074F95AE5473F5C4C06E932E4F28601967600677D21E9D8092EDB002539227A2FCCB80E1168D80A6417297
311
A89C5D6963B7129A0D1E8F2EE73AA7B62BBEB8B27DE50B504B03041400060808008A5D7155BE89762363000000880000005B00000044463535433844392D373546362D343530322D413935312D3835304143324336454433462F5265736F75726365732F39323632423939422D433033462D343531442D414443462D463443
311
4243353637454342332F636E782E786D6C4DCC3B0E80201004D0AB90EDFD75167CCE820A4A845D83603CBE602CAC26799919AEEEE0D965E2E908050C6D0FCCE04C8BC355404EB6198129C92351FAD580A10E464065907C8D948F8F166375F655BDC3FDC3B4E530A176BE7057BDC43B2A593FE403504B03041400060808008A
311
5D715507010D407E000000A30000003600000044463535433844392D373546362D343530322D413935312D3835304143324336454433462F5265736F75726365732F636E782E786D6C4D8C4D0EC2201805AF42BE3DDA7F25011AA1728FC6D2869482C1623CBE60BA70F592C99BA1FD67B3E8ADC3CB78C7A03C1580B47BF8C9
311
B88541DC677C05D4731ABCDFFF6E80DCB869061903A74BF0F179A049CF63B4995AE3D60392AAAB042102CBA256B869CB01DF06A9B06AA4906D77B94B5127E39C9534BF5EDA9CE75F504B03041400060808008A5D715546A6AF7D0A010000550300003400000044463535433844392D373546362D343530322D413935312D38
311
35304143324336454433462F536368656D61732F636E782E786D6CCD93BD4E042114855F65426239304C36D16C18B6B0B0B2512B3B84BB2B59E04EF831FAF6C24AB19BD869B11D9C7CB939E7C015BB4FEF860F88C9625808A71319206834361C1652F27EBC23C34E8A8898CF303204E561214D26521C2296B54B06F6AAB8A6
311
3A1B8E5DBC47EF313CEB77F08A0CDAA99416924E57AA4A4603E9488DCA8A721A2161891AEA846C3DF4093A82CA60889CA7791E391FF9ED0BE7DBCD663BF357C11A29C51BA2EBBC0D1922AE37F3A4B11E43353409D600294AB49D6A29883C77476B1F8255428A94636DA193F96BADA45A5767B5CAB52C76027F1829580B7B11
311
F9010244ABAF35F385BD7F0BFD04C1407CAC2F15AD72D79AFD37977FAB809D36A07E83B610F21B504B03041400060808008A5D7155E3603EBE7A000000C20000002C00000044463535433844392D373546362D343530322D413935312D3835304143324336454433462F636E782E786D6C6DCD410EC2201085E1AB90D9DBEA
311
CE05D09878023D01A1D34A8419C380F1F82DA68B9AB8FDFEC93C3D7C52546FCC12980C9CBA232824CF63A0D9402DD3E10C6AB03A3397DD192872090D3406ABE7CCF5B5D18893ABB1690CF4DCF02282E5EA8A5BB96FFE536F285CB347F95BEFFE81C9ED5AFF9D5B1FB575BB00504B03041400060808008A5D7155ED856C8D7F
311
000000A300000007000000636E782E786D6C4D8CD10E822018465F85FDF7145A186E827310EFE1121D13A191B41E3F685E74F56D67DF395DFFD91C7A9BF8B2C173A84E0490F18F3059BF7048FB8C19A05E743184FDEF06C88F9BE15030886E89213D0F3499794CAE5067FD7A40A529954CB5F8467583AF94D4786869851925
311
83AC657357179D8D7351F2FC7A794B5E7C01504B03041400060808008A5D7155CA1DF9C9A900000073010000130000005B436F6E74656E745F54797065735D2E786D6CA590410EC2300C04BF12E5DEBA70400835E500FC800F84E0B411AD13252E2ABF27A55740421CEDDDD9B55CEFA7A117778CC979527255565220197F75
311
D42A39B22DB652EC9BFAFC089844F65252B2630E3B80643A1C742A7D40CA8AF571D09CC7D842D0E6A65B8475556DC07862242E78CE904D7D44ABC79EC569CAEBA537E3521C16DF5CA5A40EA17746733E0B6615DE7217475F386F18B9481C510F1F021CD9FF027EA0E1F5C4E609504B03041400060808008A5D71553DEE336E
311
64000000790000001B0000006175746F6465736B2D64657369676E2D7061636B6167652E786D6C35CBC10E83200C00D05F21DCA56CA76D41FC96062B120735B69A7DBE268BB7777961F8D5AF396893C2ADB70FE7ADA196782C2DF776D7A97B5933C430F15651E5469C55D70F80A4992A3ADC954792C525AE70A1E4D6AD9816
311
CC044FEFDF01FE3FDE907802504B03041400060808008A5D7155B2417FEFF8000000960100003700000044463535433844392D373546362D343530322D413935312D3835304143324336454433462F4173736574446174612F636F72652E786D6C8550CB6E833010FC15B47703363440641C8168BFA0A7DE2CE3102BC1467E
311
54FDFCDA814AEDA9A75DCDCECCEE0EBD7CAD8FEC535AA78CEE01E72564520B332BBDF410FC15B5905D18B5C6F85F34C8345F650F090646176BC27640C2682F7542B599E50172E7A4874C3C62D3831337B9F29C071F19EE9E6F5CDCF922739CEF3C464350F3215573745357252D3032561D194E151ADBAA4475DB7568EC268C
311
A6663835F8ED651C9A575A2431A35EAD3FDB8595DCCB39EA4B4210C60837EF189FEBFA4CF0072D129351E76DFCF9589ABE0336A4AB27EE392DF6E91FD7B0CDFFBB06A57D450ED75DE180E178E473C06891528AE51961AC2951F60D504B03041400060808008A5D715593E3E8D5F40000008E01000068000000444635354338
311
44392D373546362D343530322D413935312D3835304143324336454433462F5265736F75726365732F39323632423939422D433033462D343531442D414443462D4634434243353637454342332F7468756D626E61696C2F302F636F72652E786D6C8550CB6E833010FC15B47703363484C83802A5FD829E7AB36C87580936
311
F2A3EAE7D70E546A4F3DED6A76667677E8F96B79149FCA796DCD00B8ACA1504658A9CD3C400C577484E2CCA8B336FCA24161F8A206C830303A3B1BD71D12D60465326AAC543BC8BD57010AF148CD005EDCD4C24B1E4362F87BB97271E7B32A71B9F1188D51CB5DAA6572D357AD1C3032353D190F0D9A8E4D8DDA63DFA3A9BF
311
6074E9C64387DF5EA6B17BA55516331AF4F2B35D38C58392495F13823046B87BC7F8D4B627823F6895998CFAE0D2CFFBD2FC1DB09A561BFAC72DAEF27FB7A84D68C8EEB6293C309C8E7B0E18AD723AA93CA34B3527C9BE01504B03041400060808008A5D7155D28F4EEDFA000000960100006600000044463535433844392D
311
373546362D343530322D413935312D3835304143324336454433462F5265736F75726365732F39323632423939422D433033462D343531442D414443462D4634434243353637454342332F7468756D626E61696C2F636F72652E786D6C8550CB6E833010FC15B47703363484C83802A5FD829E7A738D43AC808DFC88FAF9B5
311
0395DA534FBB9A9D99DD1D7AFE5AE6EC21AD53467780F31232A98519959E3A08FE8A8E909D19B5C6F85F34C8345F6407090646276BC2BA43C2682F7542B519E50E72E7A4874CCCB1E9C0899B5C78CE838F0C77CF572EEE7C9239CE371EA321A87197AA31BAA9AB92161819AA96F4870A0DC7AA44F5B16DD1D05E30BA34FDA1
311
C16F2F43DFBCD2228919F56AF9D92EACE45E8E515F12823046B879C7F854D727823F6891988C3A6FE3CFFBD2F41D307F0BCBA7E66AA6C536FDE31AD6F17FD7A0B4AFC8EEBA291C301C8F7C0E182D524AB13C238C3525CABE01504B03041400060808008A5D71552BE3E2FA0D010000B10100005C0000004446353543384439
311
2D373546362D343530322D413935312D3835304143324336454433462F5265736F75726365732F39323632423939422D433033462D343531442D414443462D4634434243353637454342332F636F72652E786D6C8590CD6E842014855FC5B04705FF860932111D9FA0ABEE883296CC0846A0E9E317666CD2AEBABAE4700E1F
311
F7D0CBD7FA483EE56E95D12D40690E12A927332BBDB4C0BB1B3C81E4C2E86E8CFB65038916AB6C419401A3CB6EFC764893D14EEAA86A33CB4314D64A0792E9110E2DB0D3875C452ABC0B0E7B4F3731DDC5225394BE7C8C7AAFE623AAE6F09ABA29B903867941705717909F8A1C9627422027038243D3D50D1A2BDE35579AC5
311
30A34EAD3FF46997C2C939E4738C214210356F089DCBF28CD13BCDA29351EBF6B0F3018DDB0146708D39211CF67931C2B24203EC867E8463D9F3BEAA9B6BCF0B9ABD827F807E9BFF077AA55D810FE02B610143E1FFCF0B46B3586018CF76C38C65B36F504B03041400060808008A5D7155261D18B2FA000000960100003700
311
000044463535433844392D373546362D343530322D413935312D3835304143324336454433462F5265736F75726365732F636F72652E786D6C8550CB6E833010FC15E4BB011B1A42641C81D27E40D5536F96BDA156828DFCA8FAF9B50395DA534FBB9A9D99DD1D76FE5AEEC52738AFAD1910296B5480915669330F28862B3E
311
A2E2CC99B336FCA2A1C28805069461C4D9EC6C5C77485A13C064D458053B28BC87800A794FCD80BCFC8045942286C4F0B77215F226662849B9F1388B51AB5DAA5572D3570D0E713A353D1D0F0D9E8E4D8DDB63DFE3A9BF107CE9C643475E9EA6B17B6655167316F4F2B35D3A100154D2D794624230E9DE0839B5ED89927756
311
6526673EB8F4F3BE347F87F82B781B9D04CFAA6DFAC735AEEA7FD7A84D68E8EEBA293CE2241DF9187056E594527944986A4E947F03504B03041400060808008A5D715518B4AE49F7000000940100003500000044463535433844392D373546362D343530322D413935312D3835304143324336454433462F536368656D6173
311
2F636F72652E786D6C8550CB6E833010FC15B47703363440641C81D2FE407BEACD320EB5126CE447D5CFAF0D546A4F3DED6A76667677E8E56B79649FD23A65740F382F21935A9849E9B987E06FA885ECC2A835C6FFA241A6F9227B4830303A5B13D60312467BA913AACD240F903B273D64E2119B1E9CF8900BCF79F091E1EE
311
F9CAC59DCF32C7F9CE633404351D523545377553D2022363D591E154A1B1AD4A54B75D87C6EE8AD1B5194E0D7E791A87E6991649CCA857CBCF766125F7728AFA92108431C2CD1BC6E7BA3E13FC4E8BC464D4791B7F3E96A6EF80BD6E773A5AECB33F9E619DFEF70C4AFB8A1C9EBBC201C3F1C46DC06891328A650B30D69427
311
FB06504B03041400060808008A5D715506ECB90D02010000D80100002D00000044463535433844392D373546362D343530322D413935312D3835304143324336454433462F636F72652E786D6C9591DD6E842010855FC5CC3D2A28FB1764B3D1FA04BDEA1D955997EC0A46B0E9E317AB4DDBBBF60A72F8CE0C67469CDF8747
311
F2869337CE5640D31C12B49DD3C6F615CCE14A0E909CA5989C0B3F3048AC1AB082450629FAC9CDE32675CE06B48B6A9DC64D54DE6380A47BC44B05BEBBE1A052358748F87B3AAAEEAE7A4C69BA725204337C59BB0955400D92E58C114A09DD3F537A2ACB13A32F225B4829666343C1B66638BCA24EDC18622490BC10D9FA1C
311
B1D9E80D323A7ED25C0D4E209B96F3FAD01CC99EB73B52F29C91CB915372E0F9A566F5EEA929DA58249AA5F0618AA3D98A2C43F8AB7D35FE8A368FFA9FD156870749BF4365CB9CA5C83E9710CF6527F203504B03041400060808008A5D7155FF1A6C7F06010000B201000008000000636F72652E786D6C8D50CB6E842014FD
311
15C21E15B4E33841269A69BFA0ABEE2830968C82019CB47F5F1869D2EEBABAE43CEE395C7AFE5C667057CE6B6B7A888B0A02658495DA4C3DDCC2151D213833EAAC0DBF641018BEA81E2618323A39BBAD1912D60465126AAC5419E4DEAB008198E3A3875E7CA885177C0B51E16FC5CAC58D4FAAC0C5AE6334E8E5C72A9CE241
311
49C8484508C218E1F615E353D39C087EA3655232BA6D5AE6282D63BABE6AE5A265AC3B321C6A341EEB0A35C7AE436377C1E8D20E8716BF3C8D43FB4CCB6466D40717FF9C97C49E01787E4FB9B4DC2946DFAD9DB3209692C09AF90BB28A9689F8537A5BE53F4A6B136A9217EE0E0F198E851E440C4E178CE371DE38D3B5D937
311
504B010214001400060808008A5D715564D48F99F7000000A80100004F000000000000000000000000000000000044463535433844392D373546362D343530322D413935312D3835304143324336454433462F4173736574446174612F446566696E6974696F6E4974657261746F7250726F706572746965732E62696E504B
311
010214001400060808008A5D7155CFDA72C0EC0000003002000045000000000000000000000000006401000044463535433844392D373546362D343530322D413935312D3835304143324336454433462F4173736574446174612F496E7374616E636550726F706572746965732E62696E504B010214001400060808008A5D
311
715588E57597CD3F0000904100006B00000000000000000000000000B302000044463535433844392D373546362D343530322D413935312D3835304143324336454433462F5265736F75726365732F39323632423939422D433033462D343531442D414443462D4634434243353637454342332F7468756D626E61696C2F30
311
2F67656E657269635F706E67504B010214001400060808008A5D715528BB58AF800100009E0500003D000000000000000000000000000943000044463535433844392D373546362D343530322D413935312D3835304143324336454433462F536368656D61732F436F6D6D6F6E536368656D612E786D6C504B010214001400
311
060808008A5D7155670136ADA9040000B41400003E00000000000000000000000000E444000044463535433844392D373546362D343530322D413935312D3835304143324336454433462F536368656D61732F47656E65726963536368656D612E786D6C504B010214001400060808008A5D71558DFFFC99640100009B0300
311
004500000000000000000000000000E949000044463535433844392D373546362D343530322D413935312D3835304143324336454433462F536368656D61732F52656E6465724D6174657269616C536368656D612E786D6C504B010214001400060808008A5D71554743F8FE51000000570000004700000000000000000000
311
000000B04B000044463535433844392D373546362D343530322D413935312D3835304143324336454433462F4173736574446174612F41737365745461626C654F66436F6E74656E74732E62696E504B010214001400060808008A5D7155C55C663656000000680000004500000000000000000000000000664C0000444635
311
35433844392D373546362D343530322D413935312D3835304143324336454433462F4173736574446174612F53747265616D56657273696F6E5461626C652E696E66504B010214001400060808008A5D7155AE1940FC36010000A204000036000000000000000000000000001F4D000044463535433844392D373546362D34
311
3530322D413935312D3835304143324336454433462F4173736574446174612F636E782E786D6C504B010214001400060808008A5D71553805B7C0E6000000600100006700000000000000000000000000A94E000044463535433844392D373546362D343530322D413935312D3835304143324336454433462F5265736F75
311
726365732F39323632423939422D433033462D343531442D414443462D4634434243353637454342332F7468756D626E61696C2F302F636E782E786D6C504B010214001400060808008A5D7155A233C2345D0000008000000065000000000000000000000000001450000044463535433844392D373546362D343530322D41
311
3935312D3835304143324336454433462F5265736F75726365732F39323632423939422D433033462D343531442D414443462D4634434243353637454342332F7468756D626E61696C2F636E782E786D6C504B010214001400060808008A5D7155BE89762363000000880000005B00000000000000000000000000F4500000
311
44463535433844392D373546362D343530322D413935312D3835304143324336454433462F5265736F75726365732F39323632423939422D433033462D343531442D414443462D4634434243353637454342332F636E782E786D6C504B010214001400060808008A5D715507010D407E000000A30000003600000000000000
311
000000000000D051000044463535433844392D373546362D343530322D413935312D3835304143324336454433462F5265736F75726365732F636E782E786D6C504B010214001400060808008A5D715546A6AF7D0A010000550300003400000000000000000000000000A252000044463535433844392D373546362D343530
311
322D413935312D3835304143324336454433462F536368656D61732F636E782E786D6C504B010214001400060808008A5D7155E3603EBE7A000000C20000002C00000000000000000000000000FE53000044463535433844392D373546362D343530322D413935312D3835304143324336454433462F636E782E786D6C504B
311
010214001400060808008A5D7155ED856C8D7F000000A30000000700000000000000000000000000C2540000636E782E786D6C504B010214001400060808008A5D7155CA1DF9C9A9000000730100001300000000000000000000000000665500005B436F6E74656E745F54797065735D2E786D6C504B010214001400060808
311
008A5D71553DEE336E64000000790000001B00000000000000000000000000405600006175746F6465736B2D64657369676E2D7061636B6167652E786D6C504B010214001400060808008A5D7155B2417FEFF8000000960100003700000000000000000000000000DD56000044463535433844392D373546362D343530322D
311
413935312D3835304143324336454433462F4173736574446174612F636F72652E786D6C504B010214001400060808008A5D715593E3E8D5F40000008E01000068000000000000000000000000002A58000044463535433844392D373546362D343530322D413935312D3835304143324336454433462F5265736F75726365
311
732F39323632423939422D433033462D343531442D414443462D4634434243353637454342332F7468756D626E61696C2F302F636F72652E786D6C504B010214001400060808008A5D7155D28F4EEDFA000000960100006600000000000000000000000000A459000044463535433844392D373546362D343530322D413935
311
312D3835304143324336454433462F5265736F75726365732F39323632423939422D433033462D343531442D414443462D4634434243353637454342332F7468756D626E61696C2F636F72652E786D6C504B010214001400060808008A5D71552BE3E2FA0D010000B10100005C00000000000000000000000000225B000044
311
463535433844392D373546362D343530322D413935312D3835304143324336454433462F5265736F75726365732F39323632423939422D433033462D343531442D414443462D4634434243353637454342332F636F72652E786D6C504B010214001400060808008A5D7155261D18B2FA000000960100003700000000000000
311
000000000000A95C000044463535433844392D373546362D343530322D413935312D3835304143324336454433462F5265736F75726365732F636F72652E786D6C504B010214001400060808008A5D715518B4AE49F7000000940100003500000000000000000000000000F85D000044463535433844392D373546362D3435
311
30322D413935312D3835304143324336454433462F536368656D61732F636F72652E786D6C504B010214001400060808008A5D715506ECB90D02010000D80100002D00000000000000000000000000425F000044463535433844392D373546362D343530322D413935312D3835304143324336454433462F636F72652E786D
311
6C504B010214001400060808008A5D7155FF1A6C7F06010000B201000008000000000000000000000000008F600000636F72652E786D6C504B0506000000001A001A00210B0000BB6100000000
310
504B03041400060808008A5D7155000000000000000000000000370000006662782F30393243424631372D324246322D344631462D423535382D3934463034413936384637412F617474726962757465732E62696E504B03041400060808008A5D7155000000000000000000000000350000006662782F3039324342463137
310
2D324246322D344631462D423535382D3934463034413936384637412F76657274696365732E62696E504B03041400060808008A5D7155F270F1330600000004000000360000006662782F30393243424631372D324246322D344631462D423535382D3934463034413936384637412F747269616E676C65732E62696E6366
310
60600000504B03041400060808008A5D715588E57597CD3F000090410000420000006662782F30393243424631372D324246322D344631462D423535382D3934463034413936384637412F7265736F75726365732F322F305F67656E657269632E706E67355B773CD4FF1FBF73E71C0E67EF7576C9DEF3EC995D46C6A1EC50
310
46649CBDF79E192942562825CE965D8A868C2842C8DE9FDFD1F7E7F138F7078FCF6B3F5FCFD7EBFDFEC41B196891913091804020321D6D7513FC77D8C5070EC3FFEE51B21F068154CC75D455CC028A3EA68992803810109FDDE5D5CEC5521B28A1B422BF80741695D5B529DA1C2D058AD2388BDA9F476F7C2CADC939304173
310
DBF48A452BF8A700C0C70C3D121C1AA15A5270C22E2B9E28763651F7DA0D12CE11077B2ECD0D560B5E3DE2368B1E65C5E1C87384A4CC5F2D9FB8BE39E9B77C753783A37998F5CEF1B4FEE553463245C9712270880DF339E0B882A6BA713D865F6F384C842D440934EF264F4A304F8DE4EEFA1E2BF5E2D91F5ADD9613D6E31D
310
DB33ED31DB1D7916CAF091286EA3D31B9CFECB78BB0060245B943C4C040119FF780A74DD308BA9D028678674EB5504ECF284EE814DAED07440BAF649BE4B55DA2890F4D73E2D489A59EE54FDB0A85B59F2F52C4858A02705C4815A792B0C4A996A2023ECB195073E115E3E3647F64243A8338F2000BCB58DA5692C7E7C3D41
310
3F963FEDF3CF00FBB0F831A9D51360FECA43819F527B89FA260EB63C5DA676830AA3626A3693B23F1A17A0DFFCE3EE164E31B5365EDF0C89EF64D8E38AB0BA9A1117D7C3A0EC44F44F4023095E80BA610DE336D0F99593A88BFC5306E72DF98F7FD132ED95878DF2964EA7E43071359FD83B2BDF9C6B5BDF768F0F3C0FC351
310
199526F53D9460A34511F75D1B63E488178569472C91A94497807A3FD4A390C6558F26D416365C3656DE6E769DA9D8FC73774E1709812842DD8EF96AED1960F79D21B395CDDFE6F92CB4EB962A4668C76990E2EF29798C8941D67DA50F4A5F947872460F1F6FDB794E8A29FD7AC0C0D6E0714339CE258FB17AE8535221E346
310
4A10F29A0BE5EEECEFC5675926A89F49EB14E5711894F6586DB5754EB4D5DA9C6437EBA57DB97A24F8B8A8DB295FFD73266CF57E82694DF5166DDF93573AFE9C9C5EB05F8FEF8E89E0A8917B0B3724DB7BEBB53252581EFC3E38166BA131A3A5B42FE2AD00A769BBFA4458D2DE7822F8C4F63D0B8E21B285AE13325F3410A4
310
35C648C9D91FDEB109E73CEDA7BC796961AF79175E1A3CE4C5E8B0D009B0C9E29EFD98BC8E97554E3D8D838424E270F7685226E5AC268E021EDE3522D583E8F20C0BDE2959EF5BBFEEDAB32FE9A3ED0E39F211A86AA9DEBFC68182EDED132AB8BB794442D2D7EA9F4D8BFF52BC4D55BB165124EE90A42D101E67BBBB292FFB
310
4F66DE5BF2300E44546757DA7CEF8932BFC9F92A0707953491A55C5A5ACEDABD9FA1AEA01BAC3DC5A24E22E7C47213493996EFBC369D086ED9397C9BA6C7F9855C7BD5E15BFC8C53DB3D2A4C5901A57ACD2FBDF4D1676E95338B2C2BCE65FDA4C64F5FEFDC7D9CA5AA1FCF11E193F2FDABF0F4916BF13FB916A224380E6462
310
A9815F2300DC49CC4DF8D055CEF76462F4B7A7ACA7365C2707891370BC1D0AA6203C44CCAB47084FEC057F27FFCD57F89B8B9852459798A675C66BD7CE572CAF71FF7E6D7ECF7BF62CAB7B3F1107DCD04DC55A3F9961700286141C94A4F771FEB2BCDA2DDEE0CB0BAE402FF1DB0100F8E475DFFFC074DDB4498AB7D186A765
310
4DDB1CB680D703D47CEB4E72F8CB13D86A4AA68116E26387B93FD6738779B34FEDB8E517EDF2BAF28D9BE93A1D3A164320E07D42E514725C29515FF361754213EDE06B079A2E99EB1CA82A02019EADEEB87B9AF005BD04BBCECB14AACD6B24EFBE482194A97DD32400685FF1FEF1544D1B14EFB1E7F08E6D2CD2AF52DE757F
310
35F5E62332EE88EA26417AD5C3E0E319D68F25414E6D672BD4522B278C57D18F0113921C71D96527E091F00CEB15AE23D24667369BD3CEFA10C7549D930890BA4366F4EBC55F01F746109F98ABCDD5A3EE06619C6AD78AB33E48E4C9BD21BF7478B385EC05C4F8987E2C1BFA0A60EBEDAA0AE0B015C2720ECE180FB6F2DEFB
310
EB822D96338C9B63822183BBF52FB664A7AE57003AABCE512BF77E7E31BDA2E739AC4C131657DDFE5225E900FB56CC01CDE808FA4A9C9DA16AC679656BB64796283D89812B8F91136AE18EE5EBBAF47A73BE3C153EB5D4CD491B4BFB4FE690A4CF9ABA08C0D8AA64220C438C96EA6CA80B58FE5761E697B3A292EB9FBDA502
310
FA863E49FE694ADDFFF9D62C520BDD1A22014147A0903A05B9B729F54272EF83931FEEC057BFF8C8055C279EAC5C0011804828734024F6CFA319C9CC6867C727184465CD9BB7ED386AFFD96B294A85E3802FAE47244602D8273615952B98C4F23F7EAE4463D9D638EEE374A20959E0FE519C4CFB0FBFE5DD80C2AA3F9DB961
310
D1BDE57E67C9BB47B77FDD74EE3094F5DBBE3EBC1FBDB7393F5116263009E2EFE1AF9A221B2AE234C902BF70E9F280ED23E73908361565964333A3F01D0B006AF32FB21AA1316744B489D5A198E85299241735BE559675130955C902A8ED761FC0DBE337A9F91919AF5CE32AF902ADF9AB2615E00E8A94586BA1A90839B618
310
32FF1BFB76D2EFADE6DB1BA04CCAD3DA649E7E2A0219F592E22F2AD54847EEA8E42271011E9074F8F3DD9FBA6CDF88FFC9FC7E811AD1CA8F4557CE4AFC7BBEDCF0114A48689F20A584520C74DA8127124B767E2FB91A6B186246727BE63C9445BAE02088D58B8EFDC0F1072407CD9B89A13F6303B4A928F593AD489B58E686
310
9325790ADC406036C591729FE14021F94B7796BB11848D463536A092A26F077F94639F7CEEE2A724C66EC885F4A24F8B8A0AC321F8FD149BA529460FAA34E4663C02D41FDF80BCA222D42F0ABFF8490F4FA74C673807C2051D8E467B47B616072860069A9A303ABA9B319D58404461401B0A0F9BE5E1E151C14BC33B32ABE0
310
3DDE91708DFAEB15E7C0D593C86BB7D7EC17BE56E57975F077BFD5525F3A1A361D584A75E08CF29FC7B44B2B3085014F3A5A14517377C3F6B8F37E59514C3B12F8AACDEDDA4DFC49BE5710101534CD6FB6DE15B50F11A09472AABA727F0C49D9CB906B158030065F48EB3625E010CEC1D511D0053474B11E6A4F01C0D6EF1B
310
ED3A944FDEC70E0DDCDC756C86545910E0DAE3BE3AA9A404574C2995CD5CAF9549226BC94B4F4F0F5F9086F418F6B32346464610D8BC7391D3C3A3CCF04CFC1FB2A3A3170E369511868F14EEA4E5E438CC73DB1F3248AA94B6B2FF33B222FF3D1E7BF146CAD229770158063BCE4F5391964DF62F7E52A7BE0EEA829C9E13C4
310
C147D6F93FE59E111DAB5E4594D6F3CD1AD375EE039930EFE5AF2BB2D41C83C7DABD8C659BAFBE8FAB392CA634F3D15C1D945DB4588D2B0824A4EC928AAC565557CA2F0DAA588CA5BE30B3A8004F7BF005E96CBF891D7F18112A3619FDF530DC8AA64954258E1811789B5189B49B4EB53F5F89F7D37523894F3EB57B373763
310
C91E502F52CC99EB7BDDF933FC324C4FFC2561DFFA7339FAFDD0A4BFBE6D3A8FF9ED1FC49898139864602458968913181918F719CCF5A68B2EE9C1FF050E34E63107003B8120FA982C21B30A874E4F5E4B38D5A8290C4B8D9BE48A0BE31EA995BDC37AC6DE90BA17D259DEF53605D55922FEB1855D915B659FBEB350EE0DFB
310
2F9F766E1C84CC8964B75D08667445EAB966015F63A18A9E0A325C1B3DC628C0D3CB60F767FA93CC65F25458BD23C3B312716E5F40E5858AC06EBA9AB14F95DB99147B832069201541D09A0D856E12C629CF32683760EE855537D1901988D5EBC156676C7DD51D7207CF3267AF1D76C2AD867315E44618015313A98B19941C
310
696FED3461CAA9B5415F918556D7802EDACEFD6B2E45853A9735DFC9DBF7E440F9319F8B6805A973BCCDC76C069A9144E51F187EDCC12FC31B5DEAAF0A76137199B106EC84ADA6B6EE697D4E6A96E007417F4E880E8B1E89B4BCE9D81EF611E2ED8F0C1A6C25F620FAFAAB656A7C42D464880E8AFAB0E0FC8EA38CA9A8AEEA
310
EE3E4648BA4680270A89743CDD3E6C6CBF34B7B640EFA285ABC7EA0A1E28F3CC963D114A80123EE66D0AF7D5380EB41909B605AB4765B709B808590458157E69BA1378FEC4B48CAF6A730E3BE3C5EF2DD1A5EAF94B1DDE50CEB55DDFD7EE9A16747FA4B223359FB1FCC69E1194892BABB93A1D5C4E807AC0EA2E30180811E7
310
7A2291F6E7F7FAA5E0F60215BC6024E48DE436C511F0628B8CA189982D4D83CCA17D305A7E923C37941CFDFDCD93ACAF735EF5F0E61BBD3E6C41A59B242790D3A3BAC7064DCD89AA2E37214EC839820949D5CAA31E240D2948E48F690298974A96BA9A8432BC90F5071D6537C9666EA4564796B7AFFFA548077BEEA75F6308
310
3435074BA182F3699557397F71548383FDA8CA34D99B981E72835ECDA5DDDC151315173D05A21F651AAF8524E88209E2E7A737ED1045800CE3390050BCFB8BE588DF111617874C62575039CA588EEFDEFEFE319B739DE2EDC147092A262611E159650E787917885EF08F1F51B8F2D8A71D60B58B190FEF9541A1BE94BC19FE
310
A50784DA1419FE4B0FB51B8D36B5FF8E1286FD8AF42B91E59A5F1CC4D60174E764045FD8C57B18209B217F89A62252BD20BE0E63E12B8E8F029FE19E0E8D0870F58721A557082250D5424F7909369376E41666C0EE77CD87CB283F661D5FB6D0DA023CB67320A20DC7BE661E9E1BFE5463085C557DA1FF9BE835733766C3D1
310
39F2CF9E2208873AD0EB4814DE9E6BF2CAF81614D4D43906ED1C05A3265CABBFE192770FC2F64F940CB6B17B5F166F133C9AEEAD2641807C3E69515171DD74C4A85311513D6EC9530B3B601B6BA3EBFF3B5C3D2F7D69765141E345F75433953D013ADDF8F6AA7DC3F4A7563FE5C7D367937E2900D7EAD0F9FC9A4A1A9B5BDF
310
1FEF08532660C01C5D6DE22199AA774383E306DAB87E301ABB7D213887F9869D4942D0D71E94B27EDF216A318BD488D45DF84529EF575AF3C3938C0AAA0215B01994153E2054A0B894DA5C784980633AAD48576957CF4AEAEAFADC7C587368551C73DBE1E57C58AC713303A8BFC258BD04B51724459FF9E24C03A81E0E0679
310
CEB9B348C0DC998FEB9C6D6EFA77D247CC8F92D3848599ED89A23218D0636465AD1CEEB7DC140D7426F83491C4E8E8281C2FB35240918FFECE880CA2A42D70E8B20B34DF5221C7DB0CF90ECCB9C745B37A47E9B716FF7A97B7A252C1F3814DC7B1E1A7F72B8751D524EF7CAE45B0C73B3BE7D08ED39781B380DDFC9AA4A474
310
9C9493DB5BAD07A6EA6C092FBD0E85DB004DF06B8C9D3089C5320187E4CE1846158C7EA7DDAE8AD9AFFF21AA3A1026BB06A259845E8232DEE62811A4DA9CEAB3A4887320B76E2AE5615EAB7BDF738CBDD01F1E64064BC13D9EC53576751CA8CACD58B3CEB0E6CA585BD089B2A59B9FC101403387AADBDBE70586B93D64BF3A
310
D4453EF9C3B6A93817E8346991798601344F79A83C51F3D50F7BF2683A3605F51A72449489E0EE6169C749C60B1035651103AEE24D24E51A759C840DD3FC6504DA6FE107510E447B43461C79D22970B75DE5E1BD3007D1AFC619A4A4A69B5626AF5E9B8374E20677F77E2F8E73DF868E8BEC7EBA7B6A75EEF7205E1AB9486C
310
B642741D6E03FF13FCCEDB1C4AC129886268B01CDF4B124AF797CF784F3C6DEC97A17D4B558070A0F1C04DA4FF9BDBF34159AEFE958479824B3F58EBD1E19088A2AFDE501B6F2052368A3FD0E650A179EFAB1561E1D27527077136E652676C3670F42DCB3352F48F6BC86D2C3B0051727E41A0A4DC6CE2BE9D47F5CAA2935A
310
3C0539AF080665997194ABECD723B08129CC5B6B21D2E7D54CD4D12610E7E9FB8306771A89576C7A982002775ED44F3F744CF21EEBB27A631671D921938AAEE3EB0D19CD1E083727F607823E817BF599DCED5394E37EEBC2E88782E638920CA641EF74D4CDFCDEF06F4278ECB18E31E7E9876F2D783C8BF429C75395F57E98
310
C2B495A3DA077EB3AC3C158608B6B57FE3EA48484D9A480096FCEE0DE880950E7E5A5714131C5C41AAA29FD19AE81AC145FA1B9E85C7169A5AB837B213493DF7E9AA4B5FBF9CDEB36EBD21EF1181B7CF7366AB2A951D01E37AF4EB835D1BE8C117CFBE7625D2EBCDB0B20C5A4B45CED0BCDE3EE8DA9DA78C2E21DEAAFFD119
310
7E463C33CC6A80FB785669B856EFF7A8CCCA2841B5A5369173320B1170C368B2748D81062EA0296E5E2D95D7667A4A46D98A6FF475C76AAB0A8C8D45E226FAFC9FE0133EA9F60111F99CA81ACE03A1D14C89E8B0D69079C91464FA1D99E651D0EAF606F345C42A8A1AA9BA391031582B96D5B4176A77AADB01F12FD298A75D
310
EEBB2C82F0B8650E880722F8DDD90C56A7A058E5FDEF1AC93545BA27367C76F5D8F9690CB6F8DAE141EDD7971F0FB548A2AE435F224D6E5954CA155512F7332029D5A1230854B79F258EC5FFDB09F5F6343A8EB193229B7F7E79B3E48F8E183860B38C8269D1B53738FF1E0BACF6AADA6D4869E9DE708E79B5DADCC09B1BC7
310
6F649731CFAF59A83FD8BAE4C749D66FA87A3810D4D62FFE826FA400C0F325D2BC0F3CA35F5847B82A2ACC7961745C823E4D863D54460AF792CE6F79B5C7A33B25C3AEA6CDE15A919B6367D781E9D44F61BF828672594A3E1D9EDD6DF179A81F27EAC05B936575D73E05C209DDD2115CFB705DF9BBF3C911589B3640735E9E
310
618FC9C36A7326C82B2205E244C55D56FDB9D5DC93CE958D4BF8174D2B3DA54CB3C09F2C2A6DFF73D23B2197355761AD421EC581284A7EF8DE2CE3497C0C804D49B41DFD6A7360844E5BEFFB495CFCDB97A4595911CDBA623274CE852B5E278AF0BEB1770E9D37CD977B2766A7DED0E94B840E1E95E8C77DE5CB6354AF7871
310
427C28ADBEEF7BA0A28E19DE9ACD75F379FE373EAE6DDDAE3834692F9C2B03B4FCA8FCA9ABE8EEEBEBB725B88A7C90941E850682CA04061A7DF0CE82ED49BFAFFD42C309818FAE14755CAAE78B0F73243ECCCAD7DF58FCB9CDFAE7A4D3E6671A613639130D056C8383C8F4FCF4808C331E544DD26E4755D09EA05253B3049A
310
1E32587CC25D72E073E2CD96D04A71BBCB0038FEC3F53D254199C3CDC67CD66640269431860225392B2CB3ECD0B4498AAE78BA1994246AE1EE78F2EDFB79F6C6CB6B5E279C4D373FBC21CB2698C9ACBBEB6A4BB6B39E16AB0E421CCBFC7654D81ED86022F9BB522146F9F4772E2D0E4FA70120C95A85A417BF5078B232F475
310
4363EB1750B2AC2148EB46B1EA72AD9B4D23ADCBC589D70106C3EC2ABEEED84DFE28E718C6C83502C28E9FDD3B09DA0A6F6F7B72B706A31C9E2A331EE70DA56A083D2177BFD63C55B11D8D949FAFCF90B23A1E24B9B5018B9A17E99F2890EC302F330FE7936E2C23F0D237EC8916F5166AB84B62A21BB0B950146962D754F9
310
2CC2C8877BED8FC7B7B25726DD19545392570B3A2C66B58F027BEF412E552D12A588C4A3CC5C3193FCB3485EFFF700D0B9EEC077754A33DC1FB9E25AF814628F91DDFECB667D3F7690803F38D13F8AE39353523BB08FC6760144AFA2CE28236F65EDBB3D5F59A57D612B99E3D7E5F8A851666BF9B5A6658EFC96EEB37A378A
310
BB0EB3FDDF1303AF32C41BD1C8560745D7BD81066B0D6313359CF488563D3BA3F8E2185D1FAA3EBA1397C9D0E3DD232180A4DCADB6AF25DB3AC3CC26589C8239E66E81547BC7E2F328F9884764CA37EB5DBE390DFC03A5246B456A7C3684C4377D0EEF9A350680FA9A077E8B2957B489E09AB1AD41316944C2254B5984830F
310
691C93CAA767EECF976FA5647538830B5E63236A6F0365C1E0F3E327F24FE35EDDBD7360B0F7374837409F7A6311BECC12B7026D4FA1AE204FA3F5FE904B1F420C7A9044AE58E403E7C4848E7DA25DC9EDAC79DD756FAA26B9EA83ACE8A214A2612A22AFA19DAE7DBAC5F8CDE1292A485F98DAC731A29FE01A3966E96BCB9F
310
B5A4C8830E1B9AF0C54B87FBE221A097036E5D28D1F869F810C06A9BB0AC0612F69AEBAF893C6E7AD59460208BAB3A6B09CA4F6BDDAB8CF0D1F84B72487498395A70DCD754796E271099A567A55CF242BBED64696378BB6CF25EF0FCDB589F3A82F1116D010A9AB9FA4358809EE0C973A2B4229BAA876A70B03AB49CBA7FBE
310
71DB1832FFD32F9BF2C8E98075CACAFB36921235D0F552B6A67E94E094097A5D7DF681B40623DA535ADA7A9AD8E9A62407D7C9A5AE51D62A17A83A23728DE86BB56115804D3F2675F2C6B87541A0FC497BF0CA86420F558C9859EBE9FAD62747E323E3AADC03FDCDDFE7407B09DA90B44E3185723C5381EAEF589765E2F7A0
310
99BA46695BAD60CEF3491B8A171F5F56444F7CE9455312C3498C74173AEA0214EC029833B34B650CBB5A5508D5091665309642791708ECF27CF11DB3D797D6CFE474453BD4BFADB768094B2147814D81C7CBAF8228DCAF5564B5891F5EF6A860EB2E323CB82AB868D8EA048880D63B0DE5341F1B3D53297B928A11E15F25E5
310
148990F710747C3509ED14909C552EBE3973246FCE55D00564D8310BC3EBC5085D08D806799B77D6C57FDF5E55837F9E934F09C03C729271B64F12D0A9F9E938107CAF7BF1EC8CF1BB9B42363D33070F4CACB425E605DDB0A34A12BB936DE286B9887A4E2E558F0886498BFF49C311D96C277CF6A9FC0D75AD0ECC5226D7E0
310
E3572012E56D7FDE4410CEC7A6D0F997F225A2055B8B92E3956E875AE4993CB3D4C9063AF98FD45E1BAB165640A43439A2C9181A7C355B297C0A0CCFFAE19B6FA3C2BA238A885FBC98B8F6DAF4B94B97304878DF4D8BFF6A4AEDF79E90ED4E68F00CD7299F4E0D83E35601AF0CBEF18C1E870E74758FA91F5131075004DB3C
310
FCF09AE1DABC11957FD9808C92E8A678CE9DBE40DDA0E0D1D505AAFBCBA208232BFB6FB3704E8985E61ADE53DE74152F5C7DE74B1DEDCD37DC3E8FB30D7EBA8B9EFFC3606BF90B8D438279CB7709FC7C00D327F41817EEA71CD9E49FE9C8C9A81C70915D9F0F15958EC5AA4C3BBFAF46986B90F188BDB24B89DE3C6F29EC3E
310
6F66D84856EE96A35E657CA41B41EFD8DBFA16AD6E91439EA92B40B21C053249F51AE50EB0B24C770FFAF40DF12C8436366819C48E36547D4E7B72FE2BBF10828583057814A668BDF183F6B2E58DFB151103E56303E63D00F39C27C4661605DB644D19175D02E3F0241E8FC3458D17AAAADB117CE9EEA690D0DB01E634878C
310
04C2C9310B69FCAB831151E3AD293BEF6E46B0ABCECB50F5939B39C613D41E81FAE8D34CAE3C4566B761D37185FE864AC32FCB71AEF39DAA5BAB88609BB980CD2F07A8F941653B529567726E2B2A58D079DD57E1E5E31426CF184A04D7B03B985F276D47406AF276FE32E3328BA866EB1FD39BEF57863A317634AA5FE46740
310
9B3873F5069EF0D71AF00AD189D17BA1974ECDB2D623E9E14086386A6AAB5807825C37B015BFE892AFD154920EC437EB945D958E18622E1E0FE2FA06557CE4BB9BBD05A2D40E774DA2B65473791E314B7D6C886820B2FCFE4AA272B3B8B15E7344A145E8AF919B5454D89D36D413E87211186BF6F645E5EC94DCCE8E1C7990
310
22E4EC9BC86D7A0F2AFB1FC4B2CE48F84B3F49ECE65BAD24CADCC07EFF39AB06BE9E6B27A059938EA7208838455383DDBCFCD967DDE4650EF92A14FF933C975DB20BD7FEEBC4487576485963D757D16340D9599FEB362F775F38CA4185A86F74B629C81B133644A3B18FD056E997E0734F9BE26D11C0AAFC669E2AC9FC41D2
310
81F8B2E1C35AE27BCE05F3DA295488096688719D974DF1B5D182DB7792288697F8763CFB43562C1CDEE11C4AABD5C22B6E33F6F389CFC3477C5919DC0D533F8A7A1846B7ADB60ABDC26C43D0CFC8910B7C15EE22675BD02702ED39DB77A87A192CA7A543E6205B979B9F5A6B512A3CA799E198B2D5797C0AF8D1D872CA455D
310
4D431A7879D4DD76110B5FF7F4176B54477A9EB5E4A5D11214FDA585F0382751D8E2582BA5D2075053298FEB8F1537304E32CB22C2E2B693DC0A760B1DFCA751BDC445AFDCBB12820ED85F6D5298933C7EF1211E9E057684056CDA3FEF3BB6052355E162DF27C59E965A8DDB7F9437EB72CDDA3A090DE65A5B2F50326247B7
310
EC67B73ACC7047FC9B353D6EE990F772207C6EC52B39DC2F3C0754821DAB559F7C1809C7D0DD5B0499D0442E0A6E391B3D5DB46D11E731E6794EC77523FBDAA242ED67F9FA1FB684255671F63C9BCFE6E7E896D51001A6113EF2298BA494E0B0980D1FA5B9D60796554C02256B1E0345FB7C6186B6A19D2DCA270416262845
310
FA4F42DB5D9B0A0B6F07FCA2E56C242522E001E0CEB734AF310FC8BFB57E38E03AACE93B3326A2197891E68452B26A6307FDABFEE0223D3C03C3C73D2D5BC054C8311F12004CAE488E5C29287F8156A2CAA4AD0D7BE6B97264E4139F437CE73ADF52E5134C52B819777C18B323A5924E4F67AFD13B1CDC3A61793A79FAF5C0
310
CEB718E441071E797C6DCCB9EFCF7E4A1E9F3DF3C2F9C9E8294E9586868788C972857FB0556D7A26941A7EEB9B580AD78EC40B85DC906B4120A563CA3B87797ED612D3B035962BB75F6515A393F4CB057F564CDF54F2E5A024514E6A1F901DB80C7E70B1FC05E356A7E72FABF4775B3E3FB8F70A2A8E7B6A94542BB3041579
310
78CCC999E707A29CC795E67A59CC546A5D47B368954CA7B6E75EC9E1F6FC73CE3B4F71F8CB1A6B15923D61EAAEB14626AAA9D04A26EB9C66CD1BE86CA31A5D8703DE04CD1EBCE4F5CCB62F93909AD11E55799A781A956ED27D3E738F4538CB04ADABC7DAEF20BC35BA6A90BCC1DC61BA05F20D8832FFB9BC9B15E2DB838A0A
310
FBB7E0C82A562127E0446894F427794C3037186F622BF24DE1B00AA10A23BFA47B2A180D6DA5AD6F7326FEB8C100C2D7142EB2A0B2A9D1008A09BA343D70E054AB69E2A7EDB783CBD92537FAF4A44D1296AC2792729104B3276C276C951D0CF3CF3F1E6B017720A7B8505A5FF9589365979678C36F1BAF759EAF57C60F1FF5
310
FE9DCF5F8E764FF25A2D06CF25117A8FED51884C13B2B750DB0E4F5E3D64124FCF11F0AD8F1CC3B3DA4B38ED22BF1CB2585EE6BFEBBA63FBFD44F9537B9B37BDD6B358720F98A8125AED4349CCFEB0E135F19E208A04CA7E2B10711185D72E381F448036EF57C9F874E54A971CA37A639E986AC0226DC5AA00D5B14FEA9192
310
234B3DE617814FC221C92F33F1D392F297731B567FD98FD91D989379AF567A65B8ADF177591DB90FBEA99BF4ED11B16E50A0AB1DBF1156D034BBE04D69D08F939D8E92BF525A1DDAFF80ECBC95D8F45D3FDD289FD23F7D8B452F8EBB34EC082DEEE68E18EDDF072060FAD2AB1504DD4879BF67099FC58F6E9DEFBF645D1633
310
4A3E9A127C6F1AF6132CF287E433B43A0EE93812B4AA0B194E03EE3FF91EF9C6ED0074A2F6EB18A96A7C9890B1FCDA1F2095E944DB911ED54C60DF16FB74C8CE9BDC7C54C4F14078CF73C2FFF1F1BBCCD7CF64F71407EA1683DBC410D226627F66E509060D5C0AFD611DE681D509DB8DD12FB1265B03C6F5C55FF4C30BD941
310
87FF692B4F152982502F193098A789526A038AB529A52BC0DC4FB6285CBAC10A8B8DB75DCD9BDABBB221E27D1F8DA9F5EE5926A1C8AA9BA9BC09239C6A7F12914EA3B59EFF7AAEC3FFCCE56F1C5C2980AD072793527565E774F4631DB178CEEC691B1F367BEA0CF2907E1D6B854D527065979DDEF002D8B2ACEA7CE21AE297
310
737EDE1D45B31233B73FEA35BCFDD0B09721FDBAF6432681F2FD10C3E9EFB246FD6E854B344ACC9D8A0EEF876A7314B49B6A499FC650B099D650DBFEC7638ADFD245E2B7839DA5AC5F7D5623FC0ECEEC8653FC9B2BDD1AD4D00A566FBA7186DD3C9CD26512551637498CADB950FEC71ADB9A5524285DE328B8EC7EC75D2345
310
AEC6A27C42AF6D9B92155315C80DBFCABBB7DA0FAE425C4FB896B15C9BFAC4FE67DF5A23D30C93DA4D8F36FB15D100050DA6062E22AEC5F4DAC4F6FEEF97AE05DE63C6D38F9E068A20BC5E3B6BCD75320C5090924E7F93640A7735B1A43451C2D91EE62C6238B797349E59890AF3A520DF4A87095F3ABEC2E61F0593416CE4
310
6CDCBE0E00E2523FCCD04408588B5B6C9DB6459C786CE378770B54F51DA3A5E1DF2A3349BEAAC234A6CF8993B598B3B25B4B113E353A4D750FA7534749430F3EBF2512E7EA3FD43C6AB9A1F765A58463B306721A15D224FAFE8C6F5E3432D57EE697DA0DD5A9D4866A8BCCAAA9DFF1F06047851408FEC060471D0E3EB86BFA
310
F46E4B5E60311DC3E3CEA147C75CF971BE74689507154FF2D2E92F15CDB2B9182B11459FD8ACAC5A85F174BC94A7F4EE4C4F5CAFA7C02E37BF0BC77B7DCD0C047BC316F562A01A441AFA7931CC84A28CB9F4AA367EB515778F29BFE61195FA671F4352E5E46E3A64773F1F76EE5EB36D7BCE9BCEAD837A4D77F8DB8C92AEEF
310
6711920D7C7D0F76B0FD0EB7AB83724CD35BCA7D36DDDF5FBB7FF6F04A91F3E2BB3B8F1A43CD659639507FF6331C5F697BCC782AE57D757A27D97F1AB9E0AEDB43F92F1B2AACDF5FEC8ADBAF9F814E2027003BA2F9E144B1938A7A04050AE5D953B82C45619165C813A10E76DD6906B3C16438064D14CDA713AEC420034613
310
E1AC7241904A49FBF87409AFB1FCB9B72FE7933A87D8FBEDACECE4EDCF6A4FE9FB94D5DEB74FAB7CFEAE17EE965DF980DCCA2D04134994F9A2E94D2265DA4FE6AA7B7AC15FACAC2B5ABBCD7DFF542C5314FDAB2E1B9D8B65220B8E2B638BE008E8DCA22678C820C5053664D15E89F2D735B51A84955E81A443545E9FF787BE
310
0FA700A76D136C27DA179A7C6E8939E01BE756E19CB292798063D8B97F44E8A27BCF3A614FEB8BE974A718E86F7EC99B53CA35FA24F61F2B07266684623A3D4CF073E511F3A10A8FDAFAF0078C577F4DF9D339FE7862E5FA47CF4344209E5BF76D783B1B48E152AD281B15FCB934DCDA49CEC5706B1EE8B460F435324A5CAD
310
154725E21AB8044B75A557A79F6C807B9340AA3D92503E866F4274412926C8C504E4D5EF8C0E68DD0B028781A6B4054F11CF18941F101C57CCC796773ABC8DED9CD91FE5788806C05E548895354AEAC96546D55B0E94A59F148D061F42AA398D822CDECA4CDE79E13469BDCC44FDC990F366BA5978C15F97ED80CBFD73B0CD
310
9B8B83A4F6845BDFBFAF034019473FB9A63BD55D3A4A7284757071574029A4D016DCCBE95DD679EF3C4880BF169422F8C89B68A988D2B13793CAED4F74DE7486C72DC94DF46B8E93D8E02EFCB1FF9B3BA10C8AE7F653DF94F4AF466CDDCEF5776687F7C4C14B63E4EED1719DC2EC482D7DBCC7AE518CDE3D5FF86D39000EC3
310
673C0044E1D308BF05F74D1B5F033A7D1BE7F74BC55BBE3E4A20F920946CA0271EB17BD2B80E5660ACB8A29A79F5E4BBA49D4D945B6EEF4A7EFEAA65E5555BBB57A7E15D2F83C69F30BBB978D2B39F1F26FC097424D39BB33CA3D87ABF64E307938B685BAD44F71556A30B7E712CA4FE600613C3E554B69ADE949A7CFE214D
310
F1FFF05CB82151EC6FC31950239F94CF7AD39DC473F6EA356E5EC2C4EFA04383CEFE985A127484366FBEE3C0EC4FEA363E4F6632AE781392FD45D67B63FB8DF70E82734F431FD3443172A0E30A83D60982D55FA6A2CF86DBA8382502ACC6CDEF3B907982EED1160E14863FA242F9757347E1544275CCDCF71ECD5F8621CBEA
310
326B8BA884AD7F825781923E66971F04010D574C541D8427A438A37EEF8AF88240EED7362C953F5A81DE2D56109CDE2524EA0F5D2F87308C0C47BD97AD605878AB8589E17CA83930CB5E0DCCD75853D68B1AB136594926DE426C367428E9334AFAFF90ECE221BB5DC9E5BB53D2CDEF954EAA9CD814F0E5725F1965DD458E5F
310
8487683AD86B9D0076BE3EE91EB1CECC5331A67A3F79D8B27587C12EC2A6A70474749F27B4C0BBAFB94B34189E88DC18964BE4121B9137FD516C7755356E50D6714E31ACD222621EBBCD1CFF81D87479056A9DA0E0B8EA19D24CF937DA89F78E8650CCBDC110AAB6C4E46DCBFD0446BA9E2060E81F314AC2031E88135E5476
310
AC0160EF5C0DD2EEF1B8B5CB2D198BE9A554A9093B5F7D7E4B5407DDFCA1D9C152FD97F55BFFFDFE802954DFEC8995B983E28AC92F1971E28F531DC407A1280EB125F64A72E617EFB27DFBCEDCDA2D6F2BDADA36873EE46B9BE1782998C63DA7182BC383FB6FD15DA472B175D7E8B4FC88F38D6E07FEAA3FA3CBB8F6B449EC
310
F14D2175E5C5CCA3A42ABF24CA6C9395AF74535F4DDB38CB84F56614B0FD32D7E19CA5CF988DB4449C40E23DF2B16772594554579094450F56F253CD25EA7F77366FB1CFE79696C428BB64D5A41E986189427E5E4D7E2DAE3D5BB4972B3DC44EAABDDDD63A2264ECFA5C786EB0EE1FDC5BE34FA0F08376869FD1E61EA06CAE
310
15191135445EE8F0394161C3266A596AA035572BB0C8876180D8B9C77D307DF9DCDF7365ABDA6F3A2366436457A4DFC1F259666569A9E4A79C817BDD5610E5200FCE894A358EC72858D50EF67545DA81C6FACE3D457BAF70367E1E6BDD9A952FB4F56247F58F523B97E640246051A72F79BE42FFA0B3187F63097F91C48B86
310
8586F714B0EBD5A00A8412C1236E1298F60C72BE6C96B82B404CADAA304AE9F303176B14BA53FBC2D5E86377E35542019E24D97B96A49B2C0E5006E7795954DEAF5DA58958839043C6C70BD3B1B33B6DC5C31316D8A6923F142E26F6711A2258AF977DDF1F970ECC4F1F2B434B96D81BEB6E89BF3BBB3C7C8CC80505070723
310
D6D7D7D3C8CA27CA164A26024FED94B12A86031867241DA53D929636DA600F050BC40CE48B8BA03D69224720DEE2ED2127390BDF5E6EA64527BBD4C4C63FA76BB801FEEC0E61218EC98A8A86CD8313781617877E66692839B9468CF4DB8E50A73986E558E309C0D6F676F921BE02F1185454DC75B111572FF9D27D85EA14C0
310
5AD7271225B391C4275659CA4A43759D0BA44639BE4C30A84DB7F67A41399FB95CBF923B1B1672ABC807C1590557FB18D811983FA97F5E609516D62281D38B1281F68FC75528C35E4CD7DF0F7DBB5E5DD69C414EBEA2F4A5B241B996BA77AE6C772E367408C633EA3E438B68563EA8BE7667F3A4C4FDEEA52ABD78A2820F44
310
3B7914A15F180018D231E64519C56A12F6CA7C8DAE18F06F6B769DBF92329EF6A5D18FBCE600F36BD8E8198DE5CDAA96181F3A756EBA5501CEE58F497EA4F418A2B82565B9BCC611713C0B708CCA1F398B78C5F7D03B3437CC18F13061F55C7BEDADD5ACB1DB0E36D3CE47FF6EA1A563A57E9649EA5D14D1A50EAA45746338
310
1C073777EF1600607BAF6428A7DDC079D47A204EF1E1F1F0589FB054D45E02CE623B3823C317C601E589E22B1E88B448524B86A82828E32345EC18AE17214B42F8C41C6D428016D9BA31DDCB47572561E5A402E5BA4FCE55F78AF7268524AA04130F3A20BA5D1E9F9948EA48FC8F5314FDB35E21898198060034ACE5E3E2BB
310
CA34092518F275190AF65F45867FF0900AA4B81F25427414C372BF51DC29AA855C5428EE1EEDD6B849AD60F6E73475C2D2523F8A2772C840A478DED18A8C5C91B085F255DC4F54EA7AA8947354FD17ECF8FB3B4A0DE7B483CAF3A1165EE05BBA413E5C1FEF3DE1D6B8F2F3F3251C17D9FCAB48A9AAF63AC773A0E413BBC46A
310
9ADF84A566FC920E4D8C52C9769EE3301CADEEEDD92B312E02E2A7E35B7F1E7D203FE5A7D75578B06E99D0E46FFADB8FDA17ED8880390DA29094202D6F645F76F6F96409CDA05495A96E84B04A00D1A6C6C81D7F3DE9376E828CCF144EE50E364ACCE7237EA0BFB5607ED1AC3CFE73794E5B61739D14DF1743441B1AC98F00
310
ECEDE9E7301FA29755FBEFA68C91EF2B314CF510537EF1ABFC9A762496280B546F5EDAAF8A5B387D469FC9A878A92828C88608453ACEC6094DCA54111E7AD5B2663DFE2DD151B7F123B9F4FEF8EE36AB125FD7AD52A59B1B765B3E3F73E3F73DEA93875004D2AFFE3CDE9493B87A9904DD052028949041A91DC0E1BA47BA71
310
4343FD5B25E0A6A09503AFC17C790058A836A324FE31D7893512E28230332F153181C1E018E1124EBE1BA262AA428A518237D1EA7275E48C5C561BD19ED6912EDD8367DA0F31E40EEAE9683DA9257525AEA7B632B97119E17145A90231768A4F3B9120FF32E8319B015E3CBE26F1A754177D8185345817C096B0CE443A955D
310
13AC15E1FB5DEEA0239EC32A3C92241A237B0B02FFCB4F93CF2B02570C8D192E2F2A68CEEB42F12E6F8CEEFF46C251E22B4341C56FB08CCE550E7A9D6F4D6564B9EA52A83D5BF2C6E03FA19D2775E15A8A7ACF30A13C259EE7F5EF2AC3BA354F1500E1A07FC63FB4686E2F12EC69719F9ECF5FE3F35598DF2CE944008CE78F
310
0911BA5BE5D0A34E0098FF038669C26030BA9B300303039852A8F6F496341737CA7E0D2E3AAA36DE0A70AA7D9CA0D54D9AD84B18A44C9E625475E1C97B93BEBB38DCE7D227E67A2D00F531436136355F243D1FC0D712C5765754FA22FCFFAE97919161F46D6E61ACB37D83777B385889770B50765B127768443A5C4D3A4E35
310
A3151111F146B7CA116F918A049F1C272F2CD7976C69A0068773451659A97E0F4A08FE604C3FF6CE7385DB19F4D3ABC8A0D80DA8A42096AC377DB49382B36E270B6FA7570188B4B7D1DDDDA82ACA487CCA5D38BD3BD039ADBAFA4ACFF27809239B722081E2EB9F145320553D183F28471C388BC8814E5045676767AB58A8E7
310
2D1CED2CA731379515D2E533E4CF0B39DFC625F97AC4836831A4DE330E87A8126FA17EBE583D614E71E22A8DBF2825599743E0640037303E8E1B1E8EA4E1ABFA4F62907B5E4E0E5DCFDAB417C36C6848A2B8D15F1E505434C0707E16B1CFC2A1C36A42BBF55734F8F4301DDC2A5110CEE8C0747F69519265012A2174BF4E95
310
5ECD4FDE095A3ABC70536B7AD0B9D7892F81287D667C108703C9B66A221E9A0929D030008F77FF6F5D2108EF5706FC87A3069B976F7C9FC3239D13D283CDEA83597461079FEEE049B0F392889898B7D87D31F8D60ED7B56B91823A8E4EDDB36C6172ECEE42BD42B12CD67994FA0F0DFAE9389356F4CD4425A4B8AA55CBF7EC
310
D585C6A2C2316791E43D5C06841ADBB226A87FD61515FFBB0167B74E56BD7F3E90A57A97FEDCBDF483A0D6699A8C0849CAEB4947FAA90D8E332D9DEBD9F4738C37DA0CAF9CF3DAA68BCB67C420459C7A64498D6E848E5CADE92BB6901F607AA331104A67F7CD650EE169B1DAE94D2C31C2F993632259B6957E246EFE4C5481
310
107B07118607700040E5812A2A2A38DA0076875258C753F60E0F2662C748EDD5F3F3686B8FC3BD6FE631ECCAA1E8B1C1E565AD117E54893E79F4672E32F9E46B2A183DFDCF3EECB4D4D077DBEA0DA254D256045109670050129E9B9B1A9E4A11344D61497A992778095151510C4BB7EF2009B63AA4360635312E4CF668B7E0
310
D3D85A8688E2BD83B569439892ADB63461930D428E0DE42E4AC57CE48DA5CC1449530D8BD3D6A0F08DF20C8E8F570F2CFFFCEA286E30969B4654D498A58D9DA782E19FE3F002181838925592C4A1EF0B332D88B61A92C644547BED490D3A42CFFAB70E36D961F694F6307F72FF15A1C79D5B1B5CEFD353D9E2B52566DEC8F8
310
F09CB3E8359C0F68EBBB7898243E34E12A015B2685AB303C04D3A9E00671FF3DFF0A184E4A2ABEB2B666AF5B3A209C73D8EF29DCDB069C9F391EEE9DD0F74C7BCDE16F8F02E3B8816122BBEB50665775B600549D8BB33A54A6BF940C028118BC6878C79958D6784F9DEAA6E26748386FFAF8D0D0101E2847B6563F5D8DC1D7
310
8F787BE00E2C941AE12148D4A81599FE8F68D4DA5CDED75530ADE138240300EE13B0FC13A1687FED6774662C05A2B7DFB186732F0D7A93545D8B0A6390AE5054D9CB582DA846D7A061B3358B45E2B52DDE63E114397EDB7E09233A579155D795BE76102CF277F4DF8B188C4F2879BEAE3C08347124BF9ED23B128259FE107D
310
31E34A652F090B30B39E0D9AF917B76A2806135621A8A60681F16AF216514BBD02711585B5B1AE823F4B2D0369EA5B6BCB863072727FFC871CA6C9AB79A814D989057E9470A3D238BC87CBB4A0EA49AFE2B86F22E499793CAA9047080450166BDC357524561E258C77CB697F1ABB32562CF87C3B7AA12F911EF19FB3E5C022
310
22E887D08202A60A17151F5E053A86B437771088B4FEE14D652C43E8D939995D34545E12E2FF93D4E366EAD25F10CB7DED141563C3D0C447AF06078A91135FD4B9611583CB4BF3BD167F2399CEAB0E0100F8FFC305F00F1711717173138B4B48C83022295DE657EFEDD97F238ECA80F528AFB4F8D67AD4E2594B9A3AA86D74
310
87EFC313BA95745C186F0CDD84CC12DC9CB0424B42203D351FD9C0A3AF10CC7F388E0329279087386421F194F4A29464C1DEF7EF8BE515E4A199DCD5B909342598D8FE6A231F71336248D5CEC5454455C7BE383B3BC7B260FED27F703FDC39A170F3827239102F59D4DEE7FEF82EAA1A5E4BA94DCC4CC44E7E2EDE20F24244
310
E4454369D2E87C3F823F193FD4FD27E1C23984B01898D15ABC20711A8A558054951A6AE280096BA36CBA439603B7B0B4C45F248C14B2383B4B5CD8ECECE4FF859AD4A6CA2326D020EF090F4041D28DB66E5256B56232CC52829DE8060BAE6BBF37D4B7469B822454FE93210A3E8D15E69FFCF01123222611C51C4FD0A041A0
310
CFA2471CF6BE38D2B20FA4C3525B5B8B586759475CF80ADFE67A284AC24651E52B8E683D24C2622642F27E7C3C22783BCF63648BC398BD6CD0D9C97E7E7E3EACB6126DB7A6C1FD9F1031302EE67ED96F22B77C7CA0239BB324207559B105E4693EB26EC46182A92C9C0DBD24F29B31C5C5AC1F84300E0E17CEEAC15F5736FA
310
4A98971E2F1423BFCD68D4BBD5F86E74B40A369F39507C88FCDB35D2DD8DEBEA4AF999E23CF2816D204200DF6E611781B9884C1AC8888B4DE397320472959434323A5A36B22A8E1F721A270DF3BD65E4A31C11FF048AFB0D8B7B6881423793963A23CFCE935FC189ED36FAE35C46DA3574C979E4394BE52084F3081837BE03
310
3396D2EBD80F1F691B273F660D2B32FA27A33B1DE4ADA5F0FA4651511102DFA410DDA86E065272CA314D5249DF91B06BB92807B28EFD54F08F7B525252782CD276DD02E6B0319B13DF87B1F6361AD6B28FC0D711CF445429B9E5A433CD493051C49A9E03DDB1B147D880253514A5DED88009018620EE229101C041950E2D8A
310
A8E1F5F5438E0C0C0C60EEDEE9E3E0C051948C69F84BB7B2A48A1F3C8EB9E6864687F4F4F6F6E2FA87608ADAF9C5E117B7C1A737E710769DA1D15ECE6A84502AA855398712D5FB51BE92E4EF824969CE18278798AC303C2C7980DD2500ADF8FB1E6D6C2FAAFF9987178923334A244758BAA01A9A1B70FA5097D01E1CC2A58D
310
AD0EC94CE6430AA9B0C10D75E3C6BAC670EFBADEE1607739CE0FC18A2587E3EC3058562014C64219C69BC269082D5C2F4A659278D585755912176D78A1B641719C2A394CED495A1AC5D583FD2F5EDD93308EA7EAE8A6DD396598BDBD3D4CFED62D18A5BDFDE0DD5C80D1A89BA62697B131AE7CE9A6594138582F1B37D68F17
310
49AC7CB67A70695D48A4A056AC1FBD4E82358CEAE38F54B95A9016F9000F9879C0D9D131768635CA798895F27D6F1614F11F2838A83611AA51C9A3DDB539D42979C29F10465655C17BEC3E2760B80DCBF609198C7B171A531905F3EC218D696025975E986C6B4C666666787271F202805577DD5A3EF0CAFAF91B62DC4B2DB4
310
217A7606282F31D8DDBC290593BAA93EA6353AFA9939B877978481E15CFC9F2755CDC00C538F63A4BA3E80AE009B73CA0185687D339A507D165B74290D6EE46D5C58148F020C3668ABE9EF2F7549170DC80DB41FFC1D678FF19AEB10C7133832B104B80F691B3138F97A92D26E551F1F110400D45AC71A9B9AC41A1A1B1DAE
310
ED0B0810638EFFB511D46B121C6FEA0F38CD00E03CFFEB9713FE1F9C263E4DDEC160D0497FA9A132BA608584057FB15380825DE6C7FC3C667EE947D488A09898D8E939C4953BF4EC9836344D2CC6B2971B2A21A572B06096F4982D2CC7232D46E8EA69DC83722E267754D777F97F96D5DA74E1E75178084D0E70F12AD33E5F
310
71EF2AFA599B2BEBF60A5BE475F444F240CBFE8143C334E7ED9150FEEFEF7EB020C4DBED388DD1D6A167A76F3CBF119B578AE8CFA7736ACAFA4440A1C47185638A0D2F3EB5BDDEFDA958FB13CE4AA4923D5BF840392D45544329525749734866684BF7F8D9D54D892E19BCA9F829A0F8BFCBEEA6CFDFC61D74EA1A645ED7A1
310
FF241739F15694BD835B66FEC5677E40FE69BD3F91AE402F036537218A401CB0828604AD189E575015C6F3F6BBC8AC79CF6C70653847254B31551EFCBEB5978B9DB85D58D0FA41A9DFE9C624834AA04949D24B5AE6D299E072D152D12097920F14AA92C31C3B97E28B6C2E6E9C23D63043ECBBC0A60FDF5BD0C33C127EA8A3
310
308B8B6AFFEB28B4455BF6E7AF4FC6222728357EB8E46E85053E6A8843AB23295BF838ABDA94658FEF3F832F147046B4ACD6F7D48E8FCC9618582961C898D1C7A253C91BFECBDA6BA18A1FCF70755DCCEE2222F41B76D23CA98D0CB3D95F0CF66D57FFF65E2A90F5DF40FC3187621E981BD0BC1D992787212688976B94A8F0
310
C6EF646624B570B78E068826F87CE27041A95C9A4871FF65CC17FCB1639629AD6A9517000D63AC231F3D741CB8430777E7ECF80CE7A3F73C0F162F7E56AA71F4DA80A33CD6ACEE78E2C11FAC03DAFCE929B106F8F6B3ED2DC71FF994BD9CEF4E9A94896EF1B6E2B7B4978168BCF0847A3D2A4F1B0500B926E634B174548E9F
310
BAD27153FB5FC36799B1E6C7C38A94E1F9E996796D7B485E635D5287A2AE76FBD11A341DB3F8F810385BB7296391973DC6C37C452A9305AEBBE0CDB6C566DB59FE60C8E94B1FD090354BF51439FFD1B48D725228FFA88C84F686F547107A7A235665A4593B7C34D748C1AC8D56DD5DA861EEFBADDECBBD65117E65851F9035
310
1AEB65F0EFCFF4BCFEF24CB7A5879699FAC437A7AF9099186CF006BB923A59E37D7A36A29FD8D2CBB914A5E9D0A8FD212FBF796AE9A67958FF1D5D8B85F78F96219D4714EB919929241B6C018AAE0C02069F8D919961EC5DDFBFB7573E3AC8E08BFB7C8534BE6DE045B3CD63DBD71F7638BA2309CAE398EA3A7D8F98BBBC7A
310
EB367EFA5CFA27A9F8F2F52FE878058E6209C026453F8E7E8A237DFC389E9590F6059B397CFD65183BBF936E86896612A5B5FEE49DAC8455D026218AFEBEC12B3523A45B57B82C9C97E02ACFA1184DB18E48CF615DBF39C3CC6F0B4AE6BBEEA2E39D944E290302FA3DE33FA7E40296E2EF7BF1CD855BBECFAD0FD622BEE974
310
6FC4FDFDE545AE6E3BC234CADF83A0FB76DFB145BF3828AE3436368AC24989454F8FF70A177672C711CAA1A76107218CF948CA01F873520E7A2B118EBB161ABAD432932029628B6761590C98AB590C8C8C79798CE9F715BA696E839E9131A4BB68BE923F1747FBFF165331FFDD4D05997ACD168F12CA75348DAC04C7F509FE
310
83898A8B421181AF492861CE81E4A2DD0A30850CFA95E05F097FF70F9E777310D584A75BA7018922E271DAB1D785671157685B7D383D3E074DDB4F1E44EF04B07BAAC75A062077C54B9752C738C9D804D402E02851F3F89605AF189738C18C021D2139EAF72513824E10DDD3047BACC8521ED7E98B257D1166903B1B08FA6F
310
918FD7E162913FEC7D0EF4787E29C35FBA8C6E2C9C20E9AB30AE42CA2A01A090E7D010C1B5BF9CEE2A304BF3A987FB40D836979B79E18D70F257DA61E808472DD85B82761825779D6B90CAEB0F23360C6F80A7D7D77545E95B3DFF0CF96A827F9B5BCECD2C9698718417EF80FEEDEE938AFF55859D0D540B7FE09435583A6F
310
04874A0C7E8CF234DF4879722000167F5872CEC6BF3EF7E5A8CC8121E6A359227C8A29C95212F9F735BC72A887D56B8F309FC525BFB4FD767AAEC4AEFF249CFBBD2DE1AB9969A6155C7D8DABC307E47324C1F916C7BCFF40ABA5644E9FFB9238D19ADADA49D9610F01ABBA57E4DFCBDCCBB2B93C8953206C91DE01B0E2651A
310
6D6C31721915B31F7B7CBCE55466F6D70402788FA91D73BE4ADCBA99A35F17D6B83383704917D6833F0FA3CD45C926ADB8BC17999A4A0AFBCE2541F7B8CF4C2F5FBA611B3E626D64407CB32C122DFF4EF8674D6EDBB86C8F7C6A16D50FA685E2CCA34F8F7D1D8265BB0042E9D7F1F666F7BE5FAA5184DF58E12122A42EF02F
310
461B3F369AC746F96528AD208512AB56844CF75B97F352DF7995024FB02855385854F3798670D01CAC771AC3E1889EC25F61A20C1F8CAB46898817F9C47E2CDA1F286BF2F358298709FE567C91133E2638C8B53975E753EA8BFD3578B5F7186B7BF084EBA3F77BAC3132A5779902EC22AF2D2E79F42D324E083386DAEE9810
310
D1B44A5DAA54513C7A71E52A4AB9257D975B621308FE4D2141CC3DCFE946C154A3C1DFCCA7629EC69ACFA831634ADDA93C0388D2A9A2DDAFCF957C6995BCE7FBB6DC4EBAE79E63EB08E9A25F52F67076F7093CA545CA3053B5BF576DEAD4E0017143C5F759F32B2D6F145B52B67B48909B7C7FCA6586EE385A2189C16932CB
310
6DDFD9152AE317C430492A578ED27B72D85D40C7C93C097939E1B50F4D67F05334FE9DC362C30B7FF561B95259138ECFD9274C8D695C31B14D4EAA9F3D7FA8DDF652F8C5DEFA23284C799B7D94416DEE81E05A866302DC70192A5368EA65E1CED8BF107A1E2D3119A71E85DC1A7B0C1E93274CE04DD0F2ABC8AC7C987FDB00
310
2B6F81757B43502EF7A0D92E416494FAEEA4C9C090CD9557AA4D532F4996A272B94355C5A0E4974EEA9627476F30809B94D8D8D860062E02204643BEC7D0438AF800FC7E2B26955D595421E83C69E1A07E0E3122285835F014AD538188CF9737CE76D464A353FA55A001AB2526B84E985083693BC76FE211CA1D000679C889
310
E3C009832C87E1AC2EDD05C302557422DF0800E316FCAC86978A371F025A6C7DAA9F333E7BD160403A1A06EA75AA9888FF01504B03041400060808008A5D715551464CB48900000043010000360000006662782F30393243424631372D324246322D344631462D423535382D3934463034413936384637412F646972656374
310
6F72792E786D6C9D8F310EC2300C45AF127987122606C71DD918B841D4B851A43646695A717C52A85029031293A5A76FBF6FACEF7DA7264E43906840EF0FA03836E242F406C6DCEE4EA06AC22492573150D1F66C60C640E8938CB705396EEDD86DE9B5042FE27813D640EA63BB001C722AF6E55CB61E4863F58284D5D3F53D
310
D715CE1C3985E63FD7F1B7EBDD617E9F1E504B03041400060808008A5D7155BDF671CB46070000541C0000340000006662782F30393243424631372D324246322D344631462D423535382D3934463034413936384637412F6F626A656374732E786D6CDD595B6FE23814FE2B56F665F721090997C288322A305468D499D1A0
310
59ED5B6482A1DE3A1739494BF7D7EFB16387380D259D8BB4DA562AD4B18FCFF9CEFD64FAFE1831F448784693F8DAF29C9E85481C263B1A1FAEAD22DFDB630BBD9FA1294F92BCB6CF42318EC8B52596ADD9F4C09322554B3BB2C7056BAEAEE67FA12C2431B150C870965D5B59784F22ECE0224F76247B707638C7CE617F743C
310
A7DC68923D709CDE37AE4A3127710EACC27A0C5414079EF92F88E4CEA6AED8606CEB77DBE6BFB2CD95829B8CD238CB711CBEE0AA719D7F86ABC6757D6FB0FCE00F27F67030E8DB8391EFD9F3D57C697B57FDDE62B4584C6E3E4C2C349B6E9384550A4849BC032D3E5B336FEA8A2795F80A8536BEC3248E49A8D06CDBB0238A
310
2E2559131303584F8A565348296B6DA1DF51F833DB3A8162B064A0AD85D39F75EB4DB67F030859172BE51911569EE51C74ADB02FFDA13775CB55432F344311CE09A7982146B71C7350106C2D15649011DE2248218199D4A2A657E7150CFBB22FB571B92F1813FE6BCDA4A705E08F24CF2467F41FC24FDCD76F039E40DA82C6
310
F958099B3FA740623275E562F9ACEFAB87259068CFF001AC05C4149BFA7E03AF858805EBA535FBB8DA1E37223EB45F9EF224253C1796279D59F99DD660CDB4C0F83A8052E26AEAEE84CA5780FE13205FF182A6A0394E8F83E340CBCE719CED131E8176500FD93DF8D343E2EB8B6F53B73A3C43C88895E73005B7FD49981A62
310
1877D7209D4D1FC1E813DE57C26D42CCC0A6EF682CFC1C0C05B1049620DEEFB7476BB686600A8B700A33901E7EA7AEF88AE0A3A403F1A6A1A1B6F0DB4151DA619A7E76D2D52DD80CA761A52A43C673F80E7F0ABE37CBCDC74DC1F7382477CAB197644F639A43326D67C800DD70F96FEB4FD2236F59B2C5EC74DAD814C23587
310
44C48D16B56C945A90D40B7022D270A919B97247C1DB19C331498A4CADB7C5A93061090FB6CF41E9C2AD77FDA96DA0BC4C19406B2C83E41E729A0A4CAC99D25615089D9AA06061982B0B3C945A0DB6459406384A8A5884DA97A6D8E403E28CB044A02AA969C3D65EABC9EEE87E5F6410BC5A492E0C20953F6BC2A5850F208E
310
B5F1CBC99E6348A2491C50C8C1E02CAD37181754E0BDCE7346D83EA08C1551B0A70CF24810E1F40CFD8E12D433D703797E4AF8AE95A06959DA27B50D09C015B01A249DADCA98AF74CAC9231565A6CC673A1B183B541D6ACD0667D285C8142D806A6394663EF147FE7C3299DB8B5E7F650F86DED2BE592E56F66AB0982F86A3
310
AB0F8B79BFC9A78E56F57C07AA14658EE17FF97D116D634C193C1062E35DFAEEBDCC9ED72E8446B737F117F3957765FBF3956F0F56DECA9E0F87637B3258F5063793D1787575E3729225050F49E6FA6E2FD02699C687735C69EE5EC650286B2E273BADAFA630FFE318DACC098612FFAB41B48A5D2D0561D7202A8E3643280E
310
1F448A0A42A8FA5ADDA711449B7CB4C5B937C6E59ED3EFC91FCF9BF8E024E3C970D831ECC99B7E38D2B5C91042E759E44192E290E6ED29B5814C4796DF945D9CBE372CB1D17F7D1F015E9D572BA65ECF4C8AA98046F840823D167D454B28BD24716BD63BB024CB684C32D917BEA8171B347B0E945F66966E315B9A0511C9F1
310
F758AC6C341A5E00D19C05D0C1E6628670B18EA85C40F52CE7288A7E1952BD94FF39C87094B2B237BE8481E76B087457D466A1826971C523D86780F3A0B72372D471897AC5BEAE285AB5D6A43EF96EF267E0D195D02F84475FD1BDD87286DE44FC8C210C8D865E7F7455A9E2125AFAB25CF47EAC806E357C0E9E083DDC772A
310
4EBB69A556E69585784E22687D715EF04E1E3B8268A26D4B0BA42243C3256A37BDB1A0943D9FEEFAE032D9F49D2B896BD740ED4A63988D7512E48514AD462C7521E78062DCF506CFD6D85CA4FAC311F39757D975F78BE4C0E8320E5061972158C51FA30E6FADD48D1A2A7BC27908A174233FED3978C48EEC4ECD9C41AEADAC
310
D735EDA58A7B2D426A04535E2C22ED9DF8C2BE62503574DC997B5B167A6EB9BE16A9CD8181F6890F836993D6E7DB4D830AAC743EFD4560449E1A14D4EA4274D0AF90FAB63ECD091A149444DFD6AF1CFF4F74215A81B5D11B4C90B3845118E4931D3A9004F2378C2A3A74283C2299CCCB60BC2A48E9B7081D4E3F9673D81C6F
310
993E1DDE63186633D5BF15210C5221675E5B6A1DFD06A35331BD94032DE7015A3715C32C54707A6D81C5E6143A34670B2330397094D41B234E706C1C1F44C62F4F55FF9F8E0974202A9DE4AAF674C1454966381394C2A97CB700755FF96036FD7ED1353B08E7F0755BE49530A78593340A04FD12A1140E26850F0ADE239414
310
AFCBE539728F0149A769FEAB765052B573CC0F72245FC3FB66F9C515D3F4F56794B2E220D4F95AC76C50B245A7CE8A72723505C35062A65854918B77EE179EC06BA908AD281801FAFD381EFDE12E92284AE272C9BD512FB7D0E61E5E55ED5C3D2684D6BFE78D5D393950AF02822DCE888377D9032C806A3915F3D41262C300
310
AA685A3300AD11A10B3866EC5F2F91AA8E6A53957AD815F0C8F700081C49BCFF116E53DF501B5A822F0057F2E1E98B5E98BA1C06E7B37F01504B03041400060808008A5D7155C7330731E0000000550100003C0000006662782F30393243424631372D324246322D344631462D423535382D3934463034413936384637412F
310
7265736F75726365732F322F636E782E786D6C4D90CD6A042110845F6510721CFF5848581CF72572CA6531DA6B64477BF027246F1FDD18C8A99BAA8FA6BAD4E52BEECB27E412306D44504E1648165D487E23ADDED617B25CB4CA88F51F469664226C64C8442B9FB11D537270336D1FEA1ED27D8AFCEA21410EF67A244F16BB
310
9B523652EC0744434DABE8A0DCA933D5504133146CD9423F51438479C26630151CD1924BB90AB18AE75721CEA7D3598A37C506A9D53BE23EF9902A643C9E24B7D8D7D41371C506A055CB6152E38D6EFCC5A33D9E62DDD6AAD4DC3B9858FD3E3A16A2F1C01EC8AFAB151B4FF6F168A0CF5188FE01504B03041400060808008A
310
5D7155FF15A4A45D000000800000003A0000006662782F30393243424631372D324246322D344631462D423535382D3934463034413936384637412F7265736F75726365732F636E782E786D6C4D8B3B0E80201005AF42B6F75B59F0390B113044D83508C6E30BC6C26AF226F3B8BA6360974DA7271430F523308B2B198F9B
310
80925DB700539227A2FCCB80A18E5640D320F996A81C9F32D6E9129A0D1EF74FCE750E6D57BC7165FBCA07504B03041400060808008A5D715532DC3EAA4201000056050000300000006662782F30393243424631372D324246322D344631462D423535382D3934463034413936384637412F636E782E786D6CCD94C16A0321
310
10865F65117A5C5D97404B700DF4D027E8A1F4E6BA93ADC9AE2E3A5B9AB7AFA6266929A13D04929B8C9FF0FF33BF23561FE350BC830FC6D986705A9102AC769DB17D43665C970FA45849E19DC36F1829AC1AA121A94CA4E8BD9BA75CEA60ADE621550763B7B9A810BD696784400A3DA8101A12F41B8C8AAA195D07614B3B85
310
8A72EA21B8D96B88EFD18C90DF6B0F0AA123B2AEEABAE4BCE4F7CF9C2F178B65CD5F054BA414AD7343E68D45F06EBAAB2BEDE2D146399560099062F62653C90391276DB43556B0782F45887A6D9F39DC4D899BA6C16885B151CC69042C23046A14EC0B968225C73F7C3F3DBE9C34C453673C68747E77B536F0736D384AA331
310
11FFEBC21EFCCBBC6B37D1F2F5E67ED670167631BB87E48618DDDF49887952B61F6EF1031CA55D3EFF71B1A0D1B768FAA0EC429ED97E05C6C1A78D283F01504B03041400060808008A5D7155CC9FD14D7E000000A30000000B0000006662782F636E782E786D6C4D8CD10A832018465F45FE7B37155B0A6AD4C0F788652133
310
8D96638F3F1D5DECEA83C3778EEA3E6B406FB7BF7C8A1AE8850072F191261F170DF998B100D419B5A774FCDD00C571751A2A06A3963DE5ED44939BC71C2A0D3E3E4F4824BB0F96B6980D96616EA9C543D3082CB925BC973761DBBE18D7AA94F9F5CAD6BCF902504B03041400060808008A5D7155A6D797065F000000820000
310
0007000000636E782E786D6C4DCB3B0E80201045D1AD90E9FD7516806B51190811670C8A61F982B1B0BAC9C97B72CA7B1037C6D3332918DA1E04D2CAC69353902EDB8C20262D23F3F59B81A079470595414B17391D1F19B4730A5583A7ED43BBE4025D9592775E5ADFFA01504B03041400060808008A5D7155ECFD112DA800
310
000026010000130000005B436F6E74656E745F54797065735D2E786D6C7D4F4B0EC22010BD0A61DF525D18634ABB506FE00510A79458060253536F2FD89D5197F3FED3F68B9BD80362B21E25DFD40D6780DADF2C1AC9671AAA3D677DD75E9E0112CB5A4C928F44E12044D22338956A1F003333F8E814E5331A1194BE2B0362
310
DB343BA13D122055543278D79E6050F344ECBC6478EDCD76CE8EABAE5449AE4298AC56946789C28AAFBEABC53F3EAF09A84A1441B91F0101CD4780756578C173A578FFDDBD00504B03041400060808008A5D71553DEE336E64000000790000001B0000006175746F6465736B2D64657369676E2D7061636B6167652E786D6C
310
35CBC10E83200C00D05F21DCA56CA76D41FC96062B120735B69A7DBE268BB7777961F8D5AF396893C2ADB70FE7ADA196782C2DF776D7A97B5933C430F15651E5469C55D70F80A4992A3ADC954792C525AE70A1E4D6AD9816CC044FEFDF01FE3FDE907802504B03041400060808008A5D715511FBB457F40000008E0100003D
310
0000006662782F30393243424631372D324246322D344631462D423535382D3934463034413936384637412F7265736F75726365732F322F636F72652E786D6C8550CB6E833010FC15B4770376482091710454FD829E7AB36C875A0936F2A3EAE7D70E546A4F3DED6A76667677E8F56B79149FCA796D4D0FB8ACA1504658A9
310
CDDC430C37D4417165D4591B7ED1A0307C513D6418189D9D8DEB0E096B8232193556AA1DE4DEAB008578A4A6072F3ED4C24B1E4362F87BB97271E7B32A71B9F1188D51CB5DAA6572D337AD1CB066EC4E53F73AA1E9408EA819DA0E0DE36940EDCBD89D31AEDB737BA45516331AF4F2B35D38C58392C0484D08C218E1F60DE3
310
4BD35C087EA7556632EA834B3FEF4BF377894EAB0DFDE31657F9BF5BD4261CC8EEB6293C309C8E7B0E18AD723AA93CA34B3527C9BE01504B03041400060808008A5D71559764866CF9000000960100003B0000006662782F30393243424631372D324246322D344631462D423535382D3934463034413936384637412F7265
310
736F75726365732F636F72652E786D6C8550CB6E833010FC15B47703262490C83802AA7E414FBD596643AD041BF951F5F36B072AB5A79E76353B33BB3BECFAB53CB24FB44E19DD01CD4BC8504B33293D7710FC8DB4905D39B3C6F85F34C8B458B083040367B33561DD2169B4479D506D26DC41E11C7AC8E423361D38F9818B
310
C845F091E1EEF92AE45DCC98D37CE37116829A76A99AA29BBA29B4C0EBA13D8DEDEB48C643752475DFB4A41F4E3D695E86F64C69D99C9B232B929833AF969FEDD2A2F03801AFCAAA229412DABC517AA9EB4B45DF5991989C396FE3CFFBD2F41D708BCE042BD1B1629BFE710DEBF4BF6B50DA1FAADD755338E0341EF91C7056
310
A494627946186B4A947F03504B03041400060808008A5D715561F11061F1000000B1010000310000006662782F30393243424631372D324246322D344631462D423535382D3934463034413936384637412F636F72652E786D6C8D50CB6EC32010FC156BEFD8863AB51361A2B8125FD0536F08888B1283C5A3EAE71762576A
310
6F392D9A9D6166879EBF977BF5A57D30CE8E80EB162A6DA553C6CE23A4784503546746BD73F10F0D2A2B163D428181D1D9BBB4EE9074366A5B50EB94DE4111828E50C97B7E8C10E4A75E442D52CC8C70AB57216F62D635AE371EA3D12CBF52E9B5885A01232D21086384FB778C4F5D7722F8833685C9684A46ED5646657773
310
35DA036B8FE46DE2B84764E204751C73341D0E033A76BCED2EC7D781F717DA1431A321FA7CF3FE49B9EE59F926FC9739ADEA89CCC6C617B21B6E8A000CE73C8F05A34D29308F47BB7996B2D90F504B03041400060808008A5D715511FDFADE54010000DD0200000C0000006662782F636F72652E786D6C8D525D6F832014FD
310
2B867754ACADB6419AB6CB7EC19EF646111DA9824130FDF9033FE27C58B7982039F7DE73EE39019F9F6D130C5CF742C902A0300601974C9542D605B0A6823908CE046BA5CC8F361048DAF2027818105C6B65BB19624A1A2E3D2A55C96790F63D3720608DBB14A0675FBCA521B5C675F48FB0A3EC416B1EA270EA23D85A51CE
310
A3A2746CA2125C03925EF3C32D7FBFC1DB2ED9C3F492E5F0723D5C60F676CD8F08C5D931DBE3C80F136C44BBA833CDA9E12520499C24102188B20F844E697A4AD0278E7C27C1BDD1CEF32CEADD0152DD9F389AF00D9FEDCABFF9AC906697CC7CD3440F0872EB8D0582239F8FFB8DE16D3374C22E3F43EFCD62E1E1A08133A3
310
74EA2AA5B26B69A08DE58E3A0EC60F4753D5318F04BFF1242F785E73B8A0A8ACDD6AD4B8EBDD1AAFBEDDA9E31A0EE61948A55BDAACCB4D2BAEE72AB4B1B48C33D528FD9FE9C5EA1266E41F26F906504B03041400060808008A5D71553B9527ED08010000B201000008000000636F72652E786D6C8D50416EC32010FC0ADA3B
310
B6719CD8893091EDAA2FE8A9376A8883628365206A7F5F48A8D4DE7A5A3433BB330C3D7F2E33BACBCD2AA35B20590148EAD108A5A716BCBBE006D099D1CD18F74B0648F345B610616074DA8C5F13341AEDA48EA8364226905B2B1DA0710E8F16EC78950BCFB87741616FD9CAC71B9F6446B2A78E51A7969FD57193DC4901AC
310
2CCA12138249FD46C8A9AA4E2579A7795432EABD12C94A89E0AE2E4A6EC0AABE390CCDEB80875DB9C7555737B8EB0F1DAE5FFAE64848511FEB3DCDE332A3D66DE1CFE948C8E990E5F7E84BF327C5E887317312845002193D7F012B681E893FA1FD2AFE115A69B72BD3C1E786054642A007118C6383613CEA0D33B6CDBE0150
310
4B010214001400060808008A5D71550000000000000000000000003700000000000000000000000000000000006662782F30393243424631372D324246322D344631462D423535382D3934463034413936384637412F617474726962757465732E62696E504B010214001400060808008A5D71550000000000000000000000
310
003500000000000000000000000000550000006662782F30393243424631372D324246322D344631462D423535382D3934463034413936384637412F76657274696365732E62696E504B010214001400060808008A5D7155F270F13306000000040000003600000000000000000000000000A80000006662782F3039324342
310
4631372D324246322D344631462D423535382D3934463034413936384637412F747269616E676C65732E62696E504B010214001400060808008A5D715588E57597CD3F0000904100004200000000000000000000000000020100006662782F30393243424631372D324246322D344631462D423535382D3934463034413936
310
384637412F7265736F75726365732F322F305F67656E657269632E706E67504B010214001400060808008A5D715551464CB4890000004301000036000000000000000000000000002F4100006662782F30393243424631372D324246322D344631462D423535382D3934463034413936384637412F6469726563746F72792E
310
786D6C504B010214001400060808008A5D7155BDF671CB46070000541C000034000000000000000000000000000C4200006662782F30393243424631372D324246322D344631462D423535382D3934463034413936384637412F6F626A656374732E786D6C504B010214001400060808008A5D7155C7330731E00000005501
310
00003C00000000000000000000000000A44900006662782F30393243424631372D324246322D344631462D423535382D3934463034413936384637412F7265736F75726365732F322F636E782E786D6C504B010214001400060808008A5D7155FF15A4A45D000000800000003A00000000000000000000000000DE4A000066
310
62782F30393243424631372D324246322D344631462D423535382D3934463034413936384637412F7265736F75726365732F636E782E786D6C504B010214001400060808008A5D715532DC3EAA42010000560500003000000000000000000000000000934B00006662782F30393243424631372D324246322D344631462D42
310
3535382D3934463034413936384637412F636E782E786D6C504B010214001400060808008A5D7155CC9FD14D7E000000A30000000B00000000000000000000000000234D00006662782F636E782E786D6C504B010214001400060808008A5D7155A6D797065F000000820000000700000000000000000000000000CA4D0000
310
636E782E786D6C504B010214001400060808008A5D7155ECFD112DA80000002601000013000000000000000000000000004E4E00005B436F6E74656E745F54797065735D2E786D6C504B010214001400060808008A5D71553DEE336E64000000790000001B00000000000000000000000000274F00006175746F6465736B2D
310
64657369676E2D7061636B6167652E786D6C504B010214001400060808008A5D715511FBB457F40000008E0100003D00000000000000000000000000C44F00006662782F30393243424631372D324246322D344631462D423535382D3934463034413936384637412F7265736F75726365732F322F636F72652E786D6C504B
310
010214001400060808008A5D71559764866CF9000000960100003B00000000000000000000000000135100006662782F30393243424631372D324246322D344631462D423535382D3934463034413936384637412F7265736F75726365732F636F72652E786D6C504B010214001400060808008A5D715561F11061F1000000
310
B10100003100000000000000000000000000655200006662782F30393243424631372D324246322D344631462D423535382D3934463034413936384637412F636F72652E786D6C504B010214001400060808008A5D715511FDFADE54010000DD0200000C00000000000000000000000000A55300006662782F636F72652E78
310
6D6C504B010214001400060808008A5D71553B9527ED08010000B2010000080000000000000000000000000023550000636F72652E786D6C504B050600000000120012002D060000515600000000
  0
ENDSEC
  0
EOF
