  0
SECTION
  2
HEADER
  9
$ACADVER
  1
AC1014
  9
$ACADMAINTVER
 70
     9
  9
$DWGCODEPAGE
  3
ANSI_1252
  9
$INSBASE
 10
0.0
 20
0.0
 30
0.0
  9
$EXTMIN
 10
2840.794018065528
 20
1348.141944443936
 30
0.0
  9
$EXTMAX
 10
2939.732315071767
 20
1466.700214533922
 30
0.0
  9
$LIMMIN
 10
0.0
 20
0.0
  9
$LIMMAX
 10
420.0
 20
297.0
  9
$ORTHOMODE
 70
     0
  9
$REGENMODE
 70
     1
  9
$FILLMODE
 70
     1
  9
$QTEXTMODE
 70
     0
  9
$MIRRTEXT
 70
     0
  9
$DRAGMODE
 70
     2
  9
$LTSCALE
 40
1.0
  9
$OSMODE
 70
    37
  9
$ATTMODE
 70
     1
  9
$TEXTSIZE
 40
2.5
  9
$TRACEWID
 40
1.0
  9
$TEXTSTYLE
  7
STANDARD
  9
$CLAYER
  8
0
  9
$CELTYPE
  6
BYLAYER
  9
$CECOLOR
 62
   256
  9
$CELTSCALE
 40
1.0
  9
$DELOBJ
 70
     1
  9
$DISPSILH
 70
     0
  9
$DIMSCALE
 40
1.0
  9
$DIMASZ
 40
2.5
  9
$DIMEXO
 40
0.625
  9
$DIMDLI
 40
3.75
  9
$DIMRND
 40
0.0
  9
$DIMDLE
 40
0.0
  9
$DIMEXE
 40
1.25
  9
$DIMTP
 40
0.0
  9
$DIMTM
 40
0.0
  9
$DIMTXT
 40
2.5
  9
$DIMCEN
 40
2.5
  9
$DIMTSZ
 40
0.0
  9
$DIMTOL
 70
     0
  9
$DIMLIM
 70
     0
  9
$DIMTIH
 70
     0
  9
$DIMTOH
 70
     0
  9
$DIMSE1
 70
     0
  9
$DIMSE2
 70
     0
  9
$DIMTAD
 70
     1
  9
$DIMZIN
 70
     8
  9
$DIMBLK
  1

  9
$DIMASO
 70
     1
  9
$DIMSHO
 70
     1
  9
$DIMPOST
  1

  9
$DIMAPOST
  1

  9
$DIMALT
 70
     0
  9
$DIMALTD
 70
     3
  9
$DIMALTF
 40
0.03937007874016
  9
$DIMLFAC
 40
1.0
  9
$DIMTOFL
 70
     1
  9
$DIMTVP
 40
0.0
  9
$DIMTIX
 70
     0
  9
$DIMSOXD
 70
     0
  9
$DIMSAH
 70
     0
  9
$DIMBLK1
  1

  9
$DIMBLK2
  1

  9
$DIMSTYLE
  2
ISO-25
  9
$DIMCLRD
 70
     0
  9
$DIMCLRE
 70
     0
  9
$DIMCLRT
 70
     0
  9
$DIMTFAC
 40
1.0
  9
$DIMGAP
 40
0.625
  9
$DIMJUST
 70
     0
  9
$DIMSD1
 70
     0
  9
$DIMSD2
 70
     0
  9
$DIMTOLJ
 70
     0
  9
$DIMTZIN
 70
     8
  9
$DIMALTZ
 70
     0
  9
$DIMALTTZ
 70
     0
  9
$DIMFIT
 70
     3
  9
$DIMUPT
 70
     0
  9
$DIMUNIT
 70
     2
  9
$DIMDEC
 70
     2
  9
$DIMTDEC
 70
     2
  9
$DIMALTU
 70
     2
  9
$DIMALTTD
 70
     3
  9
$DIMTXSTY
  7
STANDARD
  9
$DIMAUNIT
 70
     0
  9
$LUNITS
 70
     2
  9
$LUPREC
 70
     4
  9
$SKETCHINC
 40
1.0
  9
$FILLETRAD
 40
0.0
  9
$AUNITS
 70
     0
  9
$AUPREC
 70
     0
  9
$MENU
  1
.
  9
$ELEVATION
 40
0.0
  9
$PELEVATION
 40
0.0
  9
$THICKNESS
 40
0.0
  9
$LIMCHECK
 70
     0
  9
$CHAMFERA
 40
0.0
  9
$CHAMFERB
 40
0.0
  9
$CHAMFERC
 40
0.0
  9
$CHAMFERD
 40
0.0
  9
$SKPOLY
 70
     0
  9
$TDCREATE
 40
2460873.275902778
  9
$TDUPDATE
 40
2460942.90610838
  9
$TDINDWG
 40
0.0016782407
  9
$TDUSRTIMER
 40
0.0016782407
  9
$USRTIMER
 70
     1
  9
$ANGBASE
 50
0.0
  9
$ANGDIR
 70
     0
  9
$PDMODE
 70
     0
  9
$PDSIZE
 40
0.0
  9
$PLINEWID
 40
0.0
  9
$COORDS
 70
     1
  9
$SPLFRAME
 70
     0
  9
$SPLINETYPE
 70
     6
  9
$SPLINESEGS
 70
     8
  9
$ATTDIA
 70
     0
  9
$ATTREQ
 70
     1
  9
$HANDLING
 70
     1
  9
$HANDSEED
  5
F20
  9
$SURFTAB1
 70
     6
  9
$SURFTAB2
 70
     6
  9
$SURFTYPE
 70
     6
  9
$SURFU
 70
     6
  9
$SURFV
 70
     6
  9
$UCSNAME
  2

  9
$UCSORG
 10
0.0
 20
0.0
 30
0.0
  9
$UCSXDIR
 10
1.0
 20
0.0
 30
0.0
  9
$UCSYDIR
 10
0.0
 20
1.0
 30
0.0
  9
$PUCSNAME
  2

  9
$PUCSORG
 10
0.0
 20
0.0
 30
0.0
  9
$PUCSXDIR
 10
1.0
 20
0.0
 30
0.0
  9
$PUCSYDIR
 10
0.0
 20
1.0
 30
0.0
  9
$USERI1
 70
     0
  9
$USERI2
 70
     0
  9
$USERI3
 70
     0
  9
$USERI4
 70
     0
  9
$USERI5
 70
     0
  9
$USERR1
 40
0.0
  9
$USERR2
 40
0.0
  9
$USERR3
 40
0.0
  9
$USERR4
 40
0.0
  9
$USERR5
 40
0.0
  9
$WORLDVIEW
 70
     1
  9
$SHADEDGE
 70
     3
  9
$SHADEDIF
 70
    70
  9
$TILEMODE
 70
     1
  9
$MAXACTVP
 70
    64
  9
$PINSBASE
 10
0.0
 20
0.0
 30
0.0
  9
$PLIMCHECK
 70
     0
  9
$PEXTMIN
 10
0.0
 20
0.0
 30
0.0
  9
$PEXTMAX
 10
0.0
 20
0.0
 30
0.0
  9
$PLIMMIN
 10
0.0
 20
0.0
  9
$PLIMMAX
 10
12.0
 20
9.0
  9
$UNITMODE
 70
     0
  9
$VISRETAIN
 70
     1
  9
$PLINEGEN
 70
     0
  9
$PSLTSCALE
 70
     1
  9
$TREEDEPTH
 70
  3020
  9
$PICKSTYLE
 70
     1
  9
$CMLSTYLE
  2
STANDARD
  9
$CMLJUST
 70
     0
  9
$CMLSCALE
 40
20.0
  9
$PROXYGRAPHICS
 70
     1
  9
$MEASUREMENT
 70
     1
  0
ENDSEC
  0
SECTION
  2
CLASSES
  0
CLASS
  1
ACDBDICTIONARYWDFLT
  2
AcDbDictionaryWithDefault
  3
ObjectDBX Classes
 90
        0
280
     0
281
     0
  0
CLASS
  1
ACDBPLACEHOLDER
  2
AcDbPlaceHolder
  3
ObjectDBX Classes
 90
        0
280
     0
281
     0
  0
CLASS
  1
LAYOUT
  2
AcDbLayout
  3
ObjectDBX Classes
 90
        0
280
     0
281
     0
  0
CLASS
  1
DICTIONARYVAR
  2
AcDbDictionaryVar
  3
ObjectDBX Classes
 90
        0
280
     0
281
     0
  0
CLASS
  1
TABLESTYLE
  2
AcDbTableStyle
  3
ObjectDBX Classes
 90
     4095
280
     0
281
     0
  0
CLASS
  1
MATERIAL
  2
AcDbMaterial
  3
ObjectDBX Classes
 90
     1153
280
     0
281
     0
  0
CLASS
  1
VISUALSTYLE
  2
AcDbVisualStyle
  3
ObjectDBX Classes
 90
     4095
280
     0
281
     0
  0
CLASS
  1
SCALE
  2
AcDbScale
  3
ObjectDBX Classes
 90
     1153
280
     0
281
     0
  0
CLASS
  1
MLEADERSTYLE
  2
AcDbMLeaderStyle
  3
ACDB_MLEADERSTYLE_CLASS
 90
     4095
280
     0
281
     0
  0
CLASS
  1
CELLSTYLEMAP
  2
AcDbCellStyleMap
  3
ObjectDBX Classes
 90
     1152
280
     0
281
     0
  0
CLASS
  1
EXACXREFPANELOBJECT
  2
ExAcXREFPanelObject
  3
EXAC_ESW
 90
     1025
280
     1
281
     0
  0
CLASS
  1
NPOCOLLECTION
  2
AcDbImpNonPersistentObjectsCollection
  3
ObjectDBX Classes
 90
     1153
280
     1
281
     0
  0
CLASS
  1
LAYER_INDEX
  2
AcDbLayerIndex
  3
ObjectDBX Classes
 90
        0
280
     0
281
     0
  0
CLASS
  1
SPATIAL_INDEX
  2
AcDbSpatialIndex
  3
AutoCAD 2000
 90
        0
280
     0
281
     0
  0
CLASS
  1
IDBUFFER
  2
AcDbIdBuffer
  3
ObjectDBX Classes
 90
        0
280
     0
281
     0
  0
CLASS
  1
ACDBSECTIONVIEWSTYLE
  2
AcDbSectionViewStyle
  3
ObjectDBX Classes
 90
     1025
280
     0
281
     0
  0
CLASS
  1
ACDBDETAILVIEWSTYLE
  2
AcDbDetailViewStyle
  3
ObjectDBX Classes
 90
     1025
280
     0
281
     0
  0
CLASS
  1
SORTENTSTABLE
  2
AcDbSortentsTable
  3
ObjectDBX Classes
 90
        0
280
     0
281
     0
  0
CLASS
  1
DIMASSOC
  2
AcDbDimAssoc
  3
"AcDbDimAssoc|Product Desc:     AcDim ARX App For Dimension|Company:          Autodesk, Inc.|WEB Address:      www.autodesk.com"
 90
        0
280
     0
281
     0
  0
CLASS
  1
WIPEOUTVARIABLES
  2
AcDbWipeoutVariables
  3
WipeOut|AutoCAD Express Tool|expresstools@autodesk.com
 90
        0
280
     0
281
     0
  0
CLASS
  1
XRECORD
  2
AcDbXrecord
  3
ObjectDBX Classes
 90
        0
280
     0
281
     0
  0
CLASS
  1
LWPOLYLINE
  2
AcDbPolyline
  3
ObjectDBX Classes
 90
        0
280
     0
281
     1
  0
CLASS
  1
HATCH
  2
AcDbHatch
  3
ObjectDBX Classes
 90
        0
280
     0
281
     1
  0
ENDSEC
  0
SECTION
  2
TABLES
  0
TABLE
  2
VPORT
  5
8
102
{ACAD_XDICTIONARY
360
F1A
102
}
330
0
100
AcDbSymbolTable
 70
     1
  0
VPORT
  5
EA
330
8
100
AcDbSymbolTableRecord
100
AcDbViewportTableRecord
  2
*ACTIVE
 70
     0
 10
0.0
 20
0.0
 11
1.0
 21
1.0
 12
2904.119787429114
 22
1408.102808683891
 13
0.0
 23
0.0
 14
10.0
 24
10.0
 15
10.0
 25
10.0
 16
0.0
 26
0.0
 36
1.0
 17
0.0
 27
0.0
 37
0.0
 40
163.870936259284
 41
2.57085020242915
 42
50.0
 43
0.0
 44
0.0
 50
0.0
 51
0.0
 71
     0
 72
  1000
 73
     1
 74
     3
 75
     0
 76
     1
 77
     0
 78
     0
1001
ACAD_NAV_VCDISPLAY
1070
     3
  0
ENDTAB
  0
TABLE
  2
LTYPE
  5
5
330
0
100
AcDbSymbolTable
 70
     1
  0
LTYPE
  5
14
330
5
100
AcDbSymbolTableRecord
100
AcDbLinetypeTableRecord
  2
BYBLOCK
 70
     0
  3

 72
    65
 73
     0
 40
0.0
  0
LTYPE
  5
15
330
5
100
AcDbSymbolTableRecord
100
AcDbLinetypeTableRecord
  2
BYLAYER
 70
     0
  3

 72
    65
 73
     0
 40
0.0
  0
LTYPE
  5
16
330
5
100
AcDbSymbolTableRecord
100
AcDbLinetypeTableRecord
  2
CONTINUOUS
 70
     0
  3
Solid line
 72
    65
 73
     0
 40
0.0
  0
ENDTAB
  0
TABLE
  2
LAYER
  5
2
102
{ACAD_XDICTIONARY
360
1FF
102
}
330
0
100
AcDbSymbolTable
 70
     5
  0
LAYER
  5
10
330
2
100
AcDbSymbolTableRecord
100
AcDbLayerTableRecord
  2
0
 70
     0
 62
     7
  6
CONTINUOUS
  0
LAYER
  5
377
330
2
100
AcDbSymbolTableRecord
100
AcDbLayerTableRecord
  2
DEFPOINTS
 70
     0
 62
     7
  6
CONTINUOUS
  0
LAYER
  5
378
330
2
100
AcDbSymbolTableRecord
100
AcDbLayerTableRecord
  2
TEXT
 70
     0
 62
   255
  6
CONTINUOUS
1001
RAK
1000
{ACET-LAYISO
1070
     0
1070
   184
1000
Continuous
1071
       -3
1071
        1
1005
F
1000
ACET-LAYISO}
  0
LAYER
  5
37A
330
2
100
AcDbSymbolTableRecord
100
AcDbLayerTableRecord
  2
TEXT_
 70
     0
 62
   255
  6
CONTINUOUS
1001
ACAECLAYERSTANDARD
1000

1000

1001
RAK
1000
{ACET-LAYISO
1070
     0
1070
    13
1000
Continuous
1071
       20
1071
        1
1005
F
1000
ACET-LAYISO}
  0
LAYER
  5
37B
330
2
100
AcDbSymbolTableRecord
100
AcDbLayerTableRecord
  2
STAPS
 70
     0
 62
     8
  6
CONTINUOUS
1001
RAK
1000
{ACET-LAYISO
1070
     0
1070
     8
1000
Continuous
1071
       25
1071
        1
1005
F
1000
ACET-LAYISO}
  0
ENDTAB
  0
TABLE
  2
STYLE
  5
3
330
0
100
AcDbSymbolTable
 70
     3
  0
STYLE
  5
11
330
3
100
AcDbSymbolTableRecord
100
AcDbTextStyleTableRecord
  2
STANDARD
 70
     0
 40
0.0
 41
1.0
 50
0.0
 71
     0
 42
2.5
  3
arial.ttf
  4

1001
ACAD
1000
Arial
1071
       34
  0
STYLE
  5
132
330
3
100
AcDbSymbolTableRecord
100
AcDbTextStyleTableRecord
  2
ANNOTATIVE
 70
     0
 40
0.0
 41
1.0
 50
0.0
 71
     0
 42
2.5
  3
arial.ttf
  4

1001
ACADANNOTATIVE
1000
AnnotativeData
1002
{
1070
     1
1070
     1
1002
}
1001
ACAD
1000
Arial
1071
       34
  0
STYLE
  5
37D
330
3
100
AcDbSymbolTableRecord
100
AcDbTextStyleTableRecord
  2
AN
 70
     0
 40
0.0
 41
1.0
 50
0.0
 71
     0
 42
0.8
  3
ARIALN.TTF
  4

1001
ACAD
1000
Arial Narrow
1071
       34
  0
ENDTAB
  0
TABLE
  2
VIEW
  5
6
330
0
100
AcDbSymbolTable
 70
     0
  0
ENDTAB
  0
TABLE
  2
UCS
  5
7
330
0
100
AcDbSymbolTable
 70
     0
  0
ENDTAB
  0
TABLE
  2
APPID
  5
9
330
0
100
AcDbSymbolTable
 70
    13
  0
APPID
  5
12
330
9
100
AcDbSymbolTableRecord
100
AcDbRegAppTableRecord
  2
ACAD
 70
     0
  0
APPID
  5
9E
330
9
100
AcDbSymbolTableRecord
100
AcDbRegAppTableRecord
  2
ACAD_PSEXT
 70
     0
  0
APPID
  5
133
330
9
100
AcDbSymbolTableRecord
100
AcDbRegAppTableRecord
  2
ACADANNOPO
 70
     0
  0
APPID
  5
134
330
9
100
AcDbSymbolTableRecord
100
AcDbRegAppTableRecord
  2
ACADANNOTATIVE
 70
     0
  0
APPID
  5
135
330
9
100
AcDbSymbolTableRecord
100
AcDbRegAppTableRecord
  2
ACAD_DSTYLE_DIMJAG
 70
     0
  0
APPID
  5
136
330
9
100
AcDbSymbolTableRecord
100
AcDbRegAppTableRecord
  2
ACAD_DSTYLE_DIMTALN
 70
     0
  0
APPID
  5
165
330
9
100
AcDbSymbolTableRecord
100
AcDbRegAppTableRecord
  2
ACAD_MLEADERVER
 70
     0
  0
APPID
  5
217
330
9
100
AcDbSymbolTableRecord
100
AcDbRegAppTableRecord
  2
ACAD_NAV_VCDISPLAY
 70
     0
  0
APPID
  5
37F
330
9
100
AcDbSymbolTableRecord
100
AcDbRegAppTableRecord
  2
GRADIENTCOLOR1ACI
 70
     0
  0
APPID
  5
380
330
9
100
AcDbSymbolTableRecord
100
AcDbRegAppTableRecord
  2
GRADIENTCOLOR2ACI
 70
     0
  0
APPID
  5
381
330
9
100
AcDbSymbolTableRecord
100
AcDbRegAppTableRecord
  2
RAK
 70
     0
  0
APPID
  5
382
330
9
100
AcDbSymbolTableRecord
100
AcDbRegAppTableRecord
  2
ACAD_DSTYLE_DIMJOGGED_JOGA
 70
     0
  0
APPID
  5
383
330
9
100
AcDbSymbolTableRecord
100
AcDbRegAppTableRecord
  2
ACAECLAYERSTANDARD
 70
     0
  0
ENDTAB
  0
TABLE
  2
DIMSTYLE
  5
A
330
0
100
AcDbSymbolTable
 70
     4
  0
DIMSTYLE
105
1B0
330
A
100
AcDbSymbolTableRecord
100
AcDbDimStyleTableRecord
  2
STANDARD
 70
     0
  3

  4

  5

  6

  7

 40
1.0
 41
0.18
 42
0.0625
 43
0.38
 44
0.18
 45
0.0
 46
0.0
 47
0.0
 48
0.0
140
0.18
141
0.09
142
0.0
143
25.4
144
1.0
145
0.0
146
1.0
147
0.09
 71
     0
 72
     0
 73
     1
 74
     1
 75
     0
 76
     0
 77
     0
 78
     0
170
     0
171
     2
172
     0
173
     0
174
     0
175
     0
176
     0
177
     0
178
     0
270
     2
271
     4
272
     4
273
     2
274
     2
340
11
275
     0
280
     0
281
     0
282
     0
283
     1
284
     0
285
     0
286
     0
287
     3
288
     0
  0
DIMSTYLE
105
137
330
A
100
AcDbSymbolTableRecord
100
AcDbDimStyleTableRecord
  2
ANNOTATIVE
 70
     0
  3

  4

  5

  6

  7

 40
0.0
 41
2.5
 42
0.625
 43
3.75
 44
1.25
 45
0.0
 46
0.0
 47
0.0
 48
0.0
140
2.5
141
2.5
142
0.0
143
0.03937007874016
144
1.0
145
0.0
146
1.0
147
0.625
 71
     0
 72
     0
 73
     0
 74
     0
 75
     0
 76
     0
 77
     1
 78
     8
170
     0
171
     3
172
     1
173
     0
174
     0
175
     0
176
     0
177
     0
178
     0
270
     2
271
     2
272
     2
273
     2
274
     3
340
11
275
     0
280
     0
281
     0
282
     0
283
     0
284
     8
285
     0
286
     0
287
     3
288
     0
1001
ACADANNOTATIVE
1000
AnnotativeData
1002
{
1070
     1
1070
     1
1002
}
1001
ACAD_DSTYLE_DIMJAG
1070
   388
1040
1.5
1001
ACAD_DSTYLE_DIMTALN
1070
   392
1070
     0
  0
DIMSTYLE
105
27
330
A
100
AcDbSymbolTableRecord
100
AcDbDimStyleTableRecord
  2
ISO-25
 70
     0
  3

  4

  5

  6

  7

 40
1.0
 41
2.5
 42
0.625
 43
3.75
 44
1.25
 45
0.0
 46
0.0
 47
0.0
 48
0.0
140
2.5
141
2.5
142
0.0
143
0.03937007874016
144
1.0
145
0.0
146
1.0
147
0.625
 71
     0
 72
     0
 73
     0
 74
     0
 75
     0
 76
     0
 77
     1
 78
     8
170
     0
171
     3
172
     1
173
     0
174
     0
175
     0
176
     0
177
     0
178
     0
270
     2
271
     2
272
     2
273
     2
274
     3
340
11
275
     0
280
     0
281
     0
282
     0
283
     0
284
     8
285
     0
286
     0
287
     3
288
     0
  0
DIMSTYLE
105
37E
102
{ACAD_REACTORS
330
DE2
330
DE5
330
D1F
330
D22
330
D25
330
D46
330
B2D
330
B30
330
B35
330
ACC
330
ACD
330
AD4
330
A17
330
A1A
330
A1D
330
A3B
102
}
330
A
100
AcDbSymbolTableRecord
100
AcDbDimStyleTableRecord
  2
DIM
 70
     0
  3

  4

  5

  6
OBLIQUE
  7
OBLIQUE
 40
1.0
 41
0.06
 42
0.3
 43
0.05
 44
0.05
 45
0.0
 46
0.0
 47
0.0
 48
0.0
140
0.2
141
0.001
142
0.0
143
0.0394
144
-1.0
145
0.0
146
1.0
147
0.05
 71
     0
 72
     0
 73
     0
 74
     0
 75
     1
 76
     1
 77
     0
 78
     1
170
     0
171
     4
172
     0
173
     1
174
     0
175
     0
176
   252
177
   256
178
     1
179
     4
270
     2
271
     3
272
     3
273
     1
274
     4
340
37D
275
     0
280
     0
281
     0
282
     0
283
     1
284
     1
285
     1
286
     1
287
     5
288
     0
1001
ACAD_DSTYLE_DIMJOGGED_JOGA
1070
   384
1040
1.570796326794896
1001
ACAD_DSTYLE_DIMJAG
1070
   388
1040
1.5
1001
ACAD_DSTYLE_DIMTALN
1070
   392
1070
     0
  0
ENDTAB
  0
TABLE
  2
BLOCK_RECORD
  5
1
330
0
100
AcDbSymbolTable
 70
    17
  0
BLOCK_RECORD
  5
1F
330
1
100
AcDbSymbolTableRecord
100
AcDbBlockTableRecord
  2
*MODEL_SPACE
  0
BLOCK_RECORD
  5
D2
330
1
100
AcDbSymbolTableRecord
100
AcDbBlockTableRecord
  2
*PAPER_SPACE
  0
BLOCK_RECORD
  5
2C1
102
{ACAD_XDICTIONARY
360
2C2
102
}
330
1
100
AcDbSymbolTableRecord
100
AcDbBlockTableRecord
  2
_OBLIQUE
  0
BLOCK_RECORD
  5
DF3
330
1
100
AcDbSymbolTableRecord
100
AcDbBlockTableRecord
  2
*D19
  0
BLOCK_RECORD
  5
DFE
330
1
100
AcDbSymbolTableRecord
100
AcDbBlockTableRecord
  2
*D20
  0
BLOCK_RECORD
  5
E09
330
1
100
AcDbSymbolTableRecord
100
AcDbBlockTableRecord
  2
*D21
  0
BLOCK_RECORD
  5
E14
330
1
100
AcDbSymbolTableRecord
100
AcDbBlockTableRecord
  2
*D22
  0
BLOCK_RECORD
  5
E1F
330
1
100
AcDbSymbolTableRecord
100
AcDbBlockTableRecord
  2
*D23
  0
BLOCK_RECORD
  5
E2A
330
1
100
AcDbSymbolTableRecord
100
AcDbBlockTableRecord
  2
*D24
  0
BLOCK_RECORD
  5
E35
330
1
100
AcDbSymbolTableRecord
100
AcDbBlockTableRecord
  2
*D25
  0
BLOCK_RECORD
  5
E40
330
1
100
AcDbSymbolTableRecord
100
AcDbBlockTableRecord
  2
*D26
  0
BLOCK_RECORD
  5
E4B
330
1
100
AcDbSymbolTableRecord
100
AcDbBlockTableRecord
  2
*D27
  0
BLOCK_RECORD
  5
E56
330
1
100
AcDbSymbolTableRecord
100
AcDbBlockTableRecord
  2
*D28
  0
BLOCK_RECORD
  5
E61
330
1
100
AcDbSymbolTableRecord
100
AcDbBlockTableRecord
  2
*D29
  0
BLOCK_RECORD
  5
E7C
330
1
100
AcDbSymbolTableRecord
100
AcDbBlockTableRecord
  2
*D30
  0
BLOCK_RECORD
  5
E87
330
1
100
AcDbSymbolTableRecord
100
AcDbBlockTableRecord
  2
*D31
  0
BLOCK_RECORD
  5
E92
330
1
100
AcDbSymbolTableRecord
100
AcDbBlockTableRecord
  2
*D32
  0
BLOCK_RECORD
  5
E9D
330
1
100
AcDbSymbolTableRecord
100
AcDbBlockTableRecord
  2
*D33
  0
BLOCK_RECORD
  5
EA8
330
1
100
AcDbSymbolTableRecord
100
AcDbBlockTableRecord
  2
*D34
  0
ENDTAB
  0
ENDSEC
  0
SECTION
  2
BLOCKS
  0
BLOCK
  5
20
330
1F
100
AcDbEntity
  8
0
100
AcDbBlockBegin
  2
*MODEL_SPACE
 70
     0
 10
0.0
 20
0.0
 30
0.0
  3
*MODEL_SPACE
  1

  0
ENDBLK
  5
21
330
1F
100
AcDbEntity
  8
0
100
AcDbBlockEnd
  0
BLOCK
  5
D4
330
D2
100
AcDbEntity
 67
     1
  8
0
100
AcDbBlockBegin
  2
*PAPER_SPACE
 70
     0
 10
0.0
 20
0.0
 30
0.0
  3
*PAPER_SPACE
  1

  0
ENDBLK
  5
D5
330
D2
100
AcDbEntity
 67
     1
  8
0
100
AcDbBlockEnd
  0
BLOCK
  5
2C4
330
2C1
100
AcDbEntity
  8
0
100
AcDbBlockBegin
  2
_OBLIQUE
 70
     0
 10
0.0
 20
0.0
 30
0.0
  3
_OBLIQUE
  1

  0
LINE
  5
2C5
330
2C1
100
AcDbEntity
  8
0
  6
BYBLOCK
 62
     0
100
AcDbLine
 10
-0.5
 20
-0.5
 30
0.0
 11
0.5
 21
0.5
 31
0.0
  0
ENDBLK
  5
2C6
330
2C1
100
AcDbEntity
  8
0
100
AcDbBlockEnd
  0
BLOCK
  5
DF4
330
DF3
100
AcDbEntity
  8
0
100
AcDbBlockBegin
  2
*D19
 70
     1
 10
0.0
 20
0.0
 30
0.0
  3
*D19
  1

  0
LINE
  5
E6C
330
DF3
100
AcDbEntity
  8
0
 62
   252
100
AcDbLine
 10
2886.157897763524
 20
1428.181048109793
 30
0.0
 11
2886.157897763524
 21
1427.007446472685
 31
0.0
  0
LINE
  5
E6D
330
DF3
100
AcDbEntity
  8
0
 62
   252
100
AcDbLine
 10
2886.157897763524
 20
1425.181048109792
 30
0.0
 11
2886.157897763524
 21
1426.354649746901
 31
0.0
  0
INSERT
  5
E6E
330
DF3
100
AcDbEntity
  8
0
 62
   252
100
AcDbBlockReference
  2
_OBLIQUE
 10
2886.157897763524
 20
1428.181048109793
 30
0.0
 41
0.06
 42
0.06
 43
0.06
 50
90.0
  0
INSERT
  5
E6F
330
DF3
100
AcDbEntity
  8
0
 62
   252
100
AcDbBlockReference
  2
_OBLIQUE
 10
2886.157897763524
 20
1425.181048109792
 30
0.0
 41
0.06
 42
0.06
 43
0.06
 50
270.0
  0
MTEXT
  5
E70
330
DF3
100
AcDbEntity
  8
0
 62
     1
100
AcDbMText
 10
2886.157897763524
 20
1426.681048109792
 30
0.0
 40
0.2
 41
0.0
 71
     5
 72
     1
  1
\A1;3.000
  7
AN
 11
6.123233995736766E-17
 21
1.0
 31
0.0
  0
POINT
  5
E71
330
DF3
100
AcDbEntity
  8
DEFPOINTS
 62
     0
100
AcDbPoint
 10
2886.214282894583
 20
1428.181048109793
 30
0.0
  0
POINT
  5
E72
330
DF3
100
AcDbEntity
  8
DEFPOINTS
 62
     0
100
AcDbPoint
 10
2886.214282894588
 20
1425.181048109792
 30
0.0
  0
POINT
  5
E73
330
DF3
100
AcDbEntity
  8
DEFPOINTS
 62
     0
100
AcDbPoint
 10
2886.157897763524
 20
1425.181048109792
 30
0.0
  0
ENDBLK
  5
DF5
330
DF3
100
AcDbEntity
  8
0
100
AcDbBlockEnd
  0
BLOCK
  5
DFF
330
DFE
100
AcDbEntity
  8
0
100
AcDbBlockBegin
  2
*D20
 70
     1
 10
0.0
 20
0.0
 30
0.0
  3
*D20
  1

  0
LINE
  5
E74
330
DFE
100
AcDbEntity
  8
0
 62
   252
100
AcDbLine
 10
2908.734282894569
 20
1435.40421751259
 30
0.0
 11
2909.907884531677
 21
1435.40421751259
 31
0.0
  0
LINE
  5
E75
330
DFE
100
AcDbEntity
  8
0
 62
   252
100
AcDbLine
 10
2911.734282894569
 20
1435.40421751259
 30
0.0
 11
2910.560681257462
 21
1435.40421751259
 31
0.0
  0
INSERT
  5
E76
330
DFE
100
AcDbEntity
  8
0
 62
   252
100
AcDbBlockReference
  2
_OBLIQUE
 10
2908.734282894569
 20
1435.40421751259
 30
0.0
 41
0.06
 42
0.06
 43
0.06
 50
180.0
  0
INSERT
  5
E77
330
DFE
100
AcDbEntity
  8
0
 62
   252
100
AcDbBlockReference
  2
_OBLIQUE
 10
2911.734282894569
 20
1435.40421751259
 30
0.0
 41
0.06
 42
0.06
 43
0.06
  0
MTEXT
  5
E78
330
DFE
100
AcDbEntity
  8
0
 62
     1
100
AcDbMText
 10
2910.234282894569
 20
1435.40421751259
 30
0.0
 40
0.2
 41
0.0
 71
     5
 72
     1
  1
\A1;3.000
  7
AN
  0
POINT
  5
E79
330
DFE
100
AcDbEntity
  8
DEFPOINTS
 62
     0
100
AcDbPoint
 10
2908.734282894569
 20
1435.404217512583
 30
0.0
  0
POINT
  5
E7A
330
DFE
100
AcDbEntity
  8
DEFPOINTS
 62
     0
100
AcDbPoint
 10
2911.734282894569
 20
1435.404217512589
 30
0.0
  0
POINT
  5
E7B
330
DFE
100
AcDbEntity
  8
DEFPOINTS
 62
     0
100
AcDbPoint
 10
2911.734282894569
 20
1435.40421751259
 30
0.0
  0
ENDBLK
  5
E00
330
DFE
100
AcDbEntity
  8
0
100
AcDbBlockEnd
  0
BLOCK
  5
E0A
330
E09
100
AcDbEntity
  8
0
100
AcDbBlockBegin
  2
*D21
 70
     1
 10
0.0
 20
0.0
 30
0.0
  3
*D21
  1

  0
LINE
  5
E0C
330
E09
100
AcDbEntity
  8
0
 62
   252
100
AcDbLine
 10
2873.048142278509
 20
1385.637629483544
 30
0.0
 11
2871.911363075741
 21
1384.780672853761
 31
0.0
  0
LINE
  5
E0D
330
E09
100
AcDbEntity
  8
0
 62
   252
100
AcDbLine
 10
2870.253310419666
 20
1383.530756236099
 30
0.0
 11
2871.390089622435
 21
1384.387712865883
 31
0.0
  0
INSERT
  5
E0E
330
E09
100
AcDbEntity
  8
0
 62
   252
100
AcDbBlockReference
  2
_OBLIQUE
 10
2873.048142278509
 20
1385.637629483544
 30
0.0
 41
0.06
 42
0.06
 43
0.06
 50
37.01067323372222
  0
INSERT
  5
E0F
330
E09
100
AcDbEntity
  8
0
 62
   252
100
AcDbBlockReference
  2
_OBLIQUE
 10
2870.253310419666
 20
1383.530756236099
 30
0.0
 41
0.06
 42
0.06
 43
0.06
 50
217.0106732337222
  0
MTEXT
  5
E10
330
E09
100
AcDbEntity
  8
0
 62
     1
100
AcDbMText
 10
2871.650726349088
 20
1384.584192859822
 30
0.0
 40
0.2
 41
0.0
 71
     5
 72
     1
  1
\A1;3.500
  7
AN
 11
0.7985233882408055
 21
0.6019637849841333
 31
0.0
  0
POINT
  5
E11
330
E09
100
AcDbEntity
  8
DEFPOINTS
 62
     0
100
AcDbPoint
 10
2873.048142278509
 20
1385.637629483543
 30
0.0
  0
POINT
  5
E12
330
E09
100
AcDbEntity
  8
DEFPOINTS
 62
     0
100
AcDbPoint
 10
2870.253310419666
 20
1383.530756236099
 30
0.0
  0
POINT
  5
E13
330
E09
100
AcDbEntity
  8
DEFPOINTS
 62
     0
100
AcDbPoint
 10
2870.253310419666
 20
1383.530756236099
 30
0.0
  0
ENDBLK
  5
E0B
330
E09
100
AcDbEntity
  8
0
100
AcDbBlockEnd
  0
BLOCK
  5
E15
330
E14
100
AcDbEntity
  8
0
100
AcDbBlockBegin
  2
*D22
 70
     1
 10
0.0
 20
0.0
 30
0.0
  3
*D22
  1

  0
LINE
  5
E17
330
E14
100
AcDbEntity
  8
0
 62
   252
100
AcDbLine
 10
2877.495834586214
 20
1379.737629483551
 30
0.0
 11
2876.359055383446
 21
1378.880672853768
 31
0.0
  0
LINE
  5
E18
330
E14
100
AcDbEntity
  8
0
 62
   252
100
AcDbLine
 10
2874.701002727371
 20
1377.630756236107
 30
0.0
 11
2875.837781930139
 21
1378.48771286589
 31
0.0
  0
INSERT
  5
E19
330
E14
100
AcDbEntity
  8
0
 62
   252
100
AcDbBlockReference
  2
_OBLIQUE
 10
2877.495834586214
 20
1379.737629483551
 30
0.0
 41
0.06
 42
0.06
 43
0.06
 50
37.01067323372222
  0
INSERT
  5
E1A
330
E14
100
AcDbEntity
  8
0
 62
   252
100
AcDbBlockReference
  2
_OBLIQUE
 10
2874.701002727371
 20
1377.630756236107
 30
0.0
 41
0.06
 42
0.06
 43
0.06
 50
217.0106732337222
  0
MTEXT
  5
E1B
330
E14
100
AcDbEntity
  8
0
 62
     1
100
AcDbMText
 10
2876.098418656793
 20
1378.684192859829
 30
0.0
 40
0.2
 41
0.0
 71
     5
 72
     1
  1
\A1;3.500
  7
AN
 11
0.7985233882408055
 21
0.6019637849841333
 31
0.0
  0
POINT
  5
E1C
330
E14
100
AcDbEntity
  8
DEFPOINTS
 62
     0
100
AcDbPoint
 10
2877.495834586213
 20
1379.737629483552
 30
0.0
  0
POINT
  5
E1D
330
E14
100
AcDbEntity
  8
DEFPOINTS
 62
     0
100
AcDbPoint
 10
2874.701002727371
 20
1377.630756236108
 30
0.0
  0
POINT
  5
E1E
330
E14
100
AcDbEntity
  8
DEFPOINTS
 62
     0
100
AcDbPoint
 10
2874.701002727371
 20
1377.630756236107
 30
0.0
  0
ENDBLK
  5
E16
330
E14
100
AcDbEntity
  8
0
100
AcDbBlockEnd
  0
BLOCK
  5
E20
330
E1F
100
AcDbEntity
  8
0
100
AcDbBlockBegin
  2
*D23
 70
     1
 10
0.0
 20
0.0
 30
0.0
  3
*D23
  1

  0
LINE
  5
E22
330
E1F
100
AcDbEntity
  8
0
 62
   252
100
AcDbLine
 10
2903.091154227897
 20
1379.737629483605
 30
0.0
 11
2903.091154227897
 21
1378.564027846497
 31
0.0
  0
LINE
  5
E23
330
E1F
100
AcDbEntity
  8
0
 62
   252
100
AcDbLine
 10
2903.091154227897
 20
1376.737629483604
 30
0.0
 11
2903.091154227897
 21
1377.911231120713
 31
0.0
  0
INSERT
  5
E24
330
E1F
100
AcDbEntity
  8
0
 62
   252
100
AcDbBlockReference
  2
_OBLIQUE
 10
2903.091154227897
 20
1379.737629483605
 30
0.0
 41
0.06
 42
0.06
 43
0.06
 50
90.0
  0
INSERT
  5
E25
330
E1F
100
AcDbEntity
  8
0
 62
   252
100
AcDbBlockReference
  2
_OBLIQUE
 10
2903.091154227897
 20
1376.737629483604
 30
0.0
 41
0.06
 42
0.06
 43
0.06
 50
270.0
  0
MTEXT
  5
E26
330
E1F
100
AcDbEntity
  8
0
 62
     1
100
AcDbMText
 10
2903.091154227897
 20
1378.237629483604
 30
0.0
 40
0.2
 41
0.0
 71
     5
 72
     1
  1
\A1;3.000
  7
AN
 11
6.123233995736766E-17
 21
1.0
 31
0.0
  0
POINT
  5
E27
330
E1F
100
AcDbEntity
  8
DEFPOINTS
 62
     0
100
AcDbPoint
 10
2903.049282894682
 20
1379.737629483605
 30
0.0
  0
POINT
  5
E28
330
E1F
100
AcDbEntity
  8
DEFPOINTS
 62
     0
100
AcDbPoint
 10
2903.049282894688
 20
1376.737629483604
 30
0.0
  0
POINT
  5
E29
330
E1F
100
AcDbEntity
  8
DEFPOINTS
 62
     0
100
AcDbPoint
 10
2903.091154227897
 20
1376.737629483604
 30
0.0
  0
ENDBLK
  5
E21
330
E1F
100
AcDbEntity
  8
0
100
AcDbBlockEnd
  0
BLOCK
  5
E2B
330
E2A
100
AcDbEntity
  8
0
100
AcDbBlockBegin
  2
*D24
 70
     1
 10
0.0
 20
0.0
 30
0.0
  3
*D24
  1

  0
LINE
  5
E2D
330
E2A
100
AcDbEntity
  8
0
 62
   252
100
AcDbLine
 10
2886.157897763623
 20
1379.737629483571
 30
0.0
 11
2886.157897763623
 21
1378.564027846463
 31
0.0
  0
LINE
  5
E2E
330
E2A
100
AcDbEntity
  8
0
 62
   252
100
AcDbLine
 10
2886.157897763623
 20
1376.73762948357
 30
0.0
 11
2886.157897763623
 21
1377.911231120678
 31
0.0
  0
INSERT
  5
E2F
330
E2A
100
AcDbEntity
  8
0
 62
   252
100
AcDbBlockReference
  2
_OBLIQUE
 10
2886.157897763623
 20
1379.737629483571
 30
0.0
 41
0.06
 42
0.06
 43
0.06
 50
90.0
  0
INSERT
  5
E30
330
E2A
100
AcDbEntity
  8
0
 62
   252
100
AcDbBlockReference
  2
_OBLIQUE
 10
2886.157897763623
 20
1376.73762948357
 30
0.0
 41
0.06
 42
0.06
 43
0.06
 50
270.0
  0
MTEXT
  5
E31
330
E2A
100
AcDbEntity
  8
0
 62
     1
100
AcDbMText
 10
2886.157897763623
 20
1378.237629483569
 30
0.0
 40
0.2
 41
0.0
 71
     5
 72
     1
  1
\A1;3.000
  7
AN
 11
6.123233995736766E-17
 21
1.0
 31
0.0
  0
POINT
  5
E32
330
E2A
100
AcDbEntity
  8
DEFPOINTS
 62
     0
100
AcDbPoint
 10
2886.214282894681
 20
1379.737629483571
 30
0.0
  0
POINT
  5
E33
330
E2A
100
AcDbEntity
  8
DEFPOINTS
 62
     0
100
AcDbPoint
 10
2886.214282894686
 20
1376.73762948357
 30
0.0
  0
POINT
  5
E34
330
E2A
100
AcDbEntity
  8
DEFPOINTS
 62
     0
100
AcDbPoint
 10
2886.157897763623
 20
1376.73762948357
 30
0.0
  0
ENDBLK
  5
E2C
330
E2A
100
AcDbEntity
  8
0
100
AcDbBlockEnd
  0
BLOCK
  5
E36
330
E35
100
AcDbEntity
  8
0
100
AcDbBlockBegin
  2
*D25
 70
     1
 10
0.0
 20
0.0
 30
0.0
  3
*D25
  1

  0
LINE
  5
EB3
330
E35
100
AcDbEntity
  8
0
 62
   252
100
AcDbLine
 10
2908.734282894668
 20
1386.960798886367
 30
0.0
 11
2909.907884531775
 21
1386.960798886367
 31
0.0
  0
LINE
  5
EB4
330
E35
100
AcDbEntity
  8
0
 62
   252
100
AcDbLine
 10
2911.734282894667
 20
1386.960798886367
 30
0.0
 11
2910.560681257559
 21
1386.960798886367
 31
0.0
  0
INSERT
  5
EB5
330
E35
100
AcDbEntity
  8
0
 62
   252
100
AcDbBlockReference
  2
_OBLIQUE
 10
2908.734282894668
 20
1386.960798886367
 30
0.0
 41
0.06
 42
0.06
 43
0.06
 50
180.0
  0
INSERT
  5
EB6
330
E35
100
AcDbEntity
  8
0
 62
   252
100
AcDbBlockReference
  2
_OBLIQUE
 10
2911.734282894667
 20
1386.960798886367
 30
0.0
 41
0.06
 42
0.06
 43
0.06
  0
MTEXT
  5
EB7
330
E35
100
AcDbEntity
  8
0
 62
     1
100
AcDbMText
 10
2910.234282894667
 20
1386.960798886367
 30
0.0
 40
0.2
 41
0.0
 71
     5
 72
     1
  1
\A1;3.000
  7
AN
  0
POINT
  5
EB8
330
E35
100
AcDbEntity
  8
DEFPOINTS
 62
     0
100
AcDbPoint
 10
2908.734282894668
 20
1386.960798886361
 30
0.0
  0
POINT
  5
EB9
330
E35
100
AcDbEntity
  8
DEFPOINTS
 62
     0
100
AcDbPoint
 10
2911.734282894667
 20
1386.960798886367
 30
0.0
  0
POINT
  5
EBA
330
E35
100
AcDbEntity
  8
DEFPOINTS
 62
     0
100
AcDbPoint
 10
2911.734282894667
 20
1386.960798886367
 30
0.0
  0
ENDBLK
  5
E37
330
E35
100
AcDbEntity
  8
0
100
AcDbBlockEnd
  0
BLOCK
  5
E41
330
E40
100
AcDbEntity
  8
0
100
AcDbBlockBegin
  2
*D26
 70
     1
 10
0.0
 20
0.0
 30
0.0
  3
*D26
  1

  0
LINE
  5
EBB
330
E40
100
AcDbEntity
  8
0
 62
   252
100
AcDbLine
 10
2885.08434688246
 20
1396.237629483568
 30
0.0
 11
2885.08434688246
 21
1395.06402784646
 31
0.0
  0
LINE
  5
EBC
330
E40
100
AcDbEntity
  8
0
 62
   252
100
AcDbLine
 10
2885.08434688246
 20
1393.237629483568
 30
0.0
 11
2885.08434688246
 21
1394.411231120676
 31
0.0
  0
INSERT
  5
EBD
330
E40
100
AcDbEntity
  8
0
 62
   252
100
AcDbBlockReference
  2
_OBLIQUE
 10
2885.08434688246
 20
1396.237629483568
 30
0.0
 41
0.06
 42
0.06
 43
0.06
 50
90.0
  0
INSERT
  5
EBE
330
E40
100
AcDbEntity
  8
0
 62
   252
100
AcDbBlockReference
  2
_OBLIQUE
 10
2885.08434688246
 20
1393.237629483568
 30
0.0
 41
0.06
 42
0.06
 43
0.06
 50
270.0
  0
MTEXT
  5
EBF
330
E40
100
AcDbEntity
  8
0
 62
     1
100
AcDbMText
 10
2885.08434688246
 20
1394.737629483567
 30
0.0
 40
0.2
 41
0.0
 71
     5
 72
     1
  1
\A1;3.000
  7
AN
 11
6.123233995736766E-17
 21
1.0
 31
0.0
  0
POINT
  5
EC0
330
E40
100
AcDbEntity
  8
DEFPOINTS
 62
     0
100
AcDbPoint
 10
2885.075213420376
 20
1396.237629483568
 30
0.0
  0
POINT
  5
EC1
330
E40
100
AcDbEntity
  8
DEFPOINTS
 62
     0
100
AcDbPoint
 10
2885.075213420382
 20
1393.237629483568
 30
0.0
  0
POINT
  5
EC2
330
E40
100
AcDbEntity
  8
DEFPOINTS
 62
     0
100
AcDbPoint
 10
2885.08434688246
 20
1393.237629483568
 30
0.0
  0
ENDBLK
  5
E42
330
E40
100
AcDbEntity
  8
0
100
AcDbBlockEnd
  0
BLOCK
  5
E4C
330
E4B
100
AcDbEntity
  8
0
100
AcDbBlockBegin
  2
*D27
 70
     1
 10
0.0
 20
0.0
 30
0.0
  3
*D27
  1

  0
LINE
  5
EC3
330
E4B
100
AcDbEntity
  8
0
 62
   252
100
AcDbLine
 10
2908.134282894579
 20
1430.214104851549
 30
0.0
 11
2909.607884531687
 21
1430.214104851549
 31
0.0
  0
LINE
  5
EC4
330
E4B
100
AcDbEntity
  8
0
 62
   252
100
AcDbLine
 10
2911.734282894579
 20
1430.214104851549
 30
0.0
 11
2910.260681257471
 21
1430.214104851549
 31
0.0
  0
INSERT
  5
EC5
330
E4B
100
AcDbEntity
  8
0
 62
   252
100
AcDbBlockReference
  2
_OBLIQUE
 10
2908.134282894579
 20
1430.214104851549
 30
0.0
 41
0.06
 42
0.06
 43
0.06
 50
180.0
  0
INSERT
  5
EC6
330
E4B
100
AcDbEntity
  8
0
 62
   252
100
AcDbBlockReference
  2
_OBLIQUE
 10
2911.734282894579
 20
1430.214104851549
 30
0.0
 41
0.06
 42
0.06
 43
0.06
  0
MTEXT
  5
EC7
330
E4B
100
AcDbEntity
  8
0
 62
     1
100
AcDbMText
 10
2909.934282894579
 20
1430.214104851549
 30
0.0
 40
0.2
 41
0.0
 71
     5
 72
     1
  1
\A1;3.600
  7
AN
  0
POINT
  5
EC8
330
E4B
100
AcDbEntity
  8
DEFPOINTS
 62
     0
100
AcDbPoint
 10
2908.134282894579
 20
1430.231048109836
 30
0.0
  0
POINT
  5
EC9
330
E4B
100
AcDbEntity
  8
DEFPOINTS
 62
     0
100
AcDbPoint
 10
2911.734282894579
 20
1430.231048109843
 30
0.0
  0
POINT
  5
ECA
330
E4B
100
AcDbEntity
  8
DEFPOINTS
 62
     0
100
AcDbPoint
 10
2911.734282894579
 20
1430.214104851549
 30
0.0
  0
ENDBLK
  5
E4D
330
E4B
100
AcDbEntity
  8
0
100
AcDbBlockEnd
  0
BLOCK
  5
E57
330
E56
100
AcDbEntity
  8
0
100
AcDbBlockBegin
  2
*D28
 70
     1
 10
0.0
 20
0.0
 30
0.0
  3
*D28
  1

  0
LINE
  5
ECB
330
E56
100
AcDbEntity
  8
0
 62
   252
100
AcDbLine
 10
2876.468401609981
 20
1444.681048109773
 30
0.0
 11
2876.468401609981
 21
1443.010788901042
 31
0.0
  0
LINE
  5
ECC
330
E56
100
AcDbEntity
  8
0
 62
   252
100
AcDbLine
 10
2876.468401609981
 20
1440.681048109773
 30
0.0
 11
2876.468401609981
 21
1442.351307318504
 31
0.0
  0
INSERT
  5
ECD
330
E56
100
AcDbEntity
  8
0
 62
   252
100
AcDbBlockReference
  2
_OBLIQUE
 10
2876.468401609981
 20
1444.681048109773
 30
0.0
 41
0.06
 42
0.06
 43
0.06
 50
90.0
  0
INSERT
  5
ECE
330
E56
100
AcDbEntity
  8
0
 62
   252
100
AcDbBlockReference
  2
_OBLIQUE
 10
2876.468401609981
 20
1440.681048109773
 30
0.0
 41
0.06
 42
0.06
 43
0.06
 50
270.0
  0
MTEXT
  5
ECF
330
E56
100
AcDbEntity
  8
0
 62
     1
100
AcDbMText
 10
2876.468401609981
 20
1442.681048109772
 30
0.0
 40
0.2
 41
0.0
 71
     5
 72
     1
  1
\A1;4.000
  7
AN
 11
6.123233995736766E-17
 21
1.0
 31
0.0
  0
POINT
  5
ED0
330
E56
100
AcDbEntity
  8
DEFPOINTS
 62
     0
100
AcDbPoint
 10
2876.334060819205
 20
1444.681048109773
 30
0.0
  0
POINT
  5
ED1
330
E56
100
AcDbEntity
  8
DEFPOINTS
 62
     0
100
AcDbPoint
 10
2876.369097201863
 20
1440.681048109773
 30
0.0
  0
POINT
  5
ED2
330
E56
100
AcDbEntity
  8
DEFPOINTS
 62
     0
100
AcDbPoint
 10
2876.468401609981
 20
1440.681048109773
 30
0.0
  0
ENDBLK
  5
E58
330
E56
100
AcDbEntity
  8
0
100
AcDbBlockEnd
  0
BLOCK
  5
E62
330
E61
100
AcDbEntity
  8
0
100
AcDbBlockBegin
  2
*D29
 70
     1
 10
0.0
 20
0.0
 30
0.0
  3
*D29
  1

  0
LINE
  5
ED3
330
E61
100
AcDbEntity
  8
0
 62
   252
100
AcDbLine
 10
2870.636559112825
 20
1431.465783738615
 30
0.0
 11
2872.201302037714
 21
1432.581469118234
 31
0.0
  0
LINE
  5
ED4
330
E61
100
AcDbEntity
  8
0
 62
   252
100
AcDbLine
 10
2874.304453750716
 20
1434.081048109769
 30
0.0
 11
2872.739710825826
 21
1432.965362730149
 31
0.0
  0
INSERT
  5
ED5
330
E61
100
AcDbEntity
  8
0
 62
   252
100
AcDbBlockReference
  2
_OBLIQUE
 10
2870.636559112825
 20
1431.465783738615
 30
0.0
 41
0.06
 42
0.06
 43
0.06
 50
215.4894439869781
  0
INSERT
  5
ED6
330
E61
100
AcDbEntity
  8
0
 62
   252
100
AcDbBlockReference
  2
_OBLIQUE
 10
2874.304453750716
 20
1434.081048109769
 30
0.0
 41
0.06
 42
0.06
 43
0.06
 50
35.48944398697808
  0
MTEXT
  5
ED7
330
E61
100
AcDbEntity
  8
0
 62
     1
100
AcDbMText
 10
2872.47050643177
 20
1432.773415924192
 30
0.0
 40
0.2
 41
0.0
 71
     5
 72
     1
  1
\A1;4.505
  7
AN
 11
0.8142224916156015
 21
0.5805529555064567
 31
0.0
  0
POINT
  5
ED8
330
E61
100
AcDbEntity
  8
DEFPOINTS
 62
     0
100
AcDbPoint
 10
2870.636559112825
 20
1431.465783738615
 30
0.0
  0
POINT
  5
ED9
330
E61
100
AcDbEntity
  8
DEFPOINTS
 62
     0
100
AcDbPoint
 10
2874.304453750716
 20
1434.081048109769
 30
0.0
  0
POINT
  5
EDA
330
E61
100
AcDbEntity
  8
DEFPOINTS
 62
     0
100
AcDbPoint
 10
2874.304453750716
 20
1434.081048109769
 30
0.0
  0
ENDBLK
  5
E63
330
E61
100
AcDbEntity
  8
0
100
AcDbBlockEnd
  0
BLOCK
  5
E7D
330
E7C
100
AcDbEntity
  8
0
100
AcDbBlockBegin
  2
*D30
 70
     1
 10
0.0
 20
0.0
 30
0.0
  3
*D30
  1

  0
LINE
  5
EEB
330
E7C
100
AcDbEntity
  8
0
 62
   252
100
AcDbLine
 10
2885.084346882359
 20
1444.68104810979
 30
0.0
 11
2885.084346882359
 21
1443.507446472683
 31
0.0
  0
LINE
  5
EEC
330
E7C
100
AcDbEntity
  8
0
 62
   252
100
AcDbLine
 10
2885.084346882359
 20
1441.68104810979
 30
0.0
 11
2885.084346882359
 21
1442.854649746898
 31
0.0
  0
INSERT
  5
EED
330
E7C
100
AcDbEntity
  8
0
 62
   252
100
AcDbBlockReference
  2
_OBLIQUE
 10
2885.084346882359
 20
1444.68104810979
 30
0.0
 41
0.06
 42
0.06
 43
0.06
 50
90.0
  0
INSERT
  5
EEE
330
E7C
100
AcDbEntity
  8
0
 62
   252
100
AcDbBlockReference
  2
_OBLIQUE
 10
2885.084346882359
 20
1441.68104810979
 30
0.0
 41
0.06
 42
0.06
 43
0.06
 50
270.0
  0
MTEXT
  5
EEF
330
E7C
100
AcDbEntity
  8
0
 62
     1
100
AcDbMText
 10
2885.084346882359
 20
1443.181048109789
 30
0.0
 40
0.2
 41
0.0
 71
     5
 72
     1
  1
\A1;3.000
  7
AN
 11
6.123233995736766E-17
 21
1.0
 31
0.0
  0
POINT
  5
EF0
330
E7C
100
AcDbEntity
  8
DEFPOINTS
 62
     0
100
AcDbPoint
 10
2885.075213420278
 20
1444.68104810979
 30
0.0
  0
POINT
  5
EF1
330
E7C
100
AcDbEntity
  8
DEFPOINTS
 62
     0
100
AcDbPoint
 10
2885.075213420284
 20
1441.68104810979
 30
0.0
  0
POINT
  5
EF2
330
E7C
100
AcDbEntity
  8
DEFPOINTS
 62
     0
100
AcDbPoint
 10
2885.084346882359
 20
1441.68104810979
 30
0.0
  0
ENDBLK
  5
E7E
330
E7C
100
AcDbEntity
  8
0
100
AcDbBlockEnd
  0
BLOCK
  5
E88
330
E87
100
AcDbEntity
  8
0
100
AcDbBlockBegin
  2
*D31
 70
     1
 10
0.0
 20
0.0
 30
0.0
  3
*D31
  1

  0
LINE
  5
E8A
330
E87
100
AcDbEntity
  8
0
 62
   252
100
AcDbLine
 10
2903.091154227847
 20
1403.563952049748
 30
0.0
 11
2903.091154227847
 21
1402.390350412639
 31
0.0
  0
LINE
  5
E8B
330
E87
100
AcDbEntity
  8
0
 62
   252
100
AcDbLine
 10
2903.091154227847
 20
1400.563952049747
 30
0.0
 11
2903.091154227847
 21
1401.737553686855
 31
0.0
  0
INSERT
  5
E8C
330
E87
100
AcDbEntity
  8
0
 62
   252
100
AcDbBlockReference
  2
_OBLIQUE
 10
2903.091154227847
 20
1403.563952049748
 30
0.0
 41
0.06
 42
0.06
 43
0.06
 50
90.0
  0
INSERT
  5
E8D
330
E87
100
AcDbEntity
  8
0
 62
   252
100
AcDbBlockReference
  2
_OBLIQUE
 10
2903.091154227847
 20
1400.563952049747
 30
0.0
 41
0.06
 42
0.06
 43
0.06
 50
270.0
  0
MTEXT
  5
E8E
330
E87
100
AcDbEntity
  8
0
 62
     1
100
AcDbMText
 10
2903.091154227847
 20
1402.063952049746
 30
0.0
 40
0.2
 41
0.0
 71
     5
 72
     1
  1
\A1;3.000
  7
AN
 11
6.123233995736766E-17
 21
1.0
 31
0.0
  0
POINT
  5
E8F
330
E87
100
AcDbEntity
  8
DEFPOINTS
 62
     0
100
AcDbPoint
 10
2903.049282894634
 20
1403.563952049748
 30
0.0
  0
POINT
  5
E90
330
E87
100
AcDbEntity
  8
DEFPOINTS
 62
     0
100
AcDbPoint
 10
2903.04928289464
 20
1400.563952049747
 30
0.0
  0
POINT
  5
E91
330
E87
100
AcDbEntity
  8
DEFPOINTS
 62
     0
100
AcDbPoint
 10
2903.091154227847
 20
1400.563952049747
 30
0.0
  0
ENDBLK
  5
E89
330
E87
100
AcDbEntity
  8
0
100
AcDbBlockEnd
  0
BLOCK
  5
E93
330
E92
100
AcDbEntity
  8
0
100
AcDbBlockBegin
  2
*D32
 70
     1
 10
0.0
 20
0.0
 30
0.0
  3
*D32
  1

  0
LINE
  5
E95
330
E92
100
AcDbEntity
  8
0
 62
   252
100
AcDbLine
 10
2886.157897763572
 20
1403.563952049713
 30
0.0
 11
2886.157897763572
 21
1402.390350412605
 31
0.0
  0
LINE
  5
E96
330
E92
100
AcDbEntity
  8
0
 62
   252
100
AcDbLine
 10
2886.157897763572
 20
1400.563952049713
 30
0.0
 11
2886.157897763572
 21
1401.737553686821
 31
0.0
  0
INSERT
  5
E97
330
E92
100
AcDbEntity
  8
0
 62
   252
100
AcDbBlockReference
  2
_OBLIQUE
 10
2886.157897763572
 20
1403.563952049713
 30
0.0
 41
0.06
 42
0.06
 43
0.06
 50
90.0
  0
INSERT
  5
E98
330
E92
100
AcDbEntity
  8
0
 62
   252
100
AcDbBlockReference
  2
_OBLIQUE
 10
2886.157897763572
 20
1400.563952049713
 30
0.0
 41
0.06
 42
0.06
 43
0.06
 50
270.0
  0
MTEXT
  5
E99
330
E92
100
AcDbEntity
  8
0
 62
     1
100
AcDbMText
 10
2886.157897763572
 20
1402.063952049712
 30
0.0
 40
0.2
 41
0.0
 71
     5
 72
     1
  1
\A1;3.000
  7
AN
 11
6.123233995736766E-17
 21
1.0
 31
0.0
  0
POINT
  5
E9A
330
E92
100
AcDbEntity
  8
DEFPOINTS
 62
     0
100
AcDbPoint
 10
2886.214282894633
 20
1403.563952049713
 30
0.0
  0
POINT
  5
E9B
330
E92
100
AcDbEntity
  8
DEFPOINTS
 62
     0
100
AcDbPoint
 10
2886.214282894638
 20
1400.563952049713
 30
0.0
  0
POINT
  5
E9C
330
E92
100
AcDbEntity
  8
DEFPOINTS
 62
     0
100
AcDbPoint
 10
2886.157897763572
 20
1400.563952049713
 30
0.0
  0
ENDBLK
  5
E94
330
E92
100
AcDbEntity
  8
0
100
AcDbBlockEnd
  0
BLOCK
  5
E9E
330
E9D
100
AcDbEntity
  8
0
100
AcDbBlockBegin
  2
*D33
 70
     1
 10
0.0
 20
0.0
 30
0.0
  3
*D33
  1

  0
LINE
  5
EE3
330
E9D
100
AcDbEntity
  8
0
 62
   252
100
AcDbLine
 10
2908.734282894619
 20
1410.787121452509
 30
0.0
 11
2909.907884531726
 21
1410.787121452509
 31
0.0
  0
LINE
  5
EE4
330
E9D
100
AcDbEntity
  8
0
 62
   252
100
AcDbLine
 10
2911.734282894618
 20
1410.787121452509
 30
0.0
 11
2910.560681257511
 21
1410.787121452509
 31
0.0
  0
INSERT
  5
EE5
330
E9D
100
AcDbEntity
  8
0
 62
   252
100
AcDbBlockReference
  2
_OBLIQUE
 10
2908.734282894619
 20
1410.787121452509
 30
0.0
 41
0.06
 42
0.06
 43
0.06
 50
180.0
  0
INSERT
  5
EE6
330
E9D
100
AcDbEntity
  8
0
 62
   252
100
AcDbBlockReference
  2
_OBLIQUE
 10
2911.734282894618
 20
1410.787121452509
 30
0.0
 41
0.06
 42
0.06
 43
0.06
  0
MTEXT
  5
EE7
330
E9D
100
AcDbEntity
  8
0
 62
     1
100
AcDbMText
 10
2910.234282894618
 20
1410.787121452509
 30
0.0
 40
0.2
 41
0.0
 71
     5
 72
     1
  1
\A1;3.000
  7
AN
  0
POINT
  5
EE8
330
E9D
100
AcDbEntity
  8
DEFPOINTS
 62
     0
100
AcDbPoint
 10
2908.734282894619
 20
1410.787121452503
 30
0.0
  0
POINT
  5
EE9
330
E9D
100
AcDbEntity
  8
DEFPOINTS
 62
     0
100
AcDbPoint
 10
2911.734282894618
 20
1410.787121452509
 30
0.0
  0
POINT
  5
EEA
330
E9D
100
AcDbEntity
  8
DEFPOINTS
 62
     0
100
AcDbPoint
 10
2911.734282894618
 20
1410.787121452509
 30
0.0
  0
ENDBLK
  5
E9F
330
E9D
100
AcDbEntity
  8
0
100
AcDbBlockEnd
  0
BLOCK
  5
EA9
330
EA8
100
AcDbEntity
  8
0
100
AcDbBlockBegin
  2
*D34
 70
     1
 10
0.0
 20
0.0
 30
0.0
  3
*D34
  1

  0
LINE
  5
EDB
330
EA8
100
AcDbEntity
  8
0
 62
   252
100
AcDbLine
 10
2885.084346882411
 20
1420.06395204971
 30
0.0
 11
2885.084346882411
 21
1418.890350412602
 31
0.0
  0
LINE
  5
EDC
330
EA8
100
AcDbEntity
  8
0
 62
   252
100
AcDbLine
 10
2885.084346882411
 20
1417.06395204971
 30
0.0
 11
2885.084346882411
 21
1418.237553686818
 31
0.0
  0
INSERT
  5
EDD
330
EA8
100
AcDbEntity
  8
0
 62
   252
100
AcDbBlockReference
  2
_OBLIQUE
 10
2885.084346882411
 20
1420.06395204971
 30
0.0
 41
0.06
 42
0.06
 43
0.06
 50
90.0
  0
INSERT
  5
EDE
330
EA8
100
AcDbEntity
  8
0
 62
   252
100
AcDbBlockReference
  2
_OBLIQUE
 10
2885.084346882411
 20
1417.06395204971
 30
0.0
 41
0.06
 42
0.06
 43
0.06
 50
270.0
  0
MTEXT
  5
EDF
330
EA8
100
AcDbEntity
  8
0
 62
     1
100
AcDbMText
 10
2885.084346882411
 20
1418.563952049709
 30
0.0
 40
0.2
 41
0.0
 71
     5
 72
     1
  1
\A1;3.000
  7
AN
 11
6.123233995736766E-17
 21
1.0
 31
0.0
  0
POINT
  5
EE0
330
EA8
100
AcDbEntity
  8
DEFPOINTS
 62
     0
100
AcDbPoint
 10
2885.075213420328
 20
1420.06395204971
 30
0.0
  0
POINT
  5
EE1
330
EA8
100
AcDbEntity
  8
DEFPOINTS
 62
     0
100
AcDbPoint
 10
2885.075213420334
 20
1417.06395204971
 30
0.0
  0
POINT
  5
EE2
330
EA8
100
AcDbEntity
  8
DEFPOINTS
 62
     0
100
AcDbPoint
 10
2885.084346882411
 20
1417.06395204971
 30
0.0
  0
ENDBLK
  5
EAA
330
EA8
100
AcDbEntity
  8
0
100
AcDbBlockEnd
  0
ENDSEC
  0
SECTION
  2
ENTITIES
  0
LINE
  5
8CE
102
{ACAD_REACTORS
330
A3D
102
}
330
1F
100
AcDbEntity
  8
0
100
AcDbLine
 10
2860.6742828946
 20
1420.063952049661
 30
0.0
 11
2911.7342828946
 21
1420.063952049763
 31
0.0
  0
LINE
  5
8CF
102
{ACAD_REACTORS
330
A1F
102
}
330
1F
100
AcDbEntity
  8
0
100
AcDbLine
 10
2911.7342828946
 20
1420.063952049763
 30
0.0
 11
2911.734282894639
 21
1400.563952049763
 31
0.0
  0
LINE
  5
8D0
102
{ACAD_REACTORS
330
A19
330
A1C
102
}
330
1F
100
AcDbEntity
  8
0
100
AcDbLine
 10
2911.734282894639
 20
1400.563952049763
 30
0.0
 11
2875.37428289464
 21
1400.56395204969
 31
0.0
  0
LINE
  5
8D1
330
1F
100
AcDbEntity
  8
0
100
AcDbLine
 10
2875.37428289464
 20
1400.56395204969
 30
0.0
 11
2860.6742828946
 21
1420.063952049661
 31
0.0
  0
LINE
  5
8D2
330
1F
100
AcDbEntity
  8
0
100
AcDbLine
 10
2880.664282894621
 20
1409.563952049702
 30
0.0
 11
2880.664282894606
 21
1416.9139520497
 31
0.0
  0
LINE
  5
8D3
330
1F
100
AcDbEntity
  8
0
100
AcDbLine
 10
2883.364282894614
 20
1413.063952049706
 30
0.0
 11
2883.364282894607
 21
1416.913952049706
 31
0.0
  0
LINE
  5
8D4
330
1F
100
AcDbEntity
  8
0
100
AcDbLine
 10
2883.464282894614
 20
1413.063952049706
 30
0.0
 11
2883.464282894606
 21
1416.913952049706
 31
0.0
  0
LINE
  5
8D5
330
1F
100
AcDbEntity
  8
0
100
AcDbLine
 10
2881.864282894618
 20
1411.063952049703
 30
0.0
 11
2881.864282894614
 21
1413.063952049703
 31
0.0
  0
LINE
  5
8D6
330
1F
100
AcDbEntity
  8
0
100
AcDbLine
 10
2881.964282894617
 20
1411.163952049704
 30
0.0
 11
2881.964282894614
 21
1412.963952049703
 31
0.0
  0
LINE
  5
8D7
330
1F
100
AcDbEntity
  8
0
100
AcDbLine
 10
2880.564282894607
 20
1416.063952049701
 30
0.0
 11
2872.073911509218
 21
1416.063952049683
 31
0.0
  0
LINE
  5
8D8
330
1F
100
AcDbEntity
  8
0
100
AcDbLine
 10
2880.564282894608
 20
1415.913952049701
 30
0.0
 11
2872.223911509219
 21
1415.913952049684
 31
0.0
  0
LINE
  5
8D9
330
1F
100
AcDbEntity
  8
0
100
AcDbLine
 10
2872.073911509226
 20
1412.313952049683
 30
0.0
 11
2880.564282894616
 21
1412.313952049701
 31
0.0
  0
LINE
  5
8DA
330
1F
100
AcDbEntity
  8
0
100
AcDbLine
 10
2874.454453750766
 20
1409.563952049689
 30
0.0
 11
2880.564282894621
 21
1409.563952049702
 31
0.0
  0
LINE
  5
8DB
330
1F
100
AcDbEntity
  8
0
100
AcDbLine
 10
2880.664282894621
 20
1409.563952049702
 30
0.0
 11
2891.71428289462
 21
1409.563952049723
 31
0.0
  0
LINE
  5
8DC
330
1F
100
AcDbEntity
  8
0
100
AcDbLine
 10
2876.603915289234
 20
1406.713952049693
 30
0.0
 11
2884.864282894625
 21
1406.713952049709
 31
0.0
  0
LINE
  5
8DD
330
1F
100
AcDbEntity
  8
0
100
AcDbLine
 10
2884.964282894623
 20
1406.71395204971
 30
0.0
 11
2886.214282894624
 21
1406.713952049712
 31
0.0
  0
LINE
  5
8DE
330
1F
100
AcDbEntity
  8
0
100
AcDbLine
 10
2876.453915289234
 20
1406.613952049693
 30
0.0
 11
2886.214282894624
 21
1406.613952049713
 31
0.0
  0
LINE
  5
8DF
330
1F
100
AcDbEntity
  8
0
100
AcDbLine
 10
2872.223911509226
 20
1412.413952049684
 30
0.0
 11
2880.564282894615
 21
1412.413952049701
 31
0.0
  0
LINE
  5
8E0
330
1F
100
AcDbEntity
  8
0
100
AcDbLine
 10
2881.864282894614
 20
1413.063952049703
 30
0.0
 11
2883.464282894613
 21
1413.063952049706
 31
0.0
  0
LINE
  5
8E1
330
1F
100
AcDbEntity
  8
0
100
AcDbLine
 10
2886.264282894618
 20
1411.063952049712
 30
0.0
 11
2886.264282894612
 21
1414.063952049712
 31
0.0
  0
LINE
  5
8E2
330
1F
100
AcDbEntity
  8
0
100
AcDbLine
 10
2886.26428289461
 20
1414.613952049712
 30
0.0
 11
2886.264282894605
 21
1417.063952049712
 31
0.0
  0
LINE
  5
8E3
330
1F
100
AcDbEntity
  8
0
100
AcDbLine
 10
2887.164282894618
 20
1411.063952049714
 30
0.0
 11
2887.164282894618
 21
1411.163952049714
 31
0.0
  0
LINE
  5
8E4
330
1F
100
AcDbEntity
  8
0
100
AcDbLine
 10
2887.164282894608
 20
1415.713952049714
 30
0.0
 11
2887.164282894608
 21
1415.863952049714
 31
0.0
  0
LINE
  5
8E5
330
1F
100
AcDbEntity
  8
0
100
AcDbLine
 10
2889.114282894618
 20
1411.063952049718
 30
0.0
 11
2889.114282894614
 21
1412.963952049718
 31
0.0
  0
LINE
  5
8E6
330
1F
100
AcDbEntity
  8
0
100
AcDbLine
 10
2889.114282894612
 20
1413.863952049718
 30
0.0
 11
2889.114282894609
 21
1415.713952049718
 31
0.0
  0
LINE
  5
8E7
330
1F
100
AcDbEntity
  8
0
100
AcDbLine
 10
2889.114282894609
 20
1415.863952049718
 30
0.0
 11
2889.114282894606
 21
1416.963952049718
 31
0.0
  0
LINE
  5
8E8
330
1F
100
AcDbEntity
  8
0
100
AcDbLine
 10
2889.264282894617
 20
1411.213952049719
 30
0.0
 11
2889.264282894615
 21
1412.813952049718
 31
0.0
  0
LINE
  5
8E9
330
1F
100
AcDbEntity
  8
0
100
AcDbLine
 10
2890.964282894617
 20
1411.213952049721
 30
0.0
 11
2890.964282894617
 21
1411.538952049722
 31
0.0
  0
LINE
  5
8EA
330
1F
100
AcDbEntity
  8
0
100
AcDbLine
 10
2890.964282894615
 20
1412.438952049722
 30
0.0
 11
2890.964282894614
 21
1412.813952049722
 31
0.0
  0
LINE
  5
8EB
330
1F
100
AcDbEntity
  8
0
 62
     1
100
AcDbLine
 10
2891.114282894618
 20
1411.538952049722
 30
0.0
 11
2891.114282894616
 21
1412.438952049722
 31
0.0
  0
LINE
  5
8EC
330
1F
100
AcDbEntity
  8
0
100
AcDbLine
 10
2889.214282894613
 20
1413.863952049718
 30
0.0
 11
2889.214282894605
 21
1416.963952049718
 31
0.0
  0
LINE
  5
8ED
330
1F
100
AcDbEntity
  8
0
100
AcDbLine
 10
2890.114282894609
 20
1415.713952049719
 30
0.0
 11
2890.114282894608
 21
1415.86395204972
 31
0.0
  0
LINE
  5
8EE
330
1F
100
AcDbEntity
  8
0
100
AcDbLine
 10
2891.964282894613
 20
1412.963952049724
 30
0.0
 11
2891.964282894608
 21
1415.713952049724
 31
0.0
  0
LINE
  5
8EF
330
1F
100
AcDbEntity
  8
0
100
AcDbLine
 10
2891.964282894607
 20
1415.863952049724
 30
0.0
 11
2891.964282894605
 21
1417.063952049723
 31
0.0
  0
LINE
  5
8F0
330
1F
100
AcDbEntity
  8
0
100
AcDbLine
 10
2892.114282894614
 20
1412.813952049723
 30
0.0
 11
2892.114282894606
 21
1416.913952049724
 31
0.0
  0
LINE
  5
8F1
330
1F
100
AcDbEntity
  8
0
100
AcDbLine
 10
2894.514282894617
 20
1411.063952049729
 30
0.0
 11
2894.514282894605
 21
1416.913952049729
 31
0.0
  0
LINE
  5
8F2
330
1F
100
AcDbEntity
  8
0
100
AcDbLine
 10
2894.664282894617
 20
1411.163952049729
 30
0.0
 11
2894.664282894606
 21
1417.063952049729
 31
0.0
  0
LINE
  5
8F3
330
1F
100
AcDbEntity
  8
0
100
AcDbLine
 10
2886.164282894618
 20
1411.163952049712
 30
0.0
 11
2886.164282894611
 21
1414.063952049712
 31
0.0
  0
LINE
  5
8F4
330
1F
100
AcDbEntity
  8
0
100
AcDbLine
 10
2886.164282894611
 20
1414.613952049712
 30
0.0
 11
2886.164282894606
 21
1416.913952049712
 31
0.0
  0
LINE
  5
8F5
330
1F
100
AcDbEntity
  8
0
100
AcDbLine
 10
2885.414282894614
 20
1412.96395204971
 30
0.0
 11
2885.414282894614
 21
1413.063952049711
 31
0.0
  0
LINE
  5
8F6
330
1F
100
AcDbEntity
  8
0
100
AcDbLine
 10
2884.964282894618
 20
1411.06395204971
 30
0.0
 11
2884.964282894613
 21
1413.06395204971
 31
0.0
  0
LINE
  5
8F7
330
1F
100
AcDbEntity
  8
0
100
AcDbLine
 10
2884.764282894612
 20
1413.813952049709
 30
0.0
 11
2884.764282894612
 21
1414.063952049709
 31
0.0
  0
LINE
  5
8F8
330
1F
100
AcDbEntity
  8
0
100
AcDbLine
 10
2884.864282894618
 20
1411.163952049709
 30
0.0
 11
2884.864282894614
 21
1412.963952049709
 31
0.0
  0
LINE
  5
8F9
330
1F
100
AcDbEntity
  8
0
100
AcDbLine
 10
2884.664282894611
 20
1413.813952049709
 30
0.0
 11
2884.664282894611
 21
1413.963952049708
 31
0.0
  0
LINE
  5
8FA
330
1F
100
AcDbEntity
  8
0
100
AcDbLine
 10
2889.114282894609
 20
1415.713952049718
 30
0.0
 11
2887.164282894608
 21
1415.713952049714
 31
0.0
  0
LINE
  5
8FB
330
1F
100
AcDbEntity
  8
0
100
AcDbLine
 10
2889.114282894618
 20
1411.163952049718
 30
0.0
 11
2887.164282894618
 21
1411.163952049714
 31
0.0
  0
LINE
  5
8FC
330
1F
100
AcDbEntity
  8
0
100
AcDbLine
 10
2886.164282894618
 20
1411.163952049712
 30
0.0
 11
2884.964282894618
 21
1411.163952049709
 31
0.0
  0
LINE
  5
8FD
330
1F
100
AcDbEntity
  8
0
100
AcDbLine
 10
2884.864282894618
 20
1411.163952049709
 30
0.0
 11
2881.964282894617
 21
1411.163952049704
 31
0.0
  0
LINE
  5
8FE
330
1F
100
AcDbEntity
  8
0
100
AcDbLine
 10
2885.414282894614
 20
1412.96395204971
 30
0.0
 11
2884.964282894614
 21
1412.963952049709
 31
0.0
  0
LINE
  5
8FF
330
1F
100
AcDbEntity
  8
0
100
AcDbLine
 10
2884.864282894614
 20
1412.963952049709
 30
0.0
 11
2881.964282894614
 21
1412.963952049703
 31
0.0
  0
LINE
  5
900
330
1F
100
AcDbEntity
  8
0
100
AcDbLine
 10
2885.414282894613
 20
1413.063952049711
 30
0.0
 11
2883.364282894614
 21
1413.063952049706
 31
0.0
  0
LINE
  5
901
330
1F
100
AcDbEntity
  8
0
100
AcDbLine
 10
2884.764282894612
 20
1413.813952049709
 30
0.0
 11
2884.664282894612
 21
1413.813952049709
 31
0.0
  0
LINE
  5
902
330
1F
100
AcDbEntity
  8
0
100
AcDbLine
 10
2884.664282894611
 20
1413.963952049708
 30
0.0
 11
2883.464282894613
 21
1413.963952049707
 31
0.0
  0
LINE
  5
903
330
1F
100
AcDbEntity
  8
0
100
AcDbLine
 10
2884.764282894612
 20
1414.063952049709
 30
0.0
 11
2883.464282894612
 21
1414.063952049706
 31
0.0
  0
LINE
  5
904
330
1F
100
AcDbEntity
  8
0
100
AcDbLine
 10
2889.114282894618
 20
1411.063952049718
 30
0.0
 11
2887.164282894618
 21
1411.063952049714
 31
0.0
  0
LINE
  5
905
330
1F
100
AcDbEntity
  8
0
100
AcDbLine
 10
2886.264282894617
 20
1411.063952049712
 30
0.0
 11
2880.564282894618
 21
1411.063952049701
 31
0.0
  0
LINE
  5
906
330
1F
100
AcDbEntity
  8
0
100
AcDbLine
 10
2889.114282894608
 20
1415.863952049718
 30
0.0
 11
2887.164282894608
 21
1415.863952049714
 31
0.0
  0
LINE
  5
907
330
1F
100
AcDbEntity
  8
0
 62
     1
100
AcDbLine
 10
2891.964282894605
 20
1416.963952049724
 30
0.0
 11
2889.214282894605
 21
1416.963952049718
 31
0.0
  0
LINE
  5
908
330
1F
100
AcDbEntity
  8
0
 62
     1
100
AcDbLine
 10
2889.114282894606
 20
1416.963952049718
 30
0.0
 11
2886.264282894605
 21
1416.963952049712
 31
0.0
  0
LINE
  5
909
330
1F
100
AcDbEntity
  8
0
 62
     1
100
AcDbLine
 10
2891.964282894605
 20
1417.063952049723
 30
0.0
 11
2889.114282894605
 21
1417.063952049718
 31
0.0
  0
LINE
  5
90A
330
1F
100
AcDbEntity
  8
0
 62
     7
100
AcDbLine
 10
2892.114282894608
 20
1415.863952049724
 30
0.0
 11
2890.114282894608
 21
1415.86395204972
 31
0.0
  0
LINE
  5
90B
330
1F
100
AcDbEntity
  8
0
 62
     7
100
AcDbLine
 10
2891.964282894607
 20
1415.713952049724
 30
0.0
 11
2890.114282894608
 21
1415.713952049719
 31
0.0
  0
LINE
  5
90C
330
1F
100
AcDbEntity
  8
0
 62
     7
100
AcDbLine
 10
2891.964282894613
 20
1412.963952049724
 30
0.0
 11
2889.114282894614
 21
1412.963952049718
 31
0.0
  0
LINE
  5
90D
330
1F
100
AcDbEntity
  8
0
 62
     7
100
AcDbLine
 10
2889.214282894612
 20
1413.863952049718
 30
0.0
 11
2889.114282894612
 21
1413.863952049718
 31
0.0
  0
LINE
  5
90E
330
1F
100
AcDbEntity
  8
0
 62
     7
100
AcDbLine
 10
2892.114282894614
 20
1412.813952049724
 30
0.0
 11
2891.114282894614
 21
1412.813952049722
 31
0.0
  0
LINE
  5
90F
330
1F
100
AcDbEntity
  8
0
 62
     7
100
AcDbLine
 10
2890.964282894614
 20
1412.813952049722
 30
0.0
 11
2889.264282894615
 21
1412.813952049718
 31
0.0
  0
LINE
  5
910
330
1F
100
AcDbEntity
  8
0
 62
     7
100
AcDbLine
 10
2890.964282894617
 20
1411.213952049721
 30
0.0
 11
2889.264282894617
 21
1411.213952049719
 31
0.0
  0
LINE
  5
911
330
1F
100
AcDbEntity
  8
0
 62
     7
100
AcDbLine
 10
2891.114282894618
 20
1411.063952049722
 30
0.0
 11
2889.114282894618
 21
1411.063952049718
 31
0.0
  0
LINE
  5
912
330
1F
100
AcDbEntity
  8
0
 62
     1
100
AcDbLine
 10
2889.114282894605
 20
1417.063952049718
 30
0.0
 11
2886.264282894605
 21
1417.063952049712
 31
0.0
  0
LINE
  5
913
102
{ACAD_REACTORS
330
A3D
102
}
330
1F
100
AcDbEntity
  8
0
100
AcDbLine
 10
2886.264282894605
 20
1417.063952049712
 30
0.0
 11
2880.564282894606
 21
1417.063952049701
 31
0.0
  0
LINE
  5
914
330
1F
100
AcDbEntity
  8
0
100
AcDbLine
 10
2886.264282894605
 20
1416.913952049712
 30
0.0
 11
2883.464282894606
 21
1416.913952049706
 31
0.0
  0
LINE
  5
915
330
1F
100
AcDbEntity
  8
0
100
AcDbLine
 10
2883.364282894607
 20
1416.913952049706
 30
0.0
 11
2880.664282894606
 21
1416.9139520497
 31
0.0
  0
LINE
  5
916
330
1F
100
AcDbEntity
  8
0
 62
     1
100
AcDbLine
 10
2881.964282894614
 20
1412.963952049703
 30
0.0
 11
2884.864282894618
 21
1411.163952049709
 31
0.0
  0
LINE
  5
917
330
1F
100
AcDbEntity
  8
0
 62
     1
100
AcDbLine
 10
2881.964282894617
 20
1411.163952049704
 30
0.0
 11
2884.864282894614
 21
1412.963952049709
 31
0.0
  0
LINE
  5
918
330
1F
100
AcDbEntity
  8
0
 62
     1
100
AcDbLine
 10
2885.414282894614
 20
1413.063952049711
 30
0.0
 11
2886.164282894614
 21
1413.063952049712
 31
0.0
  0
LINE
  5
919
330
1F
100
AcDbEntity
  8
0
100
AcDbLine
 10
2886.164282894614
 20
1413.063952049712
 30
0.0
 11
2886.264282894614
 21
1413.063952049712
 31
0.0
  0
LINE
  5
91A
330
1F
100
AcDbEntity
  8
0
 62
     1
100
AcDbLine
 10
2884.764282894612
 20
1413.813952049709
 30
0.0
 11
2884.764282894614
 21
1413.063952049709
 31
0.0
  0
LINE
  5
91B
330
1F
100
AcDbEntity
  8
0
 62
     1
100
AcDbLine
 10
2887.164282894608
 20
1415.863952049714
 30
0.0
 11
2886.264282894608
 21
1415.863952049712
 31
0.0
  0
LINE
  5
91C
330
1F
100
AcDbEntity
  8
0
100
AcDbLine
 10
2886.26428289461
 20
1414.613952049712
 30
0.0
 11
2886.164282894611
 21
1414.613952049712
 31
0.0
  0
LINE
  5
91D
330
1F
100
AcDbEntity
  8
0
 62
     1
100
AcDbLine
 10
2890.114282894608
 20
1415.86395204972
 30
0.0
 11
2889.214282894608
 21
1415.863952049718
 31
0.0
  0
LINE
  5
91E
330
1F
100
AcDbEntity
  8
0
 62
     1
100
AcDbLine
 10
2886.264282894618
 20
1411.063952049712
 30
0.0
 11
2887.164282894618
 21
1411.063952049714
 31
0.0
  0
LINE
  5
91F
330
1F
100
AcDbEntity
  8
0
100
AcDbLine
 10
2890.964282894617
 20
1411.538952049722
 30
0.0
 11
2891.114282894618
 21
1411.538952049722
 31
0.0
  0
LINE
  5
920
330
1F
100
AcDbEntity
  8
0
100
AcDbLine
 10
2890.964282894615
 20
1412.438952049722
 30
0.0
 11
2891.114282894616
 21
1412.438952049722
 31
0.0
  0
LINE
  5
921
330
1F
100
AcDbEntity
  8
0
100
AcDbLine
 10
2891.964282894605
 20
1417.063952049723
 30
0.0
 11
2894.664282894606
 21
1417.063952049729
 31
0.0
  0
LINE
  5
922
330
1F
100
AcDbEntity
  8
0
100
AcDbLine
 10
2892.114282894606
 20
1416.913952049724
 30
0.0
 11
2894.514282894605
 21
1416.913952049729
 31
0.0
  0
LINE
  5
923
330
1F
100
AcDbEntity
  8
0
 62
     1
100
AcDbLine
 10
2892.114282894609
 20
1415.713952049724
 30
0.0
 11
2894.514282894608
 21
1415.713952049729
 31
0.0
  0
LINE
  5
924
330
1F
100
AcDbEntity
  8
0
 62
     1
100
AcDbLine
 10
2892.114282894609
 20
1415.463952049724
 30
0.0
 11
2894.514282894608
 21
1415.463952049729
 31
0.0
  0
LINE
  5
925
330
1F
100
AcDbEntity
  8
0
 62
     1
100
AcDbLine
 10
2892.114282894609
 20
1415.213952049724
 30
0.0
 11
2894.514282894609
 21
1415.213952049729
 31
0.0
  0
LINE
  5
926
330
1F
100
AcDbEntity
  8
0
 62
     1
100
AcDbLine
 10
2892.114282894609
 20
1414.963952049724
 30
0.0
 11
2894.514282894609
 21
1414.963952049729
 31
0.0
  0
LINE
  5
927
330
1F
100
AcDbEntity
  8
0
 62
     1
100
AcDbLine
 10
2892.11428289461
 20
1414.713952049724
 30
0.0
 11
2894.51428289461
 21
1414.713952049729
 31
0.0
  0
LINE
  5
928
330
1F
100
AcDbEntity
  8
0
 62
     1
100
AcDbLine
 10
2892.11428289461
 20
1414.463952049724
 30
0.0
 11
2894.51428289461
 21
1414.463952049729
 31
0.0
  0
LINE
  5
929
330
1F
100
AcDbEntity
  8
0
 62
     1
100
AcDbLine
 10
2892.114282894611
 20
1414.213952049724
 30
0.0
 11
2894.514282894611
 21
1414.213952049729
 31
0.0
  0
LINE
  5
92A
330
1F
100
AcDbEntity
  8
0
 62
     1
100
AcDbLine
 10
2892.114282894612
 20
1413.963952049724
 30
0.0
 11
2894.514282894612
 21
1413.963952049729
 31
0.0
  0
LINE
  5
92B
330
1F
100
AcDbEntity
  8
0
 62
     1
100
AcDbLine
 10
2892.114282894612
 20
1413.713952049724
 30
0.0
 11
2894.664282894612
 21
1413.713952049729
 31
0.0
  0
LINE
  5
92C
330
1F
100
AcDbEntity
  8
0
 62
     1
100
AcDbLine
 10
2893.314282894612
 20
1413.713952049727
 30
0.0
 11
2893.314282894607
 21
1415.713952049727
 31
0.0
  0
LINE
  5
92D
330
1F
100
AcDbEntity
  8
0
100
AcDbLine
 10
2897.414282894617
 20
1411.063952049734
 30
0.0
 11
2897.414282894611
 21
1414.163952049735
 31
0.0
  0
LINE
  5
92E
330
1F
100
AcDbEntity
  8
0
100
AcDbLine
 10
2896.514282894617
 20
1411.063952049733
 30
0.0
 11
2896.514282894617
 21
1411.163952049733
 31
0.0
  0
LINE
  5
92F
330
1F
100
AcDbEntity
  8
0
100
AcDbLine
 10
2897.414282894611
 20
1415.063952049735
 30
0.0
 11
2897.414282894607
 21
1417.063952049734
 31
0.0
  0
LINE
  5
930
330
1F
100
AcDbEntity
  8
0
100
AcDbLine
 10
2896.514282894607
 20
1415.713952049733
 30
0.0
 11
2896.514282894607
 21
1415.863952049733
 31
0.0
  0
LINE
  5
931
330
1F
100
AcDbEntity
  8
0
100
AcDbLine
 10
2897.514282894617
 20
1411.163952049735
 30
0.0
 11
2897.514282894611
 21
1414.163952049735
 31
0.0
  0
LINE
  5
932
330
1F
100
AcDbEntity
  8
0
100
AcDbLine
 10
2898.264282894613
 20
1413.063952049736
 30
0.0
 11
2898.264282894614
 21
1413.163952049737
 31
0.0
  0
LINE
  5
933
330
1F
100
AcDbEntity
  8
0
100
AcDbLine
 10
2897.514282894609
 20
1415.063952049735
 30
0.0
 11
2897.514282894605
 21
1416.913952049735
 31
0.0
  0
LINE
  5
934
330
1F
100
AcDbEntity
  8
0
100
AcDbLine
 10
2898.614282894618
 20
1411.163952049737
 30
0.0
 11
2898.614282894612
 21
1413.313952049737
 31
0.0
  0
LINE
  5
935
330
1F
100
AcDbEntity
  8
0
100
AcDbLine
 10
2898.61428289461
 20
1414.063952049737
 30
0.0
 11
2898.61428289461
 21
1414.163952049737
 31
0.0
  0
LINE
  5
936
330
1F
100
AcDbEntity
  8
0
100
AcDbLine
 10
2898.714282894618
 20
1411.163952049737
 30
0.0
 11
2898.714282894613
 21
1413.063952049737
 31
0.0
  0
LINE
  5
937
330
1F
100
AcDbEntity
  8
0
100
AcDbLine
 10
2898.714282894613
 20
1413.163952049737
 30
0.0
 11
2898.714282894613
 21
1413.313952049737
 31
0.0
  0
LINE
  5
938
330
1F
100
AcDbEntity
  8
0
100
AcDbLine
 10
2899.964282894614
 20
1413.163952049739
 30
0.0
 11
2899.964282894613
 21
1414.06395204974
 31
0.0
  0
LINE
  5
939
330
1F
100
AcDbEntity
  8
0
100
AcDbLine
 10
2900.064282894615
 20
1413.06395204974
 30
0.0
 11
2900.064282894612
 21
1414.06395204974
 31
0.0
  0
LINE
  5
93A
330
1F
100
AcDbEntity
  8
0
100
AcDbLine
 10
2894.664282894608
 20
1415.713952049729
 30
0.0
 11
2896.514282894608
 21
1415.713952049733
 31
0.0
  0
LINE
  5
93B
330
1F
100
AcDbEntity
  8
0
100
AcDbLine
 10
2894.664282894617
 20
1411.163952049729
 30
0.0
 11
2896.514282894617
 21
1411.163952049733
 31
0.0
  0
LINE
  5
93C
330
1F
100
AcDbEntity
  8
0
100
AcDbLine
 10
2897.514282894617
 20
1411.163952049735
 30
0.0
 11
2898.614282894618
 21
1411.163952049737
 31
0.0
  0
LINE
  5
93D
330
1F
100
AcDbEntity
  8
0
100
AcDbLine
 10
2898.264282894614
 20
1413.063952049736
 30
0.0
 11
2898.614282894613
 21
1413.063952049737
 31
0.0
  0
LINE
  5
93E
330
1F
100
AcDbEntity
  8
0
100
AcDbLine
 10
2898.714282894613
 20
1413.063952049737
 30
0.0
 11
2902.264282894615
 21
1413.063952049744
 31
0.0
  0
LINE
  5
93F
330
1F
100
AcDbEntity
  8
0
100
AcDbLine
 10
2902.264282894614
 20
1413.063952049744
 30
0.0
 11
2903.564282894615
 21
1413.063952049747
 31
0.0
  0
LINE
  5
940
330
1F
100
AcDbEntity
  8
0
100
AcDbLine
 10
2898.264282894614
 20
1413.163952049737
 30
0.0
 11
2898.614282894613
 21
1413.163952049737
 31
0.0
  0
LINE
  5
941
330
1F
100
AcDbEntity
  8
0
100
AcDbLine
 10
2898.614282894613
 20
1413.163952049737
 30
0.0
 11
2899.964282894614
 21
1413.163952049739
 31
0.0
  0
LINE
  5
942
330
1F
100
AcDbEntity
  8
0
100
AcDbLine
 10
2902.364282894614
 20
1413.163952049745
 30
0.0
 11
2903.564282894615
 21
1413.163952049747
 31
0.0
  0
LINE
  5
943
330
1F
100
AcDbEntity
  8
0
100
AcDbLine
 10
2894.514282894617
 20
1411.063952049729
 30
0.0
 11
2896.514282894617
 21
1411.063952049733
 31
0.0
  0
LINE
  5
944
330
1F
100
AcDbEntity
  8
0
100
AcDbLine
 10
2897.414282894617
 20
1411.063952049734
 30
0.0
 11
2903.664282894618
 21
1411.063952049747
 31
0.0
  0
LINE
  5
945
330
1F
100
AcDbEntity
  8
0
100
AcDbLine
 10
2894.664282894608
 20
1415.863952049729
 30
0.0
 11
2896.514282894608
 21
1415.863952049733
 31
0.0
  0
LINE
  5
946
330
1F
100
AcDbEntity
  8
0
 62
     1
100
AcDbLine
 10
2894.664282894605
 20
1416.963952049729
 30
0.0
 11
2897.414282894606
 21
1416.963952049735
 31
0.0
  0
LINE
  5
947
330
1F
100
AcDbEntity
  8
0
 62
     1
100
AcDbLine
 10
2894.664282894606
 20
1417.063952049729
 30
0.0
 11
2897.414282894607
 21
1417.063952049734
 31
0.0
  0
LINE
  5
948
330
1F
100
AcDbEntity
  8
0
 62
     1
100
AcDbLine
 10
2896.514282894608
 20
1415.863952049733
 30
0.0
 11
2897.414282894608
 21
1415.863952049735
 31
0.0
  0
LINE
  5
949
330
1F
100
AcDbEntity
  8
0
100
AcDbLine
 10
2899.964282894613
 20
1414.06395204974
 30
0.0
 11
2899.964282894612
 21
1414.16395204974
 31
0.0
  0
LINE
  5
94A
330
1F
100
AcDbEntity
  8
0
100
AcDbLine
 10
2899.96428289461
 20
1415.06395204974
 30
0.0
 11
2899.964282894607
 21
1416.913952049739
 31
0.0
  0
LINE
  5
94B
330
1F
100
AcDbEntity
  8
0
100
AcDbLine
 10
2900.06428289461
 20
1415.06395204974
 30
0.0
 11
2900.064282894607
 21
1416.91395204974
 31
0.0
  0
LINE
  5
94C
330
1F
100
AcDbEntity
  8
0
100
AcDbLine
 10
2902.854282894612
 20
1414.163952049746
 30
0.0
 11
2902.854282894607
 21
1416.913952049746
 31
0.0
  0
LINE
  5
94D
330
1F
100
AcDbEntity
  8
0
100
AcDbLine
 10
2902.954282894612
 20
1414.163952049746
 30
0.0
 11
2902.954282894606
 21
1416.913952049746
 31
0.0
  0
LINE
  5
94E
330
1F
100
AcDbEntity
  8
0
100
AcDbLine
 10
2905.734282894612
 20
1414.113952049752
 30
0.0
 11
2905.734282894606
 21
1416.913952049751
 31
0.0
  0
LINE
  5
94F
330
1F
100
AcDbEntity
  8
0
100
AcDbLine
 10
2905.834282894612
 20
1414.113952049752
 30
0.0
 11
2905.834282894606
 21
1417.063952049752
 31
0.0
  0
LINE
  5
950
330
1F
100
AcDbEntity
  8
0
100
AcDbLine
 10
2906.734282894608
 20
1415.913952049754
 30
0.0
 11
2906.734282894608
 21
1416.063952049753
 31
0.0
  0
LINE
  5
951
330
1F
100
AcDbEntity
  8
0
100
AcDbLine
 10
2908.584282894621
 20
1410.363952049757
 30
0.0
 11
2908.584282894614
 21
1413.113952049757
 31
0.0
  0
LINE
  5
952
330
1F
100
AcDbEntity
  8
0
100
AcDbLine
 10
2908.584282894614
 20
1413.213952049758
 30
0.0
 11
2908.584282894608
 21
1415.913952049757
 31
0.0
  0
LINE
  5
953
102
{ACAD_REACTORS
330
A1F
102
}
330
1F
100
AcDbEntity
  8
0
100
AcDbLine
 10
2908.73428289462
 20
1410.263952049758
 30
0.0
 11
2908.734282894608
 21
1416.063952049758
 31
0.0
  0
LINE
  5
954
330
1F
100
AcDbEntity
  8
0
100
AcDbLine
 10
2897.514282894605
 20
1416.913952049735
 30
0.0
 11
2899.964282894607
 21
1416.913952049739
 31
0.0
  0
LINE
  5
955
330
1F
100
AcDbEntity
  8
0
100
AcDbLine
 10
2900.064282894607
 20
1416.91395204974
 30
0.0
 11
2902.854282894607
 21
1416.913952049746
 31
0.0
  0
LINE
  5
956
330
1F
100
AcDbEntity
  8
0
100
AcDbLine
 10
2904.014282894614
 20
1413.213952049748
 30
0.0
 11
2904.014282894614
 21
1413.313952049748
 31
0.0
  0
LINE
  5
957
330
1F
100
AcDbEntity
  8
0
100
AcDbLine
 10
2903.664282894618
 20
1411.063952049747
 30
0.0
 11
2903.664282894614
 21
1413.213952049748
 31
0.0
  0
LINE
  5
958
330
1F
100
AcDbEntity
  8
0
100
AcDbLine
 10
2903.664282894612
 20
1414.063952049747
 30
0.0
 11
2903.664282894611
 21
1414.063952049747
 31
0.0
  0
LINE
  5
959
330
1F
100
AcDbEntity
  8
0
100
AcDbLine
 10
2903.564282894617
 20
1411.163952049747
 30
0.0
 11
2903.564282894614
 21
1413.313952049747
 31
0.0
  0
LINE
  5
95A
330
1F
100
AcDbEntity
  8
0
100
AcDbLine
 10
2902.364282894614
 20
1413.163952049745
 30
0.0
 11
2902.364282894612
 21
1414.163952049745
 31
0.0
  0
LINE
  5
95B
330
1F
100
AcDbEntity
  8
0
100
AcDbLine
 10
2902.264282894615
 20
1413.063952049744
 30
0.0
 11
2902.264282894612
 21
1414.063952049744
 31
0.0
  0
LINE
  5
95C
330
1F
100
AcDbEntity
  8
0
100
AcDbLine
 10
2903.564282894612
 20
1414.063952049747
 30
0.0
 11
2903.564282894612
 21
1414.063952049747
 31
0.0
  0
LINE
  5
95D
330
1F
100
AcDbEntity
  8
0
100
AcDbLine
 10
2904.764282894617
 20
1411.413952049749
 30
0.0
 11
2903.664282894618
 21
1411.413952049747
 31
0.0
  0
LINE
  5
95E
330
1F
100
AcDbEntity
  8
0
100
AcDbLine
 10
2903.564282894617
 20
1411.163952049747
 30
0.0
 11
2898.714282894617
 21
1411.163952049737
 31
0.0
  0
LINE
  5
95F
330
1F
100
AcDbEntity
  8
0
100
AcDbLine
 10
2904.014282894614
 20
1413.213952049748
 30
0.0
 11
2903.664282894613
 21
1413.213952049748
 31
0.0
  0
LINE
  5
960
330
1F
100
AcDbEntity
  8
0
100
AcDbLine
 10
2904.014282894614
 20
1413.313952049748
 30
0.0
 11
2903.564282894614
 21
1413.313952049747
 31
0.0
  0
LINE
  5
961
330
1F
100
AcDbEntity
  8
0
100
AcDbLine
 10
2903.664282894611
 20
1414.063952049747
 30
0.0
 11
2903.564282894613
 21
1414.063952049747
 31
0.0
  0
LINE
  5
962
330
1F
100
AcDbEntity
  8
0
100
AcDbLine
 10
2904.864282894612
 20
1414.06395204975
 30
0.0
 11
2903.664282894611
 21
1414.063952049747
 31
0.0
  0
LINE
  5
963
330
1F
100
AcDbEntity
  8
0
100
AcDbLine
 10
2903.564282894612
 20
1414.063952049747
 30
0.0
 11
2902.364282894612
 21
1414.063952049745
 31
0.0
  0
LINE
  5
964
330
1F
100
AcDbEntity
  8
0
100
AcDbLine
 10
2902.264282894612
 20
1414.063952049744
 30
0.0
 11
2900.064282894612
 21
1414.06395204974
 31
0.0
  0
LINE
  5
965
330
1F
100
AcDbEntity
  8
0
100
AcDbLine
 10
2899.964282894613
 20
1414.06395204974
 30
0.0
 11
2898.614282894611
 21
1414.063952049737
 31
0.0
  0
LINE
  5
966
330
1F
100
AcDbEntity
  8
0
100
AcDbLine
 10
2898.714282894613
 20
1413.313952049737
 30
0.0
 11
2898.614282894612
 21
1413.313952049737
 31
0.0
  0
LINE
  5
967
330
1F
100
AcDbEntity
  8
0
100
AcDbLine
 10
2904.864282894611
 20
1414.163952049749
 30
0.0
 11
2898.61428289461
 21
1414.163952049737
 31
0.0
  0
LINE
  5
968
330
1F
100
AcDbEntity
  8
0
100
AcDbLine
 10
2900.06428289461
 20
1415.06395204974
 30
0.0
 11
2899.96428289461
 21
1415.06395204974
 31
0.0
  0
LINE
  5
969
330
1F
100
AcDbEntity
  8
0
100
AcDbLine
 10
2897.514282894611
 20
1414.163952049735
 30
0.0
 11
2897.414282894612
 21
1414.163952049735
 31
0.0
  0
LINE
  5
96A
330
1F
100
AcDbEntity
  8
0
100
AcDbLine
 10
2897.514282894609
 20
1415.063952049735
 30
0.0
 11
2897.414282894611
 21
1415.063952049735
 31
0.0
  0
LINE
  5
96B
330
1F
100
AcDbEntity
  8
0
100
AcDbLine
 10
2904.764282894617
 20
1411.31395204975
 30
0.0
 11
2903.664282894618
 21
1411.313952049747
 31
0.0
  0
LINE
  5
96C
330
1F
100
AcDbEntity
  8
0
100
AcDbLine
 10
2905.834282894606
 20
1417.063952049752
 30
0.0
 11
2897.414282894607
 21
1417.063952049734
 31
0.0
  0
LINE
  5
96D
330
1F
100
AcDbEntity
  8
0
100
AcDbLine
 10
2905.734282894606
 20
1416.913952049751
 30
0.0
 11
2902.954282894605
 21
1416.913952049746
 31
0.0
  0
LINE
  5
96E
330
1F
100
AcDbEntity
  8
0
 62
     1
100
AcDbLine
 10
2904.014282894614
 20
1413.313952049748
 30
0.0
 11
2904.764282894614
 21
1413.31395204975
 31
0.0
  0
LINE
  5
96F
330
1F
100
AcDbEntity
  8
0
 62
     1
100
AcDbLine
 10
2903.664282894612
 20
1414.063952049747
 30
0.0
 11
2903.664282894613
 21
1413.313952049747
 31
0.0
  0
LINE
  5
970
330
1F
100
AcDbEntity
  8
0
100
AcDbLine
 10
2905.734282894612
 20
1414.113952049752
 30
0.0
 11
2905.834282894612
 21
1414.113952049752
 31
0.0
  0
LINE
  5
971
330
1F
100
AcDbEntity
  8
0
100
AcDbLine
 10
2905.734282894614
 20
1413.213952049752
 30
0.0
 11
2908.584282894613
 21
1413.213952049758
 31
0.0
  0
LINE
  5
972
330
1F
100
AcDbEntity
  8
0
100
AcDbLine
 10
2906.734282894608
 20
1415.913952049754
 30
0.0
 11
2908.584282894608
 21
1415.913952049757
 31
0.0
  0
LINE
  5
973
330
1F
100
AcDbEntity
  8
0
100
AcDbLine
 10
2906.734282894608
 20
1416.063952049753
 30
0.0
 11
2908.734282894608
 21
1416.063952049758
 31
0.0
  0
LINE
  5
974
330
1F
100
AcDbEntity
  8
0
100
AcDbLine
 10
2904.764282894619
 20
1410.26395204975
 30
0.0
 11
2904.764282894619
 21
1410.36395204975
 31
0.0
  0
LINE
  5
975
330
1F
100
AcDbEntity
  8
0
100
AcDbLine
 10
2904.764282894617
 20
1411.26395204975
 30
0.0
 11
2904.764282894614
 21
1413.31395204975
 31
0.0
  0
LINE
  5
976
330
1F
100
AcDbEntity
  8
0
100
AcDbLine
 10
2904.864282894617
 20
1411.26395204975
 30
0.0
 11
2904.864282894613
 21
1413.31395204975
 31
0.0
  0
LINE
  5
977
330
1F
100
AcDbEntity
  8
0
100
AcDbLine
 10
2904.864282894611
 20
1414.06395204975
 30
0.0
 11
2904.864282894611
 21
1414.163952049749
 31
0.0
  0
LINE
  5
978
330
1F
100
AcDbEntity
  8
0
100
AcDbLine
 10
2904.764282894614
 20
1413.31395204975
 30
0.0
 11
2904.864282894613
 21
1413.31395204975
 31
0.0
  0
LINE
  5
979
330
1F
100
AcDbEntity
  8
0
100
AcDbLine
 10
2905.734282894614
 20
1413.213952049752
 30
0.0
 11
2905.734282894614
 21
1413.113952049752
 31
0.0
  0
LINE
  5
97A
330
1F
100
AcDbEntity
  8
0
100
AcDbLine
 10
2905.734282894614
 20
1413.113952049752
 30
0.0
 11
2908.584282894614
 21
1413.113952049757
 31
0.0
  0
LINE
  5
97B
330
1F
100
AcDbEntity
  8
0
100
AcDbLine
 10
2904.764282894619
 20
1410.36395204975
 30
0.0
 11
2908.58428289462
 21
1410.363952049757
 31
0.0
  0
LINE
  5
97C
330
1F
100
AcDbEntity
  8
0
100
AcDbLine
 10
2904.764282894617
 20
1411.26395204975
 30
0.0
 11
2904.864282894618
 21
1411.26395204975
 31
0.0
  0
LINE
  5
97D
330
1F
100
AcDbEntity
  8
0
100
AcDbLine
 10
2904.764282894619
 20
1410.26395204975
 30
0.0
 11
2908.584282894621
 21
1410.263952049758
 31
0.0
  0
LINE
  5
97E
330
1F
100
AcDbEntity
  8
0
100
AcDbLine
 10
2904.764282894621
 20
1409.36395204975
 30
0.0
 11
2904.86428289462
 21
1409.36395204975
 31
0.0
  0
LINE
  5
97F
330
1F
100
AcDbEntity
  8
0
 62
     1
100
AcDbLine
 10
2905.834282894606
 20
1417.063952049752
 30
0.0
 11
2908.734282894606
 21
1417.063952049758
 31
0.0
  0
LINE
  5
980
330
1F
100
AcDbEntity
  8
0
 62
     1
100
AcDbLine
 10
2905.834282894606
 20
1416.963952049752
 30
0.0
 11
2908.634282894606
 21
1416.963952049758
 31
0.0
  0
LINE
  5
981
330
1F
100
AcDbEntity
  8
0
 62
     1
100
AcDbLine
 10
2908.734282894608
 20
1416.063952049758
 30
0.0
 11
2908.734282894606
 21
1417.063952049758
 31
0.0
  0
LINE
  5
982
330
1F
100
AcDbEntity
  8
0
 62
     1
100
AcDbLine
 10
2908.634282894608
 20
1416.063952049758
 30
0.0
 11
2908.634282894606
 21
1416.963952049758
 31
0.0
  0
LINE
  5
983
330
1F
100
AcDbEntity
  8
0
100
AcDbLine
 10
2894.564282894622
 20
1408.56395204973
 30
0.0
 11
2894.564282894632
 21
1403.66395204973
 31
0.0
  0
LINE
  5
984
330
1F
100
AcDbEntity
  8
0
100
AcDbLine
 10
2894.664282894622
 20
1408.56395204973
 30
0.0
 11
2894.664282894632
 21
1403.66395204973
 31
0.0
  0
LINE
  5
985
330
1F
100
AcDbEntity
  8
0
100
AcDbLine
 10
2897.414282894631
 20
1404.763952049736
 30
0.0
 11
2897.414282894633
 21
1403.663952049736
 31
0.0
  0
LINE
  5
986
330
1F
100
AcDbEntity
  8
0
100
AcDbLine
 10
2896.514282894629
 20
1404.913952049734
 30
0.0
 11
2896.51428289463
 21
1404.763952049734
 31
0.0
  0
LINE
  5
987
330
1F
100
AcDbEntity
  8
0
100
AcDbLine
 10
2897.514282894626
 20
1406.913952049736
 30
0.0
 11
2897.514282894628
 21
1405.913952049736
 31
0.0
  0
LINE
  5
988
330
1F
100
AcDbEntity
  8
0
100
AcDbLine
 10
2897.51428289463
 20
1404.913952049742
 30
0.0
 11
2897.514282894633
 21
1403.663952049737
 31
0.0
  0
LINE
  5
989
330
1F
100
AcDbEntity
  8
0
100
AcDbLine
 10
2898.41428289463
 20
1404.913952049744
 30
0.0
 11
2898.414282894631
 21
1404.763952049737
 31
0.0
  0
LINE
  5
98A
330
1F
100
AcDbEntity
  8
0
100
AcDbLine
 10
2897.414282894621
 20
1409.563952049735
 30
0.0
 11
2897.414282894621
 21
1409.463952049735
 31
0.0
  0
LINE
  5
98B
330
1F
100
AcDbEntity
  8
0
100
AcDbLine
 10
2897.414282894622
 20
1408.713952049735
 30
0.0
 11
2897.414282894629
 21
1405.913952049736
 31
0.0
  0
LINE
  5
98C
330
1F
100
AcDbEntity
  8
0
100
AcDbLine
 10
2897.514282894623
 20
1408.713952049736
 30
0.0
 11
2897.514282894626
 21
1406.913952049736
 31
0.0
  0
LINE
  5
98D
330
1F
100
AcDbEntity
  8
0
100
AcDbLine
 10
2894.564282894622
 20
1408.66395204973
 30
0.0
 11
2897.414282894622
 21
1408.663952049736
 31
0.0
  0
LINE
  5
98E
330
1F
100
AcDbEntity
  8
0
100
AcDbLine
 10
2897.414282894621
 20
1409.563952049735
 30
0.0
 11
2897.514282894621
 21
1409.563952049735
 31
0.0
  0
LINE
  5
98F
330
1F
100
AcDbEntity
  8
0
100
AcDbLine
 10
2894.664282894622
 20
1408.56395204973
 30
0.0
 11
2897.414282894623
 21
1408.563952049735
 31
0.0
  0
LINE
  5
990
330
1F
100
AcDbEntity
  8
0
100
AcDbLine
 10
2894.66428289463
 20
1404.91395204973
 30
0.0
 11
2896.51428289463
 21
1404.913952049734
 31
0.0
  0
LINE
  5
991
330
1F
100
AcDbEntity
  8
0
100
AcDbLine
 10
2894.664282894631
 20
1404.763952049731
 30
0.0
 11
2896.51428289463
 21
1404.763952049734
 31
0.0
  0
LINE
  5
992
330
1F
100
AcDbEntity
  8
0
 62
     1
100
AcDbLine
 10
2894.664282894632
 20
1403.66395204973
 30
0.0
 11
2897.414282894632
 21
1403.663952049736
 31
0.0
  0
LINE
  5
993
330
1F
100
AcDbEntity
  8
0
 62
     1
100
AcDbLine
 10
2896.51428289463
 20
1404.763952049734
 30
0.0
 11
2897.41428289463
 21
1404.763952049736
 31
0.0
  0
LINE
  5
994
330
1F
100
AcDbEntity
  8
0
100
AcDbLine
 10
2900.264282894621
 20
1409.563952049741
 30
0.0
 11
2900.264282894627
 21
1406.393952049741
 31
0.0
  0
LINE
  5
995
330
1F
100
AcDbEntity
  8
0
100
AcDbLine
 10
2900.264282894628
 20
1405.743952049737
 30
0.0
 11
2900.264282894634
 21
1403.563952049741
 31
0.0
  0
LINE
  5
996
330
1F
100
AcDbEntity
  8
0
100
AcDbLine
 10
2900.364282894621
 20
1409.463952049741
 30
0.0
 11
2900.364282894627
 21
1406.393952049742
 31
0.0
  0
LINE
  5
997
330
1F
100
AcDbEntity
  8
0
100
AcDbLine
 10
2900.364282894629
 20
1405.743952049741
 30
0.0
 11
2900.364282894632
 21
1403.713952049741
 31
0.0
  0
LINE
  5
998
330
1F
100
AcDbEntity
  8
0
100
AcDbLine
 10
2901.114282894625
 20
1407.793952049743
 30
0.0
 11
2901.114282894625
 21
1407.693952049743
 31
0.0
  0
LINE
  5
999
330
1F
100
AcDbEntity
  8
0
100
AcDbLine
 10
2902.514282894625
 20
1407.693952049745
 30
0.0
 11
2902.514282894628
 21
1406.493952049746
 31
0.0
  0
LINE
  5
99A
330
1F
100
AcDbEntity
  8
0
100
AcDbLine
 10
2902.994282894628
 20
1406.393952049747
 30
0.0
 11
2902.994282894633
 21
1403.713952049747
 31
0.0
  0
LINE
  5
99B
330
1F
100
AcDbEntity
  8
0
100
AcDbLine
 10
2902.614282894625
 20
1407.693952049746
 30
0.0
 11
2902.614282894627
 21
1406.493952049746
 31
0.0
  0
LINE
  5
99C
330
1F
100
AcDbEntity
  8
0
100
AcDbLine
 10
2903.094282894628
 20
1406.393952049747
 30
0.0
 11
2903.094282894633
 21
1403.713952049747
 31
0.0
  0
LINE
  5
99D
330
1F
100
AcDbEntity
  8
0
100
AcDbLine
 10
2905.734282894628
 20
1406.513952049751
 30
0.0
 11
2905.734282894633
 21
1403.713952049752
 31
0.0
  0
LINE
  5
99E
330
1F
100
AcDbEntity
  8
0
100
AcDbLine
 10
2905.834282894627
 20
1406.513952049752
 30
0.0
 11
2905.834282894633
 21
1403.563952049753
 31
0.0
  0
LINE
  5
99F
330
1F
100
AcDbEntity
  8
0
100
AcDbLine
 10
2906.734282894631
 20
1404.713952049754
 30
0.0
 11
2906.734282894631
 21
1404.563952049753
 31
0.0
  0
LINE
  5
9A0
330
1F
100
AcDbEntity
  8
0
100
AcDbLine
 10
2908.584282894621
 20
1410.263952049758
 30
0.0
 11
2908.584282894625
 21
1407.513952049758
 31
0.0
  0
LINE
  5
9A1
330
1F
100
AcDbEntity
  8
0
100
AcDbLine
 10
2908.584282894626
 20
1407.413952049757
 30
0.0
 11
2908.584282894631
 21
1404.713952049758
 31
0.0
  0
LINE
  5
9A2
330
1F
100
AcDbEntity
  8
0
100
AcDbLine
 10
2908.73428289462
 20
1410.263952049758
 30
0.0
 11
2908.734282894631
 21
1404.563952049758
 31
0.0
  0
LINE
  5
9A3
330
1F
100
AcDbEntity
  8
0
100
AcDbLine
 10
2901.464282894621
 20
1409.563952049743
 30
0.0
 11
2901.464282894625
 21
1407.693952049744
 31
0.0
  0
LINE
  5
9A4
330
1F
100
AcDbEntity
  8
0
100
AcDbLine
 10
2901.464282894626
 20
1406.943952049744
 30
0.0
 11
2901.464282894627
 21
1406.393952049743
 31
0.0
  0
LINE
  5
9A5
330
1F
100
AcDbEntity
  8
0
100
AcDbLine
 10
2901.564282894621
 20
1409.463952049744
 30
0.0
 11
2901.564282894625
 21
1407.793952049744
 31
0.0
  0
LINE
  5
9A6
330
1F
100
AcDbEntity
  8
0
100
AcDbLine
 10
2901.564282894627
 20
1406.943952049744
 30
0.0
 11
2901.564282894627
 21
1406.493952049744
 31
0.0
  0
LINE
  5
9A7
330
1F
100
AcDbEntity
  8
0
100
AcDbLine
 10
2898.41428289463
 20
1404.91395204974
 30
0.0
 11
2900.26428289463
 21
1404.913952049737
 31
0.0
  0
LINE
  5
9A8
330
1F
100
AcDbEntity
  8
0
100
AcDbLine
 10
2897.414282894629
 20
1405.913952049736
 30
0.0
 11
2897.514282894628
 21
1405.913952049736
 31
0.0
  0
LINE
  5
9A9
330
1F
100
AcDbEntity
  8
0
100
AcDbLine
 10
2901.114282894625
 20
1407.693952049743
 30
0.0
 11
2903.664282894624
 21
1407.693952049748
 31
0.0
  0
LINE
  5
9AA
330
1F
100
AcDbEntity
  8
0
100
AcDbLine
 10
2901.464282894627
 20
1406.943952049744
 30
0.0
 11
2901.564282894626
 21
1406.943952049744
 31
0.0
  0
LINE
  5
9AB
330
1F
100
AcDbEntity
  8
0
100
AcDbLine
 10
2901.564282894627
 20
1406.493952049744
 30
0.0
 11
2902.514282894627
 21
1406.493952049746
 31
0.0
  0
LINE
  5
9AC
330
1F
100
AcDbEntity
  8
0
100
AcDbLine
 10
2901.464282894627
 20
1406.393952049743
 30
0.0
 11
2902.994282894628
 21
1406.393952049747
 31
0.0
  0
LINE
  5
9AD
330
1F
100
AcDbEntity
  8
0
100
AcDbLine
 10
2898.414282894631
 20
1404.763952049737
 30
0.0
 11
2900.264282894631
 21
1404.763952049741
 31
0.0
  0
LINE
  5
9AE
330
1F
100
AcDbEntity
  8
0
 62
     1
100
AcDbLine
 10
2894.564282894632
 20
1403.563952049729
 30
0.0
 11
2900.264282894634
 21
1403.563952049743
 31
0.0
  0
LINE
  5
9AF
330
1F
100
AcDbEntity
  8
0
100
AcDbLine
 10
2900.364282894633
 20
1403.713952049741
 30
0.0
 11
2902.994282894633
 21
1403.713952049747
 31
0.0
  0
LINE
  5
9B0
330
1F
100
AcDbEntity
  8
0
100
AcDbLine
 10
2904.014282894625
 20
1407.343952049749
 30
0.0
 11
2904.014282894625
 21
1407.243952049748
 31
0.0
  0
LINE
  5
9B1
330
1F
100
AcDbEntity
  8
0
100
AcDbLine
 10
2903.664282894621
 20
1409.563952049748
 30
0.0
 11
2903.664282894625
 21
1407.343952049748
 31
0.0
  0
LINE
  5
9B2
330
1F
100
AcDbEntity
  8
0
100
AcDbLine
 10
2903.664282894627
 20
1406.493952049748
 30
0.0
 11
2903.664282894627
 21
1406.393952049748
 31
0.0
  0
LINE
  5
9B3
330
1F
100
AcDbEntity
  8
0
100
AcDbLine
 10
2903.564282894621
 20
1409.463952049748
 30
0.0
 11
2903.564282894625
 21
1407.793952049748
 31
0.0
  0
LINE
  5
9B4
330
1F
100
AcDbEntity
  8
0
100
AcDbLine
 10
2903.564282894626
 20
1407.693952049748
 30
0.0
 11
2903.564282894627
 21
1407.243952049747
 31
0.0
  0
LINE
  5
9B5
330
1F
100
AcDbEntity
  8
0
100
AcDbLine
 10
2904.764282894622
 20
1409.19395204975
 30
0.0
 11
2903.664282894622
 21
1409.193952049748
 31
0.0
  0
LINE
  5
9B6
330
1F
100
AcDbEntity
  8
0
100
AcDbLine
 10
2903.564282894621
 20
1409.463952049748
 30
0.0
 11
2901.56428289462
 21
1409.463952049744
 31
0.0
  0
LINE
  5
9B7
330
1F
100
AcDbEntity
  8
0
100
AcDbLine
 10
2901.464282894621
 20
1409.463952049743
 30
0.0
 11
2900.364282894621
 21
1409.463952049741
 31
0.0
  0
LINE
  5
9B8
330
1F
100
AcDbEntity
  8
0
100
AcDbLine
 10
2900.264282894621
 20
1409.463952049741
 30
0.0
 11
2897.414282894621
 21
1409.463952049735
 31
0.0
  0
LINE
  5
9B9
330
1F
100
AcDbEntity
  8
0
100
AcDbLine
 10
2897.514282894623
 20
1408.713952049736
 30
0.0
 11
2897.414282894622
 21
1408.713952049735
 31
0.0
  0
LINE
  5
9BA
330
1F
100
AcDbEntity
  8
0
100
AcDbLine
 10
2904.014282894625
 20
1407.343952049749
 30
0.0
 11
2903.664282894626
 21
1407.343952049748
 31
0.0
  0
LINE
  5
9BB
330
1F
100
AcDbEntity
  8
0
100
AcDbLine
 10
2903.564282894625
 20
1407.793952049748
 30
0.0
 11
2901.564282894625
 21
1407.793952049744
 31
0.0
  0
LINE
  5
9BC
330
1F
100
AcDbEntity
  8
0
100
AcDbLine
 10
2901.464282894624
 20
1407.793952049743
 30
0.0
 11
2901.114282894625
 21
1407.793952049743
 31
0.0
  0
LINE
  5
9BD
330
1F
100
AcDbEntity
  8
0
100
AcDbLine
 10
2904.014282894625
 20
1407.243952049748
 30
0.0
 11
2903.564282894627
 21
1407.243952049747
 31
0.0
  0
LINE
  5
9BE
330
1F
100
AcDbEntity
  8
0
100
AcDbLine
 10
2903.664282894627
 20
1406.493952049748
 30
0.0
 11
2902.614282894627
 21
1406.493952049746
 31
0.0
  0
LINE
  5
9BF
330
1F
100
AcDbEntity
  8
0
100
AcDbLine
 10
2903.664282894627
 20
1406.393952049748
 30
0.0
 11
2903.094282894627
 21
1406.393952049747
 31
0.0
  0
LINE
  5
9C0
330
1F
100
AcDbEntity
  8
0
100
AcDbLine
 10
2904.764282894621
 20
1409.29395204975
 30
0.0
 11
2903.664282894621
 21
1409.293952049748
 31
0.0
  0
LINE
  5
9C1
330
1F
100
AcDbEntity
  8
0
100
AcDbLine
 10
2903.664282894621
 20
1409.563952049748
 30
0.0
 11
2900.264282894621
 21
1409.563952049741
 31
0.0
  0
LINE
  5
9C2
330
1F
100
AcDbEntity
  8
0
100
AcDbLine
 10
2900.264282894621
 20
1409.563952049741
 30
0.0
 11
2897.514282894621
 21
1409.563952049735
 31
0.0
  0
LINE
  5
9C3
102
{ACAD_REACTORS
330
A19
102
}
330
1F
100
AcDbEntity
  8
0
100
AcDbLine
 10
2905.834282894633
 20
1403.563952049753
 30
0.0
 11
2900.264282894634
 21
1403.563952049742
 31
0.0
  0
LINE
  5
9C4
330
1F
100
AcDbEntity
  8
0
100
AcDbLine
 10
2905.734282894633
 20
1403.713952049752
 30
0.0
 11
2903.094282894632
 21
1403.713952049747
 31
0.0
  0
LINE
  5
9C5
330
1F
100
AcDbEntity
  8
0
 62
     1
100
AcDbLine
 10
2901.564282894625
 20
1407.793952049744
 30
0.0
 11
2903.564282894621
 21
1409.463952049748
 31
0.0
  0
LINE
  5
9C6
330
1F
100
AcDbEntity
  8
0
 62
     1
100
AcDbLine
 10
2901.564282894621
 20
1409.463952049744
 30
0.0
 11
2903.564282894625
 21
1407.793952049748
 31
0.0
  0
LINE
  5
9C7
330
1F
100
AcDbEntity
  8
0
 62
     1
100
AcDbLine
 10
2901.114282894625
 20
1407.693952049743
 30
0.0
 11
2900.364282894625
 21
1407.693952049741
 31
0.0
  0
LINE
  5
9C8
330
1F
100
AcDbEntity
  8
0
 62
     1
100
AcDbLine
 10
2904.014282894625
 20
1407.243952049748
 30
0.0
 11
2904.764282894625
 21
1407.24395204975
 31
0.0
  0
LINE
  5
9C9
330
1F
100
AcDbEntity
  8
0
 62
     1
100
AcDbLine
 10
2901.464282894626
 20
1406.943952049744
 30
0.0
 11
2901.464282894625
 21
1407.693952049744
 31
0.0
  0
LINE
  5
9CA
330
1F
100
AcDbEntity
  8
0
100
AcDbLine
 10
2900.264282894628
 20
1405.743952049741
 30
0.0
 11
2900.364282894629
 21
1405.743952049741
 31
0.0
  0
LINE
  5
9CB
330
1F
100
AcDbEntity
  8
0
100
AcDbLine
 10
2900.264282894627
 20
1406.393952049741
 30
0.0
 11
2900.364282894627
 21
1406.393952049742
 31
0.0
  0
LINE
  5
9CC
330
1F
100
AcDbEntity
  8
0
100
AcDbLine
 10
2905.734282894628
 20
1406.513952049751
 30
0.0
 11
2905.834282894628
 21
1406.513952049752
 31
0.0
  0
LINE
  5
9CD
330
1F
100
AcDbEntity
  8
0
100
AcDbLine
 10
2905.734282894626
 20
1407.413952049752
 30
0.0
 11
2908.584282894625
 21
1407.413952049757
 31
0.0
  0
LINE
  5
9CE
330
1F
100
AcDbEntity
  8
0
100
AcDbLine
 10
2906.73428289463
 20
1404.713952049754
 30
0.0
 11
2908.584282894631
 21
1404.713952049758
 31
0.0
  0
LINE
  5
9CF
330
1F
100
AcDbEntity
  8
0
100
AcDbLine
 10
2906.734282894631
 20
1404.563952049753
 30
0.0
 11
2908.734282894631
 21
1404.563952049758
 31
0.0
  0
LINE
  5
9D0
330
1F
100
AcDbEntity
  8
0
100
AcDbLine
 10
2904.764282894621
 20
1409.36395204975
 30
0.0
 11
2904.764282894625
 21
1407.24395204975
 31
0.0
  0
LINE
  5
9D1
330
1F
100
AcDbEntity
  8
0
100
AcDbLine
 10
2904.86428289462
 20
1409.36395204975
 30
0.0
 11
2904.864282894625
 21
1407.24395204975
 31
0.0
  0
LINE
  5
9D2
330
1F
100
AcDbEntity
  8
0
100
AcDbLine
 10
2904.764282894625
 20
1407.24395204975
 30
0.0
 11
2904.864282894625
 21
1407.24395204975
 31
0.0
  0
LINE
  5
9D3
330
1F
100
AcDbEntity
  8
0
100
AcDbLine
 10
2905.734282894626
 20
1407.413952049752
 30
0.0
 11
2905.734282894626
 21
1407.513952049751
 31
0.0
  0
LINE
  5
9D4
330
1F
100
AcDbEntity
  8
0
100
AcDbLine
 10
2905.734282894626
 20
1407.513952049751
 30
0.0
 11
2908.584282894625
 21
1407.513952049758
 31
0.0
  0
LINE
  5
9D5
330
1F
100
AcDbEntity
  8
0
 62
     1
100
AcDbLine
 10
2905.834282894633
 20
1403.563952049753
 30
0.0
 11
2908.734282894633
 21
1403.563952049758
 31
0.0
  0
LINE
  5
9D6
330
1F
100
AcDbEntity
  8
0
 62
     1
100
AcDbLine
 10
2905.834282894633
 20
1403.663952049752
 30
0.0
 11
2908.634282894634
 21
1403.663952049757
 31
0.0
  0
LINE
  5
9D7
330
1F
100
AcDbEntity
  8
0
 62
     1
100
AcDbLine
 10
2905.734282894633
 20
1403.563952049753
 30
0.0
 11
2905.734282894633
 21
1403.563952049752
 31
0.0
  0
LINE
  5
9D8
330
1F
100
AcDbEntity
  8
0
 62
     1
100
AcDbLine
 10
2905.834282894633
 20
1403.563952049753
 30
0.0
 11
2905.834282894633
 21
1403.663952049752
 31
0.0
  0
LINE
  5
9D9
330
1F
100
AcDbEntity
  8
0
 62
     1
100
AcDbLine
 10
2908.734282894631
 20
1404.563952049758
 30
0.0
 11
2908.734282894633
 21
1403.563952049758
 31
0.0
  0
LINE
  5
9DA
330
1F
100
AcDbEntity
  8
0
 62
     1
100
AcDbLine
 10
2908.634282894632
 20
1404.563952049758
 30
0.0
 11
2908.634282894634
 21
1403.663952049757
 31
0.0
  0
LINE
  5
9DB
330
1F
100
AcDbEntity
  8
0
100
AcDbLine
 10
2897.414282894631
 20
1404.763952049736
 30
0.0
 11
2897.414282894631
 21
1405.013952049736
 31
0.0
  0
LINE
  5
9DC
330
1F
100
AcDbEntity
  8
0
100
AcDbLine
 10
2897.414282894631
 20
1405.013952049736
 30
0.0
 11
2897.51428289463
 21
1405.013952049736
 31
0.0
  0
LINE
  5
9DD
330
1F
100
AcDbEntity
  8
0
100
AcDbLine
 10
2897.414282894629
 20
1405.913952049736
 30
0.0
 11
2897.514282894628
 21
1405.913952049736
 31
0.0
  0
LINE
  5
9DE
330
1F
100
AcDbEntity
  8
0
100
AcDbLine
 10
2897.51428289463
 20
1405.013952049736
 30
0.0
 11
2897.514282894629
 21
1404.913952049736
 31
0.0
  0
LINE
  5
9DF
330
1F
100
AcDbEntity
  8
0
100
AcDbLine
 10
2892.71428289463
 20
1404.913952049727
 30
0.0
 11
2892.71428289463
 21
1404.763952049726
 31
0.0
  0
LINE
  5
9E0
330
1F
100
AcDbEntity
  8
0
100
AcDbLine
 10
2891.71428289462
 20
1408.663952049724
 30
0.0
 11
2891.714282894628
 21
1405.813952049731
 31
0.0
  0
LINE
  5
9E1
330
1F
100
AcDbEntity
  8
0
100
AcDbLine
 10
2891.814282894619
 20
1409.563952049724
 30
0.0
 11
2891.81428289462
 21
1409.463952049724
 31
0.0
  0
LINE
  5
9E2
330
1F
100
AcDbEntity
  8
0
100
AcDbLine
 10
2894.564282894622
 20
1408.66395204973
 30
0.0
 11
2891.814282894621
 21
1408.663952049725
 31
0.0
  0
LINE
  5
9E3
330
1F
100
AcDbEntity
  8
0
100
AcDbLine
 10
2891.814282894619
 20
1409.563952049724
 30
0.0
 11
2891.71428289462
 21
1409.563952049723
 31
0.0
  0
LINE
  5
9E4
330
1F
100
AcDbEntity
  8
0
100
AcDbLine
 10
2894.564282894622
 20
1408.56395204973
 30
0.0
 11
2891.814282894621
 21
1408.563952049724
 31
0.0
  0
LINE
  5
9E5
330
1F
100
AcDbEntity
  8
0
100
AcDbLine
 10
2894.564282894629
 20
1404.91395204973
 30
0.0
 11
2892.714282894629
 21
1404.913952049727
 31
0.0
  0
LINE
  5
9E6
330
1F
100
AcDbEntity
  8
0
100
AcDbLine
 10
2894.564282894629
 20
1404.76395204973
 30
0.0
 11
2892.71428289463
 21
1404.763952049726
 31
0.0
  0
LINE
  5
9E7
330
1F
100
AcDbEntity
  8
0
 62
     1
100
AcDbLine
 10
2894.564282894632
 20
1403.66395204973
 30
0.0
 11
2891.814282894632
 21
1403.663952049724
 31
0.0
  0
LINE
  5
9E8
330
1F
100
AcDbEntity
  8
0
 62
     1
100
AcDbLine
 10
2894.664282894632
 20
1403.56395204973
 30
0.0
 11
2891.714282894632
 21
1403.563952049724
 31
0.0
  0
LINE
  5
9E9
330
1F
100
AcDbEntity
  8
0
100
AcDbLine
 10
2892.71428289463
 20
1404.763952049726
 30
0.0
 11
2891.814282894629
 21
1404.763952049724
 31
0.0
  0
LINE
  5
9EA
330
1F
100
AcDbEntity
  8
0
100
AcDbLine
 10
2888.96428289462
 20
1409.463952049719
 30
0.0
 11
2888.964282894625
 21
1406.563952049718
 31
0.0
  0
LINE
  5
9EB
330
1F
100
AcDbEntity
  8
0
100
AcDbLine
 10
2888.964282894627
 20
1405.663952049718
 30
0.0
 11
2888.964282894631
 21
1403.563952049719
 31
0.0
  0
LINE
  5
9EC
330
1F
100
AcDbEntity
  8
0
100
AcDbLine
 10
2889.864282894629
 20
1404.91395204972
 30
0.0
 11
2889.864282894629
 21
1404.763952049721
 31
0.0
  0
LINE
  5
9ED
330
1F
100
AcDbEntity
  8
0
100
AcDbLine
 10
2888.864282894619
 20
1409.463952049718
 30
0.0
 11
2888.864282894625
 21
1406.563952049718
 31
0.0
  0
LINE
  5
9EE
330
1F
100
AcDbEntity
  8
0
100
AcDbLine
 10
2888.864282894627
 20
1405.663952049718
 30
0.0
 11
2888.864282894631
 21
1403.713952049719
 31
0.0
  0
LINE
  5
9EF
330
1F
100
AcDbEntity
  8
0
100
AcDbLine
 10
2888.114282894623
 20
1407.663952049716
 30
0.0
 11
2888.114282894623
 21
1407.563952049716
 31
0.0
  0
LINE
  5
9F0
330
1F
100
AcDbEntity
  8
0
100
AcDbLine
 10
2886.314282894623
 20
1407.563952049712
 30
0.0
 11
2886.314282894625
 21
1406.663952049713
 31
0.0
  0
LINE
  5
9F1
330
1F
100
AcDbEntity
  8
0
100
AcDbLine
 10
2886.314282894625
 20
1406.563952049712
 30
0.0
 11
2886.31428289463
 21
1403.713952049713
 31
0.0
  0
LINE
  5
9F2
102
{ACAD_REACTORS
330
A1C
102
}
330
1F
100
AcDbEntity
  8
0
100
AcDbLine
 10
2886.214282894623
 20
1407.563952049712
 30
0.0
 11
2886.214282894631
 21
1403.713952049713
 31
0.0
  0
LINE
  5
9F3
330
1F
100
AcDbEntity
  8
0
100
AcDbLine
 10
2887.66428289462
 20
1409.563952049715
 30
0.0
 11
2887.664282894623
 21
1407.563952049715
 31
0.0
  0
LINE
  5
9F4
330
1F
100
AcDbEntity
  8
0
100
AcDbLine
 10
2887.614282894625
 20
1406.813952049715
 30
0.0
 11
2887.614282894625
 21
1406.563952049715
 31
0.0
  0
LINE
  5
9F5
330
1F
100
AcDbEntity
  8
0
100
AcDbLine
 10
2887.56428289462
 20
1409.463952049716
 30
0.0
 11
2887.564282894623
 21
1407.663952049716
 31
0.0
  0
LINE
  5
9F6
330
1F
100
AcDbEntity
  8
0
100
AcDbLine
 10
2887.514282894625
 20
1406.813952049715
 30
0.0
 11
2887.514282894625
 21
1406.663952049716
 31
0.0
  0
LINE
  5
9F7
330
1F
100
AcDbEntity
  8
0
100
AcDbLine
 10
2891.714282894629
 20
1404.913952049731
 30
0.0
 11
2889.864282894629
 21
1404.91395204972
 31
0.0
  0
LINE
  5
9F8
330
1F
100
AcDbEntity
  8
0
100
AcDbLine
 10
2891.814282894627
 20
1405.813952049732
 30
0.0
 11
2891.714282894628
 21
1405.813952049731
 31
0.0
  0
LINE
  5
9F9
330
1F
100
AcDbEntity
  8
0
100
AcDbLine
 10
2888.114282894623
 20
1407.563952049716
 30
0.0
 11
2884.864282894623
 21
1407.56395204971
 31
0.0
  0
LINE
  5
9FA
330
1F
100
AcDbEntity
  8
0
100
AcDbLine
 10
2887.614282894625
 20
1406.813952049715
 30
0.0
 11
2887.514282894625
 21
1406.813952049715
 31
0.0
  0
LINE
  5
9FB
330
1F
100
AcDbEntity
  8
0
100
AcDbLine
 10
2887.514282894625
 20
1406.663952049716
 30
0.0
 11
2886.314282894625
 21
1406.663952049713
 31
0.0
  0
LINE
  5
9FC
330
1F
100
AcDbEntity
  8
0
100
AcDbLine
 10
2887.614282894625
 20
1406.563952049715
 30
0.0
 11
2886.314282894625
 21
1406.563952049712
 31
0.0
  0
LINE
  5
9FD
330
1F
100
AcDbEntity
  8
0
100
AcDbLine
 10
2891.714282894629
 20
1404.763952049724
 30
0.0
 11
2889.864282894629
 21
1404.763952049721
 31
0.0
  0
LINE
  5
9FE
330
1F
100
AcDbEntity
  8
0
 62
     1
100
AcDbLine
 10
2891.714282894631
 20
1403.663952049724
 30
0.0
 11
2888.964282894631
 21
1403.663952049718
 31
0.0
  0
LINE
  5
9FF
330
1F
100
AcDbEntity
  8
0
 62
     1
100
AcDbLine
 10
2891.814282894632
 20
1403.563952049723
 30
0.0
 11
2888.964282894631
 21
1403.563952049719
 31
0.0
  0
LINE
  5
A00
330
1F
100
AcDbEntity
  8
0
100
AcDbLine
 10
2888.964282894631
 20
1403.563952049718
 30
0.0
 11
2878.754146058471
 21
1403.563952049698
 31
0.0
  0
LINE
  5
A01
330
1F
100
AcDbEntity
  8
0
100
AcDbLine
 10
2884.864282894619
 20
1409.56395204971
 30
0.0
 11
2884.864282894626
 21
1406.61395204971
 31
0.0
  0
LINE
  5
A02
330
1F
100
AcDbEntity
  8
0
100
AcDbLine
 10
2884.96428289462
 20
1409.46395204971
 30
0.0
 11
2884.964282894623
 21
1407.66395204971
 31
0.0
  0
LINE
  5
A03
330
1F
100
AcDbEntity
  8
0
100
AcDbLine
 10
2884.964282894623
 20
1407.56395204971
 30
0.0
 11
2884.964282894623
 21
1406.71395204971
 31
0.0
  0
LINE
  5
A04
330
1F
100
AcDbEntity
  8
0
100
AcDbLine
 10
2874.304453750766
 20
1409.463952049688
 30
0.0
 11
2884.864282894619
 21
1409.463952049709
 31
0.0
  0
LINE
  5
A05
330
1F
100
AcDbEntity
  8
0
100
AcDbLine
 10
2884.96428289462
 20
1409.46395204971
 30
0.0
 11
2887.56428289462
 21
1409.463952049715
 31
0.0
  0
LINE
  5
A06
330
1F
100
AcDbEntity
  8
0
100
AcDbLine
 10
2887.66428289462
 20
1409.463952049716
 30
0.0
 11
2888.864282894619
 21
1409.463952049718
 31
0.0
  0
LINE
  5
A07
330
1F
100
AcDbEntity
  8
0
100
AcDbLine
 10
2888.96428289462
 20
1409.463952049719
 30
0.0
 11
2891.81428289462
 21
1409.463952049724
 31
0.0
  0
LINE
  5
A08
330
1F
100
AcDbEntity
  8
0
100
AcDbLine
 10
2884.964282894623
 20
1407.66395204971
 30
0.0
 11
2887.564282894623
 21
1407.663952049716
 31
0.0
  0
LINE
  5
A09
330
1F
100
AcDbEntity
  8
0
100
AcDbLine
 10
2887.664282894623
 20
1407.663952049716
 30
0.0
 11
2888.114282894623
 21
1407.663952049716
 31
0.0
  0
LINE
  5
A0A
330
1F
100
AcDbEntity
  8
0
100
AcDbLine
 10
2891.714282894622
 20
1408.663952049724
 30
0.0
 11
2891.814282894621
 21
1408.663952049724
 31
0.0
  0
LINE
  5
A0B
330
1F
100
AcDbEntity
  8
0
 62
     1
100
AcDbLine
 10
2887.564282894623
 20
1407.663952049716
 30
0.0
 11
2884.96428289462
 21
1409.46395204971
 31
0.0
  0
LINE
  5
A0C
330
1F
100
AcDbEntity
  8
0
 62
     1
100
AcDbLine
 10
2887.56428289462
 20
1409.463952049716
 30
0.0
 11
2884.964282894623
 21
1407.66395204971
 31
0.0
  0
LINE
  5
A0D
330
1F
100
AcDbEntity
  8
0
 62
     1
100
AcDbLine
 10
2888.114282894623
 20
1407.563952049716
 30
0.0
 11
2888.864282894623
 21
1407.563952049718
 31
0.0
  0
LINE
  5
A0E
330
1F
100
AcDbEntity
  8
0
 62
     1
100
AcDbLine
 10
2887.614282894625
 20
1406.813952049715
 30
0.0
 11
2887.614282894623
 21
1407.563952049715
 31
0.0
  0
LINE
  5
A0F
330
1F
100
AcDbEntity
  8
0
100
AcDbLine
 10
2889.864282894629
 20
1404.763952049721
 30
0.0
 11
2888.964282894629
 21
1404.763952049719
 31
0.0
  0
LINE
  5
A10
330
1F
100
AcDbEntity
  8
0
100
AcDbLine
 10
2888.964282894627
 20
1405.663952049718
 30
0.0
 11
2888.864282894627
 21
1405.663952049718
 31
0.0
  0
LINE
  5
A11
330
1F
100
AcDbEntity
  8
0
100
AcDbLine
 10
2888.964282894625
 20
1406.563952049718
 30
0.0
 11
2888.864282894625
 21
1406.563952049718
 31
0.0
  0
LINE
  5
A12
330
1F
100
AcDbEntity
  8
0
100
AcDbLine
 10
2891.814282894629
 20
1404.763952049731
 30
0.0
 11
2891.814282894629
 21
1404.913952049731
 31
0.0
  0
LINE
  5
A13
330
1F
100
AcDbEntity
  8
0
100
AcDbLine
 10
2891.814282894629
 20
1404.913952049731
 30
0.0
 11
2891.714282894629
 21
1404.913952049731
 31
0.0
  0
LINE
  5
A14
330
1F
100
AcDbEntity
  8
0
100
AcDbLine
 10
2891.714282894629
 20
1404.913952049731
 30
0.0
 11
2891.714282894629
 21
1404.913952049724
 31
0.0
  0
LINE
  5
A15
330
1F
100
AcDbEntity
  8
0
100
AcDbLine
 10
2891.714282894629
 20
1404.763952049724
 30
0.0
 11
2891.714282894631
 21
1403.663952049724
 31
0.0
  0
LINE
  5
A16
330
1F
100
AcDbEntity
  8
0
100
AcDbLine
 10
2891.814282894631
 20
1404.763952049731
 30
0.0
 11
2891.814282894632
 21
1403.563952049723
 31
0.0
  0
DIMENSION
  5
A17
102
{ACAD_REACTORS
330
A19
102
}
102
{ACAD_XDICTIONARY
360
A18
102
}
330
1F
100
AcDbEntity
  8
0
100
AcDbDimension
  2
*D31
 10
2903.091154227847
 20
1400.563952049747
 30
0.0
 11
2903.091154227847
 21
1402.063952049746
 31
0.0
 70
    32
  3
DIM
100
AcDbAlignedDimension
 13
2903.049282894634
 23
1403.563952049747
 33
0.0
 14
2903.049282894639
 24
1400.563952049746
 34
0.0
 50
90.00000000010422
100
AcDbRotatedDimension
  0
DIMENSION
  5
A1A
102
{ACAD_REACTORS
330
A1C
102
}
102
{ACAD_XDICTIONARY
360
A1B
102
}
330
1F
100
AcDbEntity
  8
0
100
AcDbDimension
  2
*D32
 10
2886.157897763572
 20
1400.563952049713
 30
0.0
 11
2886.157897763572
 21
1402.063952049712
 31
0.0
 70
    32
  3
DIM
100
AcDbAlignedDimension
 13
2886.214282894632
 23
1403.563952049712
 33
0.0
 14
2886.214282894637
 24
1400.563952049712
 34
0.0
 50
90.00000000010422
100
AcDbRotatedDimension
  0
DIMENSION
  5
A1D
102
{ACAD_REACTORS
330
A1F
102
}
102
{ACAD_XDICTIONARY
360
A1E
102
}
330
1F
100
AcDbEntity
  8
0
100
AcDbDimension
  2
*D33
 10
2911.734282894618
 20
1410.787121452509
 30
0.0
 11
2910.234282894618
 21
1410.787121452509
 31
0.0
 70
    32
  3
DIM
100
AcDbAlignedDimension
 13
2908.734282894619
 23
1410.787121452503
 33
0.0
 14
2911.734282894618
 24
1410.787121452509
 34
0.0
 50
0.0000000001042204
100
AcDbRotatedDimension
  0
LINE
  5
A20
330
1F
100
AcDbEntity
  8
0
 62
     1
100
AcDbLine
 10
2891.81428289462
 20
1409.463952049724
 30
0.0
 11
2891.814282894621
 21
1408.663952049724
 31
0.0
  0
LINE
  5
A21
330
1F
100
AcDbEntity
  8
0
100
AcDbLine
 10
2891.114282894618
 20
1411.538952049722
 30
0.0
 11
2891.114282894618
 21
1411.063952049722
 31
0.0
  0
LINE
  5
A22
330
1F
100
AcDbEntity
  8
0
100
AcDbLine
 10
2891.114282894616
 20
1412.438952049722
 30
0.0
 11
2891.114282894614
 21
1412.963952049722
 31
0.0
  0
LINE
  5
A23
330
1F
100
AcDbEntity
  8
0
 62
     1
100
AcDbLine
 10
2904.764282894621
 20
1409.36395204975
 30
0.0
 11
2904.764282894619
 21
1410.26395204975
 31
0.0
  0
LINE
  5
A24
330
1F
100
AcDbEntity
  8
0
 62
     1
100
AcDbLine
 10
2904.764282894617
 20
1411.26395204975
 30
0.0
 11
2904.764282894619
 21
1410.36395204975
 31
0.0
  0
LINE
  5
A25
330
1F
100
AcDbEntity
  8
0
 62
     1
100
AcDbLine
 10
2897.514282894633
 20
1403.663952049737
 30
0.0
 11
2900.264282894634
 21
1403.663952049743
 31
0.0
  0
MTEXT
  5
A26
330
1F
100
AcDbEntity
  8
TEXT
  6
BYBLOCK
100
AcDbMText
 10
2906.637543276134
 20
1411.201182871171
 30
0.0
 40
0.2
 41
2.098717854366761
 71
     8
 72
     5
  1
LIVING\P3.72X2.75\P12'3''X9'1''
  7
AN
1001
ACAD
1000
ACAD_MTEXT_DEFINED_HEIGHT_BEGIN
1070
    46
1040
1.835570745916574
1000
ACAD_MTEXT_DEFINED_HEIGHT_END
  0
MTEXT
  5
A27
330
1F
100
AcDbEntity
  8
TEXT
  6
BYBLOCK
100
AcDbMText
 10
2907.164915388627
 20
1414.181762440925
 30
0.0
 40
0.2
 41
2.098717854366761
 71
     8
 72
     5
  1
BED\P2.75X2.70\P9'1''X9'0''
  7
AN
1001
ACAD
1000
ACAD_MTEXT_DEFINED_HEIGHT_BEGIN
1070
    46
1040
1.835570745916574
1000
ACAD_MTEXT_DEFINED_HEIGHT_END
  0
LINE
  5
A28
330
1F
100
AcDbEntity
  8
0
100
AcDbLine
 10
2905.734282894612
 20
1414.113952049752
 30
0.0
 11
2905.734282894614
 21
1413.213952049752
 31
0.0
  0
LINE
  5
A29
330
1F
100
AcDbEntity
  8
0
100
AcDbLine
 10
2906.734282894608
 20
1416.063952049753
 30
0.0
 11
2905.834282894608
 21
1416.063952049752
 31
0.0
  0
MTEXT
  5
A2A
330
1F
100
AcDbEntity
  8
TEXT_
  6
CONTINUOUS
100
AcDbMText
 10
2907.225013121864
 20
1416.527655364956
 30
0.0
 40
0.2
 41
3.118625089751504
 71
     5
 72
     5
  1
3'3" WIDE BALCONY
  7
AN
  0
MTEXT
  5
A2B
330
1F
100
AcDbEntity
  8
TEXT
  6
BYBLOCK
100
AcDbMText
 10
2904.541766110824
 20
1415.193910759069
 30
0.0
 40
0.2
 41
2.098717854366761
 71
     8
 72
     5
  1
KITCHEN\P2.78X2.75\P9'2''X9'1''
  7
AN
1001
ACAD
1000
ACAD_MTEXT_DEFINED_HEIGHT_BEGIN
1070
    46
1040
1.835570745916574
1000
ACAD_MTEXT_DEFINED_HEIGHT_END
  0
MTEXT
  5
A2C
330
1F
100
AcDbEntity
  8
TEXT
  6
BYBLOCK
100
AcDbMText
 10
2904.170650144854
 20
1411.847679207569
 30
0.0
 40
0.15
 41
2.098717854366761
 71
     8
 72
     5
  1
BATH\P1.10X1.80\P3'7''X6'0''
  7
AN
1001
ACAD
1000
ACAD_MTEXT_DEFINED_HEIGHT_BEGIN
1070
    46
1040
1.835570745916574
1000
ACAD_MTEXT_DEFINED_HEIGHT_END
  0
MTEXT
  5
A2D
330
1F
100
AcDbEntity
  8
TEXT_
  6
CONTINUOUS
100
AcDbMText
 10
2895.929960212739
 20
1416.527655364934
 30
0.0
 40
0.2
 41
2.918625089751458
 71
     5
 72
     5
  1
4'0" WIDE BALCONY
  7
AN
  0
LINE
  5
A2E
330
1F
100
AcDbEntity
  8
0
 62
     1
100
AcDbLine
 10
2898.714282894613
 20
1413.063952049737
 30
0.0
 11
2903.564282894617
 21
1411.163952049747
 31
0.0
  0
LINE
  5
A2F
330
1F
100
AcDbEntity
  8
0
 62
     1
100
AcDbLine
 10
2898.714282894618
 20
1411.163952049737
 30
0.0
 11
2903.564282894615
 21
1413.063952049747
 31
0.0
  0
LINE
  5
A30
330
1F
100
AcDbEntity
  8
0
 62
     1
100
AcDbLine
 10
2900.064282894612
 20
1414.06395204974
 30
0.0
 11
2902.264282894614
 21
1413.063952049744
 31
0.0
  0
LINE
  5
A31
330
1F
100
AcDbEntity
  8
0
 62
     1
100
AcDbLine
 10
2900.064282894615
 20
1413.06395204974
 30
0.0
 11
2902.264282894612
 21
1414.063952049744
 31
0.0
  0
LINE
  5
A32
330
1F
100
AcDbEntity
  8
0
 62
     1
100
AcDbLine
 10
2896.514282894617
 20
1411.063952049733
 30
0.0
 11
2897.414282894617
 21
1411.063952049734
 31
0.0
  0
MTEXT
  5
A33
330
1F
100
AcDbEntity
  8
TEXT
  6
BYBLOCK
100
AcDbMText
 10
2901.539843345019
 20
1415.193910759062
 30
0.0
 40
0.2
 41
2.098717854366761
 71
     8
 72
     5
  1
BED\P2.79X2.75\P9'2''X9'1''
  7
AN
1001
ACAD
1000
ACAD_MTEXT_DEFINED_HEIGHT_BEGIN
1070
    46
1040
1.835570745916574
1000
ACAD_MTEXT_DEFINED_HEIGHT_END
  0
LINE
  5
A34
330
1F
100
AcDbEntity
  8
0
 62
     1
100
AcDbLine
 10
2898.614282894612
 20
1413.313952049737
 30
0.0
 11
2898.614282894611
 21
1414.063952049737
 31
0.0
  0
MTEXT
  5
A35
330
1F
100
AcDbEntity
  8
TEXT
  6
BYBLOCK
100
AcDbMText
 10
2902.944490989104
 20
1413.297213645342
 30
0.0
 40
0.15
 41
2.098717854366761
 71
     8
 72
     5
  1
WC\P1.20X0.90\P4'0''X3'0''
  7
AN
1001
ACAD
1000
ACAD_MTEXT_DEFINED_HEIGHT_BEGIN
1070
    46
1040
1.835570745916574
1000
ACAD_MTEXT_DEFINED_HEIGHT_END
  0
MTEXT
  5
A36
330
1F
100
AcDbEntity
  8
TEXT
  6
BYBLOCK
100
AcDbMText
 10
2899.3200260862
 20
1413.297213645335
 30
0.0
 40
0.15
 41
2.098717854366761
 71
     8
 72
     5
  1
WC\P1.25X0.90\P4'0''X3'0''
  7
AN
1001
ACAD
1000
ACAD_MTEXT_DEFINED_HEIGHT_BEGIN
1070
    46
1040
1.835570745916574
1000
ACAD_MTEXT_DEFINED_HEIGHT_END
  0
MTEXT
  5
A37
330
1F
100
AcDbEntity
  8
TEXT
  6
BYBLOCK
100
AcDbMText
 10
2898.081040266879
 20
1411.847679207557
 30
0.0
 40
0.15
 41
2.098717854366761
 71
     8
 72
     5
  1
BATH\P1.10X1.90\P3'7''X6'3''
  7
AN
1001
ACAD
1000
ACAD_MTEXT_DEFINED_HEIGHT_BEGIN
1070
    46
1040
1.835570745916574
1000
ACAD_MTEXT_DEFINED_HEIGHT_END
  0
LINE
  5
A38
330
1F
100
AcDbEntity
  8
0
 62
     1
100
AcDbLine
 10
2898.264282894614
 20
1413.163952049737
 30
0.0
 11
2897.514282894614
 21
1413.163952049735
 31
0.0
  0
LINE
  5
A39
330
1F
100
AcDbEntity
  8
0
100
AcDbLine
 10
2899.96428289461
 20
1415.06395204974
 30
0.0
 11
2899.964282894612
 21
1414.16395204974
 31
0.0
  0
MTEXT
  5
A3A
330
1F
100
AcDbEntity
  8
TEXT
  6
BYBLOCK
100
AcDbMText
 10
2898.605182351639
 20
1415.193910759057
 30
0.0
 40
0.2
 41
2.098717854366761
 71
     8
 72
     5
  1
KITCHEN\P2.45X2.75\P8'1''X9'1''
  7
AN
1001
ACAD
1000
ACAD_MTEXT_DEFINED_HEIGHT_BEGIN
1070
    46
1040
1.835570745916574
1000
ACAD_MTEXT_DEFINED_HEIGHT_END
  0
DIMENSION
  5
A3B
102
{ACAD_REACTORS
330
A3D
102
}
102
{ACAD_XDICTIONARY
360
A3C
102
}
330
1F
100
AcDbEntity
  8
0
100
AcDbDimension
  2
*D34
 10
2885.084346882411
 20
1417.06395204971
 30
0.0
 11
2885.084346882411
 21
1418.563952049709
 31
0.0
 70
    32
  3
DIM
100
AcDbAlignedDimension
 13
2885.075213420327
 23
1420.06395204971
 33
0.0
 14
2885.075213420333
 24
1417.06395204971
 34
0.0
 50
90.00000000010422
100
AcDbRotatedDimension
  0
MTEXT
  5
A3E
330
1F
100
AcDbEntity
  8
TEXT
  6
BYBLOCK
100
AcDbMText
 10
2896.134052683682
 20
1413.096961888826
 30
0.0
 40
0.2
 41
2.098717854366761
 71
     8
 72
     5
  1
LIVING\P2.75X4.55\P9'1''X15'1''
  7
AN
1001
ACAD
1000
ACAD_MTEXT_DEFINED_HEIGHT_BEGIN
1070
    46
1040
1.835570745916574
1000
ACAD_MTEXT_DEFINED_HEIGHT_END
  0
MTEXT
  5
A3F
330
1F
100
AcDbEntity
  8
TEXT
  6
BYBLOCK
100
AcDbMText
 10
2899.642614440596
 20
1410.292218464831
 30
0.0
 40
0.2
 41
5.044234991263923
 71
     8
 72
     5
  1
5'0'' WIDE BALCONY
  7
AN
1001
ACAD
1000
ACAD_MTEXT_DEFINED_HEIGHT_BEGIN
1070
    46
1040
1.835570745916574
1000
ACAD_MTEXT_DEFINED_HEIGHT_END
  0
LINE
  5
A40
330
1F
100
AcDbEntity
  8
0
 62
     1
100
AcDbLine
 10
2903.664282894627
 20
1406.493952049748
 30
0.0
 11
2903.664282894626
 21
1407.243952049748
 31
0.0
  0
MTEXT
  5
A41
330
1F
100
AcDbEntity
  8
TEXT
  6
BYBLOCK
100
AcDbMText
 10
2906.63754327614
 20
1408.537105472869
 30
0.0
 40
0.2
 41
2.098717854366761
 71
     8
 72
     5
  1
LIVING\P3.72X2.75\P12'3''X9'1''
  7
AN
1001
ACAD
1000
ACAD_MTEXT_DEFINED_HEIGHT_BEGIN
1070
    46
1040
1.835570745916574
1000
ACAD_MTEXT_DEFINED_HEIGHT_END
  0
MTEXT
  5
A42
330
1F
100
AcDbEntity
  8
TEXT
  6
BYBLOCK
100
AcDbMText
 10
2907.164915388645
 20
1405.468630167746
 30
0.0
 40
0.2
 41
2.098717854366761
 71
     8
 72
     5
  1
BED\P2.75X2.70\P9'1''X9'0''
  7
AN
1001
ACAD
1000
ACAD_MTEXT_DEFINED_HEIGHT_BEGIN
1070
    46
1040
1.835570745916574
1000
ACAD_MTEXT_DEFINED_HEIGHT_END
  0
LINE
  5
A43
330
1F
100
AcDbEntity
  8
0
 62
     1
100
AcDbLine
 10
2906.734282894631
 20
1404.563952049753
 30
0.0
 11
2905.834282894632
 21
1404.563952049752
 31
0.0
  0
MTEXT
  5
A44
330
1F
100
AcDbEntity
  8
TEXT_
  6
CONTINUOUS
100
AcDbMText
 10
2907.225013121889
 20
1404.210002978929
 30
0.0
 40
0.2
 41
3.118625089751504
 71
     5
 72
     5
  1
3'3" WIDE BALCONY
  7
AN
  0
MTEXT
  5
A45
330
1F
100
AcDbEntity
  8
TEXT
  6
BYBLOCK
100
AcDbMText
 10
2904.170650144863
 20
1407.997671407673
 30
0.0
 40
0.15
 41
2.098717854366761
 71
     8
 72
     5
  1
BATH\P1.10X1.85\P3'7''X6'1''
  7
AN
1001
ACAD
1000
ACAD_MTEXT_DEFINED_HEIGHT_BEGIN
1070
    46
1040
1.835570745916574
1000
ACAD_MTEXT_DEFINED_HEIGHT_END
  0
MTEXT
  5
A46
330
1F
100
AcDbEntity
  8
TEXT
  6
BYBLOCK
100
AcDbMText
 10
2900.878975608462
 20
1408.375510026918
 30
0.0
 40
0.15
 41
2.098717854366761
 71
     8
 72
     5
  1
BATH\P1.10X1.80\P3'7''X6'0''
  7
AN
1001
ACAD
1000
ACAD_MTEXT_DEFINED_HEIGHT_BEGIN
1070
    46
1040
1.835570745916574
1000
ACAD_MTEXT_DEFINED_HEIGHT_END
  0
MTEXT
  5
A47
330
1F
100
AcDbEntity
  8
TEXT
  6
BYBLOCK
100
AcDbMText
 10
2902.053746851338
 20
1406.723832395448
 30
0.0
 40
0.15
 41
2.098717854366761
 71
     8
 72
     5
  1
WC\P0.95X1.20\P3'0''X4'0''
  7
AN
1001
ACAD
1000
ACAD_MTEXT_DEFINED_HEIGHT_BEGIN
1070
    46
1040
1.835570745916574
1000
ACAD_MTEXT_DEFINED_HEIGHT_END
  0
MTEXT
  5
A48
330
1F
100
AcDbEntity
  8
TEXT
  6
BYBLOCK
100
AcDbMText
 10
2903.093730459046
 20
1406.723832395451
 30
0.0
 40
0.15
 41
2.098717854366761
 71
     8
 72
     5
  1
WC\P0.95X1.20\P3'0''X4'0''
  7
AN
1001
ACAD
1000
ACAD_MTEXT_DEFINED_HEIGHT_BEGIN
1070
    46
1040
1.835570745916574
1000
ACAD_MTEXT_DEFINED_HEIGHT_END
  0
MTEXT
  5
A49
330
1F
100
AcDbEntity
  8
TEXT
  6
BYBLOCK
100
AcDbMText
 10
2904.363708292876
 20
1404.834065733252
 30
0.0
 40
0.2
 41
2.098717854366761
 71
     8
 72
     5
  1
KITCHEN\P2.64X2.68\P8'9''X9'0''
  7
AN
1001
ACAD
1000
ACAD_MTEXT_DEFINED_HEIGHT_BEGIN
1070
    46
1040
1.835570745916574
1000
ACAD_MTEXT_DEFINED_HEIGHT_END
  0
MTEXT
  5
A4A
330
1F
100
AcDbEntity
  8
TEXT
  6
BYBLOCK
100
AcDbMText
 10
2901.822139642823
 20
1404.834065733246
 30
0.0
 40
0.2
 41
2.098717854366761
 71
     8
 72
     5
  1
KITCHEN\P2.63X2.68\P8'9''X9'0''
  7
AN
1001
ACAD
1000
ACAD_MTEXT_DEFINED_HEIGHT_BEGIN
1070
    46
1040
1.835570745916574
1000
ACAD_MTEXT_DEFINED_HEIGHT_END
  0
MTEXT
  5
A4B
330
1F
100
AcDbEntity
  8
TEXT
  6
BYBLOCK
100
AcDbMText
 10
2898.990079769284
 20
1406.839032046842
 30
0.0
 40
0.2
 41
2.098717854366761
 71
     8
 72
     5
  1
LIVING\P2.75X4.55\P9'1''X15'1''
  7
AN
1001
ACAD
1000
ACAD_MTEXT_DEFINED_HEIGHT_BEGIN
1070
    46
1040
1.835570745916574
1000
ACAD_MTEXT_DEFINED_HEIGHT_END
  0
LINE
  5
A4C
330
1F
100
AcDbEntity
  8
0
 62
     1
100
AcDbLine
 10
2897.514282894628
 20
1405.913952049736
 30
0.0
 11
2897.51428289463
 21
1405.013952049736
 31
0.0
  0
LINE
  5
A4D
330
1F
100
AcDbEntity
  8
0
 62
     1
100
AcDbLine
 10
2898.414282894631
 20
1404.763952049737
 30
0.0
 11
2897.51428289463
 21
1404.763952049735
 31
0.0
  0
MTEXT
  5
A4E
330
1F
100
AcDbEntity
  8
TEXT_
  6
CONTINUOUS
100
AcDbMText
 10
2898.916581402442
 20
1404.210002978913
 30
0.0
 40
0.2
 41
3.118625089751504
 71
     5
 72
     5
  1
4'0" WIDE BALCONY
  7
AN
  0
MTEXT
  5
A4F
330
1F
100
AcDbEntity
  8
TEXT_
  6
CONTINUOUS
100
AcDbMText
 10
2896.089323909758
 20
1404.210002978906
 30
0.0
 40
0.2
 41
3.118625089751504
 71
     5
 72
     5
  1
4'0" WIDE BALCONY
  7
AN
  0
MTEXT
  5
A50
330
1F
100
AcDbEntity
  8
TEXT_
  6
CONTINUOUS
100
AcDbMText
 10
2893.147443093388
 20
1404.210002978901
 30
0.0
 40
0.2
 41
3.118625089751504
 71
     5
 72
     5
  1
4'0" WIDE BALCONY
  7
AN
  0
MTEXT
  5
A51
330
1F
100
AcDbEntity
  8
TEXT
  6
BYBLOCK
100
AcDbMText
 10
2895.974899669538
 20
1406.062123007709
 30
0.0
 40
0.2
 41
2.098717854366761
 71
     8
 72
     5
  1
BED\P2.75X3.65\P9'1''X12'1''
  7
AN
1001
ACAD
1000
ACAD_MTEXT_DEFINED_HEIGHT_BEGIN
1070
    46
1040
1.835570745916574
1000
ACAD_MTEXT_DEFINED_HEIGHT_END
  0
MTEXT
  5
A52
330
1F
100
AcDbEntity
  8
TEXT
  6
BYBLOCK
100
AcDbMText
 10
2893.245286524584
 20
1406.062123007704
 30
0.0
 40
0.2
 41
2.098717854366761
 71
     8
 72
     5
  1
BED\P2.75X3.65\P9'1''X12'1''
  7
AN
1001
ACAD
1000
ACAD_MTEXT_DEFINED_HEIGHT_BEGIN
1070
    46
1040
1.835570745916574
1000
ACAD_MTEXT_DEFINED_HEIGHT_END
  0
LINE
  5
A53
330
1F
100
AcDbEntity
  8
0
 62
     1
100
AcDbLine
 10
2897.414282894622
 20
1408.713952049735
 30
0.0
 11
2897.414282894621
 21
1409.463952049735
 31
0.0
  0
LINE
  5
A54
330
1F
100
AcDbEntity
  8
0
100
AcDbLine
 10
2891.814282894621
 20
1408.663952049724
 30
0.0
 11
2891.814282894627
 21
1405.813952049732
 31
0.0
  0
LINE
  5
A55
330
1F
100
AcDbEntity
  8
0
100
AcDbLine
 10
2891.814282894627
 20
1405.813952049732
 30
0.0
 11
2891.814282894629
 21
1404.913952049731
 31
0.0
  0
MTEXT
  5
A56
330
1F
100
AcDbEntity
  8
TEXT_
  6
CONTINUOUS
100
AcDbMText
 10
2890.451267845567
 20
1404.210002978895
 30
0.0
 40
0.2
 41
3.118625089751504
 71
     5
 72
     5
  1
4'0" WIDE BALCONY
  7
AN
  0
MTEXT
  5
A57
330
1F
100
AcDbEntity
  8
TEXT
  6
BYBLOCK
100
AcDbMText
 10
2890.221578339041
 20
1406.839032046824
 30
0.0
 40
0.2
 41
2.098717854366761
 71
     8
 72
     5
  1
LIVING\P2.75X4.55\P9'1''X15'1''
  7
AN
1001
ACAD
1000
ACAD_MTEXT_DEFINED_HEIGHT_BEGIN
1070
    46
1040
1.835570745916574
1000
ACAD_MTEXT_DEFINED_HEIGHT_END
  0
MTEXT
  5
A58
330
1F
100
AcDbEntity
  8
TEXT
  6
BYBLOCK
100
AcDbMText
 10
2886.876090546863
 20
1406.769359052401
 30
0.0
 40
0.15
 41
2.098717854366761
 71
     8
 72
     5
  1
WC\P1.20X0.90\P4'0''X3'0''
  7
AN
1001
ACAD
1000
ACAD_MTEXT_DEFINED_HEIGHT_BEGIN
1070
    46
1040
1.835570745916574
1000
ACAD_MTEXT_DEFINED_HEIGHT_END
  0
MTEXT
  5
A59
330
1F
100
AcDbEntity
  8
TEXT
  6
BYBLOCK
100
AcDbMText
 10
2888.096993740632
 20
1408.37551002689
 30
0.0
 40
0.15
 41
2.498717854366852
 71
     8
 72
     5
  1
BATH\P1.10X1.80\P3'7''X6'0''
  7
AN
1001
ACAD
1000
ACAD_MTEXT_DEFINED_HEIGHT_BEGIN
1070
    46
1040
1.835570745916574
1000
ACAD_MTEXT_DEFINED_HEIGHT_END
  0
MTEXT
  5
A5A
330
1F
100
AcDbEntity
  8
TEXT
  6
BYBLOCK
100
AcDbMText
 10
2887.559377246589
 20
1404.834065733218
 30
0.0
 40
0.2
 41
2.098717854366761
 71
     8
 72
     5
  1
KITCHEN\P2.55X2.85\P8'5''X9'5''
  7
AN
1001
ACAD
1000
ACAD_MTEXT_DEFINED_HEIGHT_BEGIN
1070
    46
1040
1.835570745916574
1000
ACAD_MTEXT_DEFINED_HEIGHT_END
  0
LINE
  5
A5B
330
1F
100
AcDbEntity
  8
0
100
AcDbLine
 10
2878.90414605847
 20
1403.713952049698
 30
0.0
 11
2886.214282894631
 21
1403.713952049712
 31
0.0
  0
LINE
  5
A5C
330
1F
100
AcDbEntity
  8
0
100
AcDbLine
 10
2886.31428289463
 20
1403.713952049712
 30
0.0
 11
2888.964282894631
 21
1403.713952049718
 31
0.0
  0
MTEXT
  5
A5D
330
1F
100
AcDbEntity
  8
TEXT
  6
BYBLOCK
100
AcDbMText
 10
2883.182354750926
 20
1410.292218464799
 30
0.0
 40
0.2
 41
5.344234991264105
 71
     8
 72
     5
  1
5'0'' WIDE BALCONY
  7
AN
1001
ACAD
1000
ACAD_MTEXT_DEFINED_HEIGHT_BEGIN
1070
    46
1040
1.835570745912805
1000
ACAD_MTEXT_DEFINED_HEIGHT_END
  0
MTEXT
  5
A5E
330
1F
100
AcDbEntity
  8
TEXT
  6
BYBLOCK
100
AcDbMText
 10
2885.491172045222
 20
1411.783006260392
 30
0.0
 40
0.15
 41
2.098717854366761
 71
     8
 72
     5
  1
BATH\P1.20X1.80\P4'0''X6'0''
  7
AN
1001
ACAD
1000
ACAD_MTEXT_DEFINED_HEIGHT_BEGIN
1070
    46
1040
1.835570745916574
1000
ACAD_MTEXT_DEFINED_HEIGHT_END
  0
MTEXT
  5
A5F
330
1F
100
AcDbEntity
  8
TEXT
  6
BYBLOCK
100
AcDbMText
 10
2884.167742946618
 20
1413.197457094719
 30
0.0
 40
0.15
 41
2.248717854366852
 71
     8
 72
     5
  1
WC\P1.20X0.90\P4'0''X3'0''
  7
AN
1001
ACAD
1000
ACAD_MTEXT_DEFINED_HEIGHT_BEGIN
1070
    46
1040
1.835570745916574
1000
ACAD_MTEXT_DEFINED_HEIGHT_END
  0
MTEXT
  5
A60
330
1F
100
AcDbEntity
  8
TEXT
  6
BYBLOCK
100
AcDbMText
 10
2881.991449735361
 20
1414.281432556853
 30
0.0
 40
0.2
 41
2.098717854366761
 71
     8
 72
     5
  1
OFFICE\P2.70X2.85\P9'0''X9'5''
  7
AN
1001
ACAD
1000
ACAD_MTEXT_DEFINED_HEIGHT_BEGIN
1070
    46
1040
1.835570745916574
1000
ACAD_MTEXT_DEFINED_HEIGHT_END
  0
LINE
  5
A61
330
1F
100
AcDbEntity
  8
0
100
AcDbLine
 10
2886.164282894611
 20
1414.063952049712
 30
0.0
 11
2886.264282894612
 21
1414.063952049712
 31
0.0
  0
MTEXT
  5
A62
330
1F
100
AcDbEntity
  8
TEXT
  6
BYBLOCK
100
AcDbMText
 10
2884.810473837396
 20
1414.983643619054
 30
0.0
 40
0.2
 41
2.098717854366761
 71
     8
 72
     5
  1
KITCHEN\P2.70X2.85\P9'0''X9'5''
  7
AN
1001
ACAD
1000
ACAD_MTEXT_DEFINED_HEIGHT_BEGIN
1070
    46
1040
1.835570745916574
1000
ACAD_MTEXT_DEFINED_HEIGHT_END
  0
MTEXT
  5
A63
330
1F
100
AcDbEntity
  8
TEXT
  6
BYBLOCK
100
AcDbMText
 10
2887.451568164204
 20
1412.856542026952
 30
0.0
 40
0.2
 41
2.098717854366761
 71
     8
 72
     5
  1
LIVING\P2.85X4.55\P9'5''X15'1''
  7
AN
1001
ACAD
1000
ACAD_MTEXT_DEFINED_HEIGHT_BEGIN
1070
    46
1040
1.835570745916574
1000
ACAD_MTEXT_DEFINED_HEIGHT_END
  0
MTEXT
  5
A64
330
1F
100
AcDbEntity
  8
TEXT_
  6
CONTINUOUS
100
AcDbMText
 10
2887.583044476167
 20
1416.495747283348
 30
0.0
 40
0.2
 41
3.118625089751504
 71
     5
 72
     5
  1
4'0" WIDE BALCONY
  7
AN
  0
MTEXT
  5
A65
330
1F
100
AcDbEntity
  8
TEXT_
  6
CONTINUOUS
100
AcDbMText
 10
2890.638549722669
 20
1416.495747283354
 30
0.0
 40
0.2
 41
3.118625089751504
 71
     5
 72
     5
  1
4'0" WIDE BALCONY
  7
AN
  0
LINE
  5
A66
330
1F
100
AcDbEntity
  8
0
 62
     1
100
AcDbLine
 10
2889.114282894612
 20
1413.863952049718
 30
0.0
 11
2889.114282894614
 21
1412.963952049718
 31
0.0
  0
MTEXT
  5
A67
330
1F
100
AcDbEntity
  8
TEXT
  6
BYBLOCK
100
AcDbMText
 10
2890.478159312861
 20
1413.988513680066
 30
0.0
 40
0.2
 41
2.098717854366761
 71
     8
 72
     5
  1
BED\P2.75X2.75\P9'0''X9'0''
  7
AN
1001
ACAD
1000
ACAD_MTEXT_DEFINED_HEIGHT_BEGIN
1070
    46
1040
1.835570745916574
1000
ACAD_MTEXT_DEFINED_HEIGHT_END
  0
MTEXT
  5
A68
330
1F
100
AcDbEntity
  8
TEXT
  6
BYBLOCK
100
AcDbMText
 10
2889.966224016578
 20
1411.628620906078
 30
0.0
 40
0.2
 41
2.098717854366761
 71
     8
 72
     5
  1
LIFT\P1.70X1.60\P5'6''X5'3''
  7
AN
1001
ACAD
1000
ACAD_MTEXT_DEFINED_HEIGHT_BEGIN
1070
    46
1040
1.835570745916574
1000
ACAD_MTEXT_DEFINED_HEIGHT_END
  0
LWPOLYLINE
  5
A69
330
1F
100
AcDbEntity
  8
0
 62
     1
100
AcDbPolyline
 90
       15
 70
     1
 43
0.0
 10
2886.264282894618
 20
1411.063952049712
 10
2887.164282894618
 20
1411.063952049714
 10
2887.164282894618
 20
1411.113952049714
 10
2887.164282894618
 20
1411.163952049714
 10
2889.114282894618
 20
1411.163952049718
 10
2889.114282894614
 20
1412.963952049718
 10
2891.964282894613
 20
1412.963952049724
 10
2891.964282894605
 20
1416.963952049722
 10
2886.264282894605
 20
1416.963952049711
 10
2886.264282894605
 20
1416.913952049712
 10
2883.464282894606
 20
1416.913952049706
 10
2883.464282894614
 20
1413.063952049706
 10
2884.964282894613
 20
1413.06395204971
 10
2884.964282894618
 20
1411.163952049709
 10
2886.264282894617
 20
1411.163952049712
  0
LWPOLYLINE
  5
A6A
330
1F
100
AcDbEntity
  8
0
 62
     1
100
AcDbPolyline
 90
       12
 70
     1
 43
0.0
 10
2891.71428289462
 20
1408.663952049724
 10
2891.814282894621
 20
1408.663952049724
 10
2891.81428289462
 20
1409.463952049724
 10
2887.66428289462
 20
1409.463952049716
 10
2887.664282894623
 20
1407.563952049715
 10
2886.314282894623
 20
1407.563952049712
 10
2886.31428289463
 20
1403.713952049713
 10
2888.964282894631
 20
1403.713952049719
 10
2888.964282894631
 20
1403.663339118082
 10
2894.564282894632
 20
1403.66395204973
 10
2894.564282894622
 20
1408.56395204973
 10
2891.714282894621
 20
1408.563952049721
  0
LINE
  5
A6B
102
{ACAD_REACTORS
330
AD6
330
B32
102
}
330
1F
100
AcDbEntity
  8
0
100
AcDbLine
 10
2860.67428289455
 20
1444.681048109741
 30
0.0
 11
2911.73428289455
 21
1444.681048109844
 31
0.0
  0
LINE
  5
A6C
102
{ACAD_REACTORS
330
AD6
330
B32
102
}
330
1F
100
AcDbEntity
  8
0
100
AcDbLine
 10
2872.073911509168
 20
1440.681048109763
 30
0.0
 11
2880.664282894559
 21
1440.68104810978
 31
0.0
  0
LINE
  5
A6D
102
{ACAD_REACTORS
330
B2F
102
}
330
1F
100
AcDbEntity
  8
0
100
AcDbLine
 10
2911.73428289455
 20
1444.681048109844
 30
0.0
 11
2911.734282894589
 21
1425.181048109844
 31
0.0
  0
LINE
  5
A6E
330
1F
100
AcDbEntity
  8
0
100
AcDbLine
 10
2911.734282894589
 20
1425.181048109844
 30
0.0
 11
2875.37428289459
 21
1425.18104810977
 31
0.0
  0
LINE
  5
A6F
330
1F
100
AcDbEntity
  8
0
100
AcDbLine
 10
2908.134282894584
 20
1428.181048109836
 30
0.0
 11
2878.754146058422
 21
1428.181048109777
 31
0.0
  0
LINE
  5
A70
102
{ACAD_REACTORS
330
B37
102
}
330
1F
100
AcDbEntity
  8
0
100
AcDbLine
 10
2875.37428289459
 20
1425.18104810977
 30
0.0
 11
2860.67428289455
 21
1444.681048109741
 31
0.0
  0
LINE
  5
A71
330
1F
100
AcDbEntity
  8
0
100
AcDbLine
 10
2880.564282894571
 20
1434.081048109781
 30
0.0
 11
2880.564282894558
 21
1440.681048109781
 31
0.0
  0
LINE
  5
A72
330
1F
100
AcDbEntity
  8
0
100
AcDbLine
 10
2880.664282894571
 20
1434.081048109781
 30
0.0
 11
2880.664282894556
 21
1441.681048109781
 31
0.0
  0
LINE
  5
A73
330
1F
100
AcDbEntity
  8
0
100
AcDbLine
 10
2881.964282894567
 20
1435.781048109783
 30
0.0
 11
2881.964282894564
 21
1437.581048109783
 31
0.0
  0
LINE
  5
A74
330
1F
100
AcDbEntity
  8
0
100
AcDbLine
 10
2880.564282894558
 20
1440.53104810978
 30
0.0
 11
2872.223911509169
 21
1440.531048109763
 31
0.0
  0
LINE
  5
A75
330
1F
100
AcDbEntity
  8
0
100
AcDbLine
 10
2874.304453750716
 20
1434.081048109769
 30
0.0
 11
2874.30445375071
 21
1436.931048109768
 31
0.0
  0
LINE
  5
A76
330
1F
100
AcDbEntity
  8
0
100
AcDbLine
 10
2874.454453750716
 20
1434.181048109769
 30
0.0
 11
2874.454453750711
 21
1436.931048109768
 31
0.0
  0
LINE
  5
A77
330
1F
100
AcDbEntity
  8
0
100
AcDbLine
 10
2872.073911509176
 20
1436.931048109764
 30
0.0
 11
2880.564282894566
 21
1436.931048109781
 31
0.0
  0
LINE
  5
A78
330
1F
100
AcDbEntity
  8
0
100
AcDbLine
 10
2874.454453750716
 20
1434.181048109769
 30
0.0
 11
2880.814282894569
 21
1434.181048109782
 31
0.0
  0
LINE
  5
A79
102
{ACAD_REACTORS
330
B37
102
}
330
1F
100
AcDbEntity
  8
0
100
AcDbLine
 10
2874.304453750716
 20
1434.081048109769
 30
0.0
 11
2884.86428289457
 21
1434.08104810979
 31
0.0
  0
LINE
  5
A7A
330
1F
100
AcDbEntity
  8
0
100
AcDbLine
 10
2876.603915289184
 20
1431.331048109773
 30
0.0
 11
2884.864282894579
 21
1431.33104810979
 31
0.0
  0
LINE
  5
A7B
330
1F
100
AcDbEntity
  8
0
100
AcDbLine
 10
2876.453915289184
 20
1431.231048109773
 30
0.0
 11
2884.964282894579
 21
1431.23104810979
 31
0.0
  0
LINE
  5
A7C
330
1F
100
AcDbEntity
  8
0
100
AcDbLine
 10
2872.223911509176
 20
1437.031048109763
 30
0.0
 11
2880.564282894566
 21
1437.031048109781
 31
0.0
  0
LINE
  5
A7D
330
1F
100
AcDbEntity
  8
0
100
AcDbLine
 10
2889.114282894569
 20
1435.681048109798
 30
0.0
 11
2889.114282894564
 21
1437.581048109798
 31
0.0
  0
LINE
  5
A7E
330
1F
100
AcDbEntity
  8
0
100
AcDbLine
 10
2889.264282894568
 20
1435.831048109799
 30
0.0
 11
2889.264282894565
 21
1437.431048109798
 31
0.0
  0
LINE
  5
A7F
330
1F
100
AcDbEntity
  8
0
100
AcDbLine
 10
2890.964282894568
 20
1435.831048109801
 30
0.0
 11
2890.964282894567
 21
1436.156048109801
 31
0.0
  0
LINE
  5
A80
330
1F
100
AcDbEntity
  8
0
100
AcDbLine
 10
2890.964282894565
 20
1437.056048109802
 30
0.0
 11
2890.964282894564
 21
1437.431048109802
 31
0.0
  0
LINE
  5
A81
330
1F
100
AcDbEntity
  8
0
 62
     1
100
AcDbLine
 10
2891.114282894568
 20
1436.156048109802
 30
0.0
 11
2891.114282894566
 21
1437.056048109802
 31
0.0
  0
LINE
  5
A82
330
1F
100
AcDbEntity
  8
0
100
AcDbLine
 10
2891.964282894563
 20
1437.581048109803
 30
0.0
 11
2891.964282894558
 21
1440.331048109803
 31
0.0
  0
LINE
  5
A83
330
1F
100
AcDbEntity
  8
0
100
AcDbLine
 10
2891.964282894558
 20
1440.481048109804
 30
0.0
 11
2891.964282894555
 21
1441.681048109804
 31
0.0
  0
LINE
  5
A84
330
1F
100
AcDbEntity
  8
0
100
AcDbLine
 10
2892.114282894564
 20
1437.431048109804
 30
0.0
 11
2892.114282894556
 21
1441.531048109804
 31
0.0
  0
LINE
  5
A85
330
1F
100
AcDbEntity
  8
0
100
AcDbLine
 10
2894.514282894568
 20
1435.681048109809
 30
0.0
 11
2894.514282894555
 21
1441.531048109809
 31
0.0
  0
LINE
  5
A86
330
1F
100
AcDbEntity
  8
0
100
AcDbLine
 10
2894.664282894568
 20
1435.681048109809
 30
0.0
 11
2894.664282894556
 21
1441.681048109809
 31
0.0
  0
LINE
  5
A87
330
1F
100
AcDbEntity
  8
0
100
AcDbLine
 10
2884.864282894568
 20
1435.781048109789
 30
0.0
 11
2884.864282894565
 21
1437.58104810979
 31
0.0
  0
LINE
  5
A88
330
1F
100
AcDbEntity
  8
0
100
AcDbLine
 10
2884.864282894568
 20
1435.781048109789
 30
0.0
 11
2881.964282894567
 21
1435.781048109784
 31
0.0
  0
LINE
  5
A89
330
1F
100
AcDbEntity
  8
0
100
AcDbLine
 10
2884.864282894565
 20
1437.58104810979
 30
0.0
 11
2881.964282894564
 21
1437.581048109783
 31
0.0
  0
LINE
  5
A8A
330
1F
100
AcDbEntity
  8
0
 62
     7
100
AcDbLine
 10
2891.964282894563
 20
1437.581048109803
 30
0.0
 11
2889.114282894564
 21
1437.581048109798
 31
0.0
  0
LINE
  5
A8B
330
1F
100
AcDbEntity
  8
0
 62
     7
100
AcDbLine
 10
2892.114282894564
 20
1437.431048109804
 30
0.0
 11
2891.114282894565
 21
1437.431048109802
 31
0.0
  0
LINE
  5
A8C
330
1F
100
AcDbEntity
  8
0
 62
     7
100
AcDbLine
 10
2890.964282894564
 20
1437.431048109802
 30
0.0
 11
2889.264282894565
 21
1437.431048109798
 31
0.0
  0
LINE
  5
A8D
330
1F
100
AcDbEntity
  8
0
 62
     7
100
AcDbLine
 10
2890.964282894568
 20
1435.831048109801
 30
0.0
 11
2889.264282894568
 21
1435.831048109799
 31
0.0
  0
LINE
  5
A8E
330
1F
100
AcDbEntity
  8
0
 62
     7
100
AcDbLine
 10
2894.664282894568
 20
1435.681048109809
 30
0.0
 11
2889.114282894568
 21
1435.681048109798
 31
0.0
  0
LINE
  5
A8F
330
1F
100
AcDbEntity
  8
0
 62
     1
100
AcDbLine
 10
2881.964282894564
 20
1437.581048109783
 30
0.0
 11
2884.864282894569
 21
1435.781048109789
 31
0.0
  0
LINE
  5
A90
330
1F
100
AcDbEntity
  8
0
 62
     1
100
AcDbLine
 10
2881.964282894567
 20
1435.781048109783
 30
0.0
 11
2884.864282894564
 21
1437.58104810979
 31
0.0
  0
LINE
  5
A91
330
1F
100
AcDbEntity
  8
0
100
AcDbLine
 10
2880.664282894564
 20
1437.681048109781
 30
0.0
 11
2880.564282894564
 21
1437.681048109781
 31
0.0
  0
LINE
  5
A92
330
1F
100
AcDbEntity
  8
0
100
AcDbLine
 10
2890.964282894567
 20
1436.156048109801
 30
0.0
 11
2891.114282894568
 21
1436.156048109802
 31
0.0
  0
LINE
  5
A93
330
1F
100
AcDbEntity
  8
0
100
AcDbLine
 10
2890.964282894565
 20
1437.056048109802
 30
0.0
 11
2891.114282894566
 21
1437.056048109802
 31
0.0
  0
LINE
  5
A94
330
1F
100
AcDbEntity
  8
0
100
AcDbLine
 10
2891.964282894555
 20
1441.681048109804
 30
0.0
 11
2894.664282894556
 21
1441.681048109809
 31
0.0
  0
LINE
  5
A95
330
1F
100
AcDbEntity
  8
0
100
AcDbLine
 10
2892.114282894556
 20
1441.531048109804
 30
0.0
 11
2894.514282894555
 21
1441.531048109809
 31
0.0
  0
LINE
  5
A96
330
1F
100
AcDbEntity
  8
0
 62
     1
100
AcDbLine
 10
2892.114282894559
 20
1440.331048109804
 30
0.0
 11
2894.514282894558
 21
1440.331048109809
 31
0.0
  0
LINE
  5
A97
330
1F
100
AcDbEntity
  8
0
 62
     1
100
AcDbLine
 10
2892.114282894559
 20
1440.081048109804
 30
0.0
 11
2894.514282894559
 21
1440.081048109809
 31
0.0
  0
LINE
  5
A98
330
1F
100
AcDbEntity
  8
0
 62
     1
100
AcDbLine
 10
2892.114282894559
 20
1439.831048109804
 30
0.0
 11
2894.514282894559
 21
1439.831048109809
 31
0.0
  0
LINE
  5
A99
330
1F
100
AcDbEntity
  8
0
 62
     1
100
AcDbLine
 10
2892.114282894559
 20
1439.581048109804
 30
0.0
 11
2894.514282894559
 21
1439.581048109809
 31
0.0
  0
LINE
  5
A9A
330
1F
100
AcDbEntity
  8
0
 62
     1
100
AcDbLine
 10
2892.11428289456
 20
1439.331048109804
 30
0.0
 11
2894.51428289456
 21
1439.331048109809
 31
0.0
  0
LINE
  5
A9B
330
1F
100
AcDbEntity
  8
0
 62
     1
100
AcDbLine
 10
2892.114282894561
 20
1439.081048109804
 30
0.0
 11
2894.514282894561
 21
1439.081048109809
 31
0.0
  0
LINE
  5
A9C
330
1F
100
AcDbEntity
  8
0
 62
     1
100
AcDbLine
 10
2892.114282894561
 20
1438.831048109804
 30
0.0
 11
2894.514282894561
 21
1438.831048109809
 31
0.0
  0
LINE
  5
A9D
330
1F
100
AcDbEntity
  8
0
 62
     1
100
AcDbLine
 10
2892.114282894562
 20
1438.581048109804
 30
0.0
 11
2894.514282894562
 21
1438.581048109809
 31
0.0
  0
LINE
  5
A9E
330
1F
100
AcDbEntity
  8
0
 62
     1
100
AcDbLine
 10
2892.114282894562
 20
1438.331048109804
 30
0.0
 11
2894.664282894562
 21
1438.331048109809
 31
0.0
  0
LINE
  5
A9F
330
1F
100
AcDbEntity
  8
0
 62
     1
100
AcDbLine
 10
2893.314282894562
 20
1438.331048109806
 30
0.0
 11
2893.314282894558
 21
1440.331048109806
 31
0.0
  0
LINE
  5
AA0
330
1F
100
AcDbEntity
  8
0
100
AcDbLine
 10
2898.714282894568
 20
1435.781048109818
 30
0.0
 11
2898.714282894563
 21
1437.681048109817
 31
0.0
  0
LINE
  5
AA1
330
1F
100
AcDbEntity
  8
0
100
AcDbLine
 10
2900.064282894565
 20
1437.68104810982
 30
0.0
 11
2900.064282894562
 21
1438.68104810982
 31
0.0
  0
LINE
  5
AA2
330
1F
100
AcDbEntity
  8
0
100
AcDbLine
 10
2898.714282894563
 20
1437.681048109817
 30
0.0
 11
2902.264282894565
 21
1437.681048109825
 31
0.0
  0
LINE
  5
AA3
330
1F
100
AcDbEntity
  8
0
100
AcDbLine
 10
2902.264282894565
 20
1437.681048109825
 30
0.0
 11
2903.564282894565
 21
1437.681048109827
 31
0.0
  0
LINE
  5
AA4
330
1F
100
AcDbEntity
  8
0
100
AcDbLine
 10
2902.264282894565
 20
1437.681048109825
 30
0.0
 11
2902.264282894563
 21
1438.681048109825
 31
0.0
  0
LINE
  5
AA5
330
1F
100
AcDbEntity
  8
0
100
AcDbLine
 10
2903.564282894567
 20
1435.781048109828
 30
0.0
 11
2898.714282894567
 21
1435.781048109818
 31
0.0
  0
LINE
  5
AA6
330
1F
100
AcDbEntity
  8
0
100
AcDbLine
 10
2902.264282894563
 20
1438.681048109825
 30
0.0
 11
2900.064282894562
 21
1438.68104810982
 31
0.0
  0
LINE
  5
AA7
330
1F
100
AcDbEntity
  8
0
100
AcDbLine
 10
2894.564282894575
 20
1432.281048109809
 30
0.0
 11
2894.564282894582
 21
1428.281048109809
 31
0.0
  0
LINE
  5
AA8
330
1F
100
AcDbEntity
  8
0
100
AcDbLine
 10
2894.664282894574
 20
1432.281048109809
 30
0.0
 11
2894.664282894582
 21
1428.28104810981
 31
0.0
  0
LINE
  5
AA9
330
1F
100
AcDbEntity
  8
0
100
AcDbLine
 10
2897.514282894575
 20
1432.181048109815
 30
0.0
 11
2897.514282894583
 21
1428.181048109815
 31
0.0
  0
LINE
  5
AAA
330
1F
100
AcDbEntity
  8
0
100
AcDbLine
 10
2897.414282894575
 20
1432.281048109815
 30
0.0
 11
2897.414282894584
 21
1428.181048109815
 31
0.0
  0
LINE
  5
AAB
330
1F
100
AcDbEntity
  8
0
100
AcDbLine
 10
2900.264282894575
 20
1432.28104810982
 30
0.0
 11
2900.264282894584
 21
1428.181048109821
 31
0.0
  0
LINE
  5
AAC
330
1F
100
AcDbEntity
  8
0
100
AcDbLine
 10
2900.364282894576
 20
1432.28104810982
 30
0.0
 11
2900.364282894583
 21
1428.181048109821
 31
0.0
  0
LINE
  5
AAD
330
1F
100
AcDbEntity
  8
0
100
AcDbLine
 10
2902.994282894575
 20
1432.411048109827
 30
0.0
 11
2902.994282894584
 21
1428.181048109826
 31
0.0
  0
LINE
  5
AAE
330
1F
100
AcDbEntity
  8
0
100
AcDbLine
 10
2903.094282894574
 20
1432.411048109827
 30
0.0
 11
2903.094282894584
 21
1428.181048109826
 31
0.0
  0
LINE
  5
AAF
330
1F
100
AcDbEntity
  8
0
100
AcDbLine
 10
2905.734282894576
 20
1432.181048109832
 30
0.0
 11
2905.734282894583
 21
1428.181048109832
 31
0.0
  0
LINE
  5
AB0
330
1F
100
AcDbEntity
  8
0
100
AcDbLine
 10
2905.834282894575
 20
1432.181048109832
 30
0.0
 11
2905.834282894583
 21
1428.181048109832
 31
0.0
  0
LINE
  5
AB1
330
1F
100
AcDbEntity
  8
0
100
AcDbLine
 10
2907.984282894576
 20
1432.181048109836
 30
0.0
 11
2907.984282894583
 21
1428.181048109836
 31
0.0
  0
LINE
  5
AB2
330
1F
100
AcDbEntity
  8
0
100
AcDbLine
 10
2901.464282894571
 20
1434.181048109824
 30
0.0
 11
2901.464282894575
 21
1432.311048109824
 31
0.0
  0
LINE
  5
AB3
330
1F
100
AcDbEntity
  8
0
100
AcDbLine
 10
2901.564282894571
 20
1434.081048109823
 30
0.0
 11
2901.564282894575
 21
1432.411048109823
 31
0.0
  0
LINE
  5
AB4
330
1F
100
AcDbEntity
  8
0
100
AcDbLine
 10
2903.564282894571
 20
1434.081048109828
 30
0.0
 11
2903.564282894577
 21
1432.181048109827
 31
0.0
  0
LINE
  5
AB5
330
1F
100
AcDbEntity
  8
0
100
AcDbLine
 10
2903.564282894571
 20
1434.081048109828
 30
0.0
 11
2901.564282894571
 21
1434.081048109823
 31
0.0
  0
LINE
  5
AB6
330
1F
100
AcDbEntity
  8
0
100
AcDbLine
 10
2903.664282894571
 20
1434.181048109828
 30
0.0
 11
2901.464282894571
 21
1434.181048109824
 31
0.0
  0
LINE
  5
AB7
330
1F
100
AcDbEntity
  8
0
 62
     1
100
AcDbLine
 10
2901.564282894575
 20
1432.411048109823
 30
0.0
 11
2903.564282894571
 21
1434.081048109828
 31
0.0
  0
LINE
  5
AB8
330
1F
100
AcDbEntity
  8
0
 62
     1
100
AcDbLine
 10
2901.564282894571
 20
1434.081048109823
 30
0.0
 11
2903.564282894575
 21
1432.411048109828
 31
0.0
  0
LINE
  5
AB9
330
1F
100
AcDbEntity
  8
0
100
AcDbLine
 10
2891.714282894573
 20
1432.281048109803
 30
0.0
 11
2891.714282894585
 21
1428.181048109804
 31
0.0
  0
LINE
  5
ABA
330
1F
100
AcDbEntity
  8
0
100
AcDbLine
 10
2888.964282894573
 20
1432.281048109799
 30
0.0
 11
2888.964282894581
 21
1428.181048109797
 31
0.0
  0
LINE
  5
ABB
330
1F
100
AcDbEntity
  8
0
100
AcDbLine
 10
2888.864282894573
 20
1432.281048109798
 30
0.0
 11
2888.864282894581
 21
1428.331048109798
 31
0.0
  0
LINE
  5
ABC
330
1F
100
AcDbEntity
  8
0
100
AcDbLine
 10
2886.314282894573
 20
1432.181048109793
 30
0.0
 11
2886.314282894582
 21
1428.331048109793
 31
0.0
  0
LINE
  5
ABD
330
1F
100
AcDbEntity
  8
0
100
AcDbLine
 10
2886.214282894573
 20
1432.181048109793
 30
0.0
 11
2886.214282894582
 21
1428.331048109793
 31
0.0
  0
LINE
  5
ABE
330
1F
100
AcDbEntity
  8
0
100
AcDbLine
 10
2887.66428289457
 20
1434.181048109795
 30
0.0
 11
2887.664282894573
 21
1432.181048109795
 31
0.0
  0
LINE
  5
ABF
330
1F
100
AcDbEntity
  8
0
 62
   252
100
AcDbLine
 10
2887.56428289457
 20
1434.081048109795
 30
0.0
 11
2887.564282894573
 21
1432.281048109795
 31
0.0
  0
LINE
  5
AC0
330
1F
100
AcDbEntity
  8
0
100
AcDbLine
 10
2908.134282894575
 20
1432.181048109837
 30
0.0
 11
2884.864282894576
 21
1432.18104810979
 31
0.0
  0
LINE
  5
AC1
330
1F
100
AcDbEntity
  8
0
100
AcDbLine
 10
2907.984282894583
 20
1428.33104810983
 30
0.0
 11
2878.904146058421
 21
1428.33104810978
 31
0.0
  0
LINE
  5
AC2
330
1F
100
AcDbEntity
  8
0
100
AcDbLine
 10
2888.964282894582
 20
1428.181048109798
 30
0.0
 11
2883.564282894582
 21
1428.181048109787
 31
0.0
  0
LINE
  5
AC3
330
1F
100
AcDbEntity
  8
0
 62
   252
100
AcDbLine
 10
2884.964282894573
 20
1434.18104810979
 30
0.0
 11
2884.964282894576
 21
1432.28104810979
 31
0.0
  0
LINE
  5
AC4
330
1F
100
AcDbEntity
  8
0
100
AcDbLine
 10
2884.964282894576
 20
1432.18104810979
 30
0.0
 11
2884.964282894578
 21
1431.23104810979
 31
0.0
  0
LINE
  5
AC5
330
1F
100
AcDbEntity
  8
0
100
AcDbLine
 10
2884.864282894569
 20
1434.08104810979
 30
0.0
 11
2884.864282894579
 21
1431.33104810979
 31
0.0
  0
LINE
  5
AC6
330
1F
100
AcDbEntity
  8
0
 62
   252
100
AcDbLine
 10
2884.96428289457
 20
1434.08104810979
 30
0.0
 11
2887.56428289457
 21
1434.081048109795
 31
0.0
  0
LINE
  5
AC7
330
1F
100
AcDbEntity
  8
0
 62
   252
100
AcDbLine
 10
2884.964282894573
 20
1432.28104810979
 30
0.0
 11
2887.564282894573
 21
1432.281048109796
 31
0.0
  0
LINE
  5
AC8
330
1F
100
AcDbEntity
  8
0
100
AcDbLine
 10
2887.564282894573
 20
1432.281048109796
 30
0.0
 11
2908.134282894575
 21
1432.281048109836
 31
0.0
  0
LINE
  5
AC9
330
1F
100
AcDbEntity
  8
0
100
AcDbLine
 10
2880.814282894569
 20
1434.181048109782
 30
0.0
 11
2884.964282894573
 21
1434.18104810979
 31
0.0
  0
LINE
  5
ACA
330
1F
100
AcDbEntity
  8
0
 62
   252
100
AcDbLine
 10
2887.564282894573
 20
1432.281048109795
 30
0.0
 11
2884.96428289457
 21
1434.081048109791
 31
0.0
  0
LINE
  5
ACB
330
1F
100
AcDbEntity
  8
0
 62
   252
100
AcDbLine
 10
2887.56428289457
 20
1434.081048109795
 30
0.0
 11
2884.964282894573
 21
1432.28104810979
 31
0.0
  0
DIMENSION
  5
ACC
330
1F
100
AcDbEntity
  8
0
100
AcDbDimension
  2
*D19
 10
2886.157897763524
 20
1425.181048109792
 30
0.0
 11
2886.157897763524
 21
1426.681048109792
 31
0.0
 70
    32
  3
DIM
100
AcDbAlignedDimension
 13
2886.214282894582
 23
1428.181048109793
 33
0.0
 14
2886.214282894587
 24
1425.181048109792
 34
0.0
 50
90.00000000010422
100
AcDbRotatedDimension
  0
DIMENSION
  5
ACD
330
1F
100
AcDbEntity
  8
0
100
AcDbDimension
  2
*D20
 10
2911.734282894569
 20
1435.40421751259
 30
0.0
 11
2910.234282894569
 21
1435.40421751259
 31
0.0
 70
    32
  3
DIM
100
AcDbAlignedDimension
 13
2908.734282894569
 23
1435.404217512583
 33
0.0
 14
2911.734282894569
 24
1435.404217512589
 34
0.0
 50
0.0000000001042204
100
AcDbRotatedDimension
  0
LINE
  5
ACE
330
1F
100
AcDbEntity
  8
0
100
AcDbLine
 10
2891.114282894568
 20
1436.156048109802
 30
0.0
 11
2891.114282894569
 21
1435.681048109802
 31
0.0
  0
LINE
  5
ACF
330
1F
100
AcDbEntity
  8
0
100
AcDbLine
 10
2891.114282894566
 20
1437.056048109802
 30
0.0
 11
2891.114282894565
 21
1437.581048109802
 31
0.0
  0
LINE
  5
AD0
330
1F
100
AcDbEntity
  8
0
 62
     1
100
AcDbLine
 10
2898.714282894563
 20
1437.681048109817
 30
0.0
 11
2903.564282894567
 21
1435.781048109828
 31
0.0
  0
LINE
  5
AD1
330
1F
100
AcDbEntity
  8
0
 62
     1
100
AcDbLine
 10
2898.714282894568
 20
1435.781048109818
 30
0.0
 11
2903.564282894565
 21
1437.681048109827
 31
0.0
  0
LINE
  5
AD2
330
1F
100
AcDbEntity
  8
0
 62
     1
100
AcDbLine
 10
2900.064282894562
 20
1438.68104810982
 30
0.0
 11
2902.264282894565
 21
1437.681048109825
 31
0.0
  0
LINE
  5
AD3
330
1F
100
AcDbEntity
  8
0
 62
     1
100
AcDbLine
 10
2900.064282894565
 20
1437.68104810982
 30
0.0
 11
2902.264282894563
 21
1438.681048109825
 31
0.0
  0
DIMENSION
  5
AD4
102
{ACAD_REACTORS
330
AD6
102
}
102
{ACAD_XDICTIONARY
360
AD5
102
}
330
1F
100
AcDbEntity
  8
0
100
AcDbDimension
  2
*D30
 10
2885.084346882359
 20
1441.68104810979
 30
0.0
 11
2885.084346882359
 21
1443.181048109789
 31
0.0
 70
    32
  3
DIM
100
AcDbAlignedDimension
 13
2885.075213420278
 23
1444.68104810979
 33
0.0
 14
2885.075213420283
 24
1441.68104810979
 34
0.0
 50
90.00000000010422
100
AcDbRotatedDimension
  0
LINE
  5
AD7
330
1F
100
AcDbEntity
  8
0
100
AcDbLine
 10
2891.814282894574
 20
1432.281048109804
 30
0.0
 11
2891.814282894583
 21
1428.181048109804
 31
0.0
  0
LINE
  5
AD8
330
1F
100
AcDbEntity
  8
0
100
AcDbLine
 10
2878.754146058422
 20
1428.181048109777
 30
0.0
 11
2883.564282894583
 21
1428.181048109786
 31
0.0
  0
LINE
  5
AD9
330
1F
100
AcDbEntity
  8
0
100
AcDbLine
 10
2878.754146058422
 20
1428.181048109777
 30
0.0
 11
2878.754146058414
 21
1431.231048109777
 31
0.0
  0
LINE
  5
ADA
330
1F
100
AcDbEntity
  8
0
100
AcDbLine
 10
2878.904146058421
 20
1428.331048109777
 30
0.0
 11
2878.904146058415
 21
1431.231048109777
 31
0.0
  0
LINE
  5
ADB
330
1F
100
AcDbEntity
  8
0
100
AcDbLine
 10
2876.603915289184
 20
1431.331048109773
 30
0.0
 11
2876.603915289178
 21
1434.081048109773
 31
0.0
  0
LINE
  5
ADC
330
1F
100
AcDbEntity
  8
0
100
AcDbLine
 10
2876.453915289184
 20
1431.231048109773
 30
0.0
 11
2876.453915289179
 21
1434.081048109773
 31
0.0
  0
MTEXT
  5
ADD
330
1F
100
AcDbEntity
  8
TEXT
  6
BYBLOCK
100
AcDbMText
 10
2889.966224016529
 20
1436.245716966158
 30
0.0
 40
0.2
 41
2.098717854366761
 71
     8
 72
     5
  1
LIFT\P1.70X1.60\P5'6''X5'3''
  7
AN
1001
ACAD
1000
ACAD_MTEXT_DEFINED_HEIGHT_BEGIN
1070
    46
1040
1.835570745916574
1000
ACAD_MTEXT_DEFINED_HEIGHT_END
  0
LINE
  5
ADE
330
1F
100
AcDbEntity
  8
0
100
AcDbLine
 10
2872.073911509176
 20
1436.931048109764
 30
0.0
 11
2872.073911509168
 21
1440.681048109763
 31
0.0
  0
LINE
  5
ADF
330
1F
100
AcDbEntity
  8
0
100
AcDbLine
 10
2872.223911509176
 20
1437.031048109763
 30
0.0
 11
2872.223911509169
 21
1440.531048109763
 31
0.0
  0
LINE
  5
AE0
330
1F
100
AcDbEntity
  8
0
100
AcDbLine
 10
2903.664282894571
 20
1434.181048109828
 30
0.0
 11
2903.664282894575
 21
1432.181048109827
 31
0.0
  0
LINE
  5
AE1
330
1F
100
AcDbEntity
  8
0
100
AcDbLine
 10
2903.564282894567
 20
1435.781048109828
 30
0.0
 11
2903.564282894565
 21
1437.681048109827
 31
0.0
  0
LINE
  5
AE2
330
1F
100
AcDbEntity
  8
0
100
AcDbLine
 10
2901.564282894575
 20
1432.411048109823
 30
0.0
 11
2903.564282894575
 21
1432.411048109828
 31
0.0
  0
LWPOLYLINE
  5
AE3
330
1F
100
AcDbEntity
  8
0
 62
     1
100
AcDbPolyline
 90
        4
 70
     1
 43
0.0
 10
2886.314282894573
 20
1432.181048109793
 10
2888.864282894574
 20
1432.181048109798
 10
2888.864282894581
 20
1428.331048109798
 10
2886.31428289458
 20
1428.331048109793
  0
LWPOLYLINE
  5
AE4
330
1F
100
AcDbEntity
  8
0
 62
     1
100
AcDbPolyline
 90
        4
 70
     1
 43
0.0
 10
2888.964282894573
 20
1432.181048109798
 10
2891.714282894577
 20
1432.181048109804
 10
2891.714282894584
 20
1428.331048109801
 10
2888.964282894582
 20
1428.331048109796
  0
LWPOLYLINE
  5
AE5
330
1F
100
AcDbEntity
  8
0
 62
     1
100
AcDbPolyline
 90
        4
 70
     1
 43
0.0
 10
2891.814282894574
 20
1432.181048109804
 10
2894.564282894575
 20
1432.18104810981
 10
2894.564282894582
 20
1428.331048109807
 10
2891.814282894582
 20
1428.331048109801
  0
LWPOLYLINE
  5
AE6
330
1F
100
AcDbEntity
  8
0
 62
     1
100
AcDbPolyline
 90
        4
 70
     1
 43
0.0
 10
2894.664282894575
 20
1432.18104810981
 10
2897.414282894575
 20
1432.181048109815
 10
2897.414282894583
 20
1428.331048109811
 10
2894.664282894582
 20
1428.331048109806
  0
LWPOLYLINE
  5
AE7
330
1F
100
AcDbEntity
  8
0
 62
     1
100
AcDbPolyline
 90
        4
 70
     1
 43
0.0
 10
2897.514282894582
 20
1428.331048109811
 10
2900.264282894583
 20
1428.331048109817
 10
2900.264282894575
 20
1432.181048109821
 10
2897.514282894575
 20
1432.181048109815
  0
LWPOLYLINE
  5
AE8
330
1F
100
AcDbEntity
  8
0
 62
     1
100
AcDbPolyline
 90
        4
 70
     1
 43
0.0
 10
2900.364282894576
 20
1432.181048109821
 10
2902.994282894575
 20
1432.181048109826
 10
2902.994282894583
 20
1428.331048109821
 10
2900.364282894583
 20
1428.331048109816
  0
LWPOLYLINE
  5
AE9
330
1F
100
AcDbEntity
  8
0
 62
     1
100
AcDbPolyline
 90
        4
 70
     1
 43
0.0
 10
2903.094282894583
 20
1428.331048109821
 10
2905.734282894584
 20
1428.331048109827
 10
2905.734282894576
 20
1432.181048109832
 10
2903.094282894575
 20
1432.181048109826
  0
LWPOLYLINE
  5
AEA
330
1F
100
AcDbEntity
  8
0
 62
     2
100
AcDbPolyline
 90
        4
 70
     1
 43
0.0
 10
2904.134282894565
 20
1437.181048109828
 10
2906.434282894566
 20
1437.181048109833
 10
2906.434282894556
 20
1441.681048109833
 10
2904.134282894556
 20
1441.681048109828
  0
LWPOLYLINE
  5
AEB
330
1F
100
AcDbEntity
  8
0
 62
     2
100
AcDbPolyline
 90
        4
 70
     1
 43
0.0
 10
2901.834282894566
 20
1437.181048109824
 10
2904.134282894565
 20
1437.181048109828
 10
2904.134282894556
 20
1441.681048109828
 10
2901.834282894557
 20
1441.681048109824
  0
LWPOLYLINE
  5
AEC
330
1F
100
AcDbEntity
  8
0
 62
     2
100
AcDbPolyline
 90
        4
 70
     1
 43
0.0
 10
2899.534282894566
 20
1437.181048109819
 10
2901.834282894566
 20
1437.181048109824
 10
2901.834282894557
 20
1441.681048109824
 10
2899.534282894557
 20
1441.681048109819
  0
LWPOLYLINE
  5
AED
330
1F
100
AcDbEntity
  8
0
 62
     2
100
AcDbPolyline
 90
        4
 70
     1
 43
0.0
 10
2897.234282894566
 20
1437.181048109815
 10
2899.534282894566
 20
1437.181048109819
 10
2899.534282894557
 20
1441.681048109819
 10
2897.234282894557
 20
1441.681048109815
  0
LWPOLYLINE
  5
AEE
330
1F
100
AcDbEntity
  8
0
 62
     2
100
AcDbPolyline
 90
        4
 70
     1
 43
0.0
 10
2906.434282894566
 20
1437.181048109833
 10
2908.734282894566
 20
1437.181048109837
 10
2908.734282894557
 20
1441.681048109837
 10
2906.434282894556
 20
1441.681048109833
  0
LWPOLYLINE
  5
AEF
330
1F
100
AcDbEntity
  8
0
 62
     2
100
AcDbPolyline
 90
        4
 70
     1
 43
0.0
 10
2908.73428289457
 20
1434.881048109838
 10
2908.734282894566
 20
1437.181048109837
 10
2904.234282894566
 20
1437.181048109828
 10
2904.23428289457
 20
1434.881048109829
  0
LWPOLYLINE
  5
AF0
330
1F
100
AcDbEntity
  8
0
 62
     2
100
AcDbPolyline
 90
        4
 70
     1
 43
0.0
 10
2883.164282894565
 20
1437.181048109786
 10
2885.464282894565
 20
1437.181048109791
 10
2885.464282894556
 20
1441.681048109791
 10
2883.164282894556
 20
1441.681048109786
  0
LWPOLYLINE
  5
AF1
330
1F
100
AcDbEntity
  8
0
 62
     2
100
AcDbPolyline
 90
        4
 70
     1
 43
0.0
 10
2891.96428289456
 20
1439.381048109803
 10
2891.964282894555
 20
1441.681048109804
 10
2887.464282894555
 20
1441.681048109795
 10
2887.46428289456
 20
1439.381048109794
  0
LWPOLYLINE
  5
AF2
330
1F
100
AcDbEntity
  8
0
 62
     3
100
AcDbPolyline
 90
        4
 70
     1
 43
0.0
 10
2894.664282894566
 20
1436.681048109809
 10
2897.164282894566
 20
1436.681048109815
 10
2897.164282894556
 20
1441.681048109815
 10
2894.664282894556
 20
1441.681048109809
  0
LWPOLYLINE
  5
AF3
330
1F
100
AcDbEntity
  8
0
 62
     3
100
AcDbPolyline
 90
        4
 70
     1
 43
0.0
 10
2880.664282894566
 20
1436.681048109781
 10
2883.164282894566
 20
1436.681048109786
 10
2883.164282894556
 20
1441.681048109786
 10
2880.664282894556
 20
1441.681048109781
  0
LWPOLYLINE
  5
AF4
330
1F
100
AcDbEntity
  8
0
 62
     1
100
AcDbPolyline
 90
        4
 70
     1
 43
0.0
 10
2885.664282894575
 20
1432.281048109791
 10
2886.664282894575
 20
1432.281048109793
 10
2886.664282894571
 20
1434.281048109793
 10
2885.664282894571
 20
1434.281048109791
  0
LWPOLYLINE
  5
AF5
330
1F
100
AcDbEntity
  8
0
 62
     1
100
AcDbPolyline
 90
        4
 70
     1
 43
0.0
 10
2886.664282894575
 20
1432.281048109793
 10
2887.664282894575
 20
1432.281048109796
 10
2887.664282894571
 20
1434.281048109796
 10
2886.664282894571
 20
1434.281048109793
  0
LWPOLYLINE
  5
AF6
330
1F
100
AcDbEntity
  8
0
 62
     1
100
AcDbPolyline
 90
        4
 70
     1
 43
0.0
 10
2887.664282894575
 20
1432.281048109796
 10
2888.664282894575
 20
1432.281048109798
 10
2888.664282894571
 20
1434.281048109798
 10
2887.664282894571
 20
1434.281048109796
  0
LWPOLYLINE
  5
AF7
330
1F
100
AcDbEntity
  8
0
 62
     1
100
AcDbPolyline
 90
        4
 70
     1
 43
0.0
 10
2888.664282894574
 20
1432.281048109798
 10
2889.664282894574
 20
1432.281048109799
 10
2889.664282894571
 20
1434.281048109799
 10
2888.664282894571
 20
1434.281048109798
  0
LWPOLYLINE
  5
AF8
330
1F
100
AcDbEntity
  8
0
 62
     1
100
AcDbPolyline
 90
        4
 70
     1
 43
0.0
 10
2889.664282894574
 20
1432.281048109799
 10
2890.664282894574
 20
1432.281048109801
 10
2890.66428289457
 20
1434.281048109801
 10
2889.66428289457
 20
1434.281048109799
  0
LWPOLYLINE
  5
AF9
330
1F
100
AcDbEntity
  8
0
 62
     1
100
AcDbPolyline
 90
        4
 70
     1
 43
0.0
 10
2890.664282894574
 20
1432.281048109801
 10
2891.664282894574
 20
1432.281048109803
 10
2891.66428289457
 20
1434.281048109803
 10
2890.66428289457
 20
1434.281048109801
  0
LWPOLYLINE
  5
AFA
330
1F
100
AcDbEntity
  8
0
 62
     1
100
AcDbPolyline
 90
        4
 70
     1
 43
0.0
 10
2891.664282894573
 20
1432.281048109803
 10
2892.664282894573
 20
1432.281048109806
 10
2892.66428289457
 20
1434.281048109806
 10
2891.66428289457
 20
1434.281048109803
  0
LWPOLYLINE
  5
AFB
330
1F
100
AcDbEntity
  8
0
 62
     1
100
AcDbPolyline
 90
        4
 70
     1
 43
0.0
 10
2892.664282894573
 20
1432.281048109806
 10
2893.664282894573
 20
1432.281048109808
 10
2893.66428289457
 20
1434.281048109808
 10
2892.66428289457
 20
1434.281048109806
  0
LWPOLYLINE
  5
AFC
330
1F
100
AcDbEntity
  8
0
 62
     1
100
AcDbPolyline
 90
        4
 70
     1
 43
0.0
 10
2893.664282894573
 20
1432.281048109808
 10
2894.664282894573
 20
1432.281048109809
 10
2894.66428289457
 20
1434.281048109809
 10
2893.66428289457
 20
1434.281048109808
  0
LWPOLYLINE
  5
AFD
330
1F
100
AcDbEntity
  8
0
 62
     1
100
AcDbPolyline
 90
        4
 70
     1
 43
0.0
 10
2894.664282894574
 20
1432.281048109809
 10
2895.664282894574
 20
1432.281048109811
 10
2895.66428289457
 20
1434.281048109811
 10
2894.66428289457
 20
1434.281048109809
  0
LWPOLYLINE
  5
AFE
330
1F
100
AcDbEntity
  8
0
 62
     1
100
AcDbPolyline
 90
        4
 70
     1
 43
0.0
 10
2895.664282894574
 20
1432.281048109811
 10
2896.664282894574
 20
1432.281048109813
 10
2896.66428289457
 20
1434.281048109813
 10
2895.66428289457
 20
1434.281048109811
  0
LWPOLYLINE
  5
AFF
330
1F
100
AcDbEntity
  8
0
 62
     1
100
AcDbPolyline
 90
        4
 70
     1
 43
0.0
 10
2896.664282894573
 20
1432.281048109814
 10
2897.664282894573
 20
1432.281048109816
 10
2897.66428289457
 20
1434.281048109816
 10
2896.66428289457
 20
1434.281048109814
  0
LWPOLYLINE
  5
B00
330
1F
100
AcDbEntity
  8
0
 62
     1
100
AcDbPolyline
 90
        4
 70
     1
 43
0.0
 10
2897.664282894573
 20
1432.281048109815
 10
2898.664282894573
 20
1432.281048109817
 10
2898.66428289457
 20
1434.281048109817
 10
2897.66428289457
 20
1434.281048109815
  0
LWPOLYLINE
  5
B01
330
1F
100
AcDbEntity
  8
0
 62
     1
100
AcDbPolyline
 90
        4
 70
     1
 43
0.0
 10
2898.664282894573
 20
1432.281048109818
 10
2899.664282894573
 20
1432.281048109819
 10
2899.66428289457
 20
1434.281048109819
 10
2898.66428289457
 20
1434.281048109818
  0
LWPOLYLINE
  5
B02
330
1F
100
AcDbEntity
  8
0
 62
     1
100
AcDbPolyline
 90
        4
 70
     1
 43
0.0
 10
2899.664282894573
 20
1432.281048109819
 10
2900.664282894573
 20
1432.281048109821
 10
2900.664282894569
 20
1434.281048109821
 10
2899.664282894569
 20
1434.281048109819
  0
LWPOLYLINE
  5
B03
330
1F
100
AcDbEntity
  8
0
 62
     1
100
AcDbPolyline
 90
        4
 70
     1
 43
0.0
 10
2900.664282894573
 20
1432.281048109821
 10
2901.664282894573
 20
1432.281048109823
 10
2901.664282894569
 20
1434.281048109823
 10
2900.664282894569
 20
1434.281048109821
  0
LWPOLYLINE
  5
B04
330
1F
100
AcDbEntity
  8
0
 62
     1
100
AcDbPolyline
 90
        4
 70
     1
 43
0.0
 10
2904.234282894568
 20
1436.181048109828
 10
2904.234282894566
 20
1437.181048109828
 10
2902.234282894566
 20
1437.181048109825
 10
2902.234282894568
 20
1436.181048109825
  0
LWPOLYLINE
  5
B05
330
1F
100
AcDbEntity
  8
0
 62
     1
100
AcDbPolyline
 90
        4
 70
     1
 43
0.0
 10
2902.234282894568
 20
1436.181048109825
 10
2902.234282894566
 20
1437.181048109825
 10
2900.234282894566
 20
1437.18104810982
 10
2900.234282894568
 20
1436.18104810982
  0
LWPOLYLINE
  5
B06
330
1F
100
AcDbEntity
  8
0
 62
     1
100
AcDbPolyline
 90
        4
 70
     1
 43
0.0
 10
2900.234282894568
 20
1436.18104810982
 10
2900.234282894566
 20
1437.18104810982
 10
2898.234282894566
 20
1437.181048109816
 10
2898.234282894568
 20
1436.181048109816
  0
LWPOLYLINE
  5
B07
330
1F
100
AcDbEntity
  8
0
 62
     1
100
AcDbPolyline
 90
        4
 70
     1
 43
0.0
 10
2891.964282894562
 20
1438.381048109803
 10
2891.96428289456
 20
1439.381048109803
 10
2889.96428289456
 20
1439.3810481098
 10
2889.964282894562
 20
1438.3810481098
  0
LWPOLYLINE
  5
B08
330
1F
100
AcDbEntity
  8
0
 62
     1
100
AcDbPolyline
 90
        4
 70
     1
 43
0.0
 10
2889.964282894562
 20
1438.3810481098
 10
2889.96428289456
 20
1439.3810481098
 10
2887.96428289456
 20
1439.381048109795
 10
2887.964282894562
 20
1438.381048109795
  0
LWPOLYLINE
  5
B09
330
1F
100
AcDbEntity
  8
0
 62
     1
100
AcDbPolyline
 90
        4
 70
     1
 43
0.0
 10
2881.664282894566
 20
1436.681048109783
 10
2880.664282894566
 20
1436.681048109781
 10
2880.664282894571
 20
1434.681048109781
 10
2881.664282894571
 20
1434.681048109783
  0
LWPOLYLINE
  5
B0A
330
1F
100
AcDbEntity
  8
0
 62
     1
100
AcDbPolyline
 90
        4
 70
     1
 43
0.0
 10
2882.664282894566
 20
1436.681048109785
 10
2881.664282894566
 20
1436.681048109783
 10
2881.664282894571
 20
1434.681048109783
 10
2882.664282894571
 20
1434.681048109785
  0
LWPOLYLINE
  5
B0B
330
1F
100
AcDbEntity
  8
0
 62
     1
100
AcDbPolyline
 90
        4
 70
     1
 43
0.0
 10
2883.164282894565
 20
1437.181048109786
 10
2883.164282894567
 20
1436.181048109786
 10
2885.164282894567
 20
1436.18104810979
 10
2885.164282894565
 20
1437.18104810979
  0
LWPOLYLINE
  5
B0C
330
1F
100
AcDbEntity
  8
0
 62
     1
100
AcDbPolyline
 90
        4
 70
     1
 43
0.0
 10
2904.234282894569
 20
1435.181048109828
 10
2904.234282894568
 20
1436.181048109828
 10
2902.234282894568
 20
1436.181048109825
 10
2902.234282894569
 20
1435.181048109825
  0
LWPOLYLINE
  5
B0D
330
1F
100
AcDbEntity
  8
0
 62
     1
100
AcDbPolyline
 90
        4
 70
     1
 43
0.0
 10
2903.734282894573
 20
1433.881048109827
 10
2903.73428289457
 20
1434.881048109827
 10
2901.73428289457
 20
1434.881048109823
 10
2901.734282894573
 20
1433.881048109823
  0
LWPOLYLINE
  5
B0E
330
1F
100
AcDbEntity
  8
0
 62
     1
100
AcDbPolyline
 90
        4
 70
     1
 43
0.0
 10
2903.734282894575
 20
1432.881048109827
 10
2903.734282894573
 20
1433.881048109827
 10
2901.734282894573
 20
1433.881048109823
 10
2901.734282894575
 20
1432.881048109823
  0
LWPOLYLINE
  5
B0F
330
1F
100
AcDbEntity
  8
0
 62
     3
100
AcDbPolyline
 90
        4
 70
     1
 43
0.0
 10
2908.734282894576
 20
1432.381048109838
 10
2908.73428289457
 20
1434.881048109838
 10
2903.73428289457
 20
1434.881048109827
 10
2903.734282894576
 20
1432.381048109827
  0
LWPOLYLINE
  5
B10
330
1F
100
AcDbEntity
  8
0
 62
     1
100
AcDbPolyline
 90
        4
 70
     1
 43
0.0
 10
2871.833683213029
 20
1429.894839880893
 10
2872.63220660127
 20
1430.496803665877
 10
2871.428279031302
 20
1432.093850442358
 10
2870.629755643061
 20
1431.491886657374
  0
LWPOLYLINE
  5
B11
330
1F
100
AcDbEntity
  8
0
 62
     1
100
AcDbPolyline
 90
        4
 70
     1
 43
0.0
 10
2870.629755643061
 20
1431.491886657374
 10
2871.428279031301
 20
1432.093850442358
 10
2870.224351461333
 20
1433.69089721884
 10
2869.425828073092
 20
1433.088933433856
  0
LWPOLYLINE
  5
B12
330
1F
100
AcDbEntity
  8
0
 62
     1
100
AcDbPolyline
 90
        4
 70
     1
 43
0.0
 10
2867.41109213967
 20
1439.084001333269
 10
2866.809128354686
 20
1439.882524721509
 10
2865.212081578204
 20
1438.678597151541
 10
2865.814045363188
 20
1437.880073763301
  0
LWPOLYLINE
  5
B13
330
1F
100
AcDbEntity
  8
0
 62
     1
100
AcDbPolyline
 90
        4
 70
     1
 43
0.0
 10
2868.013055924654
 20
1438.285477945028
 10
2867.41109213967
 20
1439.084001333269
 10
2865.814045363188
 20
1437.880073763301
 10
2866.416009148172
 20
1437.08155037506
  0
LWPOLYLINE
  5
B14
330
1F
100
AcDbEntity
  8
0
 62
     1
100
AcDbPolyline
 90
        4
 70
     1
 43
0.0
 10
2868.615019709638
 20
1437.486954556787
 10
2868.013055924654
 20
1438.285477945028
 10
2866.416009148172
 20
1437.08155037506
 10
2867.017972933156
 20
1436.283026986819
  0
LWPOLYLINE
  5
B15
330
1F
100
AcDbEntity
  8
0
 62
     1
100
AcDbPolyline
 90
        4
 70
     1
 43
0.0
 10
2866.809128354686
 20
1439.882524721509
 10
2866.207164569701
 20
1440.68104810975
 10
2864.61011779322
 20
1439.477120539782
 10
2865.212081578204
 20
1438.678597151541
  0
LWPOLYLINE
  5
B16
330
1F
100
AcDbEntity
  8
0
 62
     1
100
AcDbPolyline
 90
        4
 70
     1
 43
0.0
 10
2869.216983494622
 20
1436.688431168546
 10
2868.615019709638
 20
1437.486954556787
 10
2867.017972933156
 20
1436.283026986819
 10
2867.61993671814
 20
1435.484503598578
  0
LWPOLYLINE
  5
B17
330
1F
100
AcDbEntity
  8
0
 62
     1
100
AcDbPolyline
 90
        4
 70
     1
 43
0.0
 10
2869.818947279606
 20
1435.889907780306
 10
2869.216983494622
 20
1436.688431168546
 10
2867.61993671814
 20
1435.484503598578
 10
2868.221900503124
 20
1434.685980210337
  0
LWPOLYLINE
  5
B18
330
1F
100
AcDbEntity
  8
0
 62
     1
100
AcDbPolyline
 90
        4
 70
     1
 43
0.0
 10
2870.42091106459
 20
1435.091384392065
 10
2869.818947279606
 20
1435.889907780305
 10
2868.221900503124
 20
1434.685980210337
 10
2868.823864288108
 20
1433.887456822096
  0
LWPOLYLINE
  5
B19
330
1F
100
AcDbEntity
  8
0
 62
     1
100
AcDbPolyline
 90
        4
 70
     1
 43
0.0
 10
2871.022874849574
 20
1434.292861003824
 10
2870.42091106459
 20
1435.091384392065
 10
2868.823864288108
 20
1433.887456822097
 10
2869.425828073092
 20
1433.088933433856
  0
LWPOLYLINE
  5
B1A
330
1F
100
AcDbEntity
  8
0
 62
     1
100
AcDbPolyline
 90
        4
 70
     1
 43
0.0
 10
2873.037610782998
 20
1428.297793104411
 10
2873.836134171238
 20
1428.899756889395
 10
2872.63220660127
 20
1430.496803665877
 10
2871.833683213029
 20
1429.894839880893
  0
MTEXT
  5
B1B
330
1F
100
AcDbEntity
  8
TEXT
  6
BYBLOCK
100
AcDbMText
 10
2875.829263760465
 20
1438.424469052176
 30
0.0
 40
0.2
 41
2.098717854366761
 71
     8
 72
     5
  1
SHOP\P8.34X3.50\P27'4''X11'6''
  7
AN
1001
ACAD
1000
ACAD_MTEXT_DEFINED_HEIGHT_BEGIN
1070
    46
1040
1.835570745916574
1000
ACAD_MTEXT_DEFINED_HEIGHT_END
  0
MTEXT
  5
B1C
330
1F
100
AcDbEntity
  8
TEXT
  6
BYBLOCK
100
AcDbMText
 10
2877.3134146913
 20
1435.251922314722
 30
0.0
 40
0.2
 41
2.098717854366761
 71
     8
 72
     5
  1
SHOP\P6.11X2.75\P20'0''X9'1''
  7
AN
1001
ACAD
1000
ACAD_MTEXT_DEFINED_HEIGHT_BEGIN
1070
    46
1040
1.835570745916574
1000
ACAD_MTEXT_DEFINED_HEIGHT_END
  0
MTEXT
  5
B1D
330
1F
100
AcDbEntity
  8
TEXT
  6
BYBLOCK
100
AcDbMText
 10
2880.360097996017
 20
1432.07857341252
 30
0.0
 40
0.2
 41
2.098717854366761
 71
     8
 72
     5
  1
SHOP\P8.26X2.75\P27'1''X9'1''
  7
AN
1001
ACAD
1000
ACAD_MTEXT_DEFINED_HEIGHT_BEGIN
1070
    46
1040
1.835570745916574
1000
ACAD_MTEXT_DEFINED_HEIGHT_END
  0
MTEXT
  5
B1E
330
1F
100
AcDbEntity
  8
TEXT
  6
BYBLOCK
100
AcDbMText
 10
2882.539293078162
 20
1429.522500189898
 30
0.0
 40
0.2
 41
2.098717854366761
 71
     8
 72
     5
  1
SHOP\P7.31X2.90\P24'0''X9'6''
  7
AN
1001
ACAD
1000
ACAD_MTEXT_DEFINED_HEIGHT_BEGIN
1070
    46
1040
1.835570745916574
1000
ACAD_MTEXT_DEFINED_HEIGHT_END
  0
MTEXT
  5
B1F
330
1F
100
AcDbEntity
  8
TEXT
  6
BYBLOCK
100
AcDbMText
 10
2887.632573028161
 20
1429.884733693753
 30
0.0
 40
0.2
 41
2.098717854366761
 71
     8
 72
     5
  1
SHOP\P2.55X3.85\P8'6''X13'0''
  7
AN
1001
ACAD
1000
ACAD_MTEXT_DEFINED_HEIGHT_BEGIN
1070
    46
1040
1.835570745916574
1000
ACAD_MTEXT_DEFINED_HEIGHT_END
  0
MTEXT
  5
B20
330
1F
100
AcDbEntity
  8
TEXT
  6
BYBLOCK
100
AcDbMText
 10
2890.174402147762
 20
1429.884733693758
 30
0.0
 40
0.2
 41
2.098717854366761
 71
     8
 72
     5
  1
SHOP\P2.75X3.85\P9'1''X13'0''
  7
AN
1001
ACAD
1000
ACAD_MTEXT_DEFINED_HEIGHT_BEGIN
1070
    46
1040
1.835570745916574
1000
ACAD_MTEXT_DEFINED_HEIGHT_END
  0
MTEXT
  5
B21
330
1F
100
AcDbEntity
  8
TEXT
  6
BYBLOCK
100
AcDbMText
 10
2893.183226999215
 20
1429.884733693764
 30
0.0
 40
0.2
 41
2.098717854366761
 71
     8
 72
     5
  1
SHOP\P2.75X3.85\P9'1''X13'0''
  7
AN
1001
ACAD
1000
ACAD_MTEXT_DEFINED_HEIGHT_BEGIN
1070
    46
1040
1.835570745916574
1000
ACAD_MTEXT_DEFINED_HEIGHT_END
  0
MTEXT
  5
B22
330
1F
100
AcDbEntity
  8
TEXT
  6
BYBLOCK
100
AcDbMText
 10
2896.113144029033
 20
1429.88473369377
 30
0.0
 40
0.2
 41
2.098717854366761
 71
     8
 72
     5
  1
SHOP\P2.75X3.85\P9'1''X13'0''
  7
AN
1001
ACAD
1000
ACAD_MTEXT_DEFINED_HEIGHT_BEGIN
1070
    46
1040
1.835570745916574
1000
ACAD_MTEXT_DEFINED_HEIGHT_END
  0
MTEXT
  5
B23
330
1F
100
AcDbEntity
  8
TEXT
  6
BYBLOCK
100
AcDbMText
 10
2898.926727312094
 20
1429.884733693776
 30
0.0
 40
0.2
 41
2.098717854366761
 71
     8
 72
     5
  1
SHOP\P2.75X3.85\P9'1''X13'0''
  7
AN
1001
ACAD
1000
ACAD_MTEXT_DEFINED_HEIGHT_BEGIN
1070
    46
1040
1.835570745916574
1000
ACAD_MTEXT_DEFINED_HEIGHT_END
  0
MTEXT
  5
B24
330
1F
100
AcDbEntity
  8
TEXT
  6
BYBLOCK
100
AcDbMText
 10
2901.702599038245
 20
1429.884733693782
 30
0.0
 40
0.2
 41
2.098717854366761
 71
     8
 72
     5
  1
SHOP\P2.63X3.85\P8'8''X13'0''
  7
AN
1001
ACAD
1000
ACAD_MTEXT_DEFINED_HEIGHT_BEGIN
1070
    46
1040
1.835570745916574
1000
ACAD_MTEXT_DEFINED_HEIGHT_END
  0
MTEXT
  5
B25
330
1F
100
AcDbEntity
  8
TEXT
  6
BYBLOCK
100
AcDbMText
 10
2904.288146143211
 20
1429.884733693787
 30
0.0
 40
0.2
 41
2.098717854366761
 71
     8
 72
     5
  1
SHOP\P2.64X3.85\P8'8''X13'0''
  7
AN
1001
ACAD
1000
ACAD_MTEXT_DEFINED_HEIGHT_BEGIN
1070
    46
1040
1.835570745916574
1000
ACAD_MTEXT_DEFINED_HEIGHT_END
  0
MTEXT
  5
B26
330
1F
100
AcDbEntity
  8
TEXT
  6
BYBLOCK
100
AcDbMText
 10
2907.072676592989
 20
1429.884733693792
 30
0.0
 40
0.2
 41
2.098717854366761
 71
     8
 72
     5
  1
SHOP\P2.15X3.85\P7'1''X13'0''
  7
AN
1001
ACAD
1000
ACAD_MTEXT_DEFINED_HEIGHT_BEGIN
1070
    46
1040
1.835570745916574
1000
ACAD_MTEXT_DEFINED_HEIGHT_END
  0
LINE
  5
B27
102
{ACAD_REACTORS
330
B2F
102
}
330
1F
100
AcDbEntity
  8
0
100
AcDbLine
 10
2908.134282894575
 20
1432.281048109836
 30
0.0
 11
2908.134282894584
 21
1428.181048109836
 31
0.0
  0
LWPOLYLINE
  5
B28
330
1F
100
AcDbEntity
  8
0
 62
     1
100
AcDbPolyline
 90
        4
 70
     1
 43
0.0
 10
2907.984282894576
 20
1432.181048109837
 10
2905.834282894575
 20
1432.181048109833
 10
2905.834282894582
 20
1428.331048109826
 10
2907.984282894583
 20
1428.331048109831
  0
LWPOLYLINE
  5
B29
330
1F
100
AcDbEntity
  8
0
 62
     1
100
AcDbPolyline
 90
        6
 70
     1
 43
0.0
 10
2878.904146058415
 20
1431.231048109777
 10
2884.964282894579
 20
1431.23104810979
 10
2884.964282894577
 20
1432.18104810979
 10
2886.214282894573
 20
1432.181048109793
 10
2886.21428289458
 20
1428.331048109792
 10
2878.904146058421
 20
1428.33104810978
  0
LWPOLYLINE
  5
B2A
330
1F
100
AcDbEntity
  8
0
 62
     1
100
AcDbPolyline
 90
        4
 70
     1
 43
0.0
 10
2876.603915289178
 20
1434.081048109773
 10
2884.864282894571
 20
1434.08104810979
 10
2884.864282894578
 20
1431.33104810979
 10
2876.603915289184
 20
1431.331048109773
  0
LWPOLYLINE
  5
B2B
330
1F
100
AcDbEntity
  8
0
 62
     1
100
AcDbPolyline
 90
        4
 70
     1
 43
0.0
 10
2874.454453750711
 20
1436.931048109768
 10
2880.564282894566
 20
1436.931048109781
 10
2880.564282894571
 20
1434.181048109781
 10
2874.454453750716
 20
1434.181048109769
  0
LWPOLYLINE
  5
B2C
330
1F
100
AcDbEntity
  8
0
 62
     1
100
AcDbPolyline
 90
        4
 70
     1
 43
0.0
 10
2872.223911509169
 20
1440.531048109763
 10
2880.564282894558
 20
1440.531048109779
 10
2880.564282894566
 20
1437.031048109781
 10
2872.223911509176
 20
1437.031048109765
  0
DIMENSION
  5
B2D
102
{ACAD_REACTORS
330
B2F
102
}
102
{ACAD_XDICTIONARY
360
B2E
102
}
330
1F
100
AcDbEntity
  8
0
100
AcDbDimension
  2
*D27
 10
2911.734282894579
 20
1430.214104851549
 30
0.0
 11
2909.934282894579
 21
1430.214104851549
 31
0.0
 70
    32
  3
DIM
100
AcDbAlignedDimension
 13
2908.134282894579
 23
1430.231048109836
 33
0.0
 14
2911.734282894579
 24
1430.231048109843
 34
0.0
 50
0.0000000001042204
100
AcDbRotatedDimension
  0
DIMENSION
  5
B30
102
{ACAD_REACTORS
330
B32
102
}
102
{ACAD_XDICTIONARY
360
B31
102
}
330
1F
100
AcDbEntity
  8
0
100
AcDbDimension
  2
*D28
 10
2876.468401609981
 20
1440.681048109773
 30
0.0
 11
2876.468401609981
 21
1442.681048109772
 31
0.0
 70
    32
  3
DIM
100
AcDbAlignedDimension
 13
2876.334060819204
 23
1444.681048109773
 33
0.0
 14
2876.369097201863
 24
1440.681048109773
 34
0.0
 50
90.00000000010422
100
AcDbRotatedDimension
  0
MTEXT
  5
B33
330
1F
100
AcDbEntity
  8
0
  6
BYBLOCK
100
AcDbMText
 10
2892.22924809375
 20
1423.915211787297
 30
0.0
 40
0.9
 41
20.55202508256453
 71
     2
 72
     5
  1
 12.00 M. WIDE ROAD
  7
AN
1001
ACAD
1000
ACAD_MTEXT_DEFINED_HEIGHT_BEGIN
1070
    46
1040
1.611141491833146
1000
ACAD_MTEXT_DEFINED_HEIGHT_END
  0
MTEXT
  5
B34
330
1F
100
AcDbEntity
  8
0
  6
BYBLOCK
100
AcDbMText
 10
2867.292264159676
 20
1433.402734497021
 30
0.0
 40
0.9
 41
20.55202508256453
 71
     2
 72
     5
  1
 18.00 M. WIDE ROAD
  7
AN
 11
0.5743255016633189
 21
-0.8186270323774907
 31
0.0
1001
ACAD
1000
ACAD_MTEXT_DEFINED_HEIGHT_BEGIN
1070
    46
1040
1.611141491833146
1000
ACAD_MTEXT_DEFINED_HEIGHT_END
  0
DIMENSION
  5
B35
102
{ACAD_REACTORS
330
B37
102
}
102
{ACAD_XDICTIONARY
360
B36
102
}
330
1F
100
AcDbEntity
  8
0
100
AcDbDimension
  2
*D29
 10
2874.304453750716
 20
1434.081048109769
 30
0.0
 11
2872.47050643177
 21
1432.773415924192
 31
0.0
 70
    33
  3
DIM
100
AcDbAlignedDimension
 13
2870.636559112825
 23
1431.465783738615
 33
0.0
 14
2874.304453750715
 24
1434.081048109768
 34
0.0
  0
MTEXT
  5
B38
102
{ACAD_XDICTIONARY
360
B39
102
}
330
1F
100
AcDbEntity
  8
TEXT_
  6
CONTINUOUS
100
AcDbMText
 10
2875.947726235898
 20
1437.995134731013
 30
0.0
 40
0.2
 41
2.071720795929195
 71
     2
 72
     5
  1
707.00
  7
AN
1001
ACAD
1000
ACAD_MTEXT_DEFINED_HEIGHT_BEGIN
1070
    46
1040
0.9843769667151415
1000
ACAD_MTEXT_DEFINED_HEIGHT_END
  0
LWPOLYLINE
  5
B3A
330
1F
100
AcDbEntity
  8
STAPS
  6
CONTINUOUS
 62
     0
100
AcDbPolyline
 90
        4
 70
     1
 43
0.0
 10
2875.519774089031
 20
1437.722755834874
 10
2876.358347084526
 20
1437.722755834886
 10
2876.35834708452
 20
1438.090442333879
 10
2875.519774089024
 20
1438.090442333866
  0
MTEXT
  5
B3B
102
{ACAD_XDICTIONARY
360
B3C
102
}
330
1F
100
AcDbEntity
  8
TEXT_
  6
CONTINUOUS
100
AcDbMText
 10
2877.467556657495
 20
1434.890998122072
 30
0.0
 40
0.2
 41
2.071720795929195
 71
     2
 72
     5
  1
408.00
  7
AN
1001
ACAD
1000
ACAD_MTEXT_DEFINED_HEIGHT_BEGIN
1070
    46
1040
0.9843769667151415
1000
ACAD_MTEXT_DEFINED_HEIGHT_END
  0
LWPOLYLINE
  5
B3D
330
1F
100
AcDbEntity
  8
STAPS
  6
CONTINUOUS
 62
     0
100
AcDbPolyline
 90
        4
 70
     1
 43
0.0
 10
2877.039604510629
 20
1434.618619225933
 10
2877.878177506124
 20
1434.618619225946
 10
2877.878177506118
 20
1434.986305724938
 10
2877.039604510623
 20
1434.986305724926
  0
MTEXT
  5
B3E
102
{ACAD_XDICTIONARY
360
B3F
102
}
330
1F
100
AcDbEntity
  8
TEXT_
  6
CONTINUOUS
100
AcDbMText
 10
2880.444133680101
 20
1431.770719185418
 30
0.0
 40
0.2
 41
2.071720795929195
 71
     2
 72
     5
  1
551.00
  7
AN
1001
ACAD
1000
ACAD_MTEXT_DEFINED_HEIGHT_BEGIN
1070
    46
1040
0.9843769667151415
1000
ACAD_MTEXT_DEFINED_HEIGHT_END
  0
LWPOLYLINE
  5
B40
330
1F
100
AcDbEntity
  8
STAPS
  6
CONTINUOUS
 62
     0
100
AcDbPolyline
 90
        4
 70
     1
 43
0.0
 10
2880.016181533235
 20
1431.498340289279
 10
2880.85475452873
 20
1431.498340289291
 10
2880.854754528724
 20
1431.866026788283
 10
2880.016181533229
 20
1431.866026788271
  0
MTEXT
  5
B41
102
{ACAD_XDICTIONARY
360
B42
102
}
330
1F
100
AcDbEntity
  8
TEXT_
  6
CONTINUOUS
100
AcDbMText
 10
2882.536035607409
 20
1429.123253649097
 30
0.0
 40
0.2
 41
2.071720795929195
 71
     2
 72
     5
  1
550.00
  7
AN
1001
ACAD
1000
ACAD_MTEXT_DEFINED_HEIGHT_BEGIN
1070
    46
1040
0.9843769667151415
1000
ACAD_MTEXT_DEFINED_HEIGHT_END
  0
LWPOLYLINE
  5
B43
330
1F
100
AcDbEntity
  8
STAPS
  6
CONTINUOUS
 62
     0
100
AcDbPolyline
 90
        4
 70
     1
 43
0.0
 10
2882.108083460543
 20
1428.850874752958
 10
2882.946656456038
 20
1428.85087475297
 10
2882.946656456032
 20
1429.218561251962
 10
2882.108083460536
 20
1429.21856125195
  0
MTEXT
  5
B44
102
{ACAD_XDICTIONARY
360
B45
102
}
330
1F
100
AcDbEntity
  8
TEXT_
  6
CONTINUOUS
100
AcDbMText
 10
2887.726556859372
 20
1429.082138579229
 30
0.0
 40
0.2
 41
2.071720795929195
 71
     2
 72
     5
  1
160.00
  7
AN
1001
ACAD
1000
ACAD_MTEXT_DEFINED_HEIGHT_BEGIN
1070
    46
1040
0.9843769667151415
1000
ACAD_MTEXT_DEFINED_HEIGHT_END
  0
LWPOLYLINE
  5
B46
330
1F
100
AcDbEntity
  8
STAPS
  6
CONTINUOUS
 62
     0
100
AcDbPolyline
 90
        4
 70
     1
 43
0.0
 10
2887.298604712506
 20
1428.809759683089
 10
2888.137177708001
 20
1428.809759683102
 10
2888.137177707995
 20
1429.177446182094
 10
2887.2986047125
 20
1429.177446182082
  0
MTEXT
  5
B47
102
{ACAD_XDICTIONARY
360
B48
102
}
330
1F
100
AcDbEntity
  8
TEXT_
  6
CONTINUOUS
100
AcDbMText
 10
2890.229674710805
 20
1429.081090483313
 30
0.0
 40
0.2
 41
2.071720795929195
 71
     2
 72
     5
  1
172.00
  7
AN
1001
ACAD
1000
ACAD_MTEXT_DEFINED_HEIGHT_BEGIN
1070
    46
1040
0.9843769667151415
1000
ACAD_MTEXT_DEFINED_HEIGHT_END
  0
LWPOLYLINE
  5
B49
330
1F
100
AcDbEntity
  8
STAPS
  6
CONTINUOUS
 62
     0
100
AcDbPolyline
 90
        4
 70
     1
 43
0.0
 10
2889.801722563938
 20
1428.808711587174
 10
2890.640295559433
 20
1428.808711587187
 10
2890.640295559427
 20
1429.17639808618
 10
2889.801722563931
 20
1429.176398086167
  0
MTEXT
  5
B4A
102
{ACAD_XDICTIONARY
360
B4B
102
}
330
1F
100
AcDbEntity
  8
TEXT_
  6
CONTINUOUS
100
AcDbMText
 10
2893.209218223543
 20
1429.089927499945
 30
0.0
 40
0.2
 41
2.071720795929195
 71
     2
 72
     5
  1
172.00
  7
AN
1001
ACAD
1000
ACAD_MTEXT_DEFINED_HEIGHT_BEGIN
1070
    46
1040
0.9843769667151415
1000
ACAD_MTEXT_DEFINED_HEIGHT_END
  0
LWPOLYLINE
  5
B4C
330
1F
100
AcDbEntity
  8
STAPS
  6
CONTINUOUS
 62
     0
100
AcDbPolyline
 90
        4
 70
     1
 43
0.0
 10
2892.781266076677
 20
1428.817548603805
 10
2893.619839072172
 20
1428.817548603818
 10
2893.619839072166
 20
1429.18523510281
 10
2892.78126607667
 20
1429.185235102798
  0
MTEXT
  5
B4D
102
{ACAD_XDICTIONARY
360
B4E
102
}
330
1F
100
AcDbEntity
  8
TEXT_
  6
CONTINUOUS
100
AcDbMText
 10
2896.051385087665
 20
1429.17055496075
 30
0.0
 40
0.2
 41
2.071720795929195
 71
     2
 72
     5
  1
172.00
  7
AN
1001
ACAD
1000
ACAD_MTEXT_DEFINED_HEIGHT_BEGIN
1070
    46
1040
0.9843769667151415
1000
ACAD_MTEXT_DEFINED_HEIGHT_END
  0
LWPOLYLINE
  5
B4F
330
1F
100
AcDbEntity
  8
STAPS
  6
CONTINUOUS
 62
     0
100
AcDbPolyline
 90
        4
 70
     1
 43
0.0
 10
2895.623432940799
 20
1428.89817606461
 10
2896.462005936294
 20
1428.898176064623
 10
2896.462005936288
 20
1429.265862563615
 10
2895.623432940793
 20
1429.265862563602
  0
MTEXT
  5
B50
102
{ACAD_XDICTIONARY
360
B51
102
}
330
1F
100
AcDbEntity
  8
TEXT_
  6
CONTINUOUS
100
AcDbMText
 10
2899.126664214799
 20
1429.287014097668
 30
0.0
 40
0.2
 41
2.071720795929195
 71
     2
 72
     5
  1
172.00
  7
AN
1001
ACAD
1000
ACAD_MTEXT_DEFINED_HEIGHT_BEGIN
1070
    46
1040
0.9843769667151415
1000
ACAD_MTEXT_DEFINED_HEIGHT_END
  0
LWPOLYLINE
  5
B52
330
1F
100
AcDbEntity
  8
STAPS
  6
CONTINUOUS
 62
     0
100
AcDbPolyline
 90
        4
 70
     1
 43
0.0
 10
2898.698712067933
 20
1429.014635201529
 10
2899.537285063428
 20
1429.014635201541
 10
2899.537285063422
 20
1429.382321700534
 10
2898.698712067927
 20
1429.382321700521
  0
MTEXT
  5
B53
102
{ACAD_XDICTIONARY
360
B54
102
}
330
1F
100
AcDbEntity
  8
TEXT_
  6
CONTINUOUS
100
AcDbMText
 10
2901.523282213887
 20
1429.241704993568
 30
0.0
 40
0.2
 41
2.071720795929195
 71
     2
 72
     5
  1
165.00
  7
AN
1001
ACAD
1000
ACAD_MTEXT_DEFINED_HEIGHT_BEGIN
1070
    46
1040
0.9843769667151415
1000
ACAD_MTEXT_DEFINED_HEIGHT_END
  0
LWPOLYLINE
  5
B55
330
1F
100
AcDbEntity
  8
STAPS
  6
CONTINUOUS
 62
     0
100
AcDbPolyline
 90
        4
 70
     1
 43
0.0
 10
2901.095330067021
 20
1428.969326097429
 10
2901.933903062516
 20
1428.969326097442
 10
2901.93390306251
 20
1429.337012596434
 10
2901.095330067014
 20
1429.337012596422
  0
MTEXT
  5
B56
102
{ACAD_XDICTIONARY
360
B57
102
}
330
1F
100
AcDbEntity
  8
TEXT_
  6
CONTINUOUS
100
AcDbMText
 10
2904.349274157906
 20
1429.169784156365
 30
0.0
 40
0.2
 41
2.071720795929195
 71
     2
 72
     5
  1
165.00
  7
AN
1001
ACAD
1000
ACAD_MTEXT_DEFINED_HEIGHT_BEGIN
1070
    46
1040
0.9843769667151415
1000
ACAD_MTEXT_DEFINED_HEIGHT_END
  0
LWPOLYLINE
  5
B58
330
1F
100
AcDbEntity
  8
STAPS
  6
CONTINUOUS
 62
     0
100
AcDbPolyline
 90
        4
 70
     1
 43
0.0
 10
2903.92132201104
 20
1428.897405260225
 10
2904.759895006535
 20
1428.897405260238
 10
2904.759895006528
 20
1429.26509175923
 10
2903.921322011033
 20
1429.265091759218
  0
MTEXT
  5
B59
102
{ACAD_XDICTIONARY
360
B5A
102
}
330
1F
100
AcDbEntity
  8
TEXT_
  6
CONTINUOUS
100
AcDbMText
 10
2906.913500890132
 20
1429.214576639965
 30
0.0
 40
0.2
 41
2.071720795929195
 71
     2
 72
     5
  1
135.00
  7
AN
1001
ACAD
1000
ACAD_MTEXT_DEFINED_HEIGHT_BEGIN
1070
    46
1040
0.9843769667151415
1000
ACAD_MTEXT_DEFINED_HEIGHT_END
  0
LWPOLYLINE
  5
B5B
330
1F
100
AcDbEntity
  8
STAPS
  6
CONTINUOUS
 62
     0
100
AcDbPolyline
 90
        4
 70
     1
 43
0.0
 10
2906.485548743266
 20
1428.942197743826
 10
2907.324121738761
 20
1428.942197743839
 10
2907.324121738755
 20
1429.309884242831
 10
2906.48554874326
 20
1429.309884242819
  0
MTEXT
  5
B5C
330
1F
100
AcDbEntity
  8
0
  6
BYBLOCK
 62
     0
100
AcDbMText
 10
2906.72911867851
 20
1427.314120822407
 30
0.0
 40
0.3
 41
9.888969489610965
 71
     8
 72
     5
  1
{\T1.5;\LGROUND FLOOR PLAN}
  7
AN
1001
ACAD
1000
ACAD_MTEXT_DEFINED_HEIGHT_BEGIN
1070
    46
1040
0.6826164889145234
1000
ACAD_MTEXT_DEFINED_HEIGHT_END
  0
LWPOLYLINE
  5
B5D
330
1F
100
AcDbEntity
  8
0
 62
     1
100
AcDbPolyline
 90
       14
 70
     1
 43
0.0
 10
2896.514282894617
 20
1411.163952049733
 10
2896.514282894617
 20
1411.063952049733
 10
2897.414282894617
 20
1411.063952049734
 10
2897.414282894617
 20
1411.163768079999
 10
2898.614282894618
 20
1411.163952049737
 10
2898.614282894614
 20
1413.163952049737
 10
2899.964282894614
 20
1413.163952049739
 10
2899.964282894613
 20
1414.16395204974
 10
2902.854282894612
 20
1414.163952049746
 10
2902.854282894607
 20
1416.913952049746
 10
2897.414282894607
 20
1416.913952049735
 10
2897.414282894606
 20
1416.963952049735
 10
2894.664282894606
 20
1416.963952049729
 10
2894.664282894618
 20
1411.163952049729
  0
LWPOLYLINE
  5
B5E
330
1F
100
AcDbEntity
  8
0
 62
     1
100
AcDbPolyline
 90
       16
 70
     1
 43
0.0
 10
2904.864282894618
 20
1411.26395204975
 10
2904.764282894617
 20
1411.26395204975
 10
2904.764282894619
 20
1410.36395204975
 10
2908.58428289462
 20
1410.363952049757
 10
2908.584282894608
 20
1416.063952049757
 10
2908.634282894608
 20
1416.063952049758
 10
2908.634282894606
 20
1416.963952049758
 10
2905.834282894606
 20
1416.963952049752
 10
2905.834282894606
 20
1416.913952049752
 10
2902.954282894606
 20
1416.913952049746
 10
2902.954282894612
 20
1414.063952049746
 10
2902.364282894612
 20
1414.063952049745
 10
2902.364282894614
 20
1413.163952049745
 10
2903.664282894614
 20
1413.163952049747
 10
2903.664282894618
 20
1411.413952049747
 10
2904.864282894617
 20
1411.413952049749
  0
LWPOLYLINE
  5
B5F
330
1F
100
AcDbEntity
  8
0
 62
     1
100
AcDbPolyline
 90
       14
 70
     1
 43
0.0
 10
2897.514282894623
 20
1408.713952049736
 10
2897.414282894622
 20
1408.713952049735
 10
2897.414282894621
 20
1409.463952049735
 10
2901.464282894621
 20
1409.463952049743
 10
2901.464282894625
 20
1407.693952049744
 10
2902.514282894625
 20
1407.693952049745
 10
2902.514282894628
 20
1406.393952049745
 10
2902.994282894628
 20
1406.393952049746
 10
2902.994282894633
 20
1403.713952049747
 10
2900.264282894634
 20
1403.713952049741
 10
2900.264282894634
 20
1403.663952049743
 10
2894.664282894632
 20
1403.663952049732
 10
2894.664282894622
 20
1408.56395204973
 10
2897.514282894623
 20
1408.563952049735
  0
LWPOLYLINE
  5
B60
330
1F
100
AcDbEntity
  8
0
 62
     1
100
AcDbPolyline
 90
       16
 70
     1
 43
0.0
 10
2904.86428289462
 20
1409.36395204975
 10
2904.764282894621
 20
1409.36395204975
 10
2904.764282894619
 20
1410.26395204975
 10
2908.584282894621
 20
1410.263952049758
 10
2908.584282894632
 20
1404.563952049758
 10
2908.634282894632
 20
1404.563952049758
 10
2908.634282894634
 20
1403.663952049757
 10
2905.834282894633
 20
1403.663952049752
 10
2905.834282894633
 20
1403.713952049751
 10
2903.094282894633
 20
1403.713952049747
 10
2903.094282894627
 20
1406.493952049746
 10
2902.614282894627
 20
1406.493952049746
 10
2902.614282894625
 20
1407.693952049746
 10
2903.664282894624
 20
1407.693952049748
 10
2903.664282894622
 20
1409.193952049748
 10
2904.864282894621
 20
1409.193952049751
  0
MTEXT
  5
B61
330
1F
100
AcDbEntity
  8
0
  6
BYBLOCK
100
AcDbMText
 10
2892.2292480938
 20
1399.298115727217
 30
0.0
 40
0.9
 41
20.55202508256453
 71
     2
 72
     5
  1
 12.00 M. WIDE ROAD
  7
AN
1001
ACAD
1000
ACAD_MTEXT_DEFINED_HEIGHT_BEGIN
1070
    46
1040
1.611141491833146
1000
ACAD_MTEXT_DEFINED_HEIGHT_END
  0
MTEXT
  5
B62
330
1F
100
AcDbEntity
  8
0
  6
BYBLOCK
100
AcDbMText
 10
2867.292264159726
 20
1408.785638436941
 30
0.0
 40
0.9
 41
20.55202508256453
 71
     2
 72
     5
  1
 18.00 M. WIDE ROAD
  7
AN
 11
0.5743255016633189
 21
-0.8186270323774907
 31
0.0
1001
ACAD
1000
ACAD_MTEXT_DEFINED_HEIGHT_BEGIN
1070
    46
1040
1.611141491833146
1000
ACAD_MTEXT_DEFINED_HEIGHT_END
  0
MTEXT
  5
B63
102
{ACAD_XDICTIONARY
360
B64
102
}
330
1F
100
AcDbEntity
  8
TEXT_
  6
CONTINUOUS
100
AcDbMText
 10
2886.823948345539
 20
1411.590963122611
 30
0.0
 40
0.2
 41
2.071720795929195
 71
     2
 72
     5
  1
623.00
  7
AN
1001
ACAD
1000
ACAD_MTEXT_DEFINED_HEIGHT_BEGIN
1070
    46
1040
0.9843769667151415
1000
ACAD_MTEXT_DEFINED_HEIGHT_END
  0
LWPOLYLINE
  5
B65
330
1F
100
AcDbEntity
  8
STAPS
  6
CONTINUOUS
 62
     0
100
AcDbPolyline
 90
        4
 70
     1
 43
0.0
 10
2886.395996198673
 20
1411.318584226472
 10
2887.234569194168
 20
1411.318584226485
 10
2887.234569194162
 20
1411.686270725478
 10
2886.395996198667
 20
1411.686270725465
  0
MTEXT
  5
B66
102
{ACAD_XDICTIONARY
360
B67
102
}
330
1F
100
AcDbEntity
  8
TEXT_
  6
CONTINUOUS
100
AcDbMText
 10
2890.809801210228
 20
1409.058824449505
 30
0.0
 40
0.2
 41
2.071720795929195
 71
     2
 72
     5
  1
645.00
  7
AN
1001
ACAD
1000
ACAD_MTEXT_DEFINED_HEIGHT_BEGIN
1070
    46
1040
0.9843769667151415
1000
ACAD_MTEXT_DEFINED_HEIGHT_END
  0
LWPOLYLINE
  5
B68
330
1F
100
AcDbEntity
  8
STAPS
  6
CONTINUOUS
 62
     0
100
AcDbPolyline
 90
        4
 70
     1
 43
0.0
 10
2890.381849063361
 20
1408.786445553365
 10
2891.220422058856
 20
1408.786445553377
 10
2891.22042205885
 20
1409.15413205237
 10
2890.381849063355
 20
1409.154132052357
  0
MTEXT
  5
B69
102
{ACAD_XDICTIONARY
360
B6A
102
}
330
1F
100
AcDbEntity
  8
TEXT_
  6
CONTINUOUS
100
AcDbMText
 10
2898.025349827038
 20
1409.214794326807
 30
0.0
 40
0.2
 41
2.071720795929195
 71
     2
 72
     5
  1
640.00
  7
AN
1001
ACAD
1000
ACAD_MTEXT_DEFINED_HEIGHT_BEGIN
1070
    46
1040
0.9843769667151415
1000
ACAD_MTEXT_DEFINED_HEIGHT_END
  0
LWPOLYLINE
  5
B6B
330
1F
100
AcDbEntity
  8
STAPS
  6
CONTINUOUS
 62
     0
100
AcDbPolyline
 90
        4
 70
     1
 43
0.0
 10
2897.597397680172
 20
1408.942415430668
 10
2898.435970675667
 20
1408.94241543068
 10
2898.43597067566
 20
1409.310101929673
 10
2897.597397680165
 20
1409.31010192966
  0
MTEXT
  5
B6C
102
{ACAD_XDICTIONARY
360
B6D
102
}
330
1F
100
AcDbEntity
  8
TEXT_
  6
CONTINUOUS
100
AcDbMText
 10
2896.624733952803
 20
1411.629501692146
 30
0.0
 40
0.2
 41
2.071720795929195
 71
     2
 72
     5
  1
545.00
  7
AN
1001
ACAD
1000
ACAD_MTEXT_DEFINED_HEIGHT_BEGIN
1070
    46
1040
0.9843769667151415
1000
ACAD_MTEXT_DEFINED_HEIGHT_END
  0
LWPOLYLINE
  5
B6E
330
1F
100
AcDbEntity
  8
STAPS
  6
CONTINUOUS
 62
     0
100
AcDbPolyline
 90
        4
 70
     1
 43
0.0
 10
2896.196781805937
 20
1411.357122796006
 10
2897.035354801432
 20
1411.357122796018
 10
2897.035354801425
 20
1411.724809295011
 10
2896.19678180593
 20
1411.724809294999
  0
MTEXT
  5
B6F
102
{ACAD_XDICTIONARY
360
B70
102
}
330
1F
100
AcDbEntity
  8
TEXT_
  6
CONTINUOUS
100
AcDbMText
 10
2905.378470954259
 20
1410.979281139246
 30
0.0
 40
0.2
 41
2.071720795929195
 71
     2
 72
     5
  1
520.00
  7
AN
1001
ACAD
1000
ACAD_MTEXT_DEFINED_HEIGHT_BEGIN
1070
    46
1040
0.9843769667151415
1000
ACAD_MTEXT_DEFINED_HEIGHT_END
  0
LWPOLYLINE
  5
B71
330
1F
100
AcDbEntity
  8
STAPS
  6
CONTINUOUS
 62
     0
100
AcDbPolyline
 90
        4
 70
     1
 43
0.0
 10
2904.950518807393
 20
1410.706902243107
 10
2905.789091802888
 20
1410.706902243119
 10
2905.789091802882
 20
1411.074588742112
 10
2904.950518807386
 20
1411.074588742099
  0
MTEXT
  5
B72
102
{ACAD_XDICTIONARY
360
B73
102
}
330
1F
100
AcDbEntity
  8
TEXT_
  6
CONTINUOUS
100
AcDbMText
 10
2905.427252783181
 20
1409.926421746851
 30
0.0
 40
0.2
 41
2.071720795929195
 71
     2
 72
     5
  1
515.00
  7
AN
1001
ACAD
1000
ACAD_MTEXT_DEFINED_HEIGHT_BEGIN
1070
    46
1040
0.9843769667151415
1000
ACAD_MTEXT_DEFINED_HEIGHT_END
  0
LWPOLYLINE
  5
B74
330
1F
100
AcDbEntity
  8
STAPS
  6
CONTINUOUS
 62
     0
100
AcDbPolyline
 90
        4
 70
     1
 43
0.0
 10
2904.999300636314
 20
1409.654042850712
 10
2905.837873631809
 20
1409.654042850724
 10
2905.837873631803
 20
1410.021729349717
 10
2904.999300636307
 20
1410.021729349704
  0
MTEXT
  5
B75
330
1F
100
AcDbEntity
  8
0
  6
BYBLOCK
 62
     0
100
AcDbMText
 10
2904.848355946127
 20
1402.74908789557
 30
0.0
 40
0.3
 41
9.888969489610965
 71
     8
 72
     5
  1
{\T1.5;\LFIRST FLOOR PLAN}
  7
AN
1001
ACAD
1000
ACAD_MTEXT_DEFINED_HEIGHT_BEGIN
1070
    46
1040
0.6826164889145234
1000
ACAD_MTEXT_DEFINED_HEIGHT_END
  0
LINE
  5
B76
102
{ACAD_REACTORS
330
D48
102
}
330
1F
100
AcDbEntity
  8
0
100
AcDbLine
 10
2860.674282894648
 20
1396.237629483519
 30
0.0
 11
2911.734282894648
 21
1396.237629483621
 31
0.0
  0
LINE
  5
B77
102
{ACAD_REACTORS
330
D27
102
}
330
1F
100
AcDbEntity
  8
0
100
AcDbLine
 10
2911.734282894648
 20
1396.237629483621
 30
0.0
 11
2911.734282894688
 21
1376.737629483621
 31
0.0
  0
LINE
  5
B78
330
1F
100
AcDbEntity
  8
0
100
AcDbLine
 10
2911.734282894695
 20
1373.01698555239
 30
0.0
 11
2875.374282894695
 21
1373.016985552317
 31
0.0
  0
LINE
  5
B79
102
{ACAD_REACTORS
330
D21
330
D24
102
}
330
1F
100
AcDbEntity
  8
0
100
AcDbLine
 10
2911.734282894688
 20
1376.737629483621
 30
0.0
 11
2875.374282894688
 21
1376.737629483548
 31
0.0
  0
LINE
  5
B7A
102
{ACAD_REACTORS
330
DE4
330
DE7
102
}
330
1F
100
AcDbEntity
  8
0
100
AcDbLine
 10
2875.374282894688
 20
1376.737629483548
 30
0.0
 11
2860.674282894648
 21
1396.237629483519
 31
0.0
  0
LINE
  5
B7B
330
1F
100
AcDbEntity
  8
0
100
AcDbLine
 10
2874.864282894664
 20
1388.487629483547
 30
0.0
 11
2874.864282894654
 21
1393.237629483547
 31
0.0
  0
LINE
  5
B7C
330
1F
100
AcDbEntity
  8
0
100
AcDbLine
 10
2873.964282894662
 20
1389.687629483545
 30
0.0
 11
2873.964282894661
 21
1389.787629483545
 31
0.0
  0
LINE
  5
B7D
330
1F
100
AcDbEntity
  8
0
100
AcDbLine
 10
2873.964282894659
 20
1390.537629483545
 30
0.0
 11
2873.964282894656
 21
1391.887629483545
 31
0.0
  0
LINE
  5
B7E
330
1F
100
AcDbEntity
  8
0
100
AcDbLine
 10
2874.714282894659
 20
1390.587629483547
 30
0.0
 11
2874.714282894659
 21
1390.687629483547
 31
0.0
  0
LINE
  5
B7F
330
1F
100
AcDbEntity
  8
0
100
AcDbLine
 10
2873.864282894659
 20
1390.537629483545
 30
0.0
 11
2873.864282894657
 21
1391.887629483545
 31
0.0
  0
LINE
  5
B80
330
1F
100
AcDbEntity
  8
0
100
AcDbLine
 10
2872.864282894661
 20
1389.787629483542
 30
0.0
 11
2872.864282894657
 21
1391.887629483543
 31
0.0
  0
LINE
  5
B81
330
1F
100
AcDbEntity
  8
0
100
AcDbLine
 10
2872.764282894661
 20
1389.687629483543
 30
0.0
 11
2872.764282894656
 21
1392.037629483542
 31
0.0
  0
LINE
  5
B82
330
1F
100
AcDbEntity
  8
0
100
AcDbLine
 10
2871.864282894656
 20
1391.887629483541
 30
0.0
 11
2871.864282894656
 21
1392.037629483541
 31
0.0
  0
LINE
  5
B83
330
1F
100
AcDbEntity
  8
0
100
AcDbLine
 10
2874.964282894663
 20
1388.587629483547
 30
0.0
 11
2874.964282894654
 21
1393.137629483547
 31
0.0
  0
LINE
  5
B84
330
1F
100
AcDbEntity
  8
0
100
AcDbLine
 10
2877.714282894667
 20
1386.637629483554
 30
0.0
 11
2877.714282894658
 21
1390.987629483553
 31
0.0
  0
LINE
  5
B85
330
1F
100
AcDbEntity
  8
0
100
AcDbLine
 10
2877.714282894656
 20
1391.887629483553
 30
0.0
 11
2877.714282894654
 21
1393.137629483553
 31
0.0
  0
LINE
  5
B86
330
1F
100
AcDbEntity
  8
0
100
AcDbLine
 10
2876.614282894656
 20
1391.887629483551
 30
0.0
 11
2876.614282894656
 21
1392.037629483551
 31
0.0
  0
LINE
  5
B87
330
1F
100
AcDbEntity
  8
0
100
AcDbLine
 10
2877.814282894656
 20
1392.037629483553
 30
0.0
 11
2877.814282894654
 21
1393.137629483553
 31
0.0
  0
LINE
  5
B88
330
1F
100
AcDbEntity
  8
0
100
AcDbLine
 10
2880.564282894666
 20
1387.237629483559
 30
0.0
 11
2880.56428289466
 21
1390.237629483559
 31
0.0
  0
LINE
  5
B89
330
1F
100
AcDbEntity
  8
0
100
AcDbLine
 10
2880.564282894658
 20
1390.887629483558
 30
0.0
 11
2880.564282894654
 21
1393.237629483559
 31
0.0
  0
LINE
  5
B8A
330
1F
100
AcDbEntity
  8
0
100
AcDbLine
 10
2879.664282894666
 20
1387.237629483557
 30
0.0
 11
2879.664282894666
 21
1387.337629483557
 31
0.0
  0
LINE
  5
B8B
330
1F
100
AcDbEntity
  8
0
100
AcDbLine
 10
2879.664282894657
 20
1391.887629483556
 30
0.0
 11
2879.664282894656
 21
1392.037629483557
 31
0.0
  0
LINE
  5
B8C
330
1F
100
AcDbEntity
  8
0
100
AcDbLine
 10
2880.664282894666
 20
1387.337629483559
 30
0.0
 11
2880.66428289466
 21
1390.237629483559
 31
0.0
  0
LINE
  5
B8D
330
1F
100
AcDbEntity
  8
0
100
AcDbLine
 10
2880.664282894659
 20
1390.887629483559
 30
0.0
 11
2880.664282894654
 21
1393.087629483558
 31
0.0
  0
LINE
  5
B8E
330
1F
100
AcDbEntity
  8
0
100
AcDbLine
 10
2881.414282894662
 20
1389.13762948356
 30
0.0
 11
2881.414282894662
 21
1389.23762948356
 31
0.0
  0
LINE
  5
B8F
330
1F
100
AcDbEntity
  8
0
100
AcDbLine
 10
2883.364282894663
 20
1389.237629483564
 30
0.0
 11
2883.364282894655
 21
1393.087629483563
 31
0.0
  0
LINE
  5
B90
330
1F
100
AcDbEntity
  8
0
100
AcDbLine
 10
2883.464282894662
 20
1389.237629483564
 30
0.0
 11
2883.464282894654
 21
1393.087629483564
 31
0.0
  0
LINE
  5
B91
330
1F
100
AcDbEntity
  8
0
100
AcDbLine
 10
2881.864282894666
 20
1387.237629483561
 30
0.0
 11
2881.864282894662
 21
1389.237629483561
 31
0.0
  0
LINE
  5
B92
330
1F
100
AcDbEntity
  8
0
100
AcDbLine
 10
2882.014282894661
 20
1389.987629483561
 30
0.0
 11
2882.01428289466
 21
1390.237629483561
 31
0.0
  0
LINE
  5
B93
330
1F
100
AcDbEntity
  8
0
100
AcDbLine
 10
2881.964282894665
 20
1387.337629483562
 30
0.0
 11
2881.964282894662
 21
1389.137629483561
 31
0.0
  0
LINE
  5
B94
330
1F
100
AcDbEntity
  8
0
100
AcDbLine
 10
2882.11428289466
 20
1389.987629483561
 30
0.0
 11
2882.11428289466
 21
1390.137629483562
 31
0.0
  0
LINE
  5
B95
330
1F
100
AcDbEntity
  8
0
100
AcDbLine
 10
2874.864282894656
 20
1391.887629483547
 30
0.0
 11
2872.864282894656
 21
1391.887629483543
 31
0.0
  0
LINE
  5
B96
330
1F
100
AcDbEntity
  8
0
100
AcDbLine
 10
2874.864282894659
 20
1390.687629483547
 30
0.0
 11
2874.714282894659
 21
1390.687629483547
 31
0.0
  0
LINE
  5
B97
330
1F
100
AcDbEntity
  8
0
100
AcDbLine
 10
2874.864282894659
 20
1390.587629483547
 30
0.0
 11
2874.71428289466
 21
1390.587629483547
 31
0.0
  0
LINE
  5
B98
330
1F
100
AcDbEntity
  8
0
100
AcDbLine
 10
2873.964282894661
 20
1389.787629483545
 30
0.0
 11
2872.864282894661
 21
1389.787629483542
 31
0.0
  0
LINE
  5
B99
330
1F
100
AcDbEntity
  8
0
100
AcDbLine
 10
2873.964282894659
 20
1390.537629483545
 30
0.0
 11
2873.864282894659
 21
1390.537629483545
 31
0.0
  0
LINE
  5
B9A
330
1F
100
AcDbEntity
  8
0
100
AcDbLine
 10
2873.964282894661
 20
1389.687629483545
 30
0.0
 11
2872.764282894662
 21
1389.687629483543
 31
0.0
  0
LINE
  5
B9B
330
1F
100
AcDbEntity
  8
0
100
AcDbLine
 10
2874.864282894656
 20
1392.037629483547
 30
0.0
 11
2872.764282894656
 21
1392.037629483542
 31
0.0
  0
LINE
  5
B9C
330
1F
100
AcDbEntity
  8
0
 62
     1
100
AcDbLine
 10
2872.764282894654
 20
1393.087629483543
 30
0.0
 11
2870.018911509263
 21
1393.087629483537
 31
0.0
  0
LINE
  5
B9D
330
1F
100
AcDbEntity
  8
0
 62
     1
100
AcDbLine
 10
2872.864282894653
 20
1393.237629483543
 30
0.0
 11
2869.868911509264
 21
1393.237629483537
 31
0.0
  0
LINE
  5
B9E
330
1F
100
AcDbEntity
  8
0
100
AcDbLine
 10
2871.864282894656
 20
1392.037629483541
 30
0.0
 11
2869.868911509266
 21
1392.037629483537
 31
0.0
  0
LINE
  5
B9F
330
1F
100
AcDbEntity
  8
0
100
AcDbLine
 10
2871.864282894656
 20
1391.887629483541
 30
0.0
 11
2870.018911509266
 21
1391.887629483537
 31
0.0
  0
LINE
  5
BA0
330
1F
100
AcDbEntity
  8
0
100
AcDbLine
 10
2873.048142278509
 20
1385.637629483544
 30
0.0
 11
2873.048142278503
 21
1388.487629483543
 31
0.0
  0
LINE
  5
BA1
330
1F
100
AcDbEntity
  8
0
100
AcDbLine
 10
2873.198142278508
 20
1385.737629483544
 30
0.0
 11
2873.198142278503
 21
1388.587629483543
 31
0.0
  0
LINE
  5
BA2
330
1F
100
AcDbEntity
  8
0
100
AcDbLine
 10
2877.814282894667
 20
1386.637629483554
 30
0.0
 11
2877.814282894658
 21
1390.987629483553
 31
0.0
  0
LINE
  5
BA3
330
1F
100
AcDbEntity
  8
0
 62
     1
100
AcDbLine
 10
2875.346603816975
 20
1382.887629483548
 30
0.0
 11
2875.34660381697
 21
1385.637629483548
 31
0.0
  0
LINE
  5
BA4
330
1F
100
AcDbEntity
  8
0
 62
     1
100
AcDbLine
 10
2875.196603816976
 20
1382.787629483548
 30
0.0
 11
2875.19660381697
 21
1385.637629483548
 31
0.0
  0
LINE
  5
BA5
330
1F
100
AcDbEntity
  8
0
100
AcDbLine
 10
2869.868911509272
 20
1388.487629483537
 30
0.0
 11
2873.048142278503
 21
1388.487629483543
 31
0.0
  0
LINE
  5
BA6
330
1F
100
AcDbEntity
  8
0
100
AcDbLine
 10
2874.864282894664
 20
1388.487629483547
 30
0.0
 11
2877.714282894663
 21
1388.487629483553
 31
0.0
  0
LINE
  5
BA7
330
1F
100
AcDbEntity
  8
0
100
AcDbLine
 10
2873.198142278508
 20
1385.737629483544
 30
0.0
 11
2876.34660381697
 21
1385.73762948355
 31
0.0
  0
LINE
  5
BA8
330
1F
100
AcDbEntity
  8
0
100
AcDbLine
 10
2877.24660381697
 20
1385.737629483552
 30
0.0
 11
2880.814282894667
 21
1385.737629483559
 31
0.0
  0
LINE
  5
BA9
330
1F
100
AcDbEntity
  8
0
100
AcDbLine
 10
2877.714282894667
 20
1386.637629483554
 30
0.0
 11
2877.814282894667
 21
1386.637629483554
 31
0.0
  0
LINE
  5
BAA
102
{ACAD_REACTORS
330
DE4
102
}
330
1F
100
AcDbEntity
  8
0
100
AcDbLine
 10
2873.048142278509
 20
1385.637629483544
 30
0.0
 11
2876.34660381697
 21
1385.637629483551
 31
0.0
  0
LINE
  5
BAB
330
1F
100
AcDbEntity
  8
0
100
AcDbLine
 10
2877.24660381697
 20
1385.637629483553
 30
0.0
 11
2880.714282894667
 21
1385.637629483559
 31
0.0
  0
LINE
  5
BAC
330
1F
100
AcDbEntity
  8
0
100
AcDbLine
 10
2876.196603816972
 20
1384.73762948355
 30
0.0
 11
2876.346603816972
 21
1384.73762948355
 31
0.0
  0
LINE
  5
BAD
330
1F
100
AcDbEntity
  8
0
 62
     1
100
AcDbLine
 10
2875.346603816975
 20
1382.887629483548
 30
0.0
 11
2876.196603816976
 21
1382.88762948355
 31
0.0
  0
LINE
  5
BAE
330
1F
100
AcDbEntity
  8
0
100
AcDbLine
 10
2876.346603816975
 20
1382.887629483551
 30
0.0
 11
2880.714282894673
 21
1382.887629483559
 31
0.0
  0
LINE
  5
BAF
330
1F
100
AcDbEntity
  8
0
100
AcDbLine
 10
2876.196603816976
 20
1382.787629483551
 30
0.0
 11
2880.814282894673
 21
1382.78762948356
 31
0.0
  0
LINE
  5
BB0
330
1F
100
AcDbEntity
  8
0
100
AcDbLine
 10
2880.714282894674
 20
1381.887629483559
 30
0.0
 11
2880.814282894675
 21
1381.88762948356
 31
0.0
  0
LINE
  5
BB1
330
1F
100
AcDbEntity
  8
0
100
AcDbLine
 10
2870.018911509273
 20
1388.587629483536
 30
0.0
 11
2873.198142278503
 21
1388.587629483543
 31
0.0
  0
LINE
  5
BB2
330
1F
100
AcDbEntity
  8
0
100
AcDbLine
 10
2874.964282894663
 20
1388.587629483547
 30
0.0
 11
2877.714282894663
 21
1388.587629483553
 31
0.0
  0
LINE
  5
BB3
330
1F
100
AcDbEntity
  8
0
100
AcDbLine
 10
2874.964282894656
 20
1391.887629483547
 30
0.0
 11
2876.614282894656
 21
1391.887629483551
 31
0.0
  0
LINE
  5
BB4
330
1F
100
AcDbEntity
  8
0
100
AcDbLine
 10
2877.714282894656
 20
1391.887629483553
 30
0.0
 11
2879.664282894657
 21
1391.887629483556
 31
0.0
  0
LINE
  5
BB5
330
1F
100
AcDbEntity
  8
0
100
AcDbLine
 10
2877.714282894658
 20
1390.987629483553
 30
0.0
 11
2877.814282894658
 21
1390.987629483553
 31
0.0
  0
LINE
  5
BB6
330
1F
100
AcDbEntity
  8
0
100
AcDbLine
 10
2881.414282894661
 20
1389.23762948356
 30
0.0
 11
2883.464282894662
 21
1389.237629483564
 31
0.0
  0
LINE
  5
BB7
330
1F
100
AcDbEntity
  8
0
100
AcDbLine
 10
2882.014282894661
 20
1389.987629483561
 30
0.0
 11
2882.11428289466
 21
1389.987629483561
 31
0.0
  0
LINE
  5
BB8
330
1F
100
AcDbEntity
  8
0
100
AcDbLine
 10
2882.11428289466
 20
1390.137629483562
 30
0.0
 11
2883.36428289466
 21
1390.137629483564
 31
0.0
  0
LINE
  5
BB9
330
1F
100
AcDbEntity
  8
0
100
AcDbLine
 10
2882.01428289466
 20
1390.237629483561
 30
0.0
 11
2883.36428289466
 21
1390.237629483564
 31
0.0
  0
LINE
  5
BBA
330
1F
100
AcDbEntity
  8
0
100
AcDbLine
 10
2874.964282894656
 20
1392.037629483547
 30
0.0
 11
2876.614282894656
 21
1392.037629483551
 31
0.0
  0
LINE
  5
BBB
330
1F
100
AcDbEntity
  8
0
100
AcDbLine
 10
2877.814282894656
 20
1392.037629483553
 30
0.0
 11
2879.664282894657
 21
1392.037629483557
 31
0.0
  0
LINE
  5
BBC
330
1F
100
AcDbEntity
  8
0
 62
     1
100
AcDbLine
 10
2874.964282894654
 20
1393.137629483547
 30
0.0
 11
2877.714282894654
 21
1393.137629483553
 31
0.0
  0
LINE
  5
BBD
330
1F
100
AcDbEntity
  8
0
 62
     1
100
AcDbLine
 10
2877.814282894654
 20
1393.137629483553
 30
0.0
 11
2880.564282894654
 21
1393.137629483558
 31
0.0
  0
LINE
  5
BBE
330
1F
100
AcDbEntity
  8
0
 62
     1
100
AcDbLine
 10
2874.864282894654
 20
1393.237629483547
 30
0.0
 11
2880.664282894653
 21
1393.237629483559
 31
0.0
  0
LINE
  5
BBF
330
1F
100
AcDbEntity
  8
0
100
AcDbLine
 10
2886.264282894666
 20
1387.23762948357
 30
0.0
 11
2886.26428289466
 21
1390.23762948357
 31
0.0
  0
LINE
  5
BC0
330
1F
100
AcDbEntity
  8
0
100
AcDbLine
 10
2886.264282894659
 20
1390.78762948357
 30
0.0
 11
2886.264282894654
 21
1393.237629483569
 31
0.0
  0
LINE
  5
BC1
330
1F
100
AcDbEntity
  8
0
100
AcDbLine
 10
2887.164282894666
 20
1387.237629483572
 30
0.0
 11
2887.164282894666
 21
1387.337629483572
 31
0.0
  0
LINE
  5
BC2
330
1F
100
AcDbEntity
  8
0
100
AcDbLine
 10
2887.164282894657
 20
1391.887629483572
 30
0.0
 11
2887.164282894656
 21
1392.037629483571
 31
0.0
  0
HATCH
  5
BC3
330
1F
100
AcDbEntity
  8
0
 62
     1
100
AcDbHatch
 10
0.0
 20
0.0
 30
0.0
210
0.0
220
0.0
230
1.0
  2
SOLID
 70
     1
 71
     0
 91
        1
 92
        7
 72
     0
 73
     1
 93
       13
 10
2889.114282894662
 20
1389.137629483575
 10
2889.114282894666
 20
1387.337629483575
 10
2889.114282894666
 20
1387.237629483576
 10
2891.114282894667
 20
1387.237629483579
 10
2891.114282894665
 20
1387.71262948358
 10
2890.964282894665
 20
1387.712629483579
 10
2890.964282894665
 20
1387.387629483579
 10
2889.264282894666
 20
1387.387629483576
 10
2889.264282894663
 20
1388.987629483576
 10
2890.964282894663
 20
1388.987629483579
 10
2890.964282894663
 20
1388.612629483579
 10
2891.114282894663
 20
1388.612629483579
 10
2891.114282894662
 20
1389.13762948358
 97
        0
 75
     1
 76
     1
 47
0.0071144505145002
 98
        1
 10
2890.114218836364
 20
1389.064479090414
1001
GRADIENTCOLOR1ACI
1070
     5
1001
GRADIENTCOLOR2ACI
1070
     2
1001
ACAD
1010
0.0
1020
0.0
1030
0.0
  0
LINE
  5
BC4
330
1F
100
AcDbEntity
  8
0
100
AcDbLine
 10
2889.114282894666
 20
1387.237629483576
 30
0.0
 11
2889.114282894662
 21
1389.137629483575
 31
0.0
  0
LINE
  5
BC5
330
1F
100
AcDbEntity
  8
0
100
AcDbLine
 10
2889.11428289466
 20
1390.037629483576
 30
0.0
 11
2889.114282894657
 21
1391.887629483575
 31
0.0
  0
LINE
  5
BC6
330
1F
100
AcDbEntity
  8
0
100
AcDbLine
 10
2889.114282894656
 20
1392.037629483576
 30
0.0
 11
2889.114282894654
 21
1393.137629483575
 31
0.0
  0
LINE
  5
BC7
330
1F
100
AcDbEntity
  8
0
100
AcDbLine
 10
2889.264282894666
 20
1387.387629483576
 30
0.0
 11
2889.264282894663
 21
1388.987629483576
 31
0.0
  0
LINE
  5
BC8
330
1F
100
AcDbEntity
  8
0
100
AcDbLine
 10
2890.964282894665
 20
1387.387629483579
 30
0.0
 11
2890.964282894665
 21
1387.712629483579
 31
0.0
  0
LINE
  5
BC9
330
1F
100
AcDbEntity
  8
0
100
AcDbLine
 10
2890.964282894663
 20
1388.612629483579
 30
0.0
 11
2890.964282894663
 21
1388.987629483579
 31
0.0
  0
LINE
  5
BCA
330
1F
100
AcDbEntity
  8
0
 62
     1
100
AcDbLine
 10
2891.114282894665
 20
1387.71262948358
 30
0.0
 11
2891.114282894663
 21
1388.612629483579
 31
0.0
  0
LINE
  5
BCB
330
1F
100
AcDbEntity
  8
0
100
AcDbLine
 10
2889.21428289466
 20
1390.037629483576
 30
0.0
 11
2889.214282894653
 21
1393.137629483575
 31
0.0
  0
LINE
  5
BCC
330
1F
100
AcDbEntity
  8
0
100
AcDbLine
 10
2890.114282894656
 20
1391.887629483577
 30
0.0
 11
2890.114282894656
 21
1392.037629483578
 31
0.0
  0
LINE
  5
BCD
330
1F
100
AcDbEntity
  8
0
100
AcDbLine
 10
2891.964282894662
 20
1389.137629483582
 30
0.0
 11
2891.964282894656
 21
1391.887629483582
 31
0.0
  0
LINE
  5
BCE
330
1F
100
AcDbEntity
  8
0
100
AcDbLine
 10
2891.964282894655
 20
1392.037629483581
 30
0.0
 11
2891.964282894653
 21
1393.237629483581
 31
0.0
  0
LINE
  5
BCF
330
1F
100
AcDbEntity
  8
0
100
AcDbLine
 10
2892.114282894662
 20
1388.987629483582
 30
0.0
 11
2892.114282894654
 21
1393.087629483582
 31
0.0
  0
LINE
  5
BD0
330
1F
100
AcDbEntity
  8
0
100
AcDbLine
 10
2894.514282894666
 20
1387.237629483587
 30
0.0
 11
2894.514282894654
 21
1393.087629483586
 31
0.0
  0
LINE
  5
BD1
330
1F
100
AcDbEntity
  8
0
100
AcDbLine
 10
2894.664282894666
 20
1387.337629483587
 30
0.0
 11
2894.664282894653
 21
1393.237629483587
 31
0.0
  0
LINE
  5
BD2
330
1F
100
AcDbEntity
  8
0
100
AcDbLine
 10
2886.164282894666
 20
1387.33762948357
 30
0.0
 11
2886.16428289466
 21
1390.237629483569
 31
0.0
  0
LINE
  5
BD3
330
1F
100
AcDbEntity
  8
0
100
AcDbLine
 10
2886.164282894659
 20
1390.78762948357
 30
0.0
 11
2886.164282894654
 21
1393.08762948357
 31
0.0
  0
LINE
  5
BD4
330
1F
100
AcDbEntity
  8
0
100
AcDbLine
 10
2885.414282894662
 20
1389.137629483568
 30
0.0
 11
2885.414282894662
 21
1389.237629483569
 31
0.0
  0
LINE
  5
BD5
330
1F
100
AcDbEntity
  8
0
100
AcDbLine
 10
2884.964282894666
 20
1387.237629483568
 30
0.0
 11
2884.964282894662
 21
1389.237629483568
 31
0.0
  0
LINE
  5
BD6
330
1F
100
AcDbEntity
  8
0
100
AcDbLine
 10
2884.76428289466
 20
1389.987629483567
 30
0.0
 11
2884.76428289466
 21
1390.237629483567
 31
0.0
  0
LINE
  5
BD7
330
1F
100
AcDbEntity
  8
0
100
AcDbLine
 10
2884.864282894666
 20
1387.337629483567
 30
0.0
 11
2884.864282894663
 21
1389.137629483567
 31
0.0
  0
LINE
  5
BD8
330
1F
100
AcDbEntity
  8
0
100
AcDbLine
 10
2884.664282894661
 20
1389.987629483567
 30
0.0
 11
2884.664282894661
 21
1390.137629483566
 31
0.0
  0
LINE
  5
BD9
330
1F
100
AcDbEntity
  8
0
100
AcDbLine
 10
2889.114282894656
 20
1391.887629483575
 30
0.0
 11
2887.164282894657
 21
1391.887629483572
 31
0.0
  0
LINE
  5
BDA
330
1F
100
AcDbEntity
  8
0
100
AcDbLine
 10
2889.114282894666
 20
1387.337629483575
 30
0.0
 11
2887.164282894666
 21
1387.337629483572
 31
0.0
  0
LINE
  5
BDB
330
1F
100
AcDbEntity
  8
0
100
AcDbLine
 10
2886.164282894666
 20
1387.33762948357
 30
0.0
 11
2884.964282894666
 21
1387.337629483567
 31
0.0
  0
LINE
  5
BDC
330
1F
100
AcDbEntity
  8
0
100
AcDbLine
 10
2884.864282894666
 20
1387.337629483567
 30
0.0
 11
2881.964282894665
 21
1387.337629483562
 31
0.0
  0
LINE
  5
BDD
330
1F
100
AcDbEntity
  8
0
100
AcDbLine
 10
2881.864282894666
 20
1387.337629483561
 30
0.0
 11
2880.664282894666
 21
1387.337629483559
 31
0.0
  0
LINE
  5
BDE
330
1F
100
AcDbEntity
  8
0
100
AcDbLine
 10
2879.664282894666
 20
1387.337629483557
 30
0.0
 11
2877.814282894666
 21
1387.337629483553
 31
0.0
  0
LINE
  5
BDF
330
1F
100
AcDbEntity
  8
0
100
AcDbLine
 10
2885.414282894662
 20
1389.137629483568
 30
0.0
 11
2884.964282894663
 21
1389.137629483567
 31
0.0
  0
LINE
  5
BE0
330
1F
100
AcDbEntity
  8
0
100
AcDbLine
 10
2884.864282894662
 20
1389.137629483567
 30
0.0
 11
2881.964282894662
 21
1389.137629483561
 31
0.0
  0
LINE
  5
BE1
330
1F
100
AcDbEntity
  8
0
100
AcDbLine
 10
2881.864282894662
 20
1389.137629483561
 30
0.0
 11
2881.414282894662
 21
1389.13762948356
 31
0.0
  0
LINE
  5
BE2
330
1F
100
AcDbEntity
  8
0
100
AcDbLine
 10
2885.414282894662
 20
1389.237629483569
 30
0.0
 11
2883.364282894662
 21
1389.237629483564
 31
0.0
  0
LINE
  5
BE3
330
1F
100
AcDbEntity
  8
0
100
AcDbLine
 10
2884.76428289466
 20
1389.987629483567
 30
0.0
 11
2884.664282894661
 21
1389.987629483567
 31
0.0
  0
LINE
  5
BE4
330
1F
100
AcDbEntity
  8
0
100
AcDbLine
 10
2884.664282894661
 20
1390.137629483566
 30
0.0
 11
2883.46428289466
 21
1390.137629483565
 31
0.0
  0
LINE
  5
BE5
330
1F
100
AcDbEntity
  8
0
100
AcDbLine
 10
2884.764282894659
 20
1390.237629483567
 30
0.0
 11
2883.46428289466
 21
1390.237629483564
 31
0.0
  0
LINE
  5
BE6
330
1F
100
AcDbEntity
  8
0
100
AcDbLine
 10
2889.114282894666
 20
1387.237629483576
 30
0.0
 11
2887.164282894666
 21
1387.237629483572
 31
0.0
  0
LINE
  5
BE7
330
1F
100
AcDbEntity
  8
0
100
AcDbLine
 10
2886.264282894666
 20
1387.23762948357
 30
0.0
 11
2880.564282894666
 21
1387.237629483559
 31
0.0
  0
LINE
  5
BE8
330
1F
100
AcDbEntity
  8
0
100
AcDbLine
 10
2879.664282894666
 20
1387.237629483557
 30
0.0
 11
2877.814282894666
 21
1387.237629483553
 31
0.0
  0
LINE
  5
BE9
330
1F
100
AcDbEntity
  8
0
100
AcDbLine
 10
2889.114282894656
 20
1392.037629483576
 30
0.0
 11
2887.164282894656
 21
1392.037629483571
 31
0.0
  0
LINE
  5
BEA
330
1F
100
AcDbEntity
  8
0
 62
     1
100
AcDbLine
 10
2891.964282894653
 20
1393.137629483582
 30
0.0
 11
2889.214282894653
 21
1393.137629483575
 31
0.0
  0
LINE
  5
BEB
330
1F
100
AcDbEntity
  8
0
 62
     1
100
AcDbLine
 10
2889.114282894654
 20
1393.137629483575
 30
0.0
 11
2886.264282894654
 21
1393.13762948357
 31
0.0
  0
LINE
  5
BEC
330
1F
100
AcDbEntity
  8
0
 62
     1
100
AcDbLine
 10
2891.964282894653
 20
1393.237629483581
 30
0.0
 11
2889.114282894654
 21
1393.237629483576
 31
0.0
  0
LINE
  5
BED
330
1F
100
AcDbEntity
  8
0
 62
     7
100
AcDbLine
 10
2892.114282894656
 20
1392.037629483581
 30
0.0
 11
2890.114282894656
 21
1392.037629483578
 31
0.0
  0
LINE
  5
BEE
330
1F
100
AcDbEntity
  8
0
 62
     7
100
AcDbLine
 10
2891.964282894656
 20
1391.887629483582
 30
0.0
 11
2890.114282894656
 21
1391.887629483577
 31
0.0
  0
LINE
  5
BEF
330
1F
100
AcDbEntity
  8
0
 62
     7
100
AcDbLine
 10
2891.964282894662
 20
1389.137629483582
 30
0.0
 11
2889.114282894662
 21
1389.137629483575
 31
0.0
  0
LINE
  5
BF0
330
1F
100
AcDbEntity
  8
0
 62
     7
100
AcDbLine
 10
2889.21428289466
 20
1390.037629483576
 30
0.0
 11
2889.11428289466
 21
1390.037629483576
 31
0.0
  0
LINE
  5
BF1
330
1F
100
AcDbEntity
  8
0
 62
     7
100
AcDbLine
 10
2892.114282894662
 20
1388.987629483582
 30
0.0
 11
2891.114282894662
 21
1388.987629483579
 31
0.0
  0
LINE
  5
BF2
330
1F
100
AcDbEntity
  8
0
 62
     7
100
AcDbLine
 10
2890.964282894662
 20
1388.987629483579
 30
0.0
 11
2889.264282894663
 21
1388.987629483576
 31
0.0
  0
LINE
  5
BF3
330
1F
100
AcDbEntity
  8
0
 62
     7
100
AcDbLine
 10
2890.964282894665
 20
1387.387629483579
 30
0.0
 11
2889.264282894665
 21
1387.387629483576
 31
0.0
  0
LINE
  5
BF4
330
1F
100
AcDbEntity
  8
0
 62
     7
100
AcDbLine
 10
2891.114282894666
 20
1387.237629483579
 30
0.0
 11
2889.114282894666
 21
1387.237629483576
 31
0.0
  0
LINE
  5
BF5
330
1F
100
AcDbEntity
  8
0
 62
     1
100
AcDbLine
 10
2889.114282894654
 20
1393.237629483576
 30
0.0
 11
2886.264282894654
 21
1393.23762948357
 31
0.0
  0
LINE
  5
BF6
102
{ACAD_REACTORS
330
D48
102
}
330
1F
100
AcDbEntity
  8
0
100
AcDbLine
 10
2886.264282894654
 20
1393.237629483569
 30
0.0
 11
2880.564282894654
 21
1393.237629483559
 31
0.0
  0
LINE
  5
BF7
330
1F
100
AcDbEntity
  8
0
100
AcDbLine
 10
2886.264282894654
 20
1393.08762948357
 30
0.0
 11
2883.464282894654
 21
1393.087629483564
 31
0.0
  0
LINE
  5
BF8
330
1F
100
AcDbEntity
  8
0
100
AcDbLine
 10
2883.364282894655
 20
1393.087629483563
 30
0.0
 11
2880.664282894654
 21
1393.087629483558
 31
0.0
  0
LINE
  5
BF9
330
1F
100
AcDbEntity
  8
0
 62
     1
100
AcDbLine
 10
2881.964282894662
 20
1389.137629483561
 30
0.0
 11
2884.864282894666
 21
1387.337629483567
 31
0.0
  0
LINE
  5
BFA
330
1F
100
AcDbEntity
  8
0
 62
     1
100
AcDbLine
 10
2881.964282894665
 20
1387.337629483562
 30
0.0
 11
2884.864282894662
 21
1389.137629483567
 31
0.0
  0
LINE
  5
BFB
330
1F
100
AcDbEntity
  8
0
 62
     1
100
AcDbLine
 10
2881.414282894662
 20
1389.23762948356
 30
0.0
 11
2880.664282894661
 21
1389.237629483559
 31
0.0
  0
LINE
  5
BFC
330
1F
100
AcDbEntity
  8
0
100
AcDbLine
 10
2880.664282894661
 20
1389.237629483559
 30
0.0
 11
2880.564282894662
 21
1389.237629483559
 31
0.0
  0
LINE
  5
BFD
330
1F
100
AcDbEntity
  8
0
 62
     1
100
AcDbLine
 10
2885.414282894662
 20
1389.237629483569
 30
0.0
 11
2886.164282894662
 21
1389.237629483569
 31
0.0
  0
LINE
  5
BFE
330
1F
100
AcDbEntity
  8
0
100
AcDbLine
 10
2886.164282894662
 20
1389.237629483569
 30
0.0
 11
2886.264282894662
 21
1389.23762948357
 31
0.0
  0
LINE
  5
BFF
330
1F
100
AcDbEntity
  8
0
 62
     1
100
AcDbLine
 10
2882.014282894661
 20
1389.987629483561
 30
0.0
 11
2882.014282894663
 21
1389.237629483561
 31
0.0
  0
LINE
  5
C00
330
1F
100
AcDbEntity
  8
0
 62
     1
100
AcDbLine
 10
2884.76428289466
 20
1389.987629483567
 30
0.0
 11
2884.764282894662
 21
1389.237629483567
 31
0.0
  0
LINE
  5
C01
330
1F
100
AcDbEntity
  8
0
 62
     1
100
AcDbLine
 10
2879.664282894657
 20
1392.037629483557
 30
0.0
 11
2880.564282894657
 21
1392.037629483559
 31
0.0
  0
LINE
  5
C02
330
1F
100
AcDbEntity
  8
0
 62
     1
100
AcDbLine
 10
2879.664282894666
 20
1387.237629483557
 30
0.0
 11
2880.564282894666
 21
1387.237629483559
 31
0.0
  0
LINE
  5
C03
330
1F
100
AcDbEntity
  8
0
 62
     1
100
AcDbLine
 10
2887.164282894656
 20
1392.037629483571
 30
0.0
 11
2886.264282894656
 21
1392.03762948357
 31
0.0
  0
LINE
  5
C04
330
1F
100
AcDbEntity
  8
0
100
AcDbLine
 10
2886.264282894659
 20
1390.78762948357
 30
0.0
 11
2886.164282894659
 21
1390.78762948357
 31
0.0
  0
LINE
  5
C05
330
1F
100
AcDbEntity
  8
0
100
AcDbLine
 10
2880.564282894658
 20
1390.887629483558
 30
0.0
 11
2880.664282894659
 21
1390.887629483558
 31
0.0
  0
LINE
  5
C06
330
1F
100
AcDbEntity
  8
0
100
AcDbLine
 10
2880.56428289466
 20
1390.237629483559
 30
0.0
 11
2880.66428289466
 21
1390.237629483559
 31
0.0
  0
LINE
  5
C07
330
1F
100
AcDbEntity
  8
0
 62
     1
100
AcDbLine
 10
2876.614282894656
 20
1392.037629483551
 30
0.0
 11
2877.714282894656
 21
1392.037629483552
 31
0.0
  0
LINE
  5
C08
330
1F
100
AcDbEntity
  8
0
 62
     1
100
AcDbLine
 10
2890.114282894656
 20
1392.037629483578
 30
0.0
 11
2889.214282894656
 21
1392.037629483576
 31
0.0
  0
LINE
  5
C09
330
1F
100
AcDbEntity
  8
0
 62
     1
100
AcDbLine
 10
2886.264282894666
 20
1387.23762948357
 30
0.0
 11
2887.164282894666
 21
1387.237629483572
 31
0.0
  0
LINE
  5
C0A
330
1F
100
AcDbEntity
  8
0
100
AcDbLine
 10
2890.964282894665
 20
1387.712629483579
 30
0.0
 11
2891.114282894665
 21
1387.71262948358
 31
0.0
  0
LINE
  5
C0B
330
1F
100
AcDbEntity
  8
0
100
AcDbLine
 10
2890.964282894663
 20
1388.612629483579
 30
0.0
 11
2891.114282894663
 21
1388.612629483579
 31
0.0
  0
LINE
  5
C0C
330
1F
100
AcDbEntity
  8
0
100
AcDbLine
 10
2891.964282894653
 20
1393.237629483581
 30
0.0
 11
2894.664282894653
 21
1393.237629483587
 31
0.0
  0
LINE
  5
C0D
330
1F
100
AcDbEntity
  8
0
100
AcDbLine
 10
2892.114282894654
 20
1393.087629483582
 30
0.0
 11
2894.514282894654
 21
1393.087629483586
 31
0.0
  0
LINE
  5
C0E
330
1F
100
AcDbEntity
  8
0
 62
     1
100
AcDbLine
 10
2892.114282894656
 20
1391.887629483582
 30
0.0
 11
2894.514282894655
 21
1391.887629483586
 31
0.0
  0
LINE
  5
C0F
330
1F
100
AcDbEntity
  8
0
 62
     1
100
AcDbLine
 10
2892.114282894657
 20
1391.637629483582
 30
0.0
 11
2894.514282894656
 21
1391.637629483586
 31
0.0
  0
LINE
  5
C10
330
1F
100
AcDbEntity
  8
0
 62
     1
100
AcDbLine
 10
2892.114282894658
 20
1391.387629483582
 30
0.0
 11
2894.514282894657
 21
1391.387629483586
 31
0.0
  0
LINE
  5
C11
330
1F
100
AcDbEntity
  8
0
 62
     1
100
AcDbLine
 10
2892.114282894658
 20
1391.137629483582
 30
0.0
 11
2894.514282894657
 21
1391.137629483586
 31
0.0
  0
LINE
  5
C12
330
1F
100
AcDbEntity
  8
0
 62
     1
100
AcDbLine
 10
2892.114282894659
 20
1390.887629483582
 30
0.0
 11
2894.514282894658
 21
1390.887629483586
 31
0.0
  0
LINE
  5
C13
330
1F
100
AcDbEntity
  8
0
 62
     1
100
AcDbLine
 10
2892.114282894659
 20
1390.637629483582
 30
0.0
 11
2894.514282894658
 21
1390.637629483586
 31
0.0
  0
LINE
  5
C14
330
1F
100
AcDbEntity
  8
0
 62
     1
100
AcDbLine
 10
2892.114282894659
 20
1390.387629483582
 30
0.0
 11
2894.514282894659
 21
1390.387629483586
 31
0.0
  0
LINE
  5
C15
330
1F
100
AcDbEntity
  8
0
 62
     1
100
AcDbLine
 10
2892.114282894659
 20
1390.137629483582
 30
0.0
 11
2894.514282894659
 21
1390.137629483586
 31
0.0
  0
LINE
  5
C16
330
1F
100
AcDbEntity
  8
0
 62
     1
100
AcDbLine
 10
2892.11428289466
 20
1389.887629483582
 30
0.0
 11
2894.664282894661
 21
1389.887629483587
 31
0.0
  0
LINE
  5
C17
330
1F
100
AcDbEntity
  8
0
 62
     1
100
AcDbLine
 10
2893.31428289466
 20
1389.887629483585
 30
0.0
 11
2893.314282894657
 21
1391.887629483585
 31
0.0
  0
LINE
  5
C18
330
1F
100
AcDbEntity
  8
0
100
AcDbLine
 10
2897.414282894666
 20
1387.237629483592
 30
0.0
 11
2897.414282894661
 21
1390.337629483593
 31
0.0
  0
LINE
  5
C19
330
1F
100
AcDbEntity
  8
0
100
AcDbLine
 10
2896.514282894665
 20
1387.237629483591
 30
0.0
 11
2896.514282894665
 21
1387.337629483591
 31
0.0
  0
LINE
  5
C1A
330
1F
100
AcDbEntity
  8
0
100
AcDbLine
 10
2897.414282894659
 20
1391.237629483593
 30
0.0
 11
2897.414282894655
 21
1393.237629483592
 31
0.0
  0
LINE
  5
C1B
330
1F
100
AcDbEntity
  8
0
100
AcDbLine
 10
2896.514282894655
 20
1391.887629483591
 30
0.0
 11
2896.514282894655
 21
1392.037629483591
 31
0.0
  0
LINE
  5
C1C
330
1F
100
AcDbEntity
  8
0
100
AcDbLine
 10
2897.514282894666
 20
1387.337629483593
 30
0.0
 11
2897.514282894659
 21
1390.337629483593
 31
0.0
  0
LINE
  5
C1D
330
1F
100
AcDbEntity
  8
0
100
AcDbLine
 10
2898.264282894661
 20
1389.237629483594
 30
0.0
 11
2898.264282894661
 21
1389.337629483594
 31
0.0
  0
LINE
  5
C1E
330
1F
100
AcDbEntity
  8
0
100
AcDbLine
 10
2897.514282894657
 20
1391.237629483593
 30
0.0
 11
2897.514282894654
 21
1393.087629483593
 31
0.0
  0
LINE
  5
C1F
330
1F
100
AcDbEntity
  8
0
100
AcDbLine
 10
2898.614282894666
 20
1387.337629483595
 30
0.0
 11
2898.614282894661
 21
1389.487629483595
 31
0.0
  0
LINE
  5
C20
330
1F
100
AcDbEntity
  8
0
100
AcDbLine
 10
2898.614282894659
 20
1390.237629483595
 30
0.0
 11
2898.614282894659
 21
1390.337629483595
 31
0.0
  0
LINE
  5
C21
330
1F
100
AcDbEntity
  8
0
100
AcDbLine
 10
2898.714282894665
 20
1387.337629483595
 30
0.0
 11
2898.714282894662
 21
1389.237629483595
 31
0.0
  0
LINE
  5
C22
330
1F
100
AcDbEntity
  8
0
100
AcDbLine
 10
2898.714282894662
 20
1389.337629483595
 30
0.0
 11
2898.714282894661
 21
1389.487629483595
 31
0.0
  0
LINE
  5
C23
330
1F
100
AcDbEntity
  8
0
100
AcDbLine
 10
2899.964282894663
 20
1389.337629483597
 30
0.0
 11
2899.96428289466
 21
1390.237629483598
 31
0.0
  0
LINE
  5
C24
330
1F
100
AcDbEntity
  8
0
100
AcDbLine
 10
2900.064282894663
 20
1389.237629483598
 30
0.0
 11
2900.06428289466
 21
1390.237629483598
 31
0.0
  0
LINE
  5
C25
330
1F
100
AcDbEntity
  8
0
100
AcDbLine
 10
2894.664282894656
 20
1391.887629483587
 30
0.0
 11
2896.514282894656
 21
1391.887629483591
 31
0.0
  0
LINE
  5
C26
330
1F
100
AcDbEntity
  8
0
100
AcDbLine
 10
2894.664282894666
 20
1387.337629483587
 30
0.0
 11
2896.514282894665
 21
1387.337629483591
 31
0.0
  0
LINE
  5
C27
330
1F
100
AcDbEntity
  8
0
100
AcDbLine
 10
2897.514282894666
 20
1387.337629483593
 30
0.0
 11
2898.614282894666
 21
1387.337629483595
 31
0.0
  0
LINE
  5
C28
330
1F
100
AcDbEntity
  8
0
100
AcDbLine
 10
2898.264282894662
 20
1389.237629483594
 30
0.0
 11
2898.614282894661
 21
1389.237629483595
 31
0.0
  0
LINE
  5
C29
330
1F
100
AcDbEntity
  8
0
100
AcDbLine
 10
2898.714282894662
 20
1389.237629483595
 30
0.0
 11
2902.264282894663
 21
1389.237629483602
 31
0.0
  0
LINE
  5
C2A
330
1F
100
AcDbEntity
  8
0
100
AcDbLine
 10
2902.264282894663
 20
1389.237629483602
 30
0.0
 11
2903.564282894662
 21
1389.237629483605
 31
0.0
  0
LINE
  5
C2B
330
1F
100
AcDbEntity
  8
0
100
AcDbLine
 10
2898.264282894662
 20
1389.337629483594
 30
0.0
 11
2898.614282894661
 21
1389.337629483595
 31
0.0
  0
LINE
  5
C2C
330
1F
100
AcDbEntity
  8
0
100
AcDbLine
 10
2898.614282894661
 20
1389.337629483595
 30
0.0
 11
2899.964282894663
 21
1389.337629483597
 31
0.0
  0
LINE
  5
C2D
330
1F
100
AcDbEntity
  8
0
100
AcDbLine
 10
2902.364282894662
 20
1389.337629483603
 30
0.0
 11
2903.564282894662
 21
1389.337629483605
 31
0.0
  0
LINE
  5
C2E
330
1F
100
AcDbEntity
  8
0
100
AcDbLine
 10
2894.514282894666
 20
1387.237629483587
 30
0.0
 11
2896.514282894665
 21
1387.23762948359
 31
0.0
  0
LINE
  5
C2F
330
1F
100
AcDbEntity
  8
0
100
AcDbLine
 10
2897.414282894666
 20
1387.237629483592
 30
0.0
 11
2903.664282894666
 21
1387.237629483605
 31
0.0
  0
LINE
  5
C30
330
1F
100
AcDbEntity
  8
0
100
AcDbLine
 10
2894.664282894656
 20
1392.037629483587
 30
0.0
 11
2896.514282894655
 21
1392.037629483591
 31
0.0
  0
LINE
  5
C31
330
1F
100
AcDbEntity
  8
0
 62
     1
100
AcDbLine
 10
2894.664282894653
 20
1393.137629483587
 30
0.0
 11
2897.414282894653
 21
1393.137629483593
 31
0.0
  0
LINE
  5
C32
330
1F
100
AcDbEntity
  8
0
 62
     1
100
AcDbLine
 10
2894.664282894653
 20
1393.237629483587
 30
0.0
 11
2897.414282894655
 21
1393.237629483592
 31
0.0
  0
LINE
  5
C33
330
1F
100
AcDbEntity
  8
0
 62
     1
100
AcDbLine
 10
2896.514282894655
 20
1392.037629483591
 30
0.0
 11
2897.414282894656
 21
1392.037629483592
 31
0.0
  0
LINE
  5
C34
330
1F
100
AcDbEntity
  8
0
100
AcDbLine
 10
2899.96428289466
 20
1390.237629483598
 30
0.0
 11
2899.96428289466
 21
1390.337629483598
 31
0.0
  0
LINE
  5
C35
330
1F
100
AcDbEntity
  8
0
100
AcDbLine
 10
2899.964282894658
 20
1391.237629483598
 30
0.0
 11
2899.964282894655
 21
1393.087629483597
 31
0.0
  0
LINE
  5
C36
330
1F
100
AcDbEntity
  8
0
100
AcDbLine
 10
2900.064282894658
 20
1391.237629483598
 30
0.0
 11
2900.064282894655
 21
1393.087629483598
 31
0.0
  0
LINE
  5
C37
330
1F
100
AcDbEntity
  8
0
100
AcDbLine
 10
2902.85428289466
 20
1390.337629483603
 30
0.0
 11
2902.854282894655
 21
1393.087629483603
 31
0.0
  0
LINE
  5
C38
330
1F
100
AcDbEntity
  8
0
100
AcDbLine
 10
2902.95428289466
 20
1390.337629483603
 30
0.0
 11
2902.954282894654
 21
1393.087629483603
 31
0.0
  0
LINE
  5
C39
330
1F
100
AcDbEntity
  8
0
100
AcDbLine
 10
2905.73428289466
 20
1390.28762948361
 30
0.0
 11
2905.734282894655
 21
1393.087629483609
 31
0.0
  0
LINE
  5
C3A
330
1F
100
AcDbEntity
  8
0
100
AcDbLine
 10
2905.83428289466
 20
1390.28762948361
 30
0.0
 11
2905.834282894653
 21
1393.237629483609
 31
0.0
  0
LINE
  5
C3B
330
1F
100
AcDbEntity
  8
0
100
AcDbLine
 10
2906.734282894656
 20
1392.087629483612
 30
0.0
 11
2906.734282894656
 21
1392.237629483611
 31
0.0
  0
LINE
  5
C3C
330
1F
100
AcDbEntity
  8
0
100
AcDbLine
 10
2908.584282894669
 20
1386.537629483615
 30
0.0
 11
2908.584282894662
 21
1389.287629483615
 31
0.0
  0
LINE
  5
C3D
330
1F
100
AcDbEntity
  8
0
100
AcDbLine
 10
2908.584282894662
 20
1389.387629483615
 30
0.0
 11
2908.584282894656
 21
1392.087629483615
 31
0.0
  0
LINE
  5
C3E
102
{ACAD_REACTORS
330
D27
102
}
330
1F
100
AcDbEntity
  8
0
100
AcDbLine
 10
2908.734282894668
 20
1386.437629483616
 30
0.0
 11
2908.734282894657
 21
1392.237629483616
 31
0.0
  0
LINE
  5
C3F
330
1F
100
AcDbEntity
  8
0
100
AcDbLine
 10
2897.514282894654
 20
1393.087629483593
 30
0.0
 11
2899.964282894654
 21
1393.087629483597
 31
0.0
  0
LINE
  5
C40
330
1F
100
AcDbEntity
  8
0
100
AcDbLine
 10
2900.064282894655
 20
1393.087629483598
 30
0.0
 11
2902.854282894655
 21
1393.087629483603
 31
0.0
  0
LINE
  5
C41
330
1F
100
AcDbEntity
  8
0
100
AcDbLine
 10
2904.014282894661
 20
1389.387629483605
 30
0.0
 11
2904.014282894662
 21
1389.487629483606
 31
0.0
  0
LINE
  5
C42
330
1F
100
AcDbEntity
  8
0
100
AcDbLine
 10
2903.664282894666
 20
1387.237629483605
 30
0.0
 11
2903.664282894662
 21
1389.387629483605
 31
0.0
  0
LINE
  5
C43
330
1F
100
AcDbEntity
  8
0
100
AcDbLine
 10
2903.664282894661
 20
1390.237629483605
 30
0.0
 11
2903.664282894661
 21
1390.237629483605
 31
0.0
  0
LINE
  5
C44
330
1F
100
AcDbEntity
  8
0
100
AcDbLine
 10
2903.564282894666
 20
1387.337629483605
 30
0.0
 11
2903.564282894662
 21
1389.487629483605
 31
0.0
  0
LINE
  5
C45
330
1F
100
AcDbEntity
  8
0
100
AcDbLine
 10
2902.364282894662
 20
1389.337629483603
 30
0.0
 11
2902.36428289466
 21
1390.337629483603
 31
0.0
  0
LINE
  5
C46
330
1F
100
AcDbEntity
  8
0
100
AcDbLine
 10
2902.264282894663
 20
1389.237629483602
 30
0.0
 11
2902.264282894661
 21
1390.237629483602
 31
0.0
  0
LINE
  5
C47
330
1F
100
AcDbEntity
  8
0
100
AcDbLine
 10
2903.56428289466
 20
1390.237629483605
 30
0.0
 11
2903.56428289466
 21
1390.237629483605
 31
0.0
  0
LINE
  5
C48
330
1F
100
AcDbEntity
  8
0
100
AcDbLine
 10
2904.764282894665
 20
1387.587629483607
 30
0.0
 11
2903.664282894666
 21
1387.587629483605
 31
0.0
  0
LINE
  5
C49
330
1F
100
AcDbEntity
  8
0
100
AcDbLine
 10
2903.564282894666
 20
1387.337629483605
 30
0.0
 11
2898.714282894665
 21
1387.337629483595
 31
0.0
  0
LINE
  5
C4A
330
1F
100
AcDbEntity
  8
0
100
AcDbLine
 10
2904.014282894662
 20
1389.387629483605
 30
0.0
 11
2903.664282894661
 21
1389.387629483605
 31
0.0
  0
LINE
  5
C4B
330
1F
100
AcDbEntity
  8
0
100
AcDbLine
 10
2904.014282894661
 20
1389.487629483606
 30
0.0
 11
2903.564282894662
 21
1389.487629483605
 31
0.0
  0
LINE
  5
C4C
330
1F
100
AcDbEntity
  8
0
100
AcDbLine
 10
2903.664282894661
 20
1390.237629483605
 30
0.0
 11
2903.56428289466
 21
1390.237629483605
 31
0.0
  0
LINE
  5
C4D
330
1F
100
AcDbEntity
  8
0
100
AcDbLine
 10
2904.864282894659
 20
1390.237629483608
 30
0.0
 11
2903.66428289466
 21
1390.237629483605
 31
0.0
  0
LINE
  5
C4E
330
1F
100
AcDbEntity
  8
0
100
AcDbLine
 10
2903.56428289466
 20
1390.237629483605
 30
0.0
 11
2902.36428289466
 21
1390.237629483602
 31
0.0
  0
LINE
  5
C4F
330
1F
100
AcDbEntity
  8
0
100
AcDbLine
 10
2902.26428289466
 20
1390.237629483602
 30
0.0
 11
2900.06428289466
 21
1390.237629483598
 31
0.0
  0
LINE
  5
C50
330
1F
100
AcDbEntity
  8
0
100
AcDbLine
 10
2899.964282894661
 20
1390.237629483598
 30
0.0
 11
2898.614282894659
 21
1390.237629483595
 31
0.0
  0
LINE
  5
C51
330
1F
100
AcDbEntity
  8
0
100
AcDbLine
 10
2898.714282894661
 20
1389.487629483595
 30
0.0
 11
2898.614282894661
 21
1389.487629483595
 31
0.0
  0
LINE
  5
C52
330
1F
100
AcDbEntity
  8
0
100
AcDbLine
 10
2904.864282894659
 20
1390.337629483607
 30
0.0
 11
2898.614282894659
 21
1390.337629483595
 31
0.0
  0
LINE
  5
C53
330
1F
100
AcDbEntity
  8
0
100
AcDbLine
 10
2900.064282894658
 20
1391.237629483598
 30
0.0
 11
2899.964282894658
 21
1391.237629483598
 31
0.0
  0
LINE
  5
C54
330
1F
100
AcDbEntity
  8
0
100
AcDbLine
 10
2897.514282894659
 20
1390.337629483593
 30
0.0
 11
2897.414282894661
 21
1390.337629483593
 31
0.0
  0
LINE
  5
C55
330
1F
100
AcDbEntity
  8
0
100
AcDbLine
 10
2897.514282894657
 20
1391.237629483593
 30
0.0
 11
2897.414282894659
 21
1391.237629483593
 31
0.0
  0
LINE
  5
C56
330
1F
100
AcDbEntity
  8
0
100
AcDbLine
 10
2904.764282894665
 20
1387.487629483608
 30
0.0
 11
2903.664282894666
 21
1387.487629483605
 31
0.0
  0
LINE
  5
C57
330
1F
100
AcDbEntity
  8
0
100
AcDbLine
 10
2905.834282894653
 20
1393.237629483609
 30
0.0
 11
2897.414282894655
 21
1393.237629483592
 31
0.0
  0
LINE
  5
C58
330
1F
100
AcDbEntity
  8
0
100
AcDbLine
 10
2905.734282894655
 20
1393.087629483609
 30
0.0
 11
2902.954282894654
 21
1393.087629483603
 31
0.0
  0
LINE
  5
C59
330
1F
100
AcDbEntity
  8
0
 62
     1
100
AcDbLine
 10
2904.014282894662
 20
1389.487629483606
 30
0.0
 11
2904.764282894662
 21
1389.487629483608
 31
0.0
  0
LINE
  5
C5A
330
1F
100
AcDbEntity
  8
0
 62
     1
100
AcDbLine
 10
2903.664282894661
 20
1390.237629483605
 30
0.0
 11
2903.664282894662
 21
1389.487629483605
 31
0.0
  0
LINE
  5
C5B
330
1F
100
AcDbEntity
  8
0
100
AcDbLine
 10
2905.73428289466
 20
1390.28762948361
 30
0.0
 11
2905.834282894661
 21
1390.28762948361
 31
0.0
  0
LINE
  5
C5C
330
1F
100
AcDbEntity
  8
0
100
AcDbLine
 10
2905.734282894662
 20
1389.38762948361
 30
0.0
 11
2908.584282894662
 21
1389.387629483615
 31
0.0
  0
LINE
  5
C5D
330
1F
100
AcDbEntity
  8
0
100
AcDbLine
 10
2906.734282894657
 20
1392.087629483612
 30
0.0
 11
2908.584282894656
 21
1392.087629483615
 31
0.0
  0
LINE
  5
C5E
330
1F
100
AcDbEntity
  8
0
100
AcDbLine
 10
2906.734282894656
 20
1392.237629483611
 30
0.0
 11
2908.734282894656
 21
1392.237629483616
 31
0.0
  0
LINE
  5
C5F
330
1F
100
AcDbEntity
  8
0
100
AcDbLine
 10
2904.764282894668
 20
1386.437629483607
 30
0.0
 11
2904.764282894668
 21
1386.537629483608
 31
0.0
  0
LINE
  5
C60
330
1F
100
AcDbEntity
  8
0
100
AcDbLine
 10
2904.764282894665
 20
1387.437629483607
 30
0.0
 11
2904.764282894662
 21
1389.487629483608
 31
0.0
  0
LINE
  5
C61
330
1F
100
AcDbEntity
  8
0
100
AcDbLine
 10
2904.864282894665
 20
1387.437629483607
 30
0.0
 11
2904.864282894661
 21
1389.487629483608
 31
0.0
  0
LINE
  5
C62
330
1F
100
AcDbEntity
  8
0
100
AcDbLine
 10
2904.864282894659
 20
1390.237629483608
 30
0.0
 11
2904.864282894659
 21
1390.337629483607
 31
0.0
  0
LINE
  5
C63
330
1F
100
AcDbEntity
  8
0
100
AcDbLine
 10
2904.764282894662
 20
1389.487629483608
 30
0.0
 11
2904.864282894661
 21
1389.487629483608
 31
0.0
  0
LINE
  5
C64
330
1F
100
AcDbEntity
  8
0
100
AcDbLine
 10
2905.734282894662
 20
1389.38762948361
 30
0.0
 11
2905.734282894662
 21
1389.28762948361
 31
0.0
  0
LINE
  5
C65
330
1F
100
AcDbEntity
  8
0
100
AcDbLine
 10
2905.734282894662
 20
1389.28762948361
 30
0.0
 11
2908.584282894662
 21
1389.287629483615
 31
0.0
  0
LINE
  5
C66
330
1F
100
AcDbEntity
  8
0
100
AcDbLine
 10
2904.764282894667
 20
1386.537629483608
 30
0.0
 11
2908.584282894668
 21
1386.537629483615
 31
0.0
  0
LINE
  5
C67
330
1F
100
AcDbEntity
  8
0
100
AcDbLine
 10
2904.764282894665
 20
1387.437629483607
 30
0.0
 11
2904.864282894665
 21
1387.437629483607
 31
0.0
  0
LINE
  5
C68
330
1F
100
AcDbEntity
  8
0
100
AcDbLine
 10
2904.764282894668
 20
1386.437629483607
 30
0.0
 11
2908.584282894669
 21
1386.437629483616
 31
0.0
  0
LINE
  5
C69
330
1F
100
AcDbEntity
  8
0
100
AcDbLine
 10
2904.76428289467
 20
1385.537629483608
 30
0.0
 11
2904.864282894669
 21
1385.537629483608
 31
0.0
  0
LINE
  5
C6A
330
1F
100
AcDbEntity
  8
0
 62
     1
100
AcDbLine
 10
2905.834282894653
 20
1393.237629483609
 30
0.0
 11
2908.734282894654
 21
1393.237629483616
 31
0.0
  0
LINE
  5
C6B
330
1F
100
AcDbEntity
  8
0
 62
     1
100
AcDbLine
 10
2905.834282894654
 20
1393.137629483609
 30
0.0
 11
2908.634282894654
 21
1393.137629483615
 31
0.0
  0
LINE
  5
C6C
330
1F
100
AcDbEntity
  8
0
 62
     1
100
AcDbLine
 10
2908.734282894657
 20
1392.237629483616
 30
0.0
 11
2908.734282894654
 21
1393.237629483616
 31
0.0
  0
LINE
  5
C6D
330
1F
100
AcDbEntity
  8
0
 62
     1
100
AcDbLine
 10
2908.634282894656
 20
1392.237629483616
 30
0.0
 11
2908.634282894654
 21
1393.137629483615
 31
0.0
  0
LINE
  5
C6E
330
1F
100
AcDbEntity
  8
0
100
AcDbLine
 10
2894.56428289467
 20
1384.737629483588
 30
0.0
 11
2894.56428289468
 21
1379.837629483588
 31
0.0
  0
LINE
  5
C6F
330
1F
100
AcDbEntity
  8
0
100
AcDbLine
 10
2894.664282894671
 20
1384.737629483588
 30
0.0
 11
2894.664282894681
 21
1379.837629483588
 31
0.0
  0
LINE
  5
C70
330
1F
100
AcDbEntity
  8
0
100
AcDbLine
 10
2897.414282894679
 20
1380.937629483594
 30
0.0
 11
2897.414282894681
 21
1379.837629483593
 31
0.0
  0
LINE
  5
C71
330
1F
100
AcDbEntity
  8
0
100
AcDbLine
 10
2896.514282894677
 20
1381.087629483592
 30
0.0
 11
2896.514282894678
 21
1380.937629483592
 31
0.0
  0
LINE
  5
C72
330
1F
100
AcDbEntity
  8
0
100
AcDbLine
 10
2897.514282894674
 20
1383.087629483593
 30
0.0
 11
2897.514282894675
 21
1382.087629483593
 31
0.0
  0
LINE
  5
C73
330
1F
100
AcDbEntity
  8
0
100
AcDbLine
 10
2897.514282894678
 20
1381.0876294836
 30
0.0
 11
2897.514282894681
 21
1379.837629483594
 31
0.0
  0
LINE
  5
C74
330
1F
100
AcDbEntity
  8
0
100
AcDbLine
 10
2898.414282894678
 20
1381.087629483602
 30
0.0
 11
2898.414282894679
 21
1380.937629483595
 31
0.0
  0
LINE
  5
C75
330
1F
100
AcDbEntity
  8
0
100
AcDbLine
 10
2897.414282894669
 20
1385.737629483593
 30
0.0
 11
2897.41428289467
 21
1385.637629483593
 31
0.0
  0
LINE
  5
C76
330
1F
100
AcDbEntity
  8
0
100
AcDbLine
 10
2897.414282894671
 20
1384.887629483593
 30
0.0
 11
2897.414282894677
 21
1382.087629483593
 31
0.0
  0
LINE
  5
C77
330
1F
100
AcDbEntity
  8
0
100
AcDbLine
 10
2897.514282894671
 20
1384.887629483594
 30
0.0
 11
2897.514282894674
 21
1383.087629483593
 31
0.0
  0
LINE
  5
C78
330
1F
100
AcDbEntity
  8
0
100
AcDbLine
 10
2894.564282894671
 20
1384.837629483587
 30
0.0
 11
2897.414282894671
 21
1384.837629483593
 31
0.0
  0
LINE
  5
C79
330
1F
100
AcDbEntity
  8
0
100
AcDbLine
 10
2897.41428289467
 20
1385.737629483593
 30
0.0
 11
2897.514282894668
 21
1385.737629483593
 31
0.0
  0
LINE
  5
C7A
330
1F
100
AcDbEntity
  8
0
100
AcDbLine
 10
2894.664282894671
 20
1384.737629483588
 30
0.0
 11
2897.414282894671
 21
1384.737629483593
 31
0.0
  0
LINE
  5
C7B
330
1F
100
AcDbEntity
  8
0
100
AcDbLine
 10
2894.664282894678
 20
1381.087629483588
 30
0.0
 11
2896.514282894678
 21
1381.087629483592
 31
0.0
  0
LINE
  5
C7C
330
1F
100
AcDbEntity
  8
0
100
AcDbLine
 10
2894.664282894679
 20
1380.937629483588
 30
0.0
 11
2896.514282894678
 21
1380.937629483592
 31
0.0
  0
LINE
  5
C7D
330
1F
100
AcDbEntity
  8
0
 62
     1
100
AcDbLine
 10
2894.664282894681
 20
1379.837629483588
 30
0.0
 11
2897.414282894681
 21
1379.837629483593
 31
0.0
  0
LINE
  5
C7E
330
1F
100
AcDbEntity
  8
0
 62
     1
100
AcDbLine
 10
2896.514282894678
 20
1380.937629483592
 30
0.0
 11
2897.414282894679
 21
1380.937629483594
 31
0.0
  0
LINE
  5
C7F
330
1F
100
AcDbEntity
  8
0
100
AcDbLine
 10
2900.264282894669
 20
1385.737629483599
 30
0.0
 11
2900.264282894675
 21
1382.567629483598
 31
0.0
  0
LINE
  5
C80
330
1F
100
AcDbEntity
  8
0
100
AcDbLine
 10
2900.264282894677
 20
1381.917629483595
 30
0.0
 11
2900.264282894681
 21
1379.737629483599
 31
0.0
  0
LINE
  5
C81
330
1F
100
AcDbEntity
  8
0
100
AcDbLine
 10
2900.364282894669
 20
1385.637629483599
 30
0.0
 11
2900.364282894676
 21
1382.567629483599
 31
0.0
  0
LINE
  5
C82
330
1F
100
AcDbEntity
  8
0
100
AcDbLine
 10
2900.364282894677
 20
1381.917629483599
 30
0.0
 11
2900.364282894681
 21
1379.887629483599
 31
0.0
  0
LINE
  5
C83
330
1F
100
AcDbEntity
  8
0
100
AcDbLine
 10
2901.114282894673
 20
1383.967629483601
 30
0.0
 11
2901.114282894673
 21
1383.8676294836
 31
0.0
  0
LINE
  5
C84
330
1F
100
AcDbEntity
  8
0
100
AcDbLine
 10
2902.514282894674
 20
1383.867629483603
 30
0.0
 11
2902.514282894675
 21
1382.667629483603
 31
0.0
  0
LINE
  5
C85
330
1F
100
AcDbEntity
  8
0
100
AcDbLine
 10
2902.994282894676
 20
1382.567629483604
 30
0.0
 11
2902.994282894681
 21
1379.887629483605
 31
0.0
  0
LINE
  5
C86
330
1F
100
AcDbEntity
  8
0
100
AcDbLine
 10
2902.614282894673
 20
1383.867629483603
 30
0.0
 11
2902.614282894675
 21
1382.667629483603
 31
0.0
  0
LINE
  5
C87
330
1F
100
AcDbEntity
  8
0
100
AcDbLine
 10
2903.094282894675
 20
1382.567629483605
 30
0.0
 11
2903.094282894681
 21
1379.887629483605
 31
0.0
  0
LINE
  5
C88
330
1F
100
AcDbEntity
  8
0
100
AcDbLine
 10
2905.734282894676
 20
1382.687629483609
 30
0.0
 11
2905.734282894681
 21
1379.88762948361
 31
0.0
  0
LINE
  5
C89
330
1F
100
AcDbEntity
  8
0
100
AcDbLine
 10
2905.834282894675
 20
1382.68762948361
 30
0.0
 11
2905.834282894681
 21
1379.73762948361
 31
0.0
  0
LINE
  5
C8A
330
1F
100
AcDbEntity
  8
0
100
AcDbLine
 10
2906.734282894678
 20
1380.887629483612
 30
0.0
 11
2906.734282894679
 21
1380.737629483611
 31
0.0
  0
LINE
  5
C8B
330
1F
100
AcDbEntity
  8
0
100
AcDbLine
 10
2908.584282894669
 20
1386.437629483616
 30
0.0
 11
2908.584282894673
 21
1383.687629483616
 31
0.0
  0
LINE
  5
C8C
330
1F
100
AcDbEntity
  8
0
100
AcDbLine
 10
2908.584282894674
 20
1383.587629483615
 30
0.0
 11
2908.584282894679
 21
1380.887629483615
 31
0.0
  0
LINE
  5
C8D
330
1F
100
AcDbEntity
  8
0
100
AcDbLine
 10
2908.734282894668
 20
1386.437629483616
 30
0.0
 11
2908.734282894679
 21
1380.737629483616
 31
0.0
  0
LINE
  5
C8E
330
1F
100
AcDbEntity
  8
0
100
AcDbLine
 10
2901.464282894669
 20
1385.737629483601
 30
0.0
 11
2901.464282894673
 21
1383.867629483601
 31
0.0
  0
LINE
  5
C8F
330
1F
100
AcDbEntity
  8
0
100
AcDbLine
 10
2901.464282894674
 20
1383.117629483601
 30
0.0
 11
2901.464282894675
 21
1382.567629483601
 31
0.0
  0
LINE
  5
C90
330
1F
100
AcDbEntity
  8
0
100
AcDbLine
 10
2901.564282894669
 20
1385.637629483602
 30
0.0
 11
2901.564282894673
 21
1383.967629483602
 31
0.0
  0
LINE
  5
C91
330
1F
100
AcDbEntity
  8
0
100
AcDbLine
 10
2901.564282894675
 20
1383.117629483601
 30
0.0
 11
2901.564282894675
 21
1382.667629483602
 31
0.0
  0
LINE
  5
C92
330
1F
100
AcDbEntity
  8
0
100
AcDbLine
 10
2898.414282894678
 20
1381.087629483599
 30
0.0
 11
2900.264282894678
 21
1381.087629483595
 31
0.0
  0
LINE
  5
C93
330
1F
100
AcDbEntity
  8
0
100
AcDbLine
 10
2897.414282894677
 20
1382.087629483593
 30
0.0
 11
2897.514282894675
 21
1382.087629483593
 31
0.0
  0
LINE
  5
C94
330
1F
100
AcDbEntity
  8
0
100
AcDbLine
 10
2901.114282894672
 20
1383.8676294836
 30
0.0
 11
2903.664282894672
 21
1383.867629483606
 31
0.0
  0
LINE
  5
C95
330
1F
100
AcDbEntity
  8
0
100
AcDbLine
 10
2901.464282894674
 20
1383.117629483601
 30
0.0
 11
2901.564282894675
 21
1383.117629483601
 31
0.0
  0
LINE
  5
C96
330
1F
100
AcDbEntity
  8
0
100
AcDbLine
 10
2901.564282894675
 20
1382.667629483602
 30
0.0
 11
2902.514282894675
 21
1382.667629483603
 31
0.0
  0
LINE
  5
C97
330
1F
100
AcDbEntity
  8
0
100
AcDbLine
 10
2901.464282894676
 20
1382.567629483601
 30
0.0
 11
2902.994282894676
 21
1382.567629483604
 31
0.0
  0
LINE
  5
C98
330
1F
100
AcDbEntity
  8
0
100
AcDbLine
 10
2898.414282894679
 20
1380.937629483595
 30
0.0
 11
2900.264282894679
 21
1380.937629483598
 31
0.0
  0
LINE
  5
C99
330
1F
100
AcDbEntity
  8
0
 62
     1
100
AcDbLine
 10
2894.56428289468
 20
1379.737629483587
 30
0.0
 11
2900.264282894681
 21
1379.7376294836
 31
0.0
  0
LINE
  5
C9A
330
1F
100
AcDbEntity
  8
0
100
AcDbLine
 10
2900.364282894681
 20
1379.887629483599
 30
0.0
 11
2902.994282894681
 21
1379.887629483605
 31
0.0
  0
LINE
  5
C9B
330
1F
100
AcDbEntity
  8
0
100
AcDbLine
 10
2904.014282894674
 20
1383.517629483606
 30
0.0
 11
2904.014282894674
 21
1383.417629483606
 31
0.0
  0
LINE
  5
C9C
330
1F
100
AcDbEntity
  8
0
100
AcDbLine
 10
2903.66428289467
 20
1385.737629483606
 30
0.0
 11
2903.664282894673
 21
1383.517629483606
 31
0.0
  0
LINE
  5
C9D
330
1F
100
AcDbEntity
  8
0
100
AcDbLine
 10
2903.664282894675
 20
1382.667629483606
 30
0.0
 11
2903.664282894675
 21
1382.567629483606
 31
0.0
  0
LINE
  5
C9E
330
1F
100
AcDbEntity
  8
0
100
AcDbLine
 10
2903.564282894669
 20
1385.637629483605
 30
0.0
 11
2903.564282894673
 21
1383.967629483605
 31
0.0
  0
LINE
  5
C9F
330
1F
100
AcDbEntity
  8
0
100
AcDbLine
 10
2903.564282894673
 20
1383.867629483605
 30
0.0
 11
2903.564282894675
 21
1383.417629483605
 31
0.0
  0
LINE
  5
CA0
330
1F
100
AcDbEntity
  8
0
100
AcDbLine
 10
2904.76428289467
 20
1385.367629483608
 30
0.0
 11
2903.66428289467
 21
1385.367629483606
 31
0.0
  0
LINE
  5
CA1
330
1F
100
AcDbEntity
  8
0
100
AcDbLine
 10
2903.564282894669
 20
1385.637629483605
 30
0.0
 11
2901.564282894669
 21
1385.637629483602
 31
0.0
  0
LINE
  5
CA2
330
1F
100
AcDbEntity
  8
0
100
AcDbLine
 10
2901.464282894669
 20
1385.637629483601
 30
0.0
 11
2900.364282894669
 21
1385.637629483599
 31
0.0
  0
LINE
  5
CA3
330
1F
100
AcDbEntity
  8
0
100
AcDbLine
 10
2900.26428289467
 20
1385.637629483599
 30
0.0
 11
2897.41428289467
 21
1385.637629483593
 31
0.0
  0
LINE
  5
CA4
330
1F
100
AcDbEntity
  8
0
100
AcDbLine
 10
2897.51428289467
 20
1384.887629483594
 30
0.0
 11
2897.414282894671
 21
1384.887629483593
 31
0.0
  0
LINE
  5
CA5
330
1F
100
AcDbEntity
  8
0
100
AcDbLine
 10
2904.014282894674
 20
1383.517629483606
 30
0.0
 11
2903.664282894673
 21
1383.517629483606
 31
0.0
  0
LINE
  5
CA6
330
1F
100
AcDbEntity
  8
0
100
AcDbLine
 10
2903.564282894673
 20
1383.967629483605
 30
0.0
 11
2901.564282894673
 21
1383.967629483602
 31
0.0
  0
LINE
  5
CA7
330
1F
100
AcDbEntity
  8
0
100
AcDbLine
 10
2901.464282894673
 20
1383.967629483601
 30
0.0
 11
2901.114282894673
 21
1383.967629483601
 31
0.0
  0
LINE
  5
CA8
330
1F
100
AcDbEntity
  8
0
100
AcDbLine
 10
2904.014282894674
 20
1383.417629483606
 30
0.0
 11
2903.564282894675
 21
1383.417629483605
 31
0.0
  0
LINE
  5
CA9
330
1F
100
AcDbEntity
  8
0
100
AcDbLine
 10
2903.664282894675
 20
1382.667629483606
 30
0.0
 11
2902.614282894676
 21
1382.667629483603
 31
0.0
  0
LINE
  5
CAA
330
1F
100
AcDbEntity
  8
0
100
AcDbLine
 10
2903.664282894675
 20
1382.567629483606
 30
0.0
 11
2903.094282894675
 21
1382.567629483605
 31
0.0
  0
LINE
  5
CAB
330
1F
100
AcDbEntity
  8
0
100
AcDbLine
 10
2904.76428289467
 20
1385.467629483608
 30
0.0
 11
2903.66428289467
 21
1385.467629483605
 31
0.0
  0
LINE
  5
CAC
330
1F
100
AcDbEntity
  8
0
100
AcDbLine
 10
2903.66428289467
 20
1385.737629483606
 30
0.0
 11
2900.264282894669
 21
1385.737629483599
 31
0.0
  0
LINE
  5
CAD
330
1F
100
AcDbEntity
  8
0
100
AcDbLine
 10
2900.264282894669
 20
1385.737629483599
 30
0.0
 11
2897.514282894669
 21
1385.737629483593
 31
0.0
  0
LINE
  5
CAE
102
{ACAD_REACTORS
330
D21
102
}
330
1F
100
AcDbEntity
  8
0
100
AcDbLine
 10
2905.834282894681
 20
1379.73762948361
 30
0.0
 11
2900.264282894681
 21
1379.737629483599
 31
0.0
  0
LINE
  5
CAF
330
1F
100
AcDbEntity
  8
0
100
AcDbLine
 10
2905.734282894681
 20
1379.88762948361
 30
0.0
 11
2903.094282894681
 21
1379.887629483605
 31
0.0
  0
LINE
  5
CB0
330
1F
100
AcDbEntity
  8
0
 62
     1
100
AcDbLine
 10
2901.564282894673
 20
1383.967629483602
 30
0.0
 11
2903.564282894669
 21
1385.637629483605
 31
0.0
  0
LINE
  5
CB1
330
1F
100
AcDbEntity
  8
0
 62
     1
100
AcDbLine
 10
2901.564282894669
 20
1385.637629483602
 30
0.0
 11
2903.564282894673
 21
1383.967629483605
 31
0.0
  0
LINE
  5
CB2
330
1F
100
AcDbEntity
  8
0
 62
     1
100
AcDbLine
 10
2901.114282894673
 20
1383.8676294836
 30
0.0
 11
2900.364282894672
 21
1383.867629483599
 31
0.0
  0
LINE
  5
CB3
330
1F
100
AcDbEntity
  8
0
 62
     1
100
AcDbLine
 10
2904.014282894674
 20
1383.417629483606
 30
0.0
 11
2904.764282894674
 21
1383.417629483608
 31
0.0
  0
LINE
  5
CB4
330
1F
100
AcDbEntity
  8
0
 62
     1
100
AcDbLine
 10
2901.464282894674
 20
1383.117629483601
 30
0.0
 11
2901.464282894673
 21
1383.867629483601
 31
0.0
  0
LINE
  5
CB5
330
1F
100
AcDbEntity
  8
0
100
AcDbLine
 10
2900.264282894677
 20
1381.917629483599
 30
0.0
 11
2900.364282894677
 21
1381.917629483599
 31
0.0
  0
LINE
  5
CB6
330
1F
100
AcDbEntity
  8
0
100
AcDbLine
 10
2900.264282894675
 20
1382.567629483598
 30
0.0
 11
2900.364282894676
 21
1382.567629483599
 31
0.0
  0
LINE
  5
CB7
330
1F
100
AcDbEntity
  8
0
100
AcDbLine
 10
2905.734282894676
 20
1382.687629483609
 30
0.0
 11
2905.834282894675
 21
1382.68762948361
 31
0.0
  0
LINE
  5
CB8
330
1F
100
AcDbEntity
  8
0
100
AcDbLine
 10
2905.734282894674
 20
1383.58762948361
 30
0.0
 11
2908.584282894673
 21
1383.587629483615
 31
0.0
  0
LINE
  5
CB9
330
1F
100
AcDbEntity
  8
0
100
AcDbLine
 10
2906.734282894678
 20
1380.887629483612
 30
0.0
 11
2908.584282894679
 21
1380.887629483615
 31
0.0
  0
LINE
  5
CBA
330
1F
100
AcDbEntity
  8
0
100
AcDbLine
 10
2906.734282894679
 20
1380.737629483611
 30
0.0
 11
2908.734282894679
 21
1380.737629483616
 31
0.0
  0
LINE
  5
CBB
330
1F
100
AcDbEntity
  8
0
100
AcDbLine
 10
2904.76428289467
 20
1385.537629483608
 30
0.0
 11
2904.764282894674
 21
1383.417629483608
 31
0.0
  0
LINE
  5
CBC
330
1F
100
AcDbEntity
  8
0
100
AcDbLine
 10
2904.864282894669
 20
1385.537629483608
 30
0.0
 11
2904.864282894673
 21
1383.417629483608
 31
0.0
  0
LINE
  5
CBD
330
1F
100
AcDbEntity
  8
0
100
AcDbLine
 10
2904.764282894674
 20
1383.417629483608
 30
0.0
 11
2904.864282894673
 21
1383.417629483608
 31
0.0
  0
LINE
  5
CBE
330
1F
100
AcDbEntity
  8
0
100
AcDbLine
 10
2905.734282894674
 20
1383.58762948361
 30
0.0
 11
2905.734282894673
 21
1383.687629483609
 31
0.0
  0
LINE
  5
CBF
330
1F
100
AcDbEntity
  8
0
100
AcDbLine
 10
2905.734282894673
 20
1383.687629483609
 30
0.0
 11
2908.584282894673
 21
1383.687629483616
 31
0.0
  0
LINE
  5
CC0
330
1F
100
AcDbEntity
  8
0
 62
     1
100
AcDbLine
 10
2905.834282894681
 20
1379.73762948361
 30
0.0
 11
2908.734282894681
 21
1379.737629483615
 31
0.0
  0
LINE
  5
CC1
330
1F
100
AcDbEntity
  8
0
 62
     1
100
AcDbLine
 10
2905.834282894681
 20
1379.83762948361
 30
0.0
 11
2908.634282894682
 21
1379.837629483615
 31
0.0
  0
LINE
  5
CC2
330
1F
100
AcDbEntity
  8
0
 62
     1
100
AcDbLine
 10
2905.734282894681
 20
1379.737629483609
 30
0.0
 11
2905.734282894681
 21
1379.737629483609
 31
0.0
  0
LINE
  5
CC3
330
1F
100
AcDbEntity
  8
0
 62
     1
100
AcDbLine
 10
2905.834282894681
 20
1379.73762948361
 30
0.0
 11
2905.834282894681
 21
1379.83762948361
 31
0.0
  0
LINE
  5
CC4
330
1F
100
AcDbEntity
  8
0
 62
     1
100
AcDbLine
 10
2908.734282894679
 20
1380.737629483616
 30
0.0
 11
2908.734282894681
 21
1379.737629483615
 31
0.0
  0
LINE
  5
CC5
330
1F
100
AcDbEntity
  8
0
 62
     1
100
AcDbLine
 10
2908.63428289468
 20
1380.737629483616
 30
0.0
 11
2908.634282894682
 21
1379.837629483615
 31
0.0
  0
LINE
  5
CC6
330
1F
100
AcDbEntity
  8
0
100
AcDbLine
 10
2897.414282894679
 20
1380.937629483594
 30
0.0
 11
2897.414282894679
 21
1381.187629483594
 31
0.0
  0
LINE
  5
CC7
330
1F
100
AcDbEntity
  8
0
100
AcDbLine
 10
2897.414282894679
 20
1381.187629483594
 30
0.0
 11
2897.514282894678
 21
1381.187629483594
 31
0.0
  0
LINE
  5
CC8
330
1F
100
AcDbEntity
  8
0
100
AcDbLine
 10
2897.414282894677
 20
1382.087629483593
 30
0.0
 11
2897.514282894676
 21
1382.087629483593
 31
0.0
  0
LINE
  5
CC9
330
1F
100
AcDbEntity
  8
0
100
AcDbLine
 10
2897.514282894678
 20
1381.187629483594
 30
0.0
 11
2897.514282894677
 21
1381.087629483593
 31
0.0
  0
LINE
  5
CCA
330
1F
100
AcDbEntity
  8
0
100
AcDbLine
 10
2892.714282894678
 20
1381.087629483584
 30
0.0
 11
2892.714282894678
 21
1380.937629483584
 31
0.0
  0
LINE
  5
CCB
330
1F
100
AcDbEntity
  8
0
100
AcDbLine
 10
2891.714282894668
 20
1384.837629483582
 30
0.0
 11
2891.714282894676
 21
1381.987629483589
 31
0.0
  0
LINE
  5
CCC
330
1F
100
AcDbEntity
  8
0
100
AcDbLine
 10
2891.814282894667
 20
1385.737629483582
 30
0.0
 11
2891.814282894667
 21
1385.637629483582
 31
0.0
  0
LINE
  5
CCD
330
1F
100
AcDbEntity
  8
0
100
AcDbLine
 10
2894.564282894671
 20
1384.837629483587
 30
0.0
 11
2891.814282894669
 21
1384.837629483582
 31
0.0
  0
LINE
  5
CCE
330
1F
100
AcDbEntity
  8
0
100
AcDbLine
 10
2891.814282894667
 20
1385.737629483582
 30
0.0
 11
2891.714282894668
 21
1385.737629483581
 31
0.0
  0
LINE
  5
CCF
330
1F
100
AcDbEntity
  8
0
100
AcDbLine
 10
2894.564282894669
 20
1384.737629483588
 30
0.0
 11
2891.814282894669
 21
1384.737629483582
 31
0.0
  0
LINE
  5
CD0
330
1F
100
AcDbEntity
  8
0
100
AcDbLine
 10
2894.564282894677
 20
1381.087629483588
 30
0.0
 11
2892.714282894677
 21
1381.087629483584
 31
0.0
  0
LINE
  5
CD1
330
1F
100
AcDbEntity
  8
0
100
AcDbLine
 10
2894.564282894677
 20
1380.937629483587
 30
0.0
 11
2892.714282894678
 21
1380.937629483584
 31
0.0
  0
LINE
  5
CD2
330
1F
100
AcDbEntity
  8
0
 62
     1
100
AcDbLine
 10
2894.56428289468
 20
1379.837629483588
 30
0.0
 11
2891.81428289468
 21
1379.837629483582
 31
0.0
  0
LINE
  5
CD3
330
1F
100
AcDbEntity
  8
0
 62
     1
100
AcDbLine
 10
2894.664282894681
 20
1379.737629483588
 30
0.0
 11
2891.71428289468
 21
1379.737629483582
 31
0.0
  0
LINE
  5
CD4
330
1F
100
AcDbEntity
  8
0
100
AcDbLine
 10
2892.714282894678
 20
1380.937629483584
 30
0.0
 11
2891.814282894678
 21
1380.937629483582
 31
0.0
  0
LINE
  5
CD5
330
1F
100
AcDbEntity
  8
0
100
AcDbLine
 10
2888.964282894668
 20
1385.637629483576
 30
0.0
 11
2888.964282894673
 21
1382.737629483576
 31
0.0
  0
LINE
  5
CD6
330
1F
100
AcDbEntity
  8
0
100
AcDbLine
 10
2888.964282894675
 20
1381.837629483576
 30
0.0
 11
2888.964282894679
 21
1379.737629483577
 31
0.0
  0
LINE
  5
CD7
330
1F
100
AcDbEntity
  8
0
100
AcDbLine
 10
2889.864282894677
 20
1381.087629483578
 30
0.0
 11
2889.864282894677
 21
1380.937629483578
 31
0.0
  0
LINE
  5
CD8
330
1F
100
AcDbEntity
  8
0
100
AcDbLine
 10
2888.864282894668
 20
1385.637629483575
 30
0.0
 11
2888.864282894674
 21
1382.737629483576
 31
0.0
  0
LINE
  5
CD9
330
1F
100
AcDbEntity
  8
0
100
AcDbLine
 10
2888.864282894675
 20
1381.837629483576
 30
0.0
 11
2888.864282894679
 21
1379.887629483576
 31
0.0
  0
LINE
  5
CDA
330
1F
100
AcDbEntity
  8
0
100
AcDbLine
 10
2888.114282894671
 20
1383.837629483574
 30
0.0
 11
2888.114282894671
 21
1383.737629483574
 31
0.0
  0
LINE
  5
CDB
330
1F
100
AcDbEntity
  8
0
100
AcDbLine
 10
2886.314282894671
 20
1383.73762948357
 30
0.0
 11
2886.314282894673
 21
1382.837629483571
 31
0.0
  0
LINE
  5
CDC
330
1F
100
AcDbEntity
  8
0
100
AcDbLine
 10
2886.314282894673
 20
1382.73762948357
 30
0.0
 11
2886.314282894678
 21
1379.887629483571
 31
0.0
  0
LINE
  5
CDD
330
1F
100
AcDbEntity
  8
0
100
AcDbLine
 10
2886.214282894672
 20
1383.73762948357
 30
0.0
 11
2886.214282894673
 21
1382.837629483571
 31
0.0
  0
LINE
  5
CDE
102
{ACAD_REACTORS
330
D24
102
}
330
1F
100
AcDbEntity
  8
0
100
AcDbLine
 10
2886.214282894673
 20
1382.73762948357
 30
0.0
 11
2886.214282894679
 21
1379.887629483571
 31
0.0
  0
LINE
  5
CDF
330
1F
100
AcDbEntity
  8
0
100
AcDbLine
 10
2887.664282894668
 20
1385.737629483573
 30
0.0
 11
2887.664282894671
 21
1383.737629483573
 31
0.0
  0
LINE
  5
CE0
330
1F
100
AcDbEntity
  8
0
100
AcDbLine
 10
2887.614282894672
 20
1382.987629483573
 30
0.0
 11
2887.614282894674
 21
1382.737629483573
 31
0.0
  0
LINE
  5
CE1
330
1F
100
AcDbEntity
  8
0
100
AcDbLine
 10
2887.564282894667
 20
1385.637629483573
 30
0.0
 11
2887.564282894671
 21
1383.837629483573
 31
0.0
  0
LINE
  5
CE2
330
1F
100
AcDbEntity
  8
0
100
AcDbLine
 10
2887.514282894673
 20
1382.987629483573
 30
0.0
 11
2887.514282894674
 21
1382.837629483573
 31
0.0
  0
LINE
  5
CE3
330
1F
100
AcDbEntity
  8
0
100
AcDbLine
 10
2891.714282894678
 20
1381.087629483589
 30
0.0
 11
2889.864282894676
 21
1381.087629483578
 31
0.0
  0
LINE
  5
CE4
330
1F
100
AcDbEntity
  8
0
100
AcDbLine
 10
2891.814282894676
 20
1381.987629483589
 30
0.0
 11
2891.714282894676
 21
1381.987629483589
 31
0.0
  0
LINE
  5
CE5
330
1F
100
AcDbEntity
  8
0
100
AcDbLine
 10
2888.114282894672
 20
1383.737629483574
 30
0.0
 11
2884.414282894671
 21
1383.737629483567
 31
0.0
  0
LINE
  5
CE6
330
1F
100
AcDbEntity
  8
0
100
AcDbLine
 10
2887.614282894672
 20
1382.987629483573
 30
0.0
 11
2887.514282894673
 21
1382.987629483573
 31
0.0
  0
LINE
  5
CE7
330
1F
100
AcDbEntity
  8
0
100
AcDbLine
 10
2887.514282894674
 20
1382.837629483573
 30
0.0
 11
2886.314282894673
 21
1382.837629483571
 31
0.0
  0
LINE
  5
CE8
330
1F
100
AcDbEntity
  8
0
100
AcDbLine
 10
2887.614282894673
 20
1382.737629483573
 30
0.0
 11
2886.314282894673
 21
1382.73762948357
 31
0.0
  0
LINE
  5
CE9
330
1F
100
AcDbEntity
  8
0
100
AcDbLine
 10
2891.714282894677
 20
1380.937629483582
 30
0.0
 11
2889.864282894677
 21
1380.937629483578
 31
0.0
  0
LINE
  5
CEA
330
1F
100
AcDbEntity
  8
0
 62
     1
100
AcDbLine
 10
2891.714282894679
 20
1379.837629483582
 30
0.0
 11
2888.964282894679
 21
1379.837629483576
 31
0.0
  0
LINE
  5
CEB
330
1F
100
AcDbEntity
  8
0
 62
     1
100
AcDbLine
 10
2891.81428289468
 20
1379.737629483581
 30
0.0
 11
2888.964282894679
 21
1379.737629483577
 31
0.0
  0
LINE
  5
CEC
330
1F
100
AcDbEntity
  8
0
100
AcDbLine
 10
2888.964282894679
 20
1379.887629483576
 30
0.0
 11
2883.66428289468
 21
1379.887629483565
 31
0.0
  0
LINE
  5
CED
330
1F
100
AcDbEntity
  8
0
100
AcDbLine
 10
2888.96428289468
 20
1379.737629483576
 30
0.0
 11
2883.56428289468
 21
1379.737629483565
 31
0.0
  0
LINE
  5
CEE
330
1F
100
AcDbEntity
  8
0
100
AcDbLine
 10
2884.864282894668
 20
1385.737629483568
 30
0.0
 11
2884.864282894672
 21
1383.737629483568
 31
0.0
  0
LINE
  5
CEF
330
1F
100
AcDbEntity
  8
0
100
AcDbLine
 10
2883.664282894668
 20
1385.637629483565
 30
0.0
 11
2883.664282894677
 21
1382.737629483565
 31
0.0
  0
LINE
  5
CF0
330
1F
100
AcDbEntity
  8
0
100
AcDbLine
 10
2884.414282894671
 20
1383.837629483567
 30
0.0
 11
2884.414282894671
 21
1383.737629483567
 31
0.0
  0
LINE
  5
CF1
330
1F
100
AcDbEntity
  8
0
100
AcDbLine
 10
2883.664282894679
 20
1381.837629483565
 30
0.0
 11
2883.66428289468
 21
1379.887629483565
 31
0.0
  0
LINE
  5
CF2
330
1F
100
AcDbEntity
  8
0
100
AcDbLine
 10
2883.564282894667
 20
1385.637629483565
 30
0.0
 11
2883.564282894677
 21
1382.737629483565
 31
0.0
  0
LINE
  5
CF3
330
1F
100
AcDbEntity
  8
0
100
AcDbLine
 10
2883.564282894679
 20
1381.837629483564
 30
0.0
 11
2883.56428289468
 21
1379.737629483565
 31
0.0
  0
LINE
  5
CF4
330
1F
100
AcDbEntity
  8
0
100
AcDbLine
 10
2884.914282894673
 20
1382.987629483568
 30
0.0
 11
2884.914282894673
 21
1382.737629483568
 31
0.0
  0
LINE
  5
CF5
330
1F
100
AcDbEntity
  8
0
100
AcDbLine
 10
2884.964282894668
 20
1385.637629483568
 30
0.0
 11
2884.964282894671
 21
1383.837629483568
 31
0.0
  0
LINE
  5
CF6
330
1F
100
AcDbEntity
  8
0
100
AcDbLine
 10
2885.014282894674
 20
1382.987629483568
 30
0.0
 11
2885.014282894674
 21
1382.837629483568
 31
0.0
  0
LINE
  5
CF7
330
1F
100
AcDbEntity
  8
0
100
AcDbLine
 10
2881.714282894667
 20
1385.637629483561
 30
0.0
 11
2884.864282894668
 21
1385.637629483567
 31
0.0
  0
LINE
  5
CF8
330
1F
100
AcDbEntity
  8
0
100
AcDbLine
 10
2884.964282894667
 20
1385.637629483568
 30
0.0
 11
2887.564282894668
 21
1385.637629483573
 31
0.0
  0
LINE
  5
CF9
330
1F
100
AcDbEntity
  8
0
100
AcDbLine
 10
2887.664282894668
 20
1385.637629483574
 30
0.0
 11
2888.864282894668
 21
1385.637629483575
 31
0.0
  0
LINE
  5
CFA
330
1F
100
AcDbEntity
  8
0
100
AcDbLine
 10
2888.964282894667
 20
1385.637629483576
 30
0.0
 11
2891.814282894667
 21
1385.637629483582
 31
0.0
  0
LINE
  5
CFB
330
1F
100
AcDbEntity
  8
0
100
AcDbLine
 10
2884.964282894671
 20
1383.837629483568
 30
0.0
 11
2887.564282894671
 21
1383.837629483573
 31
0.0
  0
LINE
  5
CFC
330
1F
100
AcDbEntity
  8
0
100
AcDbLine
 10
2887.664282894671
 20
1383.837629483573
 30
0.0
 11
2888.114282894671
 21
1383.837629483574
 31
0.0
  0
LINE
  5
CFD
330
1F
100
AcDbEntity
  8
0
100
AcDbLine
 10
2884.914282894673
 20
1382.987629483568
 30
0.0
 11
2885.014282894673
 21
1382.987629483568
 31
0.0
  0
LINE
  5
CFE
330
1F
100
AcDbEntity
  8
0
100
AcDbLine
 10
2885.014282894674
 20
1382.837629483568
 30
0.0
 11
2886.214282894673
 21
1382.837629483571
 31
0.0
  0
LINE
  5
CFF
330
1F
100
AcDbEntity
  8
0
100
AcDbLine
 10
2884.914282894674
 20
1382.737629483568
 30
0.0
 11
2886.214282894673
 21
1382.73762948357
 31
0.0
  0
LINE
  5
D00
330
1F
100
AcDbEntity
  8
0
100
AcDbLine
 10
2881.714282894667
 20
1385.737629483561
 30
0.0
 11
2891.714282894667
 21
1385.737629483581
 31
0.0
  0
LINE
  5
D01
330
1F
100
AcDbEntity
  8
0
100
AcDbLine
 10
2891.71428289467
 20
1384.837629483582
 30
0.0
 11
2891.814282894669
 21
1384.837629483582
 31
0.0
  0
LINE
  5
D02
330
1F
100
AcDbEntity
  8
0
 62
     1
100
AcDbLine
 10
2887.564282894671
 20
1383.837629483573
 30
0.0
 11
2884.964282894667
 21
1385.637629483568
 31
0.0
  0
LINE
  5
D03
330
1F
100
AcDbEntity
  8
0
 62
     1
100
AcDbLine
 10
2887.564282894667
 20
1385.637629483573
 30
0.0
 11
2884.964282894672
 21
1383.837629483568
 31
0.0
  0
LINE
  5
D04
330
1F
100
AcDbEntity
  8
0
 62
     1
100
AcDbLine
 10
2888.114282894671
 20
1383.737629483574
 30
0.0
 11
2888.864282894672
 21
1383.737629483576
 31
0.0
  0
LINE
  5
D05
330
1F
100
AcDbEntity
  8
0
 62
     1
100
AcDbLine
 10
2887.614282894672
 20
1382.987629483573
 30
0.0
 11
2887.614282894671
 21
1383.737629483573
 31
0.0
  0
LINE
  5
D06
330
1F
100
AcDbEntity
  8
0
 62
     1
100
AcDbLine
 10
2884.914282894673
 20
1382.987629483568
 30
0.0
 11
2884.914282894671
 21
1383.737629483568
 31
0.0
  0
LINE
  5
D07
330
1F
100
AcDbEntity
  8
0
100
AcDbLine
 10
2889.864282894677
 20
1380.937629483578
 30
0.0
 11
2888.964282894677
 21
1380.937629483577
 31
0.0
  0
LINE
  5
D08
330
1F
100
AcDbEntity
  8
0
100
AcDbLine
 10
2888.964282894675
 20
1381.837629483576
 30
0.0
 11
2888.864282894675
 21
1381.837629483576
 31
0.0
  0
LINE
  5
D09
330
1F
100
AcDbEntity
  8
0
100
AcDbLine
 10
2888.964282894673
 20
1382.737629483576
 30
0.0
 11
2888.864282894673
 21
1382.737629483576
 31
0.0
  0
LINE
  5
D0A
330
1F
100
AcDbEntity
  8
0
100
AcDbLine
 10
2891.814282894678
 20
1380.937629483588
 30
0.0
 11
2891.814282894677
 21
1381.087629483589
 31
0.0
  0
LINE
  5
D0B
330
1F
100
AcDbEntity
  8
0
100
AcDbLine
 10
2891.814282894677
 20
1381.087629483589
 30
0.0
 11
2891.714282894678
 21
1381.087629483589
 31
0.0
  0
LINE
  5
D0C
330
1F
100
AcDbEntity
  8
0
100
AcDbLine
 10
2891.714282894678
 20
1381.087629483589
 30
0.0
 11
2891.714282894678
 21
1381.087629483582
 31
0.0
  0
LINE
  5
D0D
330
1F
100
AcDbEntity
  8
0
100
AcDbLine
 10
2891.714282894677
 20
1380.937629483582
 30
0.0
 11
2891.714282894679
 21
1379.837629483582
 31
0.0
  0
LINE
  5
D0E
330
1F
100
AcDbEntity
  8
0
100
AcDbLine
 10
2891.814282894678
 20
1380.937629483588
 30
0.0
 11
2891.81428289468
 21
1379.737629483581
 31
0.0
  0
LINE
  5
D0F
330
1F
100
AcDbEntity
  8
0
100
AcDbLine
 10
2884.414282894671
 20
1383.837629483567
 30
0.0
 11
2884.864282894671
 21
1383.837629483568
 31
0.0
  0
LINE
  5
D10
330
1F
100
AcDbEntity
  8
0
100
AcDbLine
 10
2881.714282894676
 20
1381.087629483561
 30
0.0
 11
2881.714282894676
 21
1380.93762948356
 31
0.0
  0
LINE
  5
D11
330
1F
100
AcDbEntity
  8
0
100
AcDbLine
 10
2883.664282894677
 20
1381.087629483572
 30
0.0
 11
2881.714282894676
 21
1381.087629483561
 31
0.0
  0
LINE
  5
D12
330
1F
100
AcDbEntity
  8
0
100
AcDbLine
 10
2883.664282894673
 20
1382.737629483565
 30
0.0
 11
2883.564282894677
 21
1382.737629483565
 31
0.0
  0
LINE
  5
D13
330
1F
100
AcDbEntity
  8
0
100
AcDbLine
 10
2883.664282894679
 20
1381.837629483565
 30
0.0
 11
2883.564282894682
 21
1381.837629483564
 31
0.0
  0
LINE
  5
D14
330
1F
100
AcDbEntity
  8
0
100
AcDbLine
 10
2883.564282894677
 20
1380.937629483564
 30
0.0
 11
2881.714282894676
 21
1380.93762948356
 31
0.0
  0
LINE
  5
D15
330
1F
100
AcDbEntity
  8
0
 62
     1
100
AcDbLine
 10
2883.564282894678
 20
1379.837629483563
 30
0.0
 11
2880.814282894678
 21
1379.837629483558
 31
0.0
  0
LINE
  5
D16
330
1F
100
AcDbEntity
  8
0
 62
     1
100
AcDbLine
 10
2883.56428289468
 20
1379.737629483565
 30
0.0
 11
2880.814282894678
 21
1379.73762948356
 31
0.0
  0
LINE
  5
D17
330
1F
100
AcDbEntity
  8
0
100
AcDbLine
 10
2881.714282894676
 20
1380.93762948356
 30
0.0
 11
2880.814282894677
 21
1380.937629483558
 31
0.0
  0
LINE
  5
D18
330
1F
100
AcDbEntity
  8
0
100
AcDbLine
 10
2883.56428289468
 20
1379.737629483565
 30
0.0
 11
2883.56428289468
 21
1379.837629483563
 31
0.0
  0
LINE
  5
D19
330
1F
100
AcDbEntity
  8
0
100
AcDbLine
 10
2880.814282894678
 20
1379.737629483559
 30
0.0
 11
2880.814282894675
 21
1381.88762948356
 31
0.0
  0
LINE
  5
D1A
330
1F
100
AcDbEntity
  8
0
100
AcDbLine
 10
2880.814282894673
 20
1382.78762948356
 30
0.0
 11
2880.814282894667
 21
1385.737629483559
 31
0.0
  0
LINE
  5
D1B
330
1F
100
AcDbEntity
  8
0
100
AcDbLine
 10
2881.714282894667
 20
1385.637629483561
 30
0.0
 11
2881.714282894667
 21
1385.737629483561
 31
0.0
  0
LINE
  5
D1C
330
1F
100
AcDbEntity
  8
0
100
AcDbLine
 10
2880.714282894679
 20
1379.887629483559
 30
0.0
 11
2880.714282894674
 21
1381.887629483559
 31
0.0
  0
LINE
  5
D1D
330
1F
100
AcDbEntity
  8
0
100
AcDbLine
 10
2880.714282894673
 20
1382.887629483559
 30
0.0
 11
2880.714282894667
 21
1385.637629483559
 31
0.0
  0
LINE
  5
D1E
330
1F
100
AcDbEntity
  8
0
100
AcDbLine
 10
2880.814282894677
 20
1380.937629483558
 30
0.0
 11
2880.714282894676
 21
1380.937629483558
 31
0.0
  0
DIMENSION
  5
D1F
102
{ACAD_REACTORS
330
D21
102
}
102
{ACAD_XDICTIONARY
360
D20
102
}
330
1F
100
AcDbEntity
  8
0
100
AcDbDimension
  2
*D23
 10
2903.091154227897
 20
1376.737629483604
 30
0.0
 11
2903.091154227897
 21
1378.237629483604
 31
0.0
 70
    32
  3
DIM
100
AcDbAlignedDimension
 13
2903.049282894681
 23
1379.737629483605
 33
0.0
 14
2903.049282894687
 24
1376.737629483604
 34
0.0
 50
90.00000000010422
100
AcDbRotatedDimension
  0
DIMENSION
  5
D22
102
{ACAD_REACTORS
330
D24
102
}
102
{ACAD_XDICTIONARY
360
D23
102
}
330
1F
100
AcDbEntity
  8
0
100
AcDbDimension
  2
*D24
 10
2886.157897763623
 20
1376.73762948357
 30
0.0
 11
2886.157897763623
 21
1378.237629483569
 31
0.0
 70
    32
  3
DIM
100
AcDbAlignedDimension
 13
2886.21428289468
 23
1379.73762948357
 33
0.0
 14
2886.214282894685
 24
1376.737629483569
 34
0.0
 50
90.00000000010422
100
AcDbRotatedDimension
  0
DIMENSION
  5
D25
102
{ACAD_REACTORS
330
D27
102
}
102
{ACAD_XDICTIONARY
360
D26
102
}
330
1F
100
AcDbEntity
  8
0
100
AcDbDimension
  2
*D25
 10
2911.734282894667
 20
1386.960798886367
 30
0.0
 11
2910.234282894667
 21
1386.960798886367
 31
0.0
 70
    32
  3
DIM
100
AcDbAlignedDimension
 13
2908.734282894668
 23
1386.960798886361
 33
0.0
 14
2911.734282894667
 24
1386.960798886367
 34
0.0
 50
0.0000000001042204
100
AcDbRotatedDimension
  0
LINE
  5
D28
330
1F
100
AcDbEntity
  8
0
100
AcDbLine
 10
2870.018911509266
 20
1391.887629483537
 30
0.0
 11
2870.018911509273
 21
1388.587629483536
 31
0.0
  0
LINE
  5
D29
330
1F
100
AcDbEntity
  8
0
100
AcDbLine
 10
2869.868911509266
 20
1392.037629483537
 30
0.0
 11
2869.868911509272
 21
1388.487629483537
 31
0.0
  0
LINE
  5
D2A
330
1F
100
AcDbEntity
  8
0
 62
     1
100
AcDbLine
 10
2891.814282894667
 20
1385.637629483582
 30
0.0
 11
2891.814282894669
 21
1384.837629483582
 31
0.0
  0
LINE
  5
D2B
330
1F
100
AcDbEntity
  8
0
 62
     1
100
AcDbLine
 10
2884.414282894671
 20
1383.737629483567
 30
0.0
 11
2883.664282894671
 21
1383.737629483566
 31
0.0
  0
LINE
  5
D2C
330
1F
100
AcDbEntity
  8
0
100
AcDbLine
 10
2891.114282894665
 20
1387.71262948358
 30
0.0
 11
2891.114282894667
 21
1387.237629483579
 31
0.0
  0
LINE
  5
D2D
330
1F
100
AcDbEntity
  8
0
100
AcDbLine
 10
2891.114282894663
 20
1388.612629483579
 30
0.0
 11
2891.114282894662
 21
1389.13762948358
 31
0.0
  0
LINE
  5
D2E
330
1F
100
AcDbEntity
  8
0
 62
     1
100
AcDbLine
 10
2904.76428289467
 20
1385.537629483608
 30
0.0
 11
2904.764282894668
 21
1386.437629483607
 31
0.0
  0
LINE
  5
D2F
330
1F
100
AcDbEntity
  8
0
 62
     1
100
AcDbLine
 10
2904.764282894665
 20
1387.437629483607
 30
0.0
 11
2904.764282894667
 21
1386.537629483608
 31
0.0
  0
LINE
  5
D30
330
1F
100
AcDbEntity
  8
0
 62
     1
100
AcDbLine
 10
2897.514282894681
 20
1379.837629483594
 30
0.0
 11
2900.264282894681
 21
1379.837629483601
 31
0.0
  0
MTEXT
  5
D31
330
1F
100
AcDbEntity
  8
TEXT
  6
BYBLOCK
100
AcDbMText
 10
2906.637543276182
 20
1387.374860305029
 30
0.0
 40
0.2
 41
2.098717854366761
 71
     8
 72
     5
  1
LIVING\P3.72X2.75\P12'3''X9'1''
  7
AN
1001
ACAD
1000
ACAD_MTEXT_DEFINED_HEIGHT_BEGIN
1070
    46
1040
1.835570745916574
1000
ACAD_MTEXT_DEFINED_HEIGHT_END
  0
MTEXT
  5
D32
330
1F
100
AcDbEntity
  8
TEXT
  6
BYBLOCK
100
AcDbMText
 10
2907.164915388676
 20
1390.355439874783
 30
0.0
 40
0.2
 41
2.098717854366761
 71
     8
 72
     5
  1
BED\P2.75X2.70\P9'1''X9'0''
  7
AN
1001
ACAD
1000
ACAD_MTEXT_DEFINED_HEIGHT_BEGIN
1070
    46
1040
1.835570745916574
1000
ACAD_MTEXT_DEFINED_HEIGHT_END
  0
LINE
  5
D33
330
1F
100
AcDbEntity
  8
0
100
AcDbLine
 10
2905.73428289466
 20
1390.28762948361
 30
0.0
 11
2905.734282894662
 21
1389.38762948361
 31
0.0
  0
LINE
  5
D34
330
1F
100
AcDbEntity
  8
0
100
AcDbLine
 10
2906.734282894656
 20
1392.237629483611
 30
0.0
 11
2905.834282894656
 21
1392.237629483609
 31
0.0
  0
MTEXT
  5
D35
330
1F
100
AcDbEntity
  8
TEXT_
  6
CONTINUOUS
100
AcDbMText
 10
2907.225013121912
 20
1392.701332798812
 30
0.0
 40
0.2
 41
3.118625089751504
 71
     5
 72
     5
  1
3'3" WIDE BALCONY
  7
AN
  0
MTEXT
  5
D36
330
1F
100
AcDbEntity
  8
TEXT
  6
BYBLOCK
100
AcDbMText
 10
2904.541766110873
 20
1391.367588192927
 30
0.0
 40
0.2
 41
2.098717854366761
 71
     8
 72
     5
  1
KITCHEN\P2.78X2.75\P9'2''X9'1''
  7
AN
1001
ACAD
1000
ACAD_MTEXT_DEFINED_HEIGHT_BEGIN
1070
    46
1040
1.835570745916574
1000
ACAD_MTEXT_DEFINED_HEIGHT_END
  0
MTEXT
  5
D37
330
1F
100
AcDbEntity
  8
TEXT
  6
BYBLOCK
100
AcDbMText
 10
2904.170650144903
 20
1388.021356641427
 30
0.0
 40
0.15
 41
2.098717854366761
 71
     8
 72
     5
  1
BATH\P1.10X1.80\P3'7''X6'0''
  7
AN
1001
ACAD
1000
ACAD_MTEXT_DEFINED_HEIGHT_BEGIN
1070
    46
1040
1.835570745916574
1000
ACAD_MTEXT_DEFINED_HEIGHT_END
  0
MTEXT
  5
D38
330
1F
100
AcDbEntity
  8
TEXT_
  6
CONTINUOUS
100
AcDbMText
 10
2895.929960212788
 20
1392.701332798792
 30
0.0
 40
0.2
 41
2.918625089751458
 71
     5
 72
     5
  1
4'0" WIDE BALCONY
  7
AN
  0
LINE
  5
D39
330
1F
100
AcDbEntity
  8
0
 62
     1
100
AcDbLine
 10
2898.714282894662
 20
1389.237629483595
 30
0.0
 11
2903.564282894666
 21
1387.337629483605
 31
0.0
  0
LINE
  5
D3A
330
1F
100
AcDbEntity
  8
0
 62
     1
100
AcDbLine
 10
2898.714282894665
 20
1387.337629483595
 30
0.0
 11
2903.564282894662
 21
1389.237629483605
 31
0.0
  0
LINE
  5
D3B
330
1F
100
AcDbEntity
  8
0
 62
     1
100
AcDbLine
 10
2900.06428289466
 20
1390.237629483598
 30
0.0
 11
2902.264282894663
 21
1389.237629483602
 31
0.0
  0
LINE
  5
D3C
330
1F
100
AcDbEntity
  8
0
 62
     1
100
AcDbLine
 10
2900.064282894663
 20
1389.237629483598
 30
0.0
 11
2902.264282894661
 21
1390.237629483602
 31
0.0
  0
LINE
  5
D3D
330
1F
100
AcDbEntity
  8
0
 62
     1
100
AcDbLine
 10
2896.514282894665
 20
1387.23762948359
 30
0.0
 11
2897.414282894666
 21
1387.237629483592
 31
0.0
  0
MTEXT
  5
D3E
330
1F
100
AcDbEntity
  8
TEXT
  6
BYBLOCK
100
AcDbMText
 10
2901.539843345068
 20
1391.36758819292
 30
0.0
 40
0.2
 41
2.098717854366761
 71
     8
 72
     5
  1
BED\P2.79X2.75\P9'2''X9'1''
  7
AN
1001
ACAD
1000
ACAD_MTEXT_DEFINED_HEIGHT_BEGIN
1070
    46
1040
1.835570745916574
1000
ACAD_MTEXT_DEFINED_HEIGHT_END
  0
LINE
  5
D3F
330
1F
100
AcDbEntity
  8
0
 62
     1
100
AcDbLine
 10
2898.614282894661
 20
1389.487629483595
 30
0.0
 11
2898.614282894659
 21
1390.237629483595
 31
0.0
  0
MTEXT
  5
D40
330
1F
100
AcDbEntity
  8
TEXT
  6
BYBLOCK
100
AcDbMText
 10
2902.944490989152
 20
1389.4708910792
 30
0.0
 40
0.15
 41
2.098717854366761
 71
     8
 72
     5
  1
WC\P1.20X0.90\P4'0''X3'0''
  7
AN
1001
ACAD
1000
ACAD_MTEXT_DEFINED_HEIGHT_BEGIN
1070
    46
1040
1.835570745916574
1000
ACAD_MTEXT_DEFINED_HEIGHT_END
  0
MTEXT
  5
D41
330
1F
100
AcDbEntity
  8
TEXT
  6
BYBLOCK
100
AcDbMText
 10
2899.320026086249
 20
1389.470891079192
 30
0.0
 40
0.15
 41
2.098717854366761
 71
     8
 72
     5
  1
WC\P1.25X0.90\P4'0''X3'0''
  7
AN
1001
ACAD
1000
ACAD_MTEXT_DEFINED_HEIGHT_BEGIN
1070
    46
1040
1.835570745916574
1000
ACAD_MTEXT_DEFINED_HEIGHT_END
  0
MTEXT
  5
D42
330
1F
100
AcDbEntity
  8
TEXT
  6
BYBLOCK
100
AcDbMText
 10
2898.081040266927
 20
1388.021356641415
 30
0.0
 40
0.15
 41
2.098717854366761
 71
     8
 72
     5
  1
BATH\P1.10X1.90\P3'7''X6'3''
  7
AN
1001
ACAD
1000
ACAD_MTEXT_DEFINED_HEIGHT_BEGIN
1070
    46
1040
1.835570745916574
1000
ACAD_MTEXT_DEFINED_HEIGHT_END
  0
LINE
  5
D43
330
1F
100
AcDbEntity
  8
0
 62
     1
100
AcDbLine
 10
2898.264282894661
 20
1389.337629483594
 30
0.0
 11
2897.514282894661
 21
1389.337629483593
 31
0.0
  0
LINE
  5
D44
330
1F
100
AcDbEntity
  8
0
100
AcDbLine
 10
2899.964282894658
 20
1391.237629483598
 30
0.0
 11
2899.96428289466
 21
1390.337629483598
 31
0.0
  0
MTEXT
  5
D45
330
1F
100
AcDbEntity
  8
TEXT
  6
BYBLOCK
100
AcDbMText
 10
2898.605182351688
 20
1391.367588192915
 30
0.0
 40
0.2
 41
2.098717854366761
 71
     8
 72
     5
  1
KITCHEN\P2.45X2.75\P8'1''X9'1''
  7
AN
1001
ACAD
1000
ACAD_MTEXT_DEFINED_HEIGHT_BEGIN
1070
    46
1040
1.835570745916574
1000
ACAD_MTEXT_DEFINED_HEIGHT_END
  0
DIMENSION
  5
D46
102
{ACAD_REACTORS
330
D48
102
}
102
{ACAD_XDICTIONARY
360
D47
102
}
330
1F
100
AcDbEntity
  8
0
100
AcDbDimension
  2
*D26
 10
2885.08434688246
 20
1393.237629483568
 30
0.0
 11
2885.08434688246
 21
1394.737629483567
 31
0.0
 70
    32
  3
DIM
100
AcDbAlignedDimension
 13
2885.075213420375
 23
1396.237629483568
 33
0.0
 14
2885.075213420381
 24
1393.237629483568
 34
0.0
 50
90.00000000010422
100
AcDbRotatedDimension
  0
MTEXT
  5
D49
330
1F
100
AcDbEntity
  8
TEXT
  6
BYBLOCK
100
AcDbMText
 10
2896.13405268373
 20
1389.270639322684
 30
0.0
 40
0.2
 41
2.098717854366761
 71
     8
 72
     5
  1
LIVING\P2.75X4.55\P9'1''X15'1''
  7
AN
1001
ACAD
1000
ACAD_MTEXT_DEFINED_HEIGHT_BEGIN
1070
    46
1040
1.835570745916574
1000
ACAD_MTEXT_DEFINED_HEIGHT_END
  0
MTEXT
  5
D4A
330
1F
100
AcDbEntity
  8
TEXT
  6
BYBLOCK
100
AcDbMText
 10
2899.642614440644
 20
1386.465895898687
 30
0.0
 40
0.2
 41
5.044234991263923
 71
     8
 72
     5
  1
5'0'' WIDE BALCONY
  7
AN
1001
ACAD
1000
ACAD_MTEXT_DEFINED_HEIGHT_BEGIN
1070
    46
1040
1.835570745916574
1000
ACAD_MTEXT_DEFINED_HEIGHT_END
  0
LINE
  5
D4B
330
1F
100
AcDbEntity
  8
0
 62
     1
100
AcDbLine
 10
2903.664282894675
 20
1382.667629483606
 30
0.0
 11
2903.664282894673
 21
1383.417629483606
 31
0.0
  0
MTEXT
  5
D4C
330
1F
100
AcDbEntity
  8
TEXT
  6
BYBLOCK
100
AcDbMText
 10
2906.637543276188
 20
1384.710782906727
 30
0.0
 40
0.2
 41
2.098717854366761
 71
     8
 72
     5
  1
LIVING\P3.72X2.75\P12'3''X9'1''
  7
AN
1001
ACAD
1000
ACAD_MTEXT_DEFINED_HEIGHT_BEGIN
1070
    46
1040
1.835570745916574
1000
ACAD_MTEXT_DEFINED_HEIGHT_END
  0
MTEXT
  5
D4D
330
1F
100
AcDbEntity
  8
TEXT
  6
BYBLOCK
100
AcDbMText
 10
2907.164915388693
 20
1381.642307601604
 30
0.0
 40
0.2
 41
2.098717854366761
 71
     8
 72
     5
  1
BED\P2.75X2.70\P9'1''X9'0''
  7
AN
1001
ACAD
1000
ACAD_MTEXT_DEFINED_HEIGHT_BEGIN
1070
    46
1040
1.835570745916574
1000
ACAD_MTEXT_DEFINED_HEIGHT_END
  0
LINE
  5
D4E
330
1F
100
AcDbEntity
  8
0
 62
     1
100
AcDbLine
 10
2906.734282894679
 20
1380.737629483611
 30
0.0
 11
2905.834282894679
 21
1380.737629483609
 31
0.0
  0
MTEXT
  5
D4F
330
1F
100
AcDbEntity
  8
TEXT_
  6
CONTINUOUS
100
AcDbMText
 10
2907.225013121937
 20
1380.383680412787
 30
0.0
 40
0.2
 41
3.118625089751504
 71
     5
 72
     5
  1
3'3" WIDE BALCONY
  7
AN
  0
MTEXT
  5
D50
330
1F
100
AcDbEntity
  8
TEXT
  6
BYBLOCK
100
AcDbMText
 10
2904.17065014491
 20
1384.171348841531
 30
0.0
 40
0.15
 41
2.098717854366761
 71
     8
 72
     5
  1
BATH\P1.10X1.85\P3'7''X6'1''
  7
AN
1001
ACAD
1000
ACAD_MTEXT_DEFINED_HEIGHT_BEGIN
1070
    46
1040
1.835570745916574
1000
ACAD_MTEXT_DEFINED_HEIGHT_END
  0
MTEXT
  5
D51
330
1F
100
AcDbEntity
  8
TEXT
  6
BYBLOCK
100
AcDbMText
 10
2900.87897560851
 20
1384.549187460776
 30
0.0
 40
0.15
 41
2.098717854366761
 71
     8
 72
     5
  1
BATH\P1.10X1.80\P3'7''X6'0''
  7
AN
1001
ACAD
1000
ACAD_MTEXT_DEFINED_HEIGHT_BEGIN
1070
    46
1040
1.835570745916574
1000
ACAD_MTEXT_DEFINED_HEIGHT_END
  0
MTEXT
  5
D52
330
1F
100
AcDbEntity
  8
TEXT
  6
BYBLOCK
100
AcDbMText
 10
2902.053746851387
 20
1382.897509829306
 30
0.0
 40
0.15
 41
2.098717854366761
 71
     8
 72
     5
  1
WC\P0.95X1.20\P3'0''X4'0''
  7
AN
1001
ACAD
1000
ACAD_MTEXT_DEFINED_HEIGHT_BEGIN
1070
    46
1040
1.835570745916574
1000
ACAD_MTEXT_DEFINED_HEIGHT_END
  0
MTEXT
  5
D53
330
1F
100
AcDbEntity
  8
TEXT
  6
BYBLOCK
100
AcDbMText
 10
2903.093730459094
 20
1382.897509829308
 30
0.0
 40
0.15
 41
2.098717854366761
 71
     8
 72
     5
  1
WC\P0.95X1.20\P3'0''X4'0''
  7
AN
1001
ACAD
1000
ACAD_MTEXT_DEFINED_HEIGHT_BEGIN
1070
    46
1040
1.835570745916574
1000
ACAD_MTEXT_DEFINED_HEIGHT_END
  0
MTEXT
  5
D54
330
1F
100
AcDbEntity
  8
TEXT
  6
BYBLOCK
100
AcDbMText
 10
2904.363708292924
 20
1381.00774316711
 30
0.0
 40
0.2
 41
2.098717854366761
 71
     8
 72
     5
  1
KITCHEN\P2.64X2.68\P8'9''X9'0''
  7
AN
1001
ACAD
1000
ACAD_MTEXT_DEFINED_HEIGHT_BEGIN
1070
    46
1040
1.835570745916574
1000
ACAD_MTEXT_DEFINED_HEIGHT_END
  0
MTEXT
  5
D55
330
1F
100
AcDbEntity
  8
TEXT
  6
BYBLOCK
100
AcDbMText
 10
2901.822139642871
 20
1381.007743167104
 30
0.0
 40
0.2
 41
2.098717854366761
 71
     8
 72
     5
  1
KITCHEN\P2.63X2.68\P8'9''X9'0''
  7
AN
1001
ACAD
1000
ACAD_MTEXT_DEFINED_HEIGHT_BEGIN
1070
    46
1040
1.835570745916574
1000
ACAD_MTEXT_DEFINED_HEIGHT_END
  0
MTEXT
  5
D56
330
1F
100
AcDbEntity
  8
TEXT
  6
BYBLOCK
100
AcDbMText
 10
2898.990079769332
 20
1383.012709480699
 30
0.0
 40
0.2
 41
2.098717854366761
 71
     8
 72
     5
  1
LIVING\P2.75X4.55\P9'1''X15'1''
  7
AN
1001
ACAD
1000
ACAD_MTEXT_DEFINED_HEIGHT_BEGIN
1070
    46
1040
1.835570745916574
1000
ACAD_MTEXT_DEFINED_HEIGHT_END
  0
LINE
  5
D57
330
1F
100
AcDbEntity
  8
0
 62
     1
100
AcDbLine
 10
2897.514282894676
 20
1382.087629483593
 30
0.0
 11
2897.514282894678
 21
1381.187629483594
 31
0.0
  0
LINE
  5
D58
330
1F
100
AcDbEntity
  8
0
 62
     1
100
AcDbLine
 10
2898.414282894679
 20
1380.937629483595
 30
0.0
 11
2897.514282894678
 21
1380.937629483593
 31
0.0
  0
MTEXT
  5
D59
330
1F
100
AcDbEntity
  8
TEXT_
  6
CONTINUOUS
100
AcDbMText
 10
2898.91658140249
 20
1380.38368041277
 30
0.0
 40
0.2
 41
3.118625089751504
 71
     5
 72
     5
  1
4'0" WIDE BALCONY
  7
AN
  0
MTEXT
  5
D5A
330
1F
100
AcDbEntity
  8
TEXT_
  6
CONTINUOUS
100
AcDbMText
 10
2896.089323909806
 20
1380.383680412764
 30
0.0
 40
0.2
 41
3.118625089751504
 71
     5
 72
     5
  1
4'0" WIDE BALCONY
  7
AN
  0
MTEXT
  5
D5B
330
1F
100
AcDbEntity
  8
TEXT_
  6
CONTINUOUS
100
AcDbMText
 10
2893.147443093436
 20
1380.383680412759
 30
0.0
 40
0.2
 41
3.118625089751504
 71
     5
 72
     5
  1
4'0" WIDE BALCONY
  7
AN
  0
MTEXT
  5
D5C
330
1F
100
AcDbEntity
  8
TEXT
  6
BYBLOCK
100
AcDbMText
 10
2895.974899669586
 20
1382.235800441567
 30
0.0
 40
0.2
 41
2.098717854366761
 71
     8
 72
     5
  1
BED\P2.75X3.65\P9'1''X12'1''
  7
AN
1001
ACAD
1000
ACAD_MTEXT_DEFINED_HEIGHT_BEGIN
1070
    46
1040
1.835570745916574
1000
ACAD_MTEXT_DEFINED_HEIGHT_END
  0
MTEXT
  5
D5D
330
1F
100
AcDbEntity
  8
TEXT
  6
BYBLOCK
100
AcDbMText
 10
2893.245286524632
 20
1382.235800441562
 30
0.0
 40
0.2
 41
2.098717854366761
 71
     8
 72
     5
  1
BED\P2.75X3.65\P9'1''X12'1''
  7
AN
1001
ACAD
1000
ACAD_MTEXT_DEFINED_HEIGHT_BEGIN
1070
    46
1040
1.835570745916574
1000
ACAD_MTEXT_DEFINED_HEIGHT_END
  0
LINE
  5
D5E
330
1F
100
AcDbEntity
  8
0
 62
     1
100
AcDbLine
 10
2897.414282894671
 20
1384.887629483593
 30
0.0
 11
2897.41428289467
 21
1385.637629483593
 31
0.0
  0
LINE
  5
D5F
330
1F
100
AcDbEntity
  8
0
100
AcDbLine
 10
2891.814282894669
 20
1384.837629483582
 30
0.0
 11
2891.814282894676
 21
1381.987629483589
 31
0.0
  0
LINE
  5
D60
330
1F
100
AcDbEntity
  8
0
100
AcDbLine
 10
2891.814282894676
 20
1381.987629483589
 30
0.0
 11
2891.814282894677
 21
1381.087629483589
 31
0.0
  0
MTEXT
  5
D61
330
1F
100
AcDbEntity
  8
TEXT_
  6
CONTINUOUS
100
AcDbMText
 10
2890.451267845615
 20
1380.383680412753
 30
0.0
 40
0.2
 41
3.118625089751504
 71
     5
 72
     5
  1
4'0" WIDE BALCONY
  7
AN
  0
MTEXT
  5
D62
330
1F
100
AcDbEntity
  8
TEXT
  6
BYBLOCK
100
AcDbMText
 10
2890.221578339089
 20
1383.012709480682
 30
0.0
 40
0.2
 41
2.098717854366761
 71
     8
 72
     5
  1
LIVING\P2.75X4.55\P9'1''X15'1''
  7
AN
1001
ACAD
1000
ACAD_MTEXT_DEFINED_HEIGHT_BEGIN
1070
    46
1040
1.835570745916574
1000
ACAD_MTEXT_DEFINED_HEIGHT_END
  0
MTEXT
  5
D63
330
1F
100
AcDbEntity
  8
TEXT
  6
BYBLOCK
100
AcDbMText
 10
2885.606007076958
 20
1382.943036486256
 30
0.0
 40
0.15
 41
2.098717854366761
 71
     8
 72
     5
  1
WC\P1.20X0.90\P4'0''X3'0''
  7
AN
1001
ACAD
1000
ACAD_MTEXT_DEFINED_HEIGHT_BEGIN
1070
    46
1040
1.835570745916574
1000
ACAD_MTEXT_DEFINED_HEIGHT_END
  0
MTEXT
  5
D64
330
1F
100
AcDbEntity
  8
TEXT
  6
BYBLOCK
100
AcDbMText
 10
2886.876090546911
 20
1382.943036486259
 30
0.0
 40
0.15
 41
2.098717854366761
 71
     8
 72
     5
  1
WC\P1.20X0.90\P4'0''X3'0''
  7
AN
1001
ACAD
1000
ACAD_MTEXT_DEFINED_HEIGHT_BEGIN
1070
    46
1040
1.835570745916574
1000
ACAD_MTEXT_DEFINED_HEIGHT_END
  0
MTEXT
  5
D65
330
1F
100
AcDbEntity
  8
TEXT
  6
BYBLOCK
100
AcDbMText
 10
2884.19640514033
 20
1384.549187460742
 30
0.0
 40
0.15
 41
2.098717854366761
 71
     8
 72
     5
  1
BATH\P1.10X1.80\P3'7''X6'0''
  7
AN
1001
ACAD
1000
ACAD_MTEXT_DEFINED_HEIGHT_BEGIN
1070
    46
1040
1.835570745916574
1000
ACAD_MTEXT_DEFINED_HEIGHT_END
  0
MTEXT
  5
D66
330
1F
100
AcDbEntity
  8
TEXT
  6
BYBLOCK
100
AcDbMText
 10
2888.09699374068
 20
1384.549187460748
 30
0.0
 40
0.15
 41
2.498717854366852
 71
     8
 72
     5
  1
BATH\P1.10X1.80\P3'7''X6'0''
  7
AN
1001
ACAD
1000
ACAD_MTEXT_DEFINED_HEIGHT_BEGIN
1070
    46
1040
1.835570745916574
1000
ACAD_MTEXT_DEFINED_HEIGHT_END
  0
MTEXT
  5
D67
330
1F
100
AcDbEntity
  8
TEXT
  6
BYBLOCK
100
AcDbMText
 10
2887.559377246637
 20
1381.007743167075
 30
0.0
 40
0.2
 41
2.098717854366761
 71
     8
 72
     5
  1
KITCHEN\P2.55X2.85\P8'5''X9'5''
  7
AN
1001
ACAD
1000
ACAD_MTEXT_DEFINED_HEIGHT_BEGIN
1070
    46
1040
1.835570745916574
1000
ACAD_MTEXT_DEFINED_HEIGHT_END
  0
LINE
  5
D68
330
1F
100
AcDbEntity
  8
0
100
AcDbLine
 10
2877.495834586213
 20
1379.737629483552
 30
0.0
 11
2880.814282894678
 21
1379.737629483559
 31
0.0
  0
LINE
  5
D69
330
1F
100
AcDbEntity
  8
0
100
AcDbLine
 10
2877.645834586213
 20
1379.887629483553
 30
0.0
 11
2880.714282894679
 21
1379.887629483559
 31
0.0
  0
LINE
  5
D6A
102
{ACAD_REACTORS
330
DE7
102
}
330
1F
100
AcDbEntity
  8
0
100
AcDbLine
 10
2877.495834586213
 20
1379.737629483552
 30
0.0
 11
2877.495834586207
 21
1382.787629483552
 31
0.0
  0
LINE
  5
D6B
330
1F
100
AcDbEntity
  8
0
100
AcDbLine
 10
2877.645834586213
 20
1379.887629483553
 30
0.0
 11
2877.645834586207
 21
1382.787629483553
 31
0.0
  0
LINE
  5
D6C
330
1F
100
AcDbEntity
  8
0
100
AcDbLine
 10
2876.346603816975
 20
1382.887629483551
 30
0.0
 11
2876.346603816972
 21
1384.73762948355
 31
0.0
  0
LINE
  5
D6D
330
1F
100
AcDbEntity
  8
0
100
AcDbLine
 10
2876.34660381697
 20
1385.637629483551
 30
0.0
 11
2876.34660381697
 21
1385.73762948355
 31
0.0
  0
LINE
  5
D6E
330
1F
100
AcDbEntity
  8
0
100
AcDbLine
 10
2877.24660381697
 20
1385.637629483553
 30
0.0
 11
2877.24660381697
 21
1385.737629483552
 31
0.0
  0
LINE
  5
D6F
330
1F
100
AcDbEntity
  8
0
100
AcDbLine
 10
2876.196603816976
 20
1382.787629483551
 30
0.0
 11
2876.196603816972
 21
1384.73762948355
 31
0.0
  0
LINE
  5
D70
330
1F
100
AcDbEntity
  8
0
100
AcDbLine
 10
2883.564282894679
 20
1381.837629483564
 30
0.0
 11
2883.664282894679
 21
1381.837629483565
 31
0.0
  0
MTEXT
  5
D71
330
1F
100
AcDbEntity
  8
TEXT
  6
BYBLOCK
100
AcDbMText
 10
2883.182354750974
 20
1386.465895898657
 30
0.0
 40
0.2
 41
5.344234991264105
 71
     8
 72
     5
  1
5'0'' WIDE BALCONY
  7
AN
1001
ACAD
1000
ACAD_MTEXT_DEFINED_HEIGHT_BEGIN
1070
    46
1040
1.835570745912805
1000
ACAD_MTEXT_DEFINED_HEIGHT_END
  0
MTEXT
  5
D72
330
1F
100
AcDbEntity
  8
TEXT
  6
BYBLOCK
100
AcDbMText
 10
2884.954697488083
 20
1381.007743167071
 30
0.0
 40
0.2
 41
2.098717854366761
 71
     8
 72
     5
  1
KITCHEN\P2.55X2.85\P8'5''X9'5''
  7
AN
1001
ACAD
1000
ACAD_MTEXT_DEFINED_HEIGHT_BEGIN
1070
    46
1040
1.835570745916574
1000
ACAD_MTEXT_DEFINED_HEIGHT_END
  0
LINE
  5
D73
330
1F
100
AcDbEntity
  8
0
100
AcDbLine
 10
2880.814282894675
 20
1381.88762948356
 30
0.0
 11
2880.814282894673
 21
1382.78762948356
 31
0.0
  0
LINE
  5
D74
330
1F
100
AcDbEntity
  8
0
 62
     1
100
AcDbLine
 10
2880.814282894667
 20
1385.737629483559
 30
0.0
 11
2881.714282894667
 21
1385.737629483561
 31
0.0
  0
MTEXT
  5
D75
330
1F
100
AcDbEntity
  8
TEXT
  6
BYBLOCK
100
AcDbMText
 10
2882.024845745525
 20
1383.012709480665
 30
0.0
 40
0.2
 41
2.098717854366761
 71
     8
 72
     5
  1
LIVING\P2.75X4.55\P9'1''X15'1''
  7
AN
1001
ACAD
1000
ACAD_MTEXT_DEFINED_HEIGHT_BEGIN
1070
    46
1040
1.835570745916574
1000
ACAD_MTEXT_DEFINED_HEIGHT_END
  0
MTEXT
  5
D76
330
1F
100
AcDbEntity
  8
TEXT_
  6
CONTINUOUS
100
AcDbMText
 10
2882.21227732475
 20
1380.383680412737
 30
0.0
 40
0.2
 41
3.118625089751504
 71
     5
 72
     5
  1
4'0" WIDE BALCONY
  7
AN
  0
MTEXT
  5
D77
330
1F
100
AcDbEntity
  8
TEXT
  6
BYBLOCK
100
AcDbMText
 10
2879.305432554076
 20
1381.009798651359
 30
0.0
 40
0.2
 41
2.098717854366761
 71
     8
 72
     5
  1
BED\P3.07X2.90\P10'1''X9'6''
  7
AN
1001
ACAD
1000
ACAD_MTEXT_DEFINED_HEIGHT_BEGIN
1070
    46
1040
1.835570745916574
1000
ACAD_MTEXT_DEFINED_HEIGHT_END
  0
MTEXT
  5
D78
330
1F
100
AcDbEntity
  8
TEXT
  6
BYBLOCK
100
AcDbMText
 10
2878.348654463009
 20
1383.702609252511
 30
0.0
 40
0.2
 41
2.098717854366761
 71
     8
 72
     5
  1
BED\P4.37X2.75\P14'4''X9'1''
  7
AN
1001
ACAD
1000
ACAD_MTEXT_DEFINED_HEIGHT_BEGIN
1070
    46
1040
1.835570745916574
1000
ACAD_MTEXT_DEFINED_HEIGHT_END
  0
LINE
  5
D79
330
1F
100
AcDbEntity
  8
0
100
AcDbLine
 10
2876.34660381697
 20
1385.73762948355
 30
0.0
 11
2877.24660381697
 21
1385.737629483552
 31
0.0
  0
LINE
  5
D7A
330
1F
100
AcDbEntity
  8
0
 62
     1
100
AcDbLine
 10
2876.34660381697
 20
1385.637629483551
 30
0.0
 11
2876.346603816972
 21
1384.73762948355
 31
0.0
  0
LINE
  5
D7B
330
1F
100
AcDbEntity
  8
0
 62
     1
100
AcDbLine
 10
2875.196603816976
 20
1382.787629483548
 30
0.0
 11
2876.196603816976
 21
1382.787629483551
 31
0.0
  0
MTEXT
  5
D7C
330
1F
100
AcDbEntity
  8
TEXT
  6
BYBLOCK
100
AcDbMText
 10
2875.261586903937
 20
1386.776963431867
 30
0.0
 40
0.2
 41
2.098717854366761
 71
     8
 72
     5
  1
LIVING\P4.52X2.75\P15'0''X9'1''
  7
AN
1001
ACAD
1000
ACAD_MTEXT_DEFINED_HEIGHT_BEGIN
1070
    46
1040
1.835570745916574
1000
ACAD_MTEXT_DEFINED_HEIGHT_END
  0
LINE
  5
D7D
330
1F
100
AcDbEntity
  8
0
 62
     1
100
AcDbLine
 10
2877.814282894667
 20
1386.637629483554
 30
0.0
 11
2877.814282894668
 21
1385.737629483553
 31
0.0
  0
MTEXT
  5
D7E
330
1F
100
AcDbEntity
  8
TEXT_
  6
CONTINUOUS
100
AcDbMText
 10
2875.71785512193
 20
1384.248036718848
 30
0.0
 40
0.2
 41
3.118625089751504
 71
     5
 72
     5
  1
3'3" WIDE BALCONY
  7
AN
 11
-1.458551675825702E-11
 21
1.0
 31
0.0
  0
MTEXT
  5
D7F
330
1F
100
AcDbEntity
  8
TEXT
  6
BYBLOCK
100
AcDbMText
 10
2879.051724867549
 20
1389.030219460793
 30
0.0
 40
0.2
 41
2.098717854366761
 71
     8
 72
     5
  1
LIVING\P2.75X4.55\P9'1''X15'1''
  7
AN
1001
ACAD
1000
ACAD_MTEXT_DEFINED_HEIGHT_BEGIN
1070
    46
1040
1.835570745916574
1000
ACAD_MTEXT_DEFINED_HEIGHT_END
  0
MTEXT
  5
D80
330
1F
100
AcDbEntity
  8
TEXT_
  6
CONTINUOUS
100
AcDbMText
 10
2876.390342522888
 20
1392.637253949339
 30
0.0
 40
0.2
 41
3.118625089751504
 71
     5
 72
     5
  1
4'0" WIDE BALCONY
  7
AN
  0
MTEXT
  5
D81
330
1F
100
AcDbEntity
  8
TEXT_
  6
CONTINUOUS
100
AcDbMText
 10
2879.167454707089
 20
1392.669424717189
 30
0.0
 40
0.2
 41
3.118625089751504
 71
     5
 72
     5
  1
4'0" WIDE BALCONY
  7
AN
  0
MTEXT
  5
D82
330
1F
100
AcDbEntity
  8
TEXT
  6
BYBLOCK
100
AcDbMText
 10
2876.526135955315
 20
1389.712221252987
 30
0.0
 40
0.2
 41
2.098717854366761
 71
     8
 72
     5
  1
BED\P2.75X3.30\P9'1''X11'0''
  7
AN
1001
ACAD
1000
ACAD_MTEXT_DEFINED_HEIGHT_BEGIN
1070
    46
1040
1.835570745916574
1000
ACAD_MTEXT_DEFINED_HEIGHT_END
  0
MTEXT
  5
D83
330
1F
100
AcDbEntity
  8
TEXT
  6
BYBLOCK
100
AcDbMText
 10
2881.192906439174
 20
1387.95668369424
 30
0.0
 40
0.15
 41
2.098717854366761
 71
     8
 72
     5
  1
BATH\P1.20X1.80\P4'0''X6'0''
  7
AN
1001
ACAD
1000
ACAD_MTEXT_DEFINED_HEIGHT_BEGIN
1070
    46
1040
1.835570745916574
1000
ACAD_MTEXT_DEFINED_HEIGHT_END
  0
MTEXT
  5
D84
330
1F
100
AcDbEntity
  8
TEXT
  6
BYBLOCK
100
AcDbMText
 10
2885.49117204527
 20
1387.956683694249
 30
0.0
 40
0.15
 41
2.098717854366761
 71
     8
 72
     5
  1
BATH\P1.20X1.80\P4'0''X6'0''
  7
AN
1001
ACAD
1000
ACAD_MTEXT_DEFINED_HEIGHT_BEGIN
1070
    46
1040
1.835570745916574
1000
ACAD_MTEXT_DEFINED_HEIGHT_END
  0
MTEXT
  5
D85
330
1F
100
AcDbEntity
  8
TEXT
  6
BYBLOCK
100
AcDbMText
 10
2882.742742946668
 20
1389.371134528573
 30
0.0
 40
0.15
 41
2.098717854366761
 71
     8
 72
     5
  1
WC\P1.20X0.90\P4'0''X3'0''
  7
AN
1001
ACAD
1000
ACAD_MTEXT_DEFINED_HEIGHT_BEGIN
1070
    46
1040
1.835570745916574
1000
ACAD_MTEXT_DEFINED_HEIGHT_END
  0
MTEXT
  5
D86
330
1F
100
AcDbEntity
  8
TEXT
  6
BYBLOCK
100
AcDbMText
 10
2884.167742946667
 20
1389.371134528576
 30
0.0
 40
0.15
 41
2.248717854366852
 71
     8
 72
     5
  1
WC\P1.20X0.90\P4'0''X3'0''
  7
AN
1001
ACAD
1000
ACAD_MTEXT_DEFINED_HEIGHT_BEGIN
1070
    46
1040
1.835570745916574
1000
ACAD_MTEXT_DEFINED_HEIGHT_END
  0
MTEXT
  5
D87
330
1F
100
AcDbEntity
  8
TEXT
  6
BYBLOCK
100
AcDbMText
 10
2881.991449735408
 20
1391.157321052906
 30
0.0
 40
0.2
 41
2.098717854366761
 71
     8
 72
     5
  1
KITCHEN\P2.70X2.85\P9'0''X9'5''
  7
AN
1001
ACAD
1000
ACAD_MTEXT_DEFINED_HEIGHT_BEGIN
1070
    46
1040
1.835570745916574
1000
ACAD_MTEXT_DEFINED_HEIGHT_END
  0
LINE
  5
D88
330
1F
100
AcDbEntity
  8
0
100
AcDbLine
 10
2886.16428289466
 20
1390.237629483569
 30
0.0
 11
2886.26428289466
 21
1390.23762948357
 31
0.0
  0
LINE
  5
D89
330
1F
100
AcDbEntity
  8
0
 62
     1
100
AcDbLine
 10
2877.814282894658
 20
1390.987629483553
 30
0.0
 11
2877.814282894657
 21
1391.887629483553
 31
0.0
  0
MTEXT
  5
D8A
330
1F
100
AcDbEntity
  8
TEXT
  6
BYBLOCK
100
AcDbMText
 10
2884.810473837444
 20
1391.157321052911
 30
0.0
 40
0.2
 41
2.098717854366761
 71
     8
 72
     5
  1
KITCHEN\P2.70X2.85\P9'0''X9'5''
  7
AN
1001
ACAD
1000
ACAD_MTEXT_DEFINED_HEIGHT_BEGIN
1070
    46
1040
1.835570745916574
1000
ACAD_MTEXT_DEFINED_HEIGHT_END
  0
MTEXT
  5
D8B
330
1F
100
AcDbEntity
  8
TEXT
  6
BYBLOCK
100
AcDbMText
 10
2887.451568164252
 20
1389.030219460809
 30
0.0
 40
0.2
 41
2.098717854366761
 71
     8
 72
     5
  1
LIVING\P2.85X4.55\P9'5''X15'1''
  7
AN
1001
ACAD
1000
ACAD_MTEXT_DEFINED_HEIGHT_BEGIN
1070
    46
1040
1.835570745916574
1000
ACAD_MTEXT_DEFINED_HEIGHT_END
  0
MTEXT
  5
D8C
330
1F
100
AcDbEntity
  8
TEXT_
  6
CONTINUOUS
100
AcDbMText
 10
2887.583044476214
 20
1392.669424717205
 30
0.0
 40
0.2
 41
3.118625089751504
 71
     5
 72
     5
  1
4'0" WIDE BALCONY
  7
AN
  0
MTEXT
  5
D8D
330
1F
100
AcDbEntity
  8
TEXT_
  6
CONTINUOUS
100
AcDbMText
 10
2890.638549722718
 20
1392.669424717212
 30
0.0
 40
0.2
 41
3.118625089751504
 71
     5
 72
     5
  1
4'0" WIDE BALCONY
  7
AN
  0
LINE
  5
D8E
330
1F
100
AcDbEntity
  8
0
 62
     1
100
AcDbLine
 10
2889.11428289466
 20
1390.037629483576
 30
0.0
 11
2889.114282894662
 21
1389.137629483575
 31
0.0
  0
MTEXT
  5
D8F
330
1F
100
AcDbEntity
  8
TEXT
  6
BYBLOCK
100
AcDbMText
 10
2890.478159312909
 20
1390.162191113923
 30
0.0
 40
0.2
 41
2.098717854366761
 71
     8
 72
     5
  1
BED\P2.75X2.75\P9'0''X9'0''
  7
AN
1001
ACAD
1000
ACAD_MTEXT_DEFINED_HEIGHT_BEGIN
1070
    46
1040
1.835570745916574
1000
ACAD_MTEXT_DEFINED_HEIGHT_END
  0
MTEXT
  5
D90
330
1F
100
AcDbEntity
  8
TEXT
  6
BYBLOCK
100
AcDbMText
 10
2889.966224016626
 20
1387.802298339936
 30
0.0
 40
0.2
 41
2.098717854366761
 71
     8
 72
     5
  1
LIFT\P1.70X1.60\P5'6''X5'3''
  7
AN
1001
ACAD
1000
ACAD_MTEXT_DEFINED_HEIGHT_BEGIN
1070
    46
1040
1.835570745916574
1000
ACAD_MTEXT_DEFINED_HEIGHT_END
  0
LWPOLYLINE
  5
D91
330
1F
100
AcDbEntity
  8
0
 62
     1
100
AcDbPolyline
 90
       15
 70
     1
 43
0.0
 10
2886.264282894666
 20
1387.23762948357
 10
2887.164282894666
 20
1387.237629483572
 10
2887.164282894666
 20
1387.287629483571
 10
2887.164282894666
 20
1387.337629483572
 10
2889.114282894666
 20
1387.337629483575
 10
2889.114282894662
 20
1389.137629483575
 10
2891.964282894662
 20
1389.137629483582
 10
2891.964282894653
 20
1393.13762948358
 10
2886.264282894654
 20
1393.137629483569
 10
2886.264282894654
 20
1393.08762948357
 10
2883.464282894654
 20
1393.087629483564
 10
2883.464282894662
 20
1389.237629483564
 10
2884.964282894662
 20
1389.237629483568
 10
2884.964282894666
 20
1387.337629483567
 10
2886.264282894666
 20
1387.33762948357
  0
LWPOLYLINE
  5
D92
330
1F
100
AcDbEntity
  8
0
 62
     1
100
AcDbPolyline
 90
       14
 70
     1
 43
0.0
 10
2880.814282894667
 20
1385.737629483559
 10
2881.714282894667
 20
1385.737629483561
 10
2881.714282894667
 20
1385.637629483561
 10
2884.864282894668
 20
1385.637629483567
 10
2884.864282894672
 20
1383.737629483568
 10
2886.214282894672
 20
1383.73762948357
 10
2886.214282894679
 20
1379.887629483571
 10
2883.564282894679
 20
1379.88762948357
 10
2883.56428289468
 20
1379.837629483564
 10
2880.814282894678
 20
1379.837629483558
 10
2880.814282894679
 20
1379.887629483559
 10
2877.645834586213
 20
1379.887629483553
 10
2877.645834586207
 20
1382.787629483553
 10
2880.814282894673
 20
1382.78762948356
  0
LWPOLYLINE
  5
D93
330
1F
100
AcDbEntity
  8
0
 62
     1
100
AcDbPolyline
 90
       12
 70
     1
 43
0.0
 10
2891.714282894668
 20
1384.837629483582
 10
2891.814282894669
 20
1384.837629483582
 10
2891.814282894667
 20
1385.637629483582
 10
2887.664282894668
 20
1385.637629483574
 10
2887.664282894671
 20
1383.737629483573
 10
2886.314282894671
 20
1383.73762948357
 10
2886.314282894678
 20
1379.887629483571
 10
2888.964282894679
 20
1379.887629483576
 10
2888.964282894679
 20
1379.83701655194
 10
2894.56428289468
 20
1379.837629483588
 10
2894.564282894669
 20
1384.737629483588
 10
2891.714282894669
 20
1384.737629483579
  0
LINE
  5
D94
330
1F
100
AcDbEntity
  8
0
 62
     1
100
AcDbLine
 10
2869.868911509266
 20
1392.037629483537
 30
0.0
 11
2869.868911509264
 21
1393.237629483537
 31
0.0
  0
LINE
  5
D95
330
1F
100
AcDbEntity
  8
0
 62
     1
100
AcDbLine
 10
2870.018911509265
 20
1392.037629483537
 30
0.0
 11
2870.018911509263
 21
1393.087629483537
 31
0.0
  0
LINE
  5
D96
330
1F
100
AcDbEntity
  8
0
 62
     1
100
AcDbLine
 10
2871.864282894656
 20
1392.037629483541
 30
0.0
 11
2872.764282894655
 21
1392.037629483543
 31
0.0
  0
LINE
  5
D97
330
1F
100
AcDbEntity
  8
0
 62
     1
100
AcDbLine
 10
2872.764282894654
 20
1393.087629483543
 30
0.0
 11
2872.764282894656
 21
1392.037629483543
 31
0.0
  0
LINE
  5
D98
330
1F
100
AcDbEntity
  8
0
 62
     1
100
AcDbLine
 10
2872.864282894653
 20
1393.237629483543
 30
0.0
 11
2872.864282894656
 21
1392.037629483543
 31
0.0
  0
MTEXT
  5
D99
330
1F
100
AcDbEntity
  8
TEXT
  6
BYBLOCK
100
AcDbMText
 10
2871.243428390265
 20
1389.712221252976
 30
0.0
 40
0.2
 41
2.098717854366761
 71
     8
 72
     5
  1
KITCHEN\P2.75X3.30\P9'1''X11'0''
  7
AN
1001
ACAD
1000
ACAD_MTEXT_DEFINED_HEIGHT_BEGIN
1070
    46
1040
1.835570745916574
1000
ACAD_MTEXT_DEFINED_HEIGHT_END
  0
MTEXT
  5
D9A
330
1F
100
AcDbEntity
  8
TEXT_
  6
CONTINUOUS
100
AcDbMText
 10
2871.241409259243
 20
1392.637253949328
 30
0.0
 40
0.2
 41
3.118625089751504
 71
     5
 72
     5
  1
4'0" WIDE BALCONY
  7
AN
  0
LINE
  5
D9B
330
1F
100
AcDbEntity
  8
0
100
AcDbLine
 10
2873.964282894659
 20
1390.537629483545
 30
0.0
 11
2873.964282894661
 21
1389.787629483545
 31
0.0
  0
LINE
  5
D9C
330
1F
100
AcDbEntity
  8
0
100
AcDbLine
 10
2874.714282894659
 20
1390.587629483547
 30
0.0
 11
2873.964282894659
 21
1390.587629483545
 31
0.0
  0
MTEXT
  5
D9D
330
1F
100
AcDbEntity
  8
TEXT
  6
BYBLOCK
100
AcDbMText
 10
2874.417699334173
 20
1391.027099670681
 30
0.0
 40
0.15
 41
2.098717854366761
 71
     8
 72
     5
  1
WC\P0.90X1.20\P3'0''X4'0''
  7
AN
1001
ACAD
1000
ACAD_MTEXT_DEFINED_HEIGHT_BEGIN
1070
    46
1040
1.835570745916574
1000
ACAD_MTEXT_DEFINED_HEIGHT_END
  0
MTEXT
  5
D9E
330
1F
100
AcDbEntity
  8
TEXT
  6
BYBLOCK
100
AcDbMText
 10
2873.335995431586
 20
1390.694998511905
 30
0.0
 40
0.15
 41
2.098717854366761
 71
     8
 72
     5
  1
BATH\P1.00X2.10\P3'3''X7'0''
  7
AN
1001
ACAD
1000
ACAD_MTEXT_DEFINED_HEIGHT_BEGIN
1070
    46
1040
1.835570745916574
1000
ACAD_MTEXT_DEFINED_HEIGHT_END
  0
LWPOLYLINE
  5
D9F
330
1F
100
AcDbEntity
  8
0
 62
     1
100
AcDbPolyline
 90
       18
 70
     1
 43
0.0
 10
2877.714282894667
 20
1386.637629483554
 10
2877.814282894667
 20
1386.637629483554
 10
2877.814282894668
 20
1385.737629483553
 10
2877.814282894669
 20
1385.637629483554
 10
2880.714282894667
 20
1385.637629483559
 10
2880.714282894673
 20
1382.887629483559
 10
2875.346603816975
 20
1382.887629483548
 10
2875.34660381697
 20
1385.737629483549
 10
2873.198142278508
 20
1385.737629483544
 10
2873.198142278503
 20
1388.587629483543
 10
2870.018911509273
 20
1388.587629483537
 10
2870.018911509263
 20
1393.087629483537
 10
2872.764282894654
 20
1393.087629483543
 10
2872.764282894655
 20
1392.037629483543
 10
2872.764282894656
 20
1391.887629483543
 10
2874.864282894656
 20
1391.887629483547
 10
2874.864282894663
 20
1388.487629483547
 10
2877.714282894663
 20
1388.487629483553
  0
LWPOLYLINE
  5
DA0
330
1F
100
AcDbEntity
  8
0
 62
     1
100
AcDbPolyline
 90
       14
 70
     1
 43
0.0
 10
2879.664282894666
 20
1387.337629483557
 10
2879.664282894666
 20
1387.237629483557
 10
2880.564282894666
 20
1387.237629483559
 10
2880.564282894666
 20
1387.337629483559
 10
2881.864282894666
 20
1387.337629483561
 10
2881.864282894661
 20
1389.237629483561
 10
2883.364282894662
 20
1389.237629483564
 10
2883.364282894654
 20
1393.087629483563
 10
2880.564282894655
 20
1393.087629483558
 10
2880.564282894654
 20
1393.137629483558
 10
2874.964282894654
 20
1393.137629483547
 10
2874.964282894664
 20
1388.587629483547
 10
2877.814282894663
 20
1388.587629483553
 10
2877.814282894666
 20
1387.337629483553
  0
LWPOLYLINE
  5
DA1
330
1F
100
AcDbEntity
  8
0
 62
     1
100
AcDbPolyline
 90
       14
 70
     1
 43
0.0
 10
2896.514282894665
 20
1387.337629483591
 10
2896.514282894665
 20
1387.23762948359
 10
2897.414282894666
 20
1387.237629483592
 10
2897.414282894665
 20
1387.337445513857
 10
2898.614282894666
 20
1387.337629483595
 10
2898.614282894662
 20
1389.337629483595
 10
2899.964282894663
 20
1389.337629483597
 10
2899.964282894661
 20
1390.337629483598
 10
2902.85428289466
 20
1390.337629483603
 10
2902.854282894655
 20
1393.087629483603
 10
2897.414282894655
 20
1393.087629483593
 10
2897.414282894653
 20
1393.137629483593
 10
2894.664282894654
 20
1393.137629483587
 10
2894.664282894666
 20
1387.337629483587
  0
LWPOLYLINE
  5
DA2
330
1F
100
AcDbEntity
  8
0
 62
     1
100
AcDbPolyline
 90
       16
 70
     1
 43
0.0
 10
2904.864282894665
 20
1387.437629483607
 10
2904.764282894665
 20
1387.437629483607
 10
2904.764282894668
 20
1386.537629483608
 10
2908.584282894668
 20
1386.537629483615
 10
2908.584282894656
 20
1392.237629483615
 10
2908.634282894656
 20
1392.237629483616
 10
2908.634282894654
 20
1393.137629483615
 10
2905.834282894654
 20
1393.137629483609
 10
2905.834282894654
 20
1393.08762948361
 10
2902.954282894654
 20
1393.087629483603
 10
2902.95428289466
 20
1390.237629483604
 10
2902.36428289466
 20
1390.237629483602
 10
2902.364282894662
 20
1389.337629483603
 10
2903.664282894662
 20
1389.337629483605
 10
2903.664282894666
 20
1387.587629483605
 10
2904.864282894665
 20
1387.587629483607
  0
LWPOLYLINE
  5
DA3
330
1F
100
AcDbEntity
  8
0
 62
     1
100
AcDbPolyline
 90
       14
 70
     1
 43
0.0
 10
2897.514282894671
 20
1384.887629483594
 10
2897.414282894671
 20
1384.887629483593
 10
2897.41428289467
 20
1385.637629483593
 10
2901.464282894669
 20
1385.637629483601
 10
2901.464282894673
 20
1383.867629483601
 10
2902.514282894674
 20
1383.867629483603
 10
2902.514282894676
 20
1382.567629483603
 10
2902.994282894676
 20
1382.567629483604
 10
2902.994282894681
 20
1379.887629483605
 10
2900.264282894681
 20
1379.887629483599
 10
2900.264282894681
 20
1379.837629483601
 10
2894.664282894681
 20
1379.83762948359
 10
2894.664282894671
 20
1384.737629483588
 10
2897.514282894671
 20
1384.737629483593
  0
LWPOLYLINE
  5
DA4
330
1F
100
AcDbEntity
  8
0
 62
     1
100
AcDbPolyline
 90
       16
 70
     1
 43
0.0
 10
2904.864282894669
 20
1385.537629483608
 10
2904.76428289467
 20
1385.537629483608
 10
2904.764282894668
 20
1386.437629483607
 10
2908.584282894668
 20
1386.437629483616
 10
2908.58428289468
 20
1380.737629483616
 10
2908.63428289468
 20
1380.737629483616
 10
2908.634282894682
 20
1379.837629483615
 10
2905.834282894681
 20
1379.83762948361
 10
2905.834282894681
 20
1379.887629483609
 10
2903.094282894681
 20
1379.887629483605
 10
2903.094282894675
 20
1382.667629483604
 10
2902.614282894676
 20
1382.667629483603
 10
2902.614282894673
 20
1383.867629483603
 10
2903.664282894672
 20
1383.867629483606
 10
2903.66428289467
 20
1385.367629483606
 10
2904.864282894669
 20
1385.367629483609
  0
MTEXT
  5
DA5
330
1F
100
AcDbEntity
  8
0
  6
BYBLOCK
100
AcDbMText
 10
2892.229248093849
 20
1375.471793161075
 30
0.0
 40
0.9
 41
20.55202508256453
 71
     2
 72
     5
  1
 12.00 M. WIDE ROAD
  7
AN
1001
ACAD
1000
ACAD_MTEXT_DEFINED_HEIGHT_BEGIN
1070
    46
1040
1.611141491833146
1000
ACAD_MTEXT_DEFINED_HEIGHT_END
  0
MTEXT
  5
DA6
330
1F
100
AcDbEntity
  8
0
  6
BYBLOCK
100
AcDbMText
 10
2867.292264159774
 20
1384.959315870798
 30
0.0
 40
0.9
 41
20.55202508256453
 71
     2
 72
     5
  1
 18.00 M. WIDE ROAD
  7
AN
 11
0.5743255016633189
 21
-0.8186270323774907
 31
0.0
1001
ACAD
1000
ACAD_MTEXT_DEFINED_HEIGHT_BEGIN
1070
    46
1040
1.611141491833146
1000
ACAD_MTEXT_DEFINED_HEIGHT_END
  0
MTEXT
  5
DA7
102
{ACAD_XDICTIONARY
360
DA8
102
}
330
1F
100
AcDbEntity
  8
TEXT_
  6
CONTINUOUS
100
AcDbMText
 10
2877.13730120077
 20
1386.259236453328
 30
0.0
 40
0.2
 41
2.071720795929195
 71
     2
 72
     5
  1
705.00
  7
AN
1001
ACAD
1000
ACAD_MTEXT_DEFINED_HEIGHT_BEGIN
1070
    46
1040
0.9843769667151415
1000
ACAD_MTEXT_DEFINED_HEIGHT_END
  0
LWPOLYLINE
  5
DA9
330
1F
100
AcDbEntity
  8
STAPS
  6
CONTINUOUS
 62
     0
100
AcDbPolyline
 90
        4
 70
     1
 43
0.0
 10
2876.709349053904
 20
1385.986857557188
 10
2877.547922049399
 20
1385.9868575572
 10
2877.547922049393
 20
1386.354544056193
 10
2876.709349053897
 20
1386.35454405618
  0
MTEXT
  5
DAA
102
{ACAD_XDICTIONARY
360
DAB
102
}
330
1F
100
AcDbEntity
  8
TEXT_
  6
CONTINUOUS
100
AcDbMText
 10
2879.70283367831
 20
1387.750549855871
 30
0.0
 40
0.2
 41
2.071720795929195
 71
     2
 72
     5
  1
638.00
  7
AN
1001
ACAD
1000
ACAD_MTEXT_DEFINED_HEIGHT_BEGIN
1070
    46
1040
0.9843769667151415
1000
ACAD_MTEXT_DEFINED_HEIGHT_END
  0
LWPOLYLINE
  5
DAC
330
1F
100
AcDbEntity
  8
STAPS
  6
CONTINUOUS
 62
     0
100
AcDbPolyline
 90
        4
 70
     1
 43
0.0
 10
2879.274881531443
 20
1387.478170959732
 10
2880.113454526938
 20
1387.478170959744
 10
2880.113454526932
 20
1387.845857458737
 10
2879.274881531437
 20
1387.845857458724
  0
MTEXT
  5
DAD
102
{ACAD_XDICTIONARY
360
DAE
102
}
330
1F
100
AcDbEntity
  8
TEXT_
  6
CONTINUOUS
100
AcDbMText
 10
2881.488713788517
 20
1385.348183613675
 30
0.0
 40
0.2
 41
2.071720795929195
 71
     2
 72
     5
  1
575.00
  7
AN
1001
ACAD
1000
ACAD_MTEXT_DEFINED_HEIGHT_BEGIN
1070
    46
1040
0.9843769667151415
1000
ACAD_MTEXT_DEFINED_HEIGHT_END
  0
LWPOLYLINE
  5
DAF
330
1F
100
AcDbEntity
  8
STAPS
  6
CONTINUOUS
 62
     0
100
AcDbPolyline
 90
        4
 70
     1
 43
0.0
 10
2881.060761641651
 20
1385.075804717536
 10
2881.899334637146
 20
1385.075804717549
 10
2881.89933463714
 20
1385.443491216541
 10
2881.060761641645
 20
1385.443491216529
  0
MTEXT
  5
DB0
102
{ACAD_XDICTIONARY
360
DB1
102
}
330
1F
100
AcDbEntity
  8
TEXT_
  6
CONTINUOUS
100
AcDbMText
 10
2886.823948345587
 20
1387.764640556469
 30
0.0
 40
0.2
 41
2.071720795929195
 71
     2
 72
     5
  1
623.00
  7
AN
1001
ACAD
1000
ACAD_MTEXT_DEFINED_HEIGHT_BEGIN
1070
    46
1040
0.9843769667151415
1000
ACAD_MTEXT_DEFINED_HEIGHT_END
  0
LWPOLYLINE
  5
DB2
330
1F
100
AcDbEntity
  8
STAPS
  6
CONTINUOUS
 62
     0
100
AcDbPolyline
 90
        4
 70
     1
 43
0.0
 10
2886.39599619872
 20
1387.49226166033
 10
2887.234569194216
 20
1387.492261660343
 10
2887.23456919421
 20
1387.859948159336
 10
2886.395996198715
 20
1387.859948159323
  0
MTEXT
  5
DB3
102
{ACAD_XDICTIONARY
360
DB4
102
}
330
1F
100
AcDbEntity
  8
TEXT_
  6
CONTINUOUS
100
AcDbMText
 10
2890.809801210276
 20
1385.232501883363
 30
0.0
 40
0.2
 41
2.071720795929195
 71
     2
 72
     5
  1
645.00
  7
AN
1001
ACAD
1000
ACAD_MTEXT_DEFINED_HEIGHT_BEGIN
1070
    46
1040
0.9843769667151415
1000
ACAD_MTEXT_DEFINED_HEIGHT_END
  0
LWPOLYLINE
  5
DB5
330
1F
100
AcDbEntity
  8
STAPS
  6
CONTINUOUS
 62
     0
100
AcDbPolyline
 90
        4
 70
     1
 43
0.0
 10
2890.381849063409
 20
1384.960122987223
 10
2891.220422058905
 20
1384.960122987235
 10
2891.220422058898
 20
1385.327809486228
 10
2890.381849063403
 20
1385.327809486215
  0
MTEXT
  5
DB6
102
{ACAD_XDICTIONARY
360
DB7
102
}
330
1F
100
AcDbEntity
  8
TEXT_
  6
CONTINUOUS
100
AcDbMText
 10
2898.025349827086
 20
1385.388471760665
 30
0.0
 40
0.2
 41
2.071720795929195
 71
     2
 72
     5
  1
640.00
  7
AN
1001
ACAD
1000
ACAD_MTEXT_DEFINED_HEIGHT_BEGIN
1070
    46
1040
0.9843769667151415
1000
ACAD_MTEXT_DEFINED_HEIGHT_END
  0
LWPOLYLINE
  5
DB8
330
1F
100
AcDbEntity
  8
STAPS
  6
CONTINUOUS
 62
     0
100
AcDbPolyline
 90
        4
 70
     1
 43
0.0
 10
2897.59739768022
 20
1385.116092864526
 10
2898.435970675715
 20
1385.116092864538
 10
2898.435970675709
 20
1385.483779363531
 10
2897.597397680213
 20
1385.483779363518
  0
MTEXT
  5
DB9
102
{ACAD_XDICTIONARY
360
DBA
102
}
330
1F
100
AcDbEntity
  8
TEXT_
  6
CONTINUOUS
100
AcDbMText
 10
2896.624733952851
 20
1387.803179126004
 30
0.0
 40
0.2
 41
2.071720795929195
 71
     2
 72
     5
  1
545.00
  7
AN
1001
ACAD
1000
ACAD_MTEXT_DEFINED_HEIGHT_BEGIN
1070
    46
1040
0.9843769667151415
1000
ACAD_MTEXT_DEFINED_HEIGHT_END
  0
LWPOLYLINE
  5
DBB
330
1F
100
AcDbEntity
  8
STAPS
  6
CONTINUOUS
 62
     0
100
AcDbPolyline
 90
        4
 70
     1
 43
0.0
 10
2896.196781805984
 20
1387.530800229864
 10
2897.035354801479
 20
1387.530800229876
 10
2897.035354801474
 20
1387.898486728869
 10
2896.196781805978
 20
1387.898486728856
  0
MTEXT
  5
DBC
102
{ACAD_XDICTIONARY
360
DBD
102
}
330
1F
100
AcDbEntity
  8
TEXT_
  6
CONTINUOUS
100
AcDbMText
 10
2905.378470954307
 20
1387.152958573104
 30
0.0
 40
0.2
 41
2.071720795929195
 71
     2
 72
     5
  1
520.00
  7
AN
1001
ACAD
1000
ACAD_MTEXT_DEFINED_HEIGHT_BEGIN
1070
    46
1040
0.9843769667151415
1000
ACAD_MTEXT_DEFINED_HEIGHT_END
  0
LWPOLYLINE
  5
DBE
330
1F
100
AcDbEntity
  8
STAPS
  6
CONTINUOUS
 62
     0
100
AcDbPolyline
 90
        4
 70
     1
 43
0.0
 10
2904.950518807441
 20
1386.880579676965
 10
2905.789091802936
 20
1386.880579676977
 10
2905.78909180293
 20
1387.24826617597
 10
2904.950518807434
 20
1387.248266175957
  0
MTEXT
  5
DBF
102
{ACAD_XDICTIONARY
360
DC0
102
}
330
1F
100
AcDbEntity
  8
TEXT_
  6
CONTINUOUS
100
AcDbMText
 10
2905.427252783229
 20
1386.10009918071
 30
0.0
 40
0.2
 41
2.071720795929195
 71
     2
 72
     5
  1
515.00
  7
AN
1001
ACAD
1000
ACAD_MTEXT_DEFINED_HEIGHT_BEGIN
1070
    46
1040
0.9843769667151415
1000
ACAD_MTEXT_DEFINED_HEIGHT_END
  0
LWPOLYLINE
  5
DC1
330
1F
100
AcDbEntity
  8
STAPS
  6
CONTINUOUS
 62
     0
100
AcDbPolyline
 90
        4
 70
     1
 43
0.0
 10
2904.999300636362
 20
1385.82772028457
 10
2905.837873631857
 20
1385.827720284582
 10
2905.837873631852
 20
1386.195406783575
 10
2904.999300636357
 20
1386.195406783562
  0
MTEXT
  5
DC2
330
1F
100
AcDbEntity
  8
0
  6
BYBLOCK
 62
     0
100
AcDbMText
 10
2904.848355946175
 20
1378.922765329428
 30
0.0
 40
0.3
 41
9.888969489610965
 71
     8
 72
     5
  1
{\T1.5;\LTYPICAL 2ND TO 5TH FLOOR PLAN}
  7
AN
1001
ACAD
1000
ACAD_MTEXT_DEFINED_HEIGHT_BEGIN
1070
    46
1040
0.6826164889145234
1000
ACAD_MTEXT_DEFINED_HEIGHT_END
  0
LINE
  5
DC3
330
1F
100
AcDbEntity
  8
0
100
AcDbLine
 10
2880.564282894606
 20
1417.063952049701
 30
0.0
 11
2880.564282894621
 21
1409.563952049702
 31
0.0
  0
LINE
  5
DC4
330
1F
100
AcDbEntity
  8
0
100
AcDbLine
 10
2874.304453750766
 20
1409.463952049688
 30
0.0
 11
2874.30445375076
 21
1412.313952049688
 31
0.0
  0
LINE
  5
DC5
330
1F
100
AcDbEntity
  8
0
100
AcDbLine
 10
2874.454453750766
 20
1409.563952049689
 30
0.0
 11
2874.454453750761
 21
1412.313952049689
 31
0.0
  0
LINE
  5
DC6
330
1F
100
AcDbEntity
  8
0
100
AcDbLine
 10
2878.754146058471
 20
1403.563952049697
 30
0.0
 11
2878.754146058464
 21
1406.613952049697
 31
0.0
  0
LINE
  5
DC7
330
1F
100
AcDbEntity
  8
0
100
AcDbLine
 10
2878.90414605847
 20
1403.713952049698
 30
0.0
 11
2878.904146058465
 21
1406.613952049698
 31
0.0
  0
LINE
  5
DC8
330
1F
100
AcDbEntity
  8
0
100
AcDbLine
 10
2876.603915289234
 20
1406.713952049693
 30
0.0
 11
2876.603915289228
 21
1409.463952049693
 31
0.0
  0
LINE
  5
DC9
330
1F
100
AcDbEntity
  8
0
100
AcDbLine
 10
2876.453915289234
 20
1406.613952049693
 30
0.0
 11
2876.453915289228
 21
1409.463952049693
 31
0.0
  0
LINE
  5
DCA
330
1F
100
AcDbEntity
  8
0
100
AcDbLine
 10
2872.073911509226
 20
1412.313952049683
 30
0.0
 11
2872.073911509218
 21
1416.063952049682
 31
0.0
  0
LINE
  5
DCB
330
1F
100
AcDbEntity
  8
0
100
AcDbLine
 10
2872.223911509226
 20
1412.413952049684
 30
0.0
 11
2872.223911509219
 21
1415.913952049684
 31
0.0
  0
LINE
  5
DCC
330
1F
100
AcDbEntity
  8
0
100
AcDbLine
 10
2876.319097201913
 20
1415.913952049692
 30
0.0
 11
2876.31909720192
 21
1412.413952049692
 31
0.0
  0
LINE
  5
DCD
330
1F
100
AcDbEntity
  8
0
100
AcDbLine
 10
2877.434368322693
 20
1409.563952049695
 30
0.0
 11
2877.434368322688
 21
1412.313952049694
 31
0.0
  0
LINE
  5
DCE
330
1F
100
AcDbEntity
  8
0
100
AcDbLine
 10
2880.659099091929
 20
1406.713952049701
 30
0.0
 11
2880.659099091924
 21
1409.463952049701
 31
0.0
  0
LINE
  5
DCF
330
1F
100
AcDbEntity
  8
0
100
AcDbLine
 10
2882.48421447655
 20
1403.713952049705
 30
0.0
 11
2882.484214476544
 21
1406.613952049705
 31
0.0
  0
LINE
  5
DD0
330
1F
100
AcDbEntity
  8
0
100
AcDbLine
 10
2872.223911509219
 20
1415.913952049683
 30
0.0
 11
2876.31909720192
 21
1412.413952049692
 31
0.0
  0
LINE
  5
DD1
330
1F
100
AcDbEntity
  8
0
100
AcDbLine
 10
2872.223911509226
 20
1412.413952049684
 30
0.0
 11
2876.319097201913
 21
1415.913952049692
 31
0.0
  0
LINE
  5
DD2
330
1F
100
AcDbEntity
  8
0
100
AcDbLine
 10
2874.454453750761
 20
1412.313952049688
 30
0.0
 11
2877.434368322693
 21
1409.563952049695
 31
0.0
  0
LINE
  5
DD3
330
1F
100
AcDbEntity
  8
0
100
AcDbLine
 10
2874.454453750766
 20
1409.563952049689
 30
0.0
 11
2877.434368322688
 21
1412.313952049694
 31
0.0
  0
LINE
  5
DD4
330
1F
100
AcDbEntity
  8
0
100
AcDbLine
 10
2876.603915289228
 20
1409.463952049693
 30
0.0
 11
2880.659099091929
 21
1406.713952049701
 31
0.0
  0
LINE
  5
DD5
330
1F
100
AcDbEntity
  8
0
100
AcDbLine
 10
2876.603915289234
 20
1406.713952049693
 30
0.0
 11
2880.659099091924
 21
1409.463952049701
 31
0.0
  0
LINE
  5
DD6
330
1F
100
AcDbEntity
  8
0
100
AcDbLine
 10
2878.904146058465
 20
1406.613952049698
 30
0.0
 11
2882.48421447655
 21
1403.713952049705
 31
0.0
  0
LINE
  5
DD7
330
1F
100
AcDbEntity
  8
0
100
AcDbLine
 10
2878.90414605847
 20
1403.713952049698
 30
0.0
 11
2882.484214476544
 21
1406.613952049705
 31
0.0
  0
MTEXT
  5
DD8
330
1F
100
AcDbEntity
  8
0
  6
BYBLOCK
 62
     0
100
AcDbMText
 10
2899.896549243367
 20
1427.314120822393
 30
0.0
 40
0.3
 41
9.888969489610965
 71
     8
 72
     5
  1
{\T1.5;\LGROUND =3529.00 }
  7
AN
1001
ACAD
1000
ACAD_MTEXT_DEFINED_HEIGHT_BEGIN
1070
    46
1040
0.6826164889145234
1000
ACAD_MTEXT_DEFINED_HEIGHT_END
  0
MTEXT
  5
DD9
330
1F
100
AcDbEntity
  8
0
  6
BYBLOCK
 62
     0
100
AcDbMText
 10
2900.18992165272
 20
1426.719621009904
 30
0.0
 40
0.3
 41
9.888969489610965
 71
     8
 72
     5
  1
{\T1.5;\LFIRST =3488.00 }
  7
AN
1001
ACAD
1000
ACAD_MTEXT_DEFINED_HEIGHT_BEGIN
1070
    46
1040
0.6826164889145234
1000
ACAD_MTEXT_DEFINED_HEIGHT_END
  0
MTEXT
  5
DDA
330
1F
100
AcDbEntity
  8
0
  6
BYBLOCK
 62
     0
100
AcDbMText
 10
2899.89654924337
 20
1426.180421048926
 30
0.0
 40
0.3
 41
9.888969489610965
 71
     8
 72
     5
  1
{\T1.5;\L5406X4  =21624.00 }
  7
AN
1001
ACAD
1000
ACAD_MTEXT_DEFINED_HEIGHT_BEGIN
1070
    46
1040
0.6826164889145234
1000
ACAD_MTEXT_DEFINED_HEIGHT_END
  0
MTEXT
  5
DDB
330
1F
100
AcDbEntity
  8
0
  6
BYBLOCK
 62
     0
100
AcDbMText
 10
2899.896549243371
 20
1425.613572812737
 30
0.0
 40
0.3
 41
9.888969489610965
 71
     8
 72
     5
  1
{\T1.5;\LGROUND =28641.00 }
  7
AN
1001
ACAD
1000
ACAD_MTEXT_DEFINED_HEIGHT_BEGIN
1070
    46
1040
0.6826164889145234
1000
ACAD_MTEXT_DEFINED_HEIGHT_END
  0
LINE
  5
DDC
330
1F
100
AcDbEntity
  8
0
100
AcDbLine
 10
2884.964282894579
 20
1431.23104810979
 30
0.0
 11
2886.214282894575
 21
1431.231048109792
 31
0.0
  0
LINE
  5
DDD
330
1F
100
AcDbEntity
  8
0
100
AcDbLine
 10
2884.964282894578
 20
1431.33104810979
 30
0.0
 11
2886.214282894575
 21
1431.331048109792
 31
0.0
  0
MTEXT
  5
DDE
330
1F
100
AcDbEntity
  8
TEXT
  6
BYBLOCK
100
AcDbMText
 10
2878.248266437095
 20
1413.964549417606
 30
0.0
 40
0.2
 41
2.098717854366761
 71
     8
 72
     5
  1
LOFT
  7
AN
1001
ACAD
1000
ACAD_MTEXT_DEFINED_HEIGHT_BEGIN
1070
    46
1040
1.835570745916574
1000
ACAD_MTEXT_DEFINED_HEIGHT_END
  0
MTEXT
  5
DDF
330
1F
100
AcDbEntity
  8
TEXT
  6
BYBLOCK
100
AcDbMText
 10
2878.852389909867
 20
1410.913434908413
 30
0.0
 40
0.2
 41
2.098717854366761
 71
     8
 72
     5
  1
LOFT
  7
AN
1001
ACAD
1000
ACAD_MTEXT_DEFINED_HEIGHT_BEGIN
1070
    46
1040
1.835570745916574
1000
ACAD_MTEXT_DEFINED_HEIGHT_END
  0
MTEXT
  5
DE0
330
1F
100
AcDbEntity
  8
TEXT
  6
BYBLOCK
100
AcDbMText
 10
2882.737582052048
 20
1408.062387880768
 30
0.0
 40
0.2
 41
2.098717854366761
 71
     8
 72
     5
  1
LOFT
  7
AN
1001
ACAD
1000
ACAD_MTEXT_DEFINED_HEIGHT_BEGIN
1070
    46
1040
1.835570745916574
1000
ACAD_MTEXT_DEFINED_HEIGHT_END
  0
MTEXT
  5
DE1
330
1F
100
AcDbEntity
  8
TEXT
  6
BYBLOCK
100
AcDbMText
 10
2883.982255211455
 20
1405.210249843035
 30
0.0
 40
0.2
 41
2.098717854366761
 71
     8
 72
     5
  1
LOFT
  7
AN
1001
ACAD
1000
ACAD_MTEXT_DEFINED_HEIGHT_BEGIN
1070
    46
1040
1.835570745916574
1000
ACAD_MTEXT_DEFINED_HEIGHT_END
  0
DIMENSION
  5
DE2
102
{ACAD_REACTORS
330
DE4
102
}
102
{ACAD_XDICTIONARY
360
DE3
102
}
330
1F
100
AcDbEntity
  8
0
100
AcDbDimension
  2
*D21
 10
2870.253310419666
 20
1383.530756236099
 30
0.0
 11
2871.650726349088
 21
1384.584192859822
 31
0.0
 70
    33
  3
DIM
100
AcDbAlignedDimension
 13
2873.048142278509
 23
1385.637629483544
 33
0.0
 14
2870.253310419666
 24
1383.530756236099
 34
0.0
  0
DIMENSION
  5
DE5
102
{ACAD_REACTORS
330
DE7
102
}
102
{ACAD_XDICTIONARY
360
DE6
102
}
330
1F
100
AcDbEntity
  8
0
100
AcDbDimension
  2
*D22
 10
2874.701002727371
 20
1377.630756236107
 30
0.0
 11
2876.098418656793
 21
1378.684192859829
 31
0.0
 70
    33
  3
DIM
100
AcDbAlignedDimension
 13
2877.495834586213
 23
1379.737629483552
 33
0.0
 14
2874.701002727371
 24
1377.630756236108
 34
0.0
  0
MTEXT
  5
DE8
330
1F
100
AcDbEntity
  8
0
  6
BYBLOCK
 62
     0
100
AcDbMText
 10
2893.554282894589
 20
1425.285426909649
 30
0.0
 40
0.3
 41
9.888969489610965
 71
     8
 72
     5
  1
{\T1.5;\L36.36 M.}
  7
AN
1001
ACAD
1000
ACAD_MTEXT_DEFINED_HEIGHT_BEGIN
1070
    46
1040
0.6826164889145234
1000
ACAD_MTEXT_DEFINED_HEIGHT_END
  0
MTEXT
  5
DE9
330
1F
100
AcDbEntity
  8
0
  6
BYBLOCK
 62
     0
100
AcDbMText
 10
2893.554282894551
 20
1444.217097688404
 30
0.0
 40
0.3
 41
9.888969489610965
 71
     8
 72
     5
  1
{\T1.5;\L51.06 M.}
  7
AN
1001
ACAD
1000
ACAD_MTEXT_DEFINED_HEIGHT_BEGIN
1070
    46
1040
0.6826164889145234
1000
ACAD_MTEXT_DEFINED_HEIGHT_END
  0
MTEXT
  5
DEA
330
1F
100
AcDbEntity
  8
0
  6
BYBLOCK
 62
     0
100
AcDbMText
 10
2911.399050643264
 20
1434.527938839204
 30
0.0
 40
0.3
 41
9.888969489610965
 71
     8
 72
     5
  1
{\T1.5;\L19.50 M.}
  7
AN
 11
1.101411331194886E-11
 21
1.0
 31
0.0
1001
ACAD
1000
ACAD_MTEXT_DEFINED_HEIGHT_BEGIN
1070
    46
1040
0.6826164889145234
1000
ACAD_MTEXT_DEFINED_HEIGHT_END
  0
MTEXT
  5
DEB
330
1F
100
AcDbEntity
  8
0
  6
BYBLOCK
 62
     0
100
AcDbMText
 10
2893.554282894639
 20
1400.668330849569
 30
0.0
 40
0.3
 41
9.888969489610965
 71
     8
 72
     5
  1
{\T1.5;\L36.36 M.}
  7
AN
1001
ACAD
1000
ACAD_MTEXT_DEFINED_HEIGHT_BEGIN
1070
    46
1040
0.6826164889145234
1000
ACAD_MTEXT_DEFINED_HEIGHT_END
  0
MTEXT
  5
DEC
330
1F
100
AcDbEntity
  8
0
  6
BYBLOCK
 62
     0
100
AcDbMText
 10
2893.554282894601
 20
1419.600001628324
 30
0.0
 40
0.3
 41
9.888969489610965
 71
     8
 72
     5
  1
{\T1.5;\L51.06 M.}
  7
AN
1001
ACAD
1000
ACAD_MTEXT_DEFINED_HEIGHT_BEGIN
1070
    46
1040
0.6826164889145234
1000
ACAD_MTEXT_DEFINED_HEIGHT_END
  0
MTEXT
  5
DED
330
1F
100
AcDbEntity
  8
0
  6
BYBLOCK
 62
     0
100
AcDbMText
 10
2911.399050643313
 20
1409.910842779123
 30
0.0
 40
0.3
 41
9.888969489610965
 71
     8
 72
     5
  1
{\T1.5;\L19.50 M.}
  7
AN
 11
1.101411331194886E-11
 21
1.0
 31
0.0
1001
ACAD
1000
ACAD_MTEXT_DEFINED_HEIGHT_BEGIN
1070
    46
1040
0.6826164889145234
1000
ACAD_MTEXT_DEFINED_HEIGHT_END
  0
MTEXT
  5
DEE
330
1F
100
AcDbEntity
  8
0
  6
BYBLOCK
 62
     0
100
AcDbMText
 10
2893.554282894687
 20
1376.842008283426
 30
0.0
 40
0.3
 41
9.888969489610965
 71
     8
 72
     5
  1
{\T1.5;\L36.36 M.}
  7
AN
1001
ACAD
1000
ACAD_MTEXT_DEFINED_HEIGHT_BEGIN
1070
    46
1040
0.6826164889145234
1000
ACAD_MTEXT_DEFINED_HEIGHT_END
  0
MTEXT
  5
DEF
330
1F
100
AcDbEntity
  8
0
  6
BYBLOCK
 62
     0
100
AcDbMText
 10
2893.554282894649
 20
1395.773679062182
 30
0.0
 40
0.3
 41
9.888969489610965
 71
     8
 72
     5
  1
{\T1.5;\L51.06 M.}
  7
AN
1001
ACAD
1000
ACAD_MTEXT_DEFINED_HEIGHT_BEGIN
1070
    46
1040
0.6826164889145234
1000
ACAD_MTEXT_DEFINED_HEIGHT_END
  0
MTEXT
  5
DF0
330
1F
100
AcDbEntity
  8
0
  6
BYBLOCK
 62
     0
100
AcDbMText
 10
2911.399050643361
 20
1386.084520212981
 30
0.0
 40
0.3
 41
9.888969489610965
 71
     8
 72
     5
  1
{\T1.5;\L19.50 M.}
  7
AN
 11
1.101411331194886E-11
 21
1.0
 31
0.0
1001
ACAD
1000
ACAD_MTEXT_DEFINED_HEIGHT_BEGIN
1070
    46
1040
0.6826164889145234
1000
ACAD_MTEXT_DEFINED_HEIGHT_END
  0
LWPOLYLINE
  5
DF1
330
1F
100
AcDbEntity
  8
0
100
AcDbPolyline
 90
        4
 70
     1
 43
0.0
 10
2840.794018065528
 20
1466.700214533723
 10
2939.732315071527
 20
1466.700214533922
 10
2939.732315071767
 20
1348.141944444135
 10
2840.794018065767
 20
1348.141944443936
  0
LINE
  5
DF2
330
1F
100
AcDbEntity
  8
0
100
AcDbLine
 10
2902.15456691734
 20
1425.404724503053
 30
0.0
 11
2902.154566917336
 21
1427.947033353189
 31
0.0
  0
ENDSEC
  0
SECTION
  2
OBJECTS
  0
DICTIONARY
  5
C
330
0
100
AcDbDictionary
  3
ACAD_CIP_PREVIOUS_PRODUCT_INFO
350
216
  3
ACAD_COLOR
350
6B
  3
ACAD_DETAILVIEWSTYLE
350
21B
  3
ACAD_GROUP
350
D
  3
ACAD_LAST_SAVED_VERSION_INFO
350
EF3
  3
ACAD_LAYOUT
350
1A
  3
ACAD_MATERIAL
350
6A
  3
ACAD_MLEADERSTYLE
350
12D
  3
ACAD_MLINESTYLE
350
17
  3
ACAD_PLOTSETTINGS
350
19
  3
ACAD_SCALELIST
350
10C
  3
ACAD_SECTIONVIEWSTYLE
350
219
  3
ACAD_VISUALSTYLE
350
EF
  3
ACAD_WIPEOUT_VARS
350
F1F
  3
ACDBHEADERROUNDTRIPXREC
350
EF4
  3
ACDBVARIABLEDICTIONARY
350
384
  3
DWGPROPS
350
F19
  0
DICTIONARY
  5
F1A
330
8
100
AcDbDictionary
280
     1
  3
ACAD_XREC_ROUNDTRIP
360
F1B
  0
DICTIONARY
  5
1FF
330
2
100
AcDbDictionary
280
     1
  3
ACAD_LAYERSTATES
360
200
  0
DICTIONARY
  5
2C2
330
2C1
100
AcDbDictionary
280
     1
  3
ACAD_SORTENTS
360
2C3
  0
DICTIONARY
  5
A18
330
A17
100
AcDbDictionary
280
     1
  3
ACAD_DIMASSOC
360
A19
  0
DICTIONARY
  5
A1B
330
A1A
100
AcDbDictionary
280
     1
  3
ACAD_DIMASSOC
360
A1C
  0
DICTIONARY
  5
A1E
330
A1D
100
AcDbDictionary
280
     1
  3
ACAD_DIMASSOC
360
A1F
  0
DICTIONARY
  5
A3C
330
A3B
100
AcDbDictionary
280
     1
  3
ACAD_DIMASSOC
360
A3D
  0
DICTIONARY
  5
AD5
330
AD4
100
AcDbDictionary
280
     1
  3
ACAD_DIMASSOC
360
AD6
  0
DICTIONARY
  5
B2E
330
B2D
100
AcDbDictionary
280
     1
  3
ACAD_DIMASSOC
360
B2F
  0
DICTIONARY
  5
B31
330
B30
100
AcDbDictionary
280
     1
  3
ACAD_DIMASSOC
360
B32
  0
DICTIONARY
  5
B36
330
B35
100
AcDbDictionary
280
     1
  3
ACAD_DIMASSOC
360
B37
  0
DICTIONARY
  5
B39
330
B38
100
AcDbDictionary
280
     1
  0
DICTIONARY
  5
B3C
330
B3B
100
AcDbDictionary
280
     1
  0
DICTIONARY
  5
B3F
330
B3E
100
AcDbDictionary
280
     1
  0
DICTIONARY
  5
B42
330
B41
100
AcDbDictionary
280
     1
  0
DICTIONARY
  5
B45
330
B44
100
AcDbDictionary
280
     1
  0
DICTIONARY
  5
B48
330
B47
100
AcDbDictionary
280
     1
  0
DICTIONARY
  5
B4B
330
B4A
100
AcDbDictionary
280
     1
  0
DICTIONARY
  5
B4E
330
B4D
100
AcDbDictionary
280
     1
  0
DICTIONARY
  5
B51
330
B50
100
AcDbDictionary
280
     1
  0
DICTIONARY
  5
B54
330
B53
100
AcDbDictionary
280
     1
  0
DICTIONARY
  5
B57
330
B56
100
AcDbDictionary
280
     1
  0
DICTIONARY
  5
B5A
330
B59
100
AcDbDictionary
280
     1
  0
DICTIONARY
  5
B64
330
B63
100
AcDbDictionary
280
     1
  0
DICTIONARY
  5
B67
330
B66
100
AcDbDictionary
280
     1
  0
DICTIONARY
  5
B6A
330
B69
100
AcDbDictionary
280
     1
  0
DICTIONARY
  5
B6D
330
B6C
100
AcDbDictionary
280
     1
  0
DICTIONARY
  5
B70
330
B6F
100
AcDbDictionary
280
     1
  0
DICTIONARY
  5
B73
330
B72
100
AcDbDictionary
280
     1
  0
DICTIONARY
  5
D20
330
D1F
100
AcDbDictionary
280
     1
  3
ACAD_DIMASSOC
360
D21
  0
DICTIONARY
  5
D23
330
D22
100
AcDbDictionary
280
     1
  3
ACAD_DIMASSOC
360
D24
  0
DICTIONARY
  5
D26
330
D25
100
AcDbDictionary
280
     1
  3
ACAD_DIMASSOC
360
D27
  0
DICTIONARY
  5
D47
330
D46
100
AcDbDictionary
280
     1
  3
ACAD_DIMASSOC
360
D48
  0
DICTIONARY
  5
DA8
330
DA7
100
AcDbDictionary
280
     1
  0
DICTIONARY
  5
DAB
330
DAA
100
AcDbDictionary
280
     1
  0
DICTIONARY
  5
DAE
330
DAD
100
AcDbDictionary
280
     1
  0
DICTIONARY
  5
DB1
330
DB0
100
AcDbDictionary
280
     1
  0
DICTIONARY
  5
DB4
330
DB3
100
AcDbDictionary
280
     1
  0
DICTIONARY
  5
DB7
330
DB6
100
AcDbDictionary
280
     1
  0
DICTIONARY
  5
DBA
330
DB9
100
AcDbDictionary
280
     1
  0
DICTIONARY
  5
DBD
330
DBC
100
AcDbDictionary
280
     1
  0
DICTIONARY
  5
DC0
330
DBF
100
AcDbDictionary
280
     1
  0
DICTIONARY
  5
DE3
330
DE2
100
AcDbDictionary
280
     1
  3
ACAD_DIMASSOC
360
DE4
  0
DICTIONARY
  5
DE6
330
DE5
100
AcDbDictionary
280
     1
  3
ACAD_DIMASSOC
360
DE7
  0
XRECORD
  5
216
102
{ACAD_REACTORS
330
C
102
}
330
C
100
AcDbXrecord
300
ACD
300
2025
300

  0
DICTIONARY
  5
6B
102
{ACAD_REACTORS
330
C
102
}
330
C
100
AcDbDictionary
  0
DICTIONARY
  5
21B
102
{ACAD_REACTORS
330
C
102
}
330
C
100
AcDbDictionary
  3
METRIC50
350
21C
  0
DICTIONARY
  5
D
102
{ACAD_REACTORS
330
C
102
}
330
C
100
AcDbDictionary
  0
XRECORD
  5
EF3
102
{ACAD_REACTORS
330
C
102
}
330
C
100
AcDbXrecord
300
{5E29B3B6-6817-A543-BF5C-762531004B5F}
301
{EDC2743A-41FB-0B4D-B144-97D3AE2115DC}
302
{5E29B3B6-6817-A543-BF5C-762531004B5F}
303
C:\Users\sushi\Desktop\PROJECT A-16\Plans\1.dwg
  0
DICTIONARY
  5
1A
102
{ACAD_REACTORS
330
C
102
}
330
C
100
AcDbDictionary
  0
DICTIONARY
  5
6A
102
{ACAD_REACTORS
330
C
102
}
330
C
100
AcDbDictionary
  3
BYBLOCK
350
ED
  3
BYLAYER
350
EC
  3
GLOBAL
350
EE
  0
DICTIONARY
  5
12D
102
{ACAD_REACTORS
330
C
102
}
330
C
100
AcDbDictionary
  3
ANNOTATIVE
350
13B
  3
STANDARD
350
12E
  0
DICTIONARY
  5
17
102
{ACAD_REACTORS
330
C
102
}
330
C
100
AcDbDictionary
  3
STANDARD
350
18
  0
DICTIONARY
  5
19
102
{ACAD_REACTORS
330
C
102
}
330
C
100
AcDbDictionary
  0
DICTIONARY
  5
10C
102
{ACAD_REACTORS
330
C
102
}
330
C
100
AcDbDictionary
  3
A0
350
10D
  3
A1
350
1BE
  3
A2
350
1BF
  3
A3
350
1C0
  3
A4
350
1C1
  3
A5
350
1C2
  3
A6
350
1C3
  3
A7
350
1C4
  3
A8
350
1C5
  3
A9
350
1C6
  3
B0
350
1C7
  3
B1
350
1C8
  3
B2
350
1C9
  3
B3
350
1CA
  3
B4
350
1CB
  3
B5
350
1CC
  3
B6
350
1CD
  0
DICTIONARY
  5
219
102
{ACAD_REACTORS
330
C
102
}
330
C
100
AcDbDictionary
  3
METRIC50
350
21A
  0
DICTIONARY
  5
EF
102
{ACAD_REACTORS
330
C
102
}
330
C
100
AcDbDictionary
  3
2DWIREFRAME
350
F5
  3
BASIC
350
F4
  3
BRIGHTEN
350
FB
  3
COLORCHANGE
350
FF
  3
CONCEPTUAL
350
F8
  3
DIM
350
FA
  3
EDGECOLOROFF
350
1E6
  3
FACEPATTERN
350
FE
  3
FLAT
350
F0
  3
FLATWITHEDGES
350
F1
  3
GOURAUD
350
F2
  3
GOURAUDWITHEDGES
350
F3
  3
HIDDEN
350
F7
  3
JITTEROFF
350
1E4
  3
LINEPATTERN
350
FD
  3
OVERHANGOFF
350
1E5
  3
REALISTIC
350
F9
  3
SHADED
350
1F3
  3
SHADED_WITH_EDGES
350
1F2
  3
SHADES_OF_GRAY
350
1EF
  3
SKETCHY
350
1F0
  3
THICKEN
350
FC
  3
WIREFRAME
350
F6
  3
X-RAY
350
1F1
  0
WIPEOUTVARIABLES
  5
F1F
102
{ACAD_REACTORS
330
C
102
}
330
C
100
AcDbWipeoutVariables
 70
     0
  0
DICTIONARY
  5
EF4
102
{ACAD_REACTORS
330
C
102
}
330
C
100
AcDbDictionary
  3
CEPSNID
350
EFE
  3
CEPSNTYPE
350
EFD
  3
COLORDICT
350
F17
  3
DIMSTYLEDATA
350
F14
  3
FINGERPRINTGUID
350
EFF
  3
HYPERLINKBASE
350
EF7
  3
INSUNITS
350
EFC
  3
LAYOUTDICT
350
EF9
  3
LWETCUNION
350
EFB
  3
MATERIALDICT
350
F18
  3
PLOTSETDICT
350
EFA
  3
PSVPSCALE
350
F01
  3
PUCSBASE
350
F04
  3
PUCSORGBACK
350
F0A
  3
PUCSORGBOTTOM
350
F06
  3
PUCSORGFRONT
350
F09
  3
PUCSORGLEFT
350
F07
  3
PUCSORGRIGHT
350
F08
  3
PUCSORGTOP
350
F05
  3
PUCSORTHOREF
350
F02
  3
PUCSORTHOVIEW
350
F03
  3
STYLESHEET
350
EF8
  3
TSTACKALIGN
350
EF5
  3
TSTACKSIZE
350
EF6
  3
UCSBASE
350
F0D
  3
UCSORGBACK
350
F13
  3
UCSORGBOTTOM
350
F0F
  3
UCSORGFRONT
350
F12
  3
UCSORGLEFT
350
F10
  3
UCSORGRIGHT
350
F11
  3
UCSORGTOP
350
F0E
  3
UCSORTHOREF
350
F0B
  3
UCSORTHOVIEW
350
F0C
  3
VERSIONGUID
350
F00
  0
DICTIONARY
  5
384
102
{ACAD_REACTORS
330
C
102
}
330
C
100
AcDbDictionary
  3
#REVCLOUDAPPROXARCLEN
350
385
  3
ANNOALLVISIBLE
350
386
  3
CANNOSCALE
350
387
  3
CENTEREXE
350
388
  3
CMLEADERSTYLE
350
389
  3
CTABLESTYLE
350
38A
  3
CVIEWDETAILSTYLE
350
38B
  3
CVIEWSECTIONSTYLE
350
38C
  3
DGNFRAME
350
38D
  3
DIMADEC
350
38E
  3
DIMASSOC
350
38F
  3
DWFFRAME
350
390
  3
EXPORTPAPERSPACE
350
391
  3
HIDETEXT
350
392
  3
HPCOLOR
350
393
  3
HPINHERIT
350
394
  3
HPLAYER
350
395
  3
HPTRANSPARENCY
350
396
  3
INDEXCTL
350
397
  3
LAYEREVAL
350
398
  3
LAYERNOTIFY
350
399
  3
LIGHTINGUNITS
350
39A
  3
MLEADERSCALE
350
39B
  3
MSLTSCALE
350
39C
  3
OLEFRAME
350
39D
  3
PDFFRAME
350
39E
  3
PSOLHEIGHT
350
F16
  3
PSOLWIDTH
350
F15
  3
SOLIDHIST
350
39F
  3
SORTENTS
350
3A0
  3
WIPEOUTFRAME
350
3A1
  0
XRECORD
  5
F19
102
{ACAD_REACTORS
330
C
102
}
330
C
100
AcDbXrecord
  1
DWGPROPS COOKIE
  2

  3

  4

  6

  7

  8
cmdrun
  9

300
=
301
=
302
=
303
=
304
=
305
=
306
=
307
=
308
=
309
=
 40
0.0
 41
2460873.234236111
 42
2460942.864441713
  1

 90
        0
  0
XRECORD
  5
F1B
102
{ACAD_REACTORS
330
F1A
102
}
330
F1A
100
AcDbXrecord
102
VTR_0.000_0.000_1.000_1.000_VISUALSTYLE
340
F5
102
VTR_0.000_0.000_1.000_1.000_GRIDDISPLAY
 70
     3
102
VTR_0.000_0.000_1.000_1.000_GRIDMAJOR
 70
     5
102
VTR_0.000_0.000_1.000_1.000_DEFAULTLIGHTING
280
     1
102
VTR_0.000_0.000_1.000_1.000_DEFAULTLIGHTINGTYPE
 70
     1
102
VTR_0.000_0.000_1.000_1.000_BRIGHTNESS
141
0.0
102
VTR_0.000_0.000_1.000_1.000_CONTRAST
142
0.0
  0
DICTIONARY
  5
200
102
{ACAD_REACTORS
330
1FF
102
}
330
1FF
100
AcDbDictionary
  0
SORTENTSTABLE
  5
2C3
102
{ACAD_REACTORS
330
2C2
102
}
330
2C2
100
AcDbSortentsTable
330
2C1
  0
ACAD_PROXY_OBJECT
  5
A19
102
{ACAD_REACTORS
330
A18
102
}
330
A18
100
AcDbProxyObject
 90
      499
 91
      518
 93
      772
310
40C0088A0B1A23127B9B730B82837B4B73A2932B3012028151760000000001C07F5111416344624F736E6170506F696E745265660840502A037E62C2FCD9738FEAA2282C688C49EE6DCC2E0A0DED2DCE8A4CACC0480A0545D8000000000701FD40
330
A17
330
9C3
330
8D0
330
9C3
 94
        0
  0
ACAD_PROXY_OBJECT
  5
A1C
102
{ACAD_REACTORS
330
A1B
102
}
330
A1B
100
AcDbProxyObject
 90
      499
 91
      518
 93
      521
310
4080088A0B1A23127B9B730B82837B4B73A2932B3042028151ED24ED0EB6CFCA7F5511416344624F736E6170506F696E745265660140502A689A647EC50E1B614A00
330
A1A
330
8D0
330
9F2
 94
        0
  0
ACAD_PROXY_OBJECT
  5
A1F
102
{ACAD_REACTORS
330
A1E
102
}
330
A1E
100
AcDbProxyObject
 90
      499
 91
      518
 93
      772
310
40C0088A0B1A23127B9B730B82837B4B73A2932B30520281516DCDE028E82F6E7F5111416344624F736E6170506F696E745265660840502A0D61C1C62911378FEAA2282C688C49EE6DCC2E0A0DED2DCE8A4CACC1480A0545B73780A3A0BDB9FD40
330
A1D
330
953
330
8CF
330
953
 94
        0
  0
ACAD_PROXY_OBJECT
  5
A3D
102
{ACAD_REACTORS
330
A3C
102
}
330
A3C
100
AcDbProxyObject
 90
      499
 91
      518
 93
      772
310
40C0088A0B1A23127B9B730B82837B4B73A2932B30520281511A641C0D6B2BBC7F5111416344624F736E6170506F696E745265660840502A0EE413C6B601768FEAA2282C688C49EE6DCC2E0A0DED2DCE8A4CACC1480A054469907035ACAEF1FD40
330
A3B
330
8CE
330
913
330
8CE
 94
        0
  0
ACAD_PROXY_OBJECT
  5
AD6
102
{ACAD_REACTORS
330
AD5
102
}
330
AD5
100
AcDbProxyObject
 90
      499
 91
      518
 93
      270
310
4040088A0B1A23127B9B730B82837B4B73A2932B30520281511A641C0D6B2BBC7F50
330
AD4
330
A6B
 94
        0
  0
ACAD_PROXY_OBJECT
  5
B2F
102
{ACAD_REACTORS
330
B2E
102
}
330
B2E
100
AcDbProxyObject
 90
      499
 91
      518
 93
      772
310
40C0088A0B1A23127B9B730B82837B4B73A2932B3012028150000000000001C07F5111416344624F736E6170506F696E745265660840502A0A5F2D99DEEDB9CFEAA2282C688C49EE6DCC2E0A0DED2DCE8A4CACC0480A054000000000000701FD40
330
B2D
330
B27
330
A6D
330
B27
 94
        0
  0
ACAD_PROXY_OBJECT
  5
B32
102
{ACAD_REACTORS
330
B31
102
}
330
B31
100
AcDbProxyObject
 90
      499
 91
      518
 93
      521
310
40C0088A0B1A23127B9B730B82837B4B73A2932B3052028150F5F0DCD5BD41A67F5111416344624F736E6170506F696E745265660240502A04BFFFFFFFFFF7CFEA00
330
B30
330
A6B
330
A6C
 94
        0
  0
ACAD_PROXY_OBJECT
  5
B37
102
{ACAD_REACTORS
330
B36
102
}
330
B36
100
AcDbProxyObject
 90
      499
 91
      518
 93
      521
310
40C0088A0B1A23127B9B730B82837B4B73A2932B3052028151C57A5B28EF41A87F5111416344624F736E6170506F696E745265660D40502AA89A647EC50E1B614A00
330
B35
330
A70
330
A79
 94
        0
  0
ACAD_PROXY_OBJECT
  5
D21
102
{ACAD_REACTORS
330
D20
102
}
330
D20
100
AcDbProxyObject
 90
      499
 91
      518
 93
      772
310
40C0088A0B1A23127B9B730B82837B4B73A2932B3012028151760000000001C07F5111416344624F736E6170506F696E745265660840502A037E62C2FCD9738FEAA2282C688C49EE6DCC2E0A0DED2DCE8A4CACC0480A0545D8000000000701FD40
330
D1F
330
CAE
330
B79
330
CAE
 94
        0
  0
ACAD_PROXY_OBJECT
  5
D24
102
{ACAD_REACTORS
330
D23
102
}
330
D23
100
AcDbProxyObject
 90
      499
 91
      518
 93
      521
310
4080088A0B1A23127B9B730B82837B4B73A2932B3042028151ED24ED0EB6CFCA7F5511416344624F736E6170506F696E745265660140502A689A647EC50E1B614A00
330
D22
330
B79
330
CDE
 94
        0
  0
ACAD_PROXY_OBJECT
  5
D27
102
{ACAD_REACTORS
330
D26
102
}
330
D26
100
AcDbProxyObject
 90
      499
 91
      518
 93
      772
310
40C0088A0B1A23127B9B730B82837B4B73A2932B30520281516DCDE028E82F6E7F5111416344624F736E6170506F696E745265660840502A0D61C1C62911378FEAA2282C688C49EE6DCC2E0A0DED2DCE8A4CACC1480A0545B73780A3A0BDB9FD40
330
D25
330
C3E
330
B77
330
C3E
 94
        0
  0
ACAD_PROXY_OBJECT
  5
D48
102
{ACAD_REACTORS
330
D47
102
}
330
D47
100
AcDbProxyObject
 90
      499
 91
      518
 93
      772
310
40C0088A0B1A23127B9B730B82837B4B73A2932B30520281511A641C0D6B2BBC7F5111416344624F736E6170506F696E745265660840502A0EE413C6B601768FEAA2282C688C49EE6DCC2E0A0DED2DCE8A4CACC1480A054469907035ACAEF1FD40
330
D46
330
B76
330
BF6
330
B76
 94
        0
  0
ACAD_PROXY_OBJECT
  5
DE4
102
{ACAD_REACTORS
330
DE3
102
}
330
DE3
100
AcDbProxyObject
 90
      499
 91
      518
 93
      772
310
40C0088A0B1A23127B9B730B82837B4B73A2932B306A02815544D323F62870DB0A5111416344624F736E6170506F696E745265660840502A031D7FECE792F58FEAA2282C688C49EE6DCC2E0A0DED2DCE8A4CACC1A80A0555134C8FD8A1C36C2940
330
DE2
330
BAA
330
B7A
330
BAA
 94
        0
  0
ACAD_PROXY_OBJECT
  5
DE7
102
{ACAD_REACTORS
330
DE6
102
}
330
DE6
100
AcDbProxyObject
 90
      499
 91
      518
 93
      772
310
40C0088A0B1A23127B9B730B82837B4B73A2932B306A02815544D323F62870DB0A5111416344624F736E6170506F696E745265660840502A25FAC44151DCE9CFEAA2282C688C49EE6DCC2E0A0DED2DCE8A4CACC1A80A0555134C8FD8A1C36C2940
330
DE5
330
D6A
330
B7A
330
D6A
 94
        0
  0
ACAD_PROXY_OBJECT
  5
21C
102
{ACAD_REACTORS
330
21B
102
}
330
21B
100
AcDbProxyObject
 90
      499
 91
      516
 93
      877
310
9084D65747269633530481E0000000000000A20500E0000000000000A20233E0000000000000A20400000000000017202029B929E2E20B1AB30B9102B34B2BBA232BA30B4B624B21F129014129E2E20B1AB30B9102B34B2BBA9B1B0B632902E33101112B9B7111F1294A33A33800
340
11
340
0
340
16
340
11
340
16
340
16
 94
        0
  0
MATERIAL
  5
ED
102
{ACAD_REACTORS
330
6A
102
}
102
{ACAD_XDICTIONARY
360
1F9
102
}
330
6A
100
AcDbMaterial
  1
BYBLOCK
 73
     2
 78
     2
172
     2
176
     2
270
     2
274
     2
  0
MATERIAL
  5
EC
102
{ACAD_REACTORS
330
6A
102
}
102
{ACAD_XDICTIONARY
360
1F7
102
}
330
6A
100
AcDbMaterial
  1
BYLAYER
 73
     2
 78
     2
172
     2
176
     2
270
     2
274
     2
  0
MATERIAL
  5
EE
102
{ACAD_REACTORS
330
6A
102
}
102
{ACAD_XDICTIONARY
360
173
102
}
330
6A
100
AcDbMaterial
  1
GLOBAL
 73
     2
 43
0.0007999999797903
 43
0.0
 43
0.0
 43
0.0
 43
0.0
 43
0.0007999999797903
 43
0.0
 43
0.0
 43
0.0
 43
0.0
 43
1.0
 43
0.0
 43
0.0
 43
0.0
 43
0.0
 43
1.0
 78
     2
172
     2
 49
0.0007999999797903
 49
0.0
 49
0.0
 49
0.0
 49
0.0
 49
0.0007999999797903
 49
0.0
 49
0.0
 49
0.0
 49
0.0
 49
1.0
 49
0.0
 49
0.0
 49
0.0
 49
0.0
 49
1.0
176
     2
142
0.0007999999797903
142
0.0
142
0.0
142
0.0
142
0.0
142
0.0007999999797903
142
0.0
142
0.0
142
0.0
142
0.0
142
1.0
142
0.0
142
0.0
142
0.0
142
0.0
142
1.0
270
     2
144
0.0007999999797903
144
0.0
144
0.0
144
0.0
144
0.0
144
0.0007999999797903
144
0.0
144
0.0
144
0.0
144
0.0
144
1.0
144
0.0
144
0.0
144
0.0
144
0.0
144
1.0
274
     2
1001
ACAD
1070
    -1
1070
     3
1070
     0
1000

1071
        0
1070
     0
  0
ACAD_PROXY_OBJECT
  5
13B
102
{ACAD_REACTORS
330
12D
102
}
330
12D
100
AcDbProxyObject
 90
      499
 91
      508
 93
      610
310
40901902A4063FBFFFFFE0000000000000020400000000000020404214DD185B99185C990000000000000104090140501A00000000000004100000000000000041025766000000000000039000
340
14
340
0
340
11
340
0
 94
        0
1001
ACAD_MLEADERVER
1070
     2
  0
ACAD_PROXY_OBJECT
  5
12E
102
{ACAD_REACTORS
330
12D
102
}
330
12D
100
AcDbProxyObject
 90
      499
 91
      508
 93
      610
310
40901902A4063FBFFFFFE0000000000000020400000000000020404214DD185B99185C990000000000000104090140501A00000000000004100000000000000041025764000000000000039000
340
14
340
0
340
11
340
0
 94
        0
1001
ACAD_MLEADERVER
1070
     2
  0
MLINESTYLE
  5
18
102
{ACAD_REACTORS
330
17
102
}
330
17
100
AcDbMlineStyle
  2
STANDARD
 70
     0
  3

 62
   256
 51
90.0
 52
90.0
 71
     2
 49
0.5
 62
   256
  6
BYLAYER
 49
-0.5
 62
   256
  6
BYLAYER
  0
ACAD_PROXY_OBJECT
  5
10D
102
{ACAD_REACTORS
330
10C
102
}
330
10C
100
AcDbProxyObject
 90
      499
 91
      507
 93
       41
310
903313A31580
  0
ACAD_PROXY_OBJECT
  5
1BE
102
{ACAD_REACTORS
330
10C
102
}
330
10C
100
AcDbProxyObject
 90
      499
 91
      507
 93
      105
310
903313A324000000000000004000
  0
ACAD_PROXY_OBJECT
  5
1BF
102
{ACAD_REACTORS
330
10C
102
}
330
10C
100
AcDbProxyObject
 90
      499
 91
      507
 93
      105
310
903313A344000000000000104000
  0
ACAD_PROXY_OBJECT
  5
1C0
102
{ACAD_REACTORS
330
10C
102
}
330
10C
100
AcDbProxyObject
 90
      499
 91
      507
 93
      105
310
903313A354000000000000144000
  0
ACAD_PROXY_OBJECT
  5
1C1
102
{ACAD_REACTORS
330
10C
102
}
330
10C
100
AcDbProxyObject
 90
      499
 91
      507
 93
      105
310
903313A384000000000000204000
  0
ACAD_PROXY_OBJECT
  5
1C2
102
{ACAD_REACTORS
330
10C
102
}
330
10C
100
AcDbProxyObject
 90
      499
 91
      507
 93
      113
310
904313A31304000000000000244000
  0
ACAD_PROXY_OBJECT
  5
1C3
102
{ACAD_REACTORS
330
10C
102
}
330
10C
100
AcDbProxyObject
 90
      499
 91
      507
 93
      113
310
904313A31364000000000000304000
  0
ACAD_PROXY_OBJECT
  5
1C4
102
{ACAD_REACTORS
330
10C
102
}
330
10C
100
AcDbProxyObject
 90
      499
 91
      507
 93
      113
310
904313A32304000000000000344000
  0
ACAD_PROXY_OBJECT
  5
1C5
102
{ACAD_REACTORS
330
10C
102
}
330
10C
100
AcDbProxyObject
 90
      499
 91
      507
 93
      113
310
904313A333040000000000003E4000
  0
ACAD_PROXY_OBJECT
  5
1C6
102
{ACAD_REACTORS
330
10C
102
}
330
10C
100
AcDbProxyObject
 90
      499
 91
      507
 93
      113
310
904313A34304000000000000444000
  0
ACAD_PROXY_OBJECT
  5
1C7
102
{ACAD_REACTORS
330
10C
102
}
330
10C
100
AcDbProxyObject
 90
      499
 91
      507
 93
      113
310
904313A35304000000000000494000
  0
ACAD_PROXY_OBJECT
  5
1C8
102
{ACAD_REACTORS
330
10C
102
}
330
10C
100
AcDbProxyObject
 90
      499
 91
      507
 93
      121
310
905313A3130304000000000000594000
  0
ACAD_PROXY_OBJECT
  5
1C9
102
{ACAD_REACTORS
330
10C
102
}
330
10C
100
AcDbProxyObject
 90
      499
 91
      507
 93
      105
310
903323A310000000000000010100
  0
ACAD_PROXY_OBJECT
  5
1CA
102
{ACAD_REACTORS
330
10C
102
}
330
10C
100
AcDbProxyObject
 90
      499
 91
      507
 93
      105
310
903343A310000000000000410100
  0
ACAD_PROXY_OBJECT
  5
1CB
102
{ACAD_REACTORS
330
10C
102
}
330
10C
100
AcDbProxyObject
 90
      499
 91
      507
 93
      105
310
903383A310000000000000810100
  0
ACAD_PROXY_OBJECT
  5
1CC
102
{ACAD_REACTORS
330
10C
102
}
330
10C
100
AcDbProxyObject
 90
      499
 91
      507
 93
      113
310
90431303A310000000000000910100
  0
ACAD_PROXY_OBJECT
  5
1CD
102
{ACAD_REACTORS
330
10C
102
}
330
10C
100
AcDbProxyObject
 90
      499
 91
      507
 93
      121
310
9053130303A310000000000001650100
  0
ACAD_PROXY_OBJECT
  5
21A
102
{ACAD_REACTORS
330
219
102
}
330
219
100
AcDbProxyObject
 90
      499
 91
      515
 93
     2015
310
9084D657472696335304B360000000000000A2060000000000000A202209258409E5840A25840A65840B05840B40000000000001220233A65800000000000028800000000000000A2060000000000000A2040000000000001720202AC929E2E20B1AB30B9102B34B2BBA9B2B1BA34B7B729BA30B93A24B21F1296929E2E20B
310
1AB30B9102B34B2BBA9B2B1BA34B7B722B73224B21F129014129E2E20B1AB30B9102B34B2BBA9B1B0B632902E33101112B9B7111F1294E0080A0C829CA6926662C400000000000002204000000000000022020D0305A88A9F643F27E32B9969C2960E81F87FA0718D4DE3E87E32B9969C2960E85F9E5129FC49EA5FA7E
340
11
340
0
340
0
340
16
340
16
340
11
 94
        0
  0
ACAD_PROXY_OBJECT
  5
F5
102
{ACAD_REACTORS
330
EF
102
}
330
EF
100
AcDbProxyObject
 90
      499
 91
      506
 93
      444
310
42CC9915DA5C99599C985B59504902404333333333333E33F0000000000000F90107901411070040501600405405064090741402480A0340
1001
ACAD
1000
AcDbSavedByObjectVersion
1070
     0
  0
ACAD_PROXY_OBJECT
  5
F4
102
{ACAD_REACTORS
330
EF
102
}
330
EF
100
AcDbProxyObject
 90
      499
 91
      506
 93
      388
310
4150985CDA58D07406404333333333333E33F0000000000000F90107A41107004050150841D405064090741402480A0350
1001
ACAD
1000
AcDbSavedByObjectVersion
1070
     0
  0
ACAD_PROXY_OBJECT
  5
FB
102
{ACAD_REACTORS
330
EF
102
}
330
EF
100
AcDbProxyObject
 90
      499
 91
      506
 93
      436
310
42109C9A59DA1D195B90C40902404333333333333E33F0000000000000F9010790141107004050150841D405064090741402480A029950
1001
ACAD
1000
AcDbSavedByObjectVersion
1070
     0
  0
ACAD_PROXY_OBJECT
  5
FF
102
{ACAD_REACTORS
330
EF
102
}
330
EF
100
AcDbProxyObject
 90
      499
 91
      506
 93
      452
310
42D0DBDB1BDC90DA185B99D95104090240C333333333333E33F0000000000000F90108901411070040501508421405064090741402480A0350
1001
ACAD
1000
AcDbSavedByObjectVersion
1070
     0
  0
ACAD_PROXY_OBJECT
  5
F8
102
{ACAD_REACTORS
330
EF
102
}
330
EF
100
AcDbProxyObject
 90
      499
 91
      506
 93
      508
310
4290DBDB98D95C1D1D585B10940D02404333333333333E33F0000000000000F90107902409070040501000000000000111010841D405064090740C02480A0340
1001
ACAD
1000
AcDbSavedByObjectVersion
1070
     0
  0
ACAD_PROXY_OBJECT
  5
FA
102
{ACAD_REACTORS
330
EF
102
}
330
EF
100
AcDbProxyObject
 90
      499
 91
      506
 93
      420
310
40D11A5B50B40902404333333333333E33F0000000000000F9010790141107004050150841D405064090741402480A02677FFFFFD0
1001
ACAD
1000
AcDbSavedByObjectVersion
1070
     0
  0
ACAD_PROXY_OBJECT
  5
1E6
102
{ACAD_REACTORS
330
EF
102
}
330
EF
100
AcDbProxyObject
 90
      499
 91
      506
 93
      452
310
43115919D950DBDB1BDC93D999916409028333333333333E33F0000000000000F9010790141107004050150841D405064090741402480A0350
1001
ACAD
1000
AcDbSavedByObjectVersion
1070
     0
  0
ACAD_PROXY_OBJECT
  5
FE
102
{ACAD_REACTORS
330
EF
102
}
330
EF
100
AcDbProxyObject
 90
      499
 91
      506
 93
      452
310
42D19858D95C185D1D195C9B90F40902404333333333333E33F0000000000000F9010790141107004050150841D405064090741402480A0350
1001
ACAD
1000
AcDbSavedByObjectVersion
1070
     0
  0
ACAD_PROXY_OBJECT
  5
F0
102
{ACAD_REACTORS
330
EF
102
}
330
EF
100
AcDbProxyObject
 90
      499
 91
      506
 93
      380
310
41119B185D240901404333333333333E33F0000000000000F9010740A907004050150841D405064090741402480A1B50
1001
ACAD
1000
AcDbSavedByObjectVersion
1070
     0
  0
ACAD_PROXY_OBJECT
  5
F1
102
{ACAD_REACTORS
330
EF
102
}
330
EF
100
AcDbProxyObject
 90
      499
 91
      506
 93
      468
310
43519B185D15DA5D1A115919D95CD0140901404333333333333E33F0000000000000F90107409019070040501600405405064090741402480A1B50
1001
ACAD
1000
AcDbSavedByObjectVersion
1070
     0
  0
ACAD_PROXY_OBJECT
  5
F2
102
{ACAD_REACTORS
330
EF
102
}
330
EF
100
AcDbProxyObject
 90
      499
 91
      506
 93
      404
310
41D1DBDD5C985D5910240902404333333333333E33F0000000000000F9010740A9070040501641D405064090741402480A1B50
1001
ACAD
1000
AcDbSavedByObjectVersion
1070
     0
  0
ACAD_PROXY_OBJECT
  5
F3
102
{ACAD_REACTORS
330
EF
102
}
330
EF
100
AcDbProxyObject
 90
      499
 91
      506
 93
      492
310
4411DBDD5C985D5915DA5D1A115919D95CD0340902404333333333333E33F0000000000000F90107409019070040501600405405064090741402480A1B50
1001
ACAD
1000
AcDbSavedByObjectVersion
1070
     0
  0
ACAD_PROXY_OBJECT
  5
F7
102
{ACAD_REACTORS
330
EF
102
}
330
EF
100
AcDbProxyObject
 90
      499
 91
      506
 93
      476
310
41921A5919195B90640502408333333333333E33F0000000000000F901079024090700405020000000000001110200405405064090740C02480A0340
1001
ACAD
1000
AcDbSavedByObjectVersion
1070
     0
  0
ACAD_PROXY_OBJECT
  5
1E4
102
{ACAD_REACTORS
330
EF
102
}
330
EF
100
AcDbProxyObject
 90
      499
 91
      506
 93
      428
310
42529A5D1D195C93D999914409028333333333333E33F0000000000000F9010790141107004050150A41D405064090741402480A0350
1001
ACAD
1000
AcDbSavedByObjectVersion
1070
     0
  0
ACAD_PROXY_OBJECT
  5
FD
102
{ACAD_REACTORS
330
EF
102
}
330
EF
100
AcDbProxyObject
 90
      499
 91
      506
 93
      452
310
42D31A5B995C185D1D195C9B90E40902404333333333333E33F0000000000000F9010790141107004050750841D405064090741402483A0350
1001
ACAD
1000
AcDbSavedByObjectVersion
1070
     0
  0
ACAD_PROXY_OBJECT
  5
1E5
102
{ACAD_REACTORS
330
EF
102
}
330
EF
100
AcDbProxyObject
 90
      499
 91
      506
 93
      444
310
42D3DD995C9A185B99D3D999915409028333333333333E33F0000000000000F9010790141107004050150941D405064090741402480A0350
1001
ACAD
1000
AcDbSavedByObjectVersion
1070
     0
  0
ACAD_PROXY_OBJECT
  5
F9
102
{ACAD_REACTORS
330
EF
102
}
330
EF
100
AcDbProxyObject
 90
      499
 91
      506
 93
      428
310
425499585B1A5CDD1A58D08409038333333333333E33F0000000000000F9010740A907004050150800405405064090740C02480A1B40
1001
ACAD
1000
AcDbSavedByObjectVersion
1070
     0
  0
ACAD_PROXY_OBJECT
  5
1F3
102
{ACAD_REACTORS
330
EF
102
}
330
EF
100
AcDbProxyObject
 90
      499
 91
      506
 93
      420
310
4194DA1859195911B40902404333333333333E33F0000000000000F9010740A41107004050150800405405064090840C02480A0B40
1001
ACAD
1000
AcDbSavedByObjectVersion
1070
     0
  0
ACAD_PROXY_OBJECT
  5
1F2
102
{ACAD_REACTORS
330
EF
102
}
330
EF
100
AcDbProxyObject
 90
      499
 91
      506
 93
      516
310
4454DA18591959081DDA5D1A08195919D95CD1A40902404333333333333E33F0000000000000F901074090140907004050250800405405064090740C02480A0B40
1001
ACAD
1000
AcDbSavedByObjectVersion
1070
     0
  0
ACAD_PROXY_OBJECT
  5
1EF
102
{ACAD_REACTORS
330
EF
102
}
330
EF
100
AcDbProxyObject
 90
      499
 91
      506
 93
      532
310
4394DA1859195CC81BD98811DC985E5174090240C333333333333E33F0000000000000F901079024090741D01000000000000111010841D405064090740C02480A0340
1001
ACAD
1000
AcDbSavedByObjectVersion
1070
     0
  0
ACAD_PROXY_OBJECT
  5
1F0
102
{ACAD_REACTORS
330
EF
102
}
330
EF
100
AcDbProxyObject
 90
      499
 91
      506
 93
      476
310
41D4DAD95D18DA1E51840502408333333333333E33F0000000000000F901079024090741D01000000000000111010B41D405064090741802480A0340
1001
ACAD
1000
AcDbSavedByObjectVersion
1070
     0
  0
ACAD_PROXY_OBJECT
  5
FC
102
{ACAD_REACTORS
330
EF
102
}
330
EF
100
AcDbProxyObject
 90
      499
 91
      506
 93
      420
310
41D51A1A58DAD95B90D40902404333333333333E33F0000000000000F9010790141107004050150C41D405064090741402480A0350
1001
ACAD
1000
AcDbSavedByObjectVersion
1070
     0
  0
ACAD_PROXY_OBJECT
  5
F6
102
{ACAD_REACTORS
330
EF
102
}
330
EF
100
AcDbProxyObject
 90
      499
 91
      506
 93
      420
310
4255DA5C99599C985B595059028333333333333E33F0000000000000F90107901411070040501600405405064090740C02480A0340
1001
ACAD
1000
AcDbSavedByObjectVersion
1070
     0
  0
ACAD_PROXY_OBJECT
  5
1F1
102
{ACAD_REACTORS
330
EF
102
}
330
EF
100
AcDbProxyObject
 90
      499
 91
      506
 93
      404
310
41560B54985E51940902404000000000000E03F0000000000000F9010740501907004050150841D405064090740C02480A1B40
1001
ACAD
1000
AcDbSavedByObjectVersion
1070
     0
  0
XRECORD
  5
EFE
102
{ACAD_REACTORS
330
EF4
102
}
330
EF4
100
AcDbXrecord
340
0
  0
XRECORD
  5
EFD
102
{ACAD_REACTORS
330
EF4
102
}
330
EF4
100
AcDbXrecord
 90
        0
  0
XRECORD
  5
F17
102
{ACAD_REACTORS
330
EF4
102
}
330
EF4
100
AcDbXrecord
340
6B
  0
XRECORD
  5
F14
102
{ACAD_REACTORS
330
EF4
102
}
330
EF4
100
AcDbXrecord
1000
DSTYLE
1002
{
1070
   340
340
11
1002
}
  0
XRECORD
  5
EFF
102
{ACAD_REACTORS
330
EF4
102
}
330
EF4
100
AcDbXrecord
  1
{C25C2B73-3B92-954D-A300-4A1AFF30349E}
  0
XRECORD
  5
EF7
102
{ACAD_REACTORS
330
EF4
102
}
330
EF4
100
AcDbXrecord
  1

  0
XRECORD
  5
EFC
102
{ACAD_REACTORS
330
EF4
102
}
330
EF4
100
AcDbXrecord
 90
        4
  0
XRECORD
  5
EF9
102
{ACAD_REACTORS
330
EF4
102
}
330
EF4
100
AcDbXrecord
340
1A
  0
XRECORD
  5
EFB
102
{ACAD_REACTORS
330
EF4
102
}
330
EF4
100
AcDbXrecord
 90
    10781
  0
XRECORD
  5
F18
102
{ACAD_REACTORS
330
EF4
102
}
330
EF4
100
AcDbXrecord
340
6A
  0
XRECORD
  5
EFA
102
{ACAD_REACTORS
330
EF4
102
}
330
EF4
100
AcDbXrecord
340
19
  0
XRECORD
  5
F01
102
{ACAD_REACTORS
330
EF4
102
}
330
EF4
100
AcDbXrecord
 40
0.0
  0
XRECORD
  5
F04
102
{ACAD_REACTORS
330
EF4
102
}
330
EF4
100
AcDbXrecord
340
0
  0
XRECORD
  5
F0A
102
{ACAD_REACTORS
330
EF4
102
}
330
EF4
100
AcDbXrecord
 10
0.0
 20
0.0
 30
0.0
  0
XRECORD
  5
F06
102
{ACAD_REACTORS
330
EF4
102
}
330
EF4
100
AcDbXrecord
 10
0.0
 20
0.0
 30
0.0
  0
XRECORD
  5
F09
102
{ACAD_REACTORS
330
EF4
102
}
330
EF4
100
AcDbXrecord
 10
0.0
 20
0.0
 30
0.0
  0
XRECORD
  5
F07
102
{ACAD_REACTORS
330
EF4
102
}
330
EF4
100
AcDbXrecord
 10
0.0
 20
0.0
 30
0.0
  0
XRECORD
  5
F08
102
{ACAD_REACTORS
330
EF4
102
}
330
EF4
100
AcDbXrecord
 10
0.0
 20
0.0
 30
0.0
  0
XRECORD
  5
F05
102
{ACAD_REACTORS
330
EF4
102
}
330
EF4
100
AcDbXrecord
 10
0.0
 20
0.0
 30
0.0
  0
XRECORD
  5
F02
102
{ACAD_REACTORS
330
EF4
102
}
330
EF4
100
AcDbXrecord
340
0
  0
XRECORD
  5
F03
102
{ACAD_REACTORS
330
EF4
102
}
330
EF4
100
AcDbXrecord
 70
     0
  0
XRECORD
  5
EF8
102
{ACAD_REACTORS
330
EF4
102
}
330
EF4
100
AcDbXrecord
  1

  0
XRECORD
  5
EF5
102
{ACAD_REACTORS
330
EF4
102
}
330
EF4
100
AcDbXrecord
 90
        1
  0
XRECORD
  5
EF6
102
{ACAD_REACTORS
330
EF4
102
}
330
EF4
100
AcDbXrecord
 90
       70
  0
XRECORD
  5
F0D
102
{ACAD_REACTORS
330
EF4
102
}
330
EF4
100
AcDbXrecord
340
0
  0
XRECORD
  5
F13
102
{ACAD_REACTORS
330
EF4
102
}
330
EF4
100
AcDbXrecord
 10
0.0
 20
0.0
 30
0.0
  0
XRECORD
  5
F0F
102
{ACAD_REACTORS
330
EF4
102
}
330
EF4
100
AcDbXrecord
 10
0.0
 20
0.0
 30
0.0
  0
XRECORD
  5
F12
102
{ACAD_REACTORS
330
EF4
102
}
330
EF4
100
AcDbXrecord
 10
0.0
 20
0.0
 30
0.0
  0
XRECORD
  5
F10
102
{ACAD_REACTORS
330
EF4
102
}
330
EF4
100
AcDbXrecord
 10
0.0
 20
0.0
 30
0.0
  0
XRECORD
  5
F11
102
{ACAD_REACTORS
330
EF4
102
}
330
EF4
100
AcDbXrecord
 10
0.0
 20
0.0
 30
0.0
  0
XRECORD
  5
F0E
102
{ACAD_REACTORS
330
EF4
102
}
330
EF4
100
AcDbXrecord
 10
0.0
 20
0.0
 30
0.0
  0
XRECORD
  5
F0B
102
{ACAD_REACTORS
330
EF4
102
}
330
EF4
100
AcDbXrecord
340
0
  0
XRECORD
  5
F0C
102
{ACAD_REACTORS
330
EF4
102
}
330
EF4
100
AcDbXrecord
 70
     0
  0
XRECORD
  5
F00
102
{ACAD_REACTORS
330
EF4
102
}
330
EF4
100
AcDbXrecord
  1
{5E29B3B6-6817-A543-BF5C-762531004B5F}
  0
DICTIONARYVAR
  5
385
102
{ACAD_REACTORS
330
384
102
}
330
384
100
DictionaryVariables
280
     0
  1
14.341106
  0
DICTIONARYVAR
  5
386
102
{ACAD_REACTORS
330
384
102
}
330
384
100
DictionaryVariables
280
     0
  1
1
  0
DICTIONARYVAR
  5
387
102
{ACAD_REACTORS
330
384
102
}
330
384
100
DictionaryVariables
280
     0
  1
1:1
  0
DICTIONARYVAR
  5
388
102
{ACAD_REACTORS
330
384
102
}
330
384
100
DictionaryVariables
280
     0
  1
2.000000
  0
DICTIONARYVAR
  5
389
102
{ACAD_REACTORS
330
384
102
}
330
384
100
DictionaryVariables
280
     0
  1
Standard
  0
DICTIONARYVAR
  5
38A
102
{ACAD_REACTORS
330
384
102
}
330
384
100
DictionaryVariables
280
     0
  1
Standard
  0
DICTIONARYVAR
  5
38B
102
{ACAD_REACTORS
330
384
102
}
330
384
100
DictionaryVariables
280
     0
  1
Metric50
  0
DICTIONARYVAR
  5
38C
102
{ACAD_REACTORS
330
384
102
}
330
384
100
DictionaryVariables
280
     0
  1
Metric50
  0
DICTIONARYVAR
  5
38D
102
{ACAD_REACTORS
330
384
102
}
330
384
100
DictionaryVariables
280
     0
  1
0
  0
DICTIONARYVAR
  5
38E
102
{ACAD_REACTORS
330
384
102
}
330
384
100
DictionaryVariables
280
     0
  1
0
  0
DICTIONARYVAR
  5
38F
102
{ACAD_REACTORS
330
384
102
}
330
384
100
DictionaryVariables
280
     0
  1
2
  0
DICTIONARYVAR
  5
390
102
{ACAD_REACTORS
330
384
102
}
330
384
100
DictionaryVariables
280
     0
  1
2
  0
DICTIONARYVAR
  5
391
102
{ACAD_REACTORS
330
384
102
}
330
384
100
DictionaryVariables
280
     0
  1
1
  0
DICTIONARYVAR
  5
392
102
{ACAD_REACTORS
330
384
102
}
330
384
100
DictionaryVariables
280
     0
  1
1
  0
DICTIONARYVAR
  5
393
102
{ACAD_REACTORS
330
384
102
}
330
384
100
DictionaryVariables
280
     0
  1
1
  0
DICTIONARYVAR
  5
394
102
{ACAD_REACTORS
330
384
102
}
330
384
100
DictionaryVariables
280
     0
  1
0
  0
DICTIONARYVAR
  5
395
102
{ACAD_REACTORS
330
384
102
}
330
384
100
DictionaryVariables
280
     0
  1
AR3-WALL HATCH
  0
DICTIONARYVAR
  5
396
102
{ACAD_REACTORS
330
384
102
}
330
384
100
DictionaryVariables
280
     0
  1
ByLayer
  0
DICTIONARYVAR
  5
397
102
{ACAD_REACTORS
330
384
102
}
330
384
100
DictionaryVariables
280
     0
  1
0
  0
DICTIONARYVAR
  5
398
102
{ACAD_REACTORS
330
384
102
}
330
384
100
DictionaryVariables
280
     0
  1
0
  0
DICTIONARYVAR
  5
399
102
{ACAD_REACTORS
330
384
102
}
330
384
100
DictionaryVariables
280
     0
  1
0
  0
DICTIONARYVAR
  5
39A
102
{ACAD_REACTORS
330
384
102
}
330
384
100
DictionaryVariables
280
     0
  1
2
  0
DICTIONARYVAR
  5
39B
102
{ACAD_REACTORS
330
384
102
}
330
384
100
DictionaryVariables
280
     0
  1
1.000000
  0
DICTIONARYVAR
  5
39C
102
{ACAD_REACTORS
330
384
102
}
330
384
100
DictionaryVariables
280
     0
  1
1
  0
DICTIONARYVAR
  5
39D
102
{ACAD_REACTORS
330
384
102
}
330
384
100
DictionaryVariables
280
     0
  1
2
  0
DICTIONARYVAR
  5
39E
102
{ACAD_REACTORS
330
384
102
}
330
384
100
DictionaryVariables
280
     0
  1
1
  0
DICTIONARYVAR
  5
F16
102
{ACAD_REACTORS
330
384
102
}
330
384
100
DictionaryVariables
280
     0
  1
80.000000
  0
DICTIONARYVAR
  5
F15
102
{ACAD_REACTORS
330
384
102
}
330
384
100
DictionaryVariables
280
     0
  1
5.000000
  0
DICTIONARYVAR
  5
39F
102
{ACAD_REACTORS
330
384
102
}
330
384
100
DictionaryVariables
280
     0
  1
0
  0
DICTIONARYVAR
  5
3A0
102
{ACAD_REACTORS
330
384
102
}
330
384
100
DictionaryVariables
280
     0
  1
127
  0
DICTIONARYVAR
  5
3A1
102
{ACAD_REACTORS
330
384
102
}
330
384
100
DictionaryVariables
280
     0
  1
0
  0
DICTIONARY
  5
1F9
330
ED
100
AcDbDictionary
280
     1
  3
ACAD_XREC_ROUNDTRIP
360
F1C
  3
FBXASSET
360
1FA
  0
DICTIONARY
  5
1F7
330
EC
100
AcDbDictionary
280
     1
  3
ACAD_XREC_ROUNDTRIP
360
F1D
  3
FBXASSET
360
1F8
  0
DICTIONARY
  5
173
330
EE
100
AcDbDictionary
280
     1
  3
ACAD_XREC_ROUNDTRIP
360
F1E
  3
FBXASSET
360
1FB
  0
XRECORD
  5
F1C
102
{ACAD_REACTORS
330
1F9
102
}
330
1F9
100
AcDbXrecord
102
MATERIAL
148
0.0
149
0.0
149
0.0
 93
        0
 94
       63
282
     0
 72
     1
 77
     1
171
     1
175
     1
179
     1
273
     0
  0
XRECORD
  5
1FA
102
{ACAD_REACTORS
330
1F9
102
}
330
1F9
100
AcDbXrecord
 70
     1
 90
429727718
  1
D62C5603-E3A1-4AEA-B7FB-FE5D8D0755AF
310
504B03040A0000080000CC70623B3DEE336E79000000790000001B0000006175746F6465736B2D64657369676E2D7061636B6167652E786D6C3C3F786D6C2076657273696F6E3D22312E302220656E636F64696E673D227574662D3822203F3E3C666F726D6174733E3C666F726D61743E687474703A2F2F736368656D612E
310
6175746F6465736B2E636F6D2F64657369676E2D7061636B6167652F323030393C2F666F726D61743E3C2F666F726D6174733E504B0304140006080800CC70623BD486FD9CA0000000F4000000130000005B436F6E74656E745F54797065735D2E786D6C7D8EC10E82300C865F65E91D8A1E8C310C0EEA1BF002731658846E
310
D98AC1B77784ABF1D8FE5FBFBF75BBCE937A534CCEB38643598122B6FEE978D0B0485F9C41B54DDD7D022595594E1A469170414C76A4D9A4D207E29CF43ECE46F218070CC6BECC4078ACAA135ACF422C856C0E68EA1BF5669944DDD7BCDE7B1F8E415D77AECB980613C2E4AC91FC167A2B244592486606FC29C8FD7F045B9A
310
EF7053A7E60B504B0304140006080800CC70623B853B8169EB0000007C01000008000000636F72652E786D6C8D90416EC3201045AF62CDB6C206821CC7C244919D9CA01740401C94182C03558F5F9C3852BBEB6A467FFE9B197D7EFC9E1EC5975982F5AE035262288C535E5B377690E21535501C055FBC8FBF6C503839990E
310
5619041F179FE64D52DE45E362569DD7661365082642A11EB9E920A89B99642953CC8E702F67A9EE7234257977194EC9EAE275C4EABCCF5EAD5940D4AC6F0E35A568B8F43562CD7046CD199FD07E60174276A7BE677B5EADB0E0D14EEFFB6A31321A0D82627C4084204C3F096B71DD52F6819B16635EADF63F509AF53FA164
310
5DDCD1EDDD17164090FCC8732078B56691CB33A85CD7DCC40F504B0304140006080800CC70623B55019EA25F0000007C00000007000000636E782E786D6C4DCB3B0E80201045D1AD90E915ED2CF8AC45050C11660C8261F98AB1B07AC9C97D42D718D865D3E909258CFD00CCE24AC6E326A164D74DC0B4128928FF32603847
310
2BA13128B1252AC747C6BAB984FC68F0B87FE8960A5C09FE86CFB69FBA01504B0304140006080800CC70623BDBABAAF470010000D40300000C0000006662782F636F72652E786D6CC553D16E823014FD95A6AF4B694182CC941A83FA05FB810A9511A125A5257EFE2E82712ECEB8A7F100CD39F7F69E734AF9FADC366850B6
310
AF8DCE7018308C942E4C59EB2AC3DE1D498AD15A706B8CFB56869196ADCAF00863C12B6B7C374385D14E6907A836A59A41D9F7CA615434B0C8705F7CAA5606D23BA8E84F41278B93AC54100640439DE0BDB320004D43C63716C7C399D30917DCFBBA9CD9BA8469F5B156168B24CED3F7248AC8769F27244EB73B92EED8862C
310
B7F13E0C179B3C8F979C8ECD82BBBABDAA2BAC924E9558448CBD9330242CFA08E3154B5651FCC6D215639C8EE5774DBE2B5F6CF2B5768B68963BB5F5588420E442FC700B1139D4CB01F450C1E918227C2E09DF070D8140C84E1E9AAB8F1340832A9CB13130A5F1376A908D57309505ECF2A0DF179C4E9D30F5B239B87E3823
310
7A79C6F31DE1A8A5AEC08474B03C7837EAE4938639B44E5932B833D2C6B6B279CDC613877FA26EE21F4A2A4C63EC7F29A2F301D1F9F7A0E37D145F504B0304140006080800CC70623B9C113CC27E0000009D0000000B0000006662782F636E782E786D6C4DCCDF0A83201C86E15B91DFB94BFB330DD428C8FB886521330DA7
310
6397BF1A1DECE883878F57749FCDA1B7892F1BBC047A23808C7F84D9FA55424E0BE6803A256208E9EF06C84F9B91703228B1C690F78B66B34CD9A5439DF5CF0BFBF65E35BCA1B8D6A5C6F540381E886698B5741C695F9503EBA150A2F8958E3DC3EA0B504B0304140006080800CC70623B7DF2F77C2A010000120200003100
310
00006662782F41393633353835312D344632462D344230382D423046372D3739314545314133324237412F636F72652E786D6C8D51DB8EC22014FC15C2939B0D2DB4B45643319AE817EC0F6041255A68B86CFCFC856D4D76DF7CE190393373060EDB3DC707F856CE6B6B7A480A0C81328395DA5C7B18C3057510EC3873D686
310
3F34088C18550F330C39BB3A1BA7051AAC09CA84841A2BD5020AEF55806078A44B0FFD7053A328440C89E1EFC52486BBB8AA8214A99D789CF9E05200300FC927E4FB4D5B375D43103D5527440FB843077C5AA3F5861C8F645F5787F59E95B390B318B55CE45AA638FAA2957BD7248B390B7A7CC51F9C124149C82B8C378810
310
84AB2F42B7B8DD56F413775B8C5999E9FF4471926F8AA236A1AE96B8B3CC434E5839373893369E1FAF30EA395917409EB7F26AF8801C171837A4A6AC9C89E9F9C9B1A58BA30FD6A5EF5DDDCF894B9AD9B6A59C957943A9FCAE2FD5BC4DFE03504B0304140006080800CC70623BAD7543B64E01000033030000300000006662
310
782F41393633353835312D344632462D344230382D423046372D3739314545314133324237412F636E782E786D6CD593CD6EC32010845F0571AD6CE3D48AD20813A9873E410FBD12D82434182C7EAAE6EDBB2424CD25871E7B41D6EC30B3FA84F9E67BB2E40B4234DE8DB46F1925E094D7C6ED479AD3AE5951B2113C789FEE
310
6C943839C1488B4C05DF079FE72A69D8C96C13AAD6B8631503449F83828872B949AC57D26200B826A308D316B4064D6E46FCDA41C05550DC9E483A00797BFD207EFB092A45DE9514C1BBD22178396BD39D891265658C238DEA00936C654E5E433CB65A26D9F6EDB5EBC14EBF49A45CB856E66048291F6939A9A81BB5C89177
310
38143CA680F4AA299D66A042CEB3354A2684DC9D8D178FE0D9B8B41CAAD720F880EE7EF93C0C18769E099ECC04D5A102C8049A8A05632F4DDF376CF1DE0F6BB65C2F8627B65A33C6BB62177CEBBDAD973006829F89F22E814B54F4BC2BE347F8AA8F681390B50FA73F804400B5F542E796F19FF974E7F78DB802FE05E20750
310
4B0304140006080800CC70623BE75B7789680500003C100000340000006662782F41393633353835312D344632462D344230382D423046372D3739314545314133324237412F6F626A656374732E786D6CAD575B8F9B3818FD2B887D06C22499CB8AA1CA655245D5B455A356FB305264C061D8018C6C3393D95FBFC7600890
310
A4CD5EF210B0B1BFEBF98E3F7B1FF6596ABC522E1296DF9BAE3D320D9A872C4AF2F8DE2CE5CEBA358D0FBEC719939D65A691938CDE9B6ADAF4BD98B3B2D05311DD91329583D9D5FC0F438434A7A611A644887B5384CF34233629258BA878B12322891DEFF6B66BD70BFB62634E8AE781D082709A4B588AF91C528CDA28B73F
310
1C998EEF39EABBEFA97FBD6A7C7E9553F9D3D79FE442923C3C523610337627CB87ABE99D359D4CC6D6E4FACAB5E6ABF9D2726FC6A3C5F56271377BB88362213924694B38DD99FE47C48627A1E7D49F5A8BB5E1A74C0A599ED3B0F21F1E56366B89112D681E218F0915D0D6F17AD41FBA2A369DCF6335D62ABBD39779D5DDD1
310
11D4D8DE3CBB96B2E04FB8202E41051754A1AA8E8F76B4C6DFE810B580B1547F4B84911149794252234D024EF8BBE963A95AE27B3D310A9D5C215C7960FAEE415ED75694C6AFB17BCACA5D99A60A9AA65F217B0BFC53292ACB92BF283FAD0D3621576592CB5BED907C2FA8E9DF794E35E97BEA31BED21FEB401ABB94C44839
310
DCACBF0E1C5DA8DA5B2F4DFFD32AD86F543D9E565E7056502E157C00AD2671CD534549AB752FCA9CDA00677A313F04E51B22FF19E57B300579E3C97EB29F682D92935CEC18CF901B7B54FD8C51F362B56FC72FE0B3C1EAE335EDCCBF5AEC39ADB17DC238973F804BA5E6F6BFE7AF1FB32E523BE9F3BD571418E3631DCA4D48
310
5250CF639223210A9446CA30052EDF057BD35F8329C1ECD84552BF0DC8D18BE7BCE23BFE6BD960AB4A7DE79923A103BEBD80F911CBAA2C60DB19B01CF164A5583B772EE6D3FFA56666CBCDA74DC97724A48F9A58967497E489C4D979006FD7A05E227A1EBDD0F737C623387A9C844D3709995625106D157315F8B8392CD4E0
310
A0B9A720C4BE9829CEF37EA1E13111214D53925356365ADA634861B52519DD27A00AEB808EAF0628E6F435519D446F45CF2C9CF5214F0A15B2F6D06B79DA3EE3CBF7F56780D2F4E7EF73A0F5E5B02A38D07DC852C6B7C1FBB6664213E0C39E3EBA7FF4E1AD23EA2829407C85E586727488B751B2DB9502BC7B228A3FD68B6E
310
A65A22397E690AA8D158D7E404EC8CDA235CC3B7D1898680131CEC2CDF2638C65196279577750F15884AEE19F94199155B92B13297978469D4F8D358DF0AEF7631E28DC8F0D9F437D5D39A83B2231A1D52D543813A824EF8D44BCFF2FA6A31BD1E8DAD87F1CCB526B3879935BF59CDADD5C37479BB1CDD4CA7B3556B516589
310
EF352754B706114D9C885EC9131DE6EFEB43D99AFE2391C2F958179413D7CFEF6B1B6DB1E7600F00DE6E5C67454A339A4BA2E0FBA85ED26F045D454F463DBFCE484C2F90F2E5E3666003662ED8F755951A7D1BECD5B30B550B2785C8E7320B7292A4838DDA71BBC863ED7613CAF659337A3354231D4FF4A182A54904C2898C
310
98B28C4AD0CE056CCF332A80986E571EE9DBC305BB5FEB7E509220A58D25CF042D712A806AC0AD0C657FDEF80D2D9CEAA2EE4D1C76F60BFE74219A06527D6F82DF6412526107381E55E353090704D085B52408A8913C4ED159D79BDA71BB4BC506F4831350EB6F975CD22D69BF7AC49B91A2C0A9DDA3D5CA36AD20FC478E37
310
E61844E2352865EBCB61A275A65283CAAA9DD27703B4102F5AF51EF5F573B75CBB5AD38BC845F7A49F82A0966A49C2E3EA5EA0ECD326CD965F1DB402C6FA8B51A4658C5C5E2EC9E214602E55810345408596591009A82E7E7FFACA19EEA299B14A0081A705CB3296EBC14CDF658DCD336EA6D1136881AAEB87B81AB9EE53D5
310
F5EB8BC8362082DA24122F98680A4E7930C01A0079749CEA14382A0783E5EBA5A10F8C098456A03D6A4AEB6BB881E2513747552A5DB22C7EDAF83BD5528081A365F7FF06504B0304140006080000CC70623B000000000000000000000000350000006662782F41393633353835312D344632462D344230382D423046372D37
310
39314545314133324237412F76657274696365732E62696E504B0304140006080800CC70623BF270F1330600000004000000360000006662782F41393633353835312D344632462D344230382D423046372D3739314545314133324237412F747269616E676C65732E62696E636660600000504B0304140006080000CC7062
310
3B000000000000000000000000370000006662782F41393633353835312D344632462D344230382D423046372D3739314545314133324237412F617474726962757465732E62696E504B0304140006080800CC70623B08DA0BD19000000041010000360000006662782F41393633353835312D344632462D344230382D4230
310
46372D3739314545314133324237412F6469726563746F72792E786D6C858F410AC3201045AF22B36F53E9A60B35CBEEBAE80D244E44489C6234F4F835464A48035D0DF398FF9F8AF63D0E6CC63039F212F8F9020C7D47C6792B21C5FE7403D62A1188E2E60C98D7234A5830286103A55745067B9D86B8A3CF9C7F90C11DE6
310
07FB144396D7B6A82D282E9A152AD114D5EF2CB866EEE831B8EEA07A7BB5A8D7D61A2BAAEB7FD5F70921FF497D00504B0304140006080800CC70623BEDD1DC58FD000000A00100003B0000006662782F41393633353835312D344632462D344230382D423046372D3739314545314133324237412F7265736F75726365732F
310
636F72652E786D6C8D504B6E833010BD0A9A6D65B00922041947112427E8052C33A156828DFCA97AFC9A40A576D7CDCCE87D344F8F9FBFE667F689CE6B6B3A6039850C8DB2A336530731DC4903D95970676DF82583CCC8193B5861107C72362E3BA4AC096842428D1D7107A5F7182053CF7474E0D507CE32973124857FE48B
310
540F3961CEF244279DE03EB81420DB9EAC1384436FA353E879B1B182C7A8C75DA3C7F453DF353A1075D537A7BA6464B8F535A99AE14A9A2BBD90E350DD183B5CFABE3AF262350B1EF4FC9351399401471025A527C218A1E53BAB5A5AB765F5469B96525EACF23FA6B88CFF34456DC2A1DCE36E360F82A5202F42F062ED2BAD
310
579969AFDD8A6F504B010214000A0000080000CC70623B3DEE336E79000000790000001B00000000000000000000000000000000006175746F6465736B2D64657369676E2D7061636B6167652E786D6C504B01021400140006080800CC70623BD486FD9CA0000000F40000001300000000000000000000000000B20000005B
310
436F6E74656E745F54797065735D2E786D6C504B01021400140006080800CC70623B853B8169EB0000007C010000080000000000000000000000000083010000636F72652E786D6C504B01021400140006080800CC70623B55019EA25F0000007C000000070000000000000000000000000094020000636E782E786D6C504B
310
01021400140006080800CC70623BDBABAAF470010000D40300000C00000000000000000000000000180300006662782F636F72652E786D6C504B01021400140006080800CC70623B9C113CC27E0000009D0000000B00000000000000000000000000B20400006662782F636E782E786D6C504B01021400140006080800CC70
310
623B7DF2F77C2A010000120200003100000000000000000000000000590500006662782F41393633353835312D344632462D344230382D423046372D3739314545314133324237412F636F72652E786D6C504B01021400140006080800CC70623BAD7543B64E010000330300003000000000000000000000000000D2060000
310
6662782F41393633353835312D344632462D344230382D423046372D3739314545314133324237412F636E782E786D6C504B01021400140006080800CC70623BE75B7789680500003C10000034000000000000000000000000006E0800006662782F41393633353835312D344632462D344230382D423046372D3739314545
310
314133324237412F6F626A656374732E786D6C504B01021400140006080000CC70623B0000000000000000000000003500000000000000000000000000280E00006662782F41393633353835312D344632462D344230382D423046372D3739314545314133324237412F76657274696365732E62696E504B01021400140006
310
080800CC70623BF270F133060000000400000036000000000000000000000000007B0E00006662782F41393633353835312D344632462D344230382D423046372D3739314545314133324237412F747269616E676C65732E62696E504B01021400140006080000CC70623B0000000000000000000000003700000000000000
310
000000000000D50E00006662782F41393633353835312D344632462D344230382D423046372D3739314545314133324237412F617474726962757465732E62696E504B01021400140006080800CC70623B08DA0BD1900000004101000036000000000000000000000000002A0F00006662782F41393633353835312D344632
310
462D344230382D423046372D3739314545314133324237412F6469726563746F72792E786D6C504B01021400140006080800CC70623BEDD1DC58FD000000A00100003B000000000000000000000000000E1000006662782F41393633353835312D344632462D344230382D423046372D3739314545314133324237412F7265
310
736F75726365732F636F72652E786D6C504B0506000000000E000E0080040000641100000000
  0
XRECORD
  5
F1D
102
{ACAD_REACTORS
330
1F7
102
}
330
1F7
100
AcDbXrecord
102
MATERIAL
148
0.0
149
0.0
149
0.0
 93
        0
 94
       63
282
     0
 72
     1
 77
     1
171
     1
175
     1
179
     1
273
     0
  0
XRECORD
  5
1F8
102
{ACAD_REACTORS
330
1F7
102
}
330
1F7
100
AcDbXrecord
 70
     1
 90
429727718
  1
30362254-06B7-45E0-A893-8CFA70E3D6BC
310
504B03040A0000080000CC70623B3DEE336E79000000790000001B0000006175746F6465736B2D64657369676E2D7061636B6167652E786D6C3C3F786D6C2076657273696F6E3D22312E302220656E636F64696E673D227574662D3822203F3E3C666F726D6174733E3C666F726D61743E687474703A2F2F736368656D612E
310
6175746F6465736B2E636F6D2F64657369676E2D7061636B6167652F323030393C2F666F726D61743E3C2F666F726D6174733E504B0304140006080800CC70623BD486FD9CA0000000F4000000130000005B436F6E74656E745F54797065735D2E786D6C7D8EC10E82300C865F65E91D8A1E8C310C0EEA1BF002731658846E
310
D98AC1B77784ABF1D8FE5FBFBF75BBCE937A534CCEB38643598122B6FEE978D0B0485F9C41B54DDD7D022595594E1A469170414C76A4D9A4D207E29CF43ECE46F218070CC6BECC4078ACAA135ACF422C856C0E68EA1BF5669944DDD7BCDE7B1F8E415D77AECB980613C2E4AC91FC167A2B244592486606FC29C8FD7F045B9A
310
EF7053A7E60B504B0304140006080800CC70623B1EC5D7A3EB0000007C01000008000000636F72652E786D6C8D90416EC3201045AF82665B6103C6756C6122AB4D4ED00B204C5C94182C03558F5F9C3852BBEB6A467FFE9B197D71FC9E6FE8CBACC17AD7032D0820E3B41FAD9B7A48F1820F808E52ACDEC75F36404ECDA687
310
4D0629A6D5A76597B477D1B89855E747B38B2A041301E95B6E7A08FAD3CCAA50296647B8168BD2573599823EBB0CA76447F43862C7BCCF5EAC59410E4DDD9C7973C2755553CCCFA4C603E3040F1565ED3B1FDE4E432BCA0D9622DAF9795FAF464533826484B498524CD807E51D79ED187F21878E10516EF63F505AC67F42C9
310
BA58B1FDDD071640D2FCC87D2045B96591CB3DA85CB7DCE40F504B0304140006080800CC70623B55019EA25F0000007C00000007000000636E782E786D6C4DCB3B0E80201045D1AD90E915ED2CF8AC45050C11660C8261F98AB1B07AC9C97D42D718D865D3E909258CFD00CCE24AC6E326A164D74DC0B4128928FF32603847
310
2BA13128B1252AC747C6BAB984FC68F0B87FE8960A5C09FE86CFB69FBA01504B0304140006080800CC70623B8C9102E971010000D40300000C0000006662782F636F72652E786D6CC5535B6E833010BC8AE5DF0A6C08340F1947A84D4ED00B38C6A128602363A31CBFCB234A53A551FA553EC09AD9F5CE8C31DB9E9B1AF5CA
310
7695D1198E428A91D2D214952E33ECDD315861B4E5CC1AE3BE9561A445A3323CC098B3D21ADFCE9034DA29ED00D5A6503328BA4E398C640D8B0C77F253352214DE4145770A5B214FA2546114020D759C75CE8200340D19DE981F0F6746269C33EFAB6266AB02A655C74A59CCF365BADC27CB5D902ED22848F6340DF238A141
310
BE88E2F57B92BFEDF23523433367AE6A2EEAA455C2A902F398D2751045018D3FA264435F3771F242571B4A1919CA6F9A7C5B3CD9E42BED16F12C776AEB308F40C848FC700B1139D4891EF410CEC810227CC6846F8386402064270EF5C5C709A05E49676C024C61FC95EA45ED154CA5211D1FF4FB8291A913A68E9B83EBBB33
310
E2A7673CDE118E5AE8124C0807CB8377834E366998436B950D7A7746DAD846D4CFD978E0F04FD455FC5D49D2D4C6FE9722321F10997F0F32DC47FE05504B0304140006080800CC70623BFFEA85907E0000009D0000000B0000006662782F636E782E786D6C4DCCD10A83201886E15B91FFDC95D95A811AB6F23E625948A6C3
310
E9D8E5AF46073BFAE0E1E365ED67B3E8ADC3CB78C7815C7240DA3DFC64DCC221C519D7805AC182F7F1EF06C88D9BE6703008B6049F9E274D7A1E938DBB5AE3D6131B2589BA0D3D965551E0B2EA732C9B9A624AAEB41E3A557677029960D9AFB4EF11165F504B0304140006080800CC70623B4FEEA4082C0100001202000031
310
0000006662782F39464131463745442D413632322D343644302D413938332D3331353338454246344243312F636F72652E786D6C8D515B6EC32010BC0AE2AB55850DD871ED0813254D72825EC00192A2C460F1A872FC42ED48ED5F7E00CDCECCCEB26C731F6FE05B39AFADE921293004CA082BB5B9F43086336A21D870E6AC
310
0D7F68109861543DCC30E4ECE26C9C164858139409093556AA051CBC570102714B8F1E7AF1A5C6A11862480C7F2DA6415C878B2A4891CA89C7990F2E050073937C42DE1DB7E4F87ED8A36D4329AA9B3D46DBAEAD504556557BD81DEBDD0761E52CE42C462D17B996298E3E6BE59E35C962CE821E1FF18553435012728A7187
310
0841987E927A8D9B35ADDF70BBC6989599FE4F1427F9A4286A132ABAC49D651EF234CD5CE04CDA78BA3DC2A8FB645D00B9DF8B57E215725C60BCA2A463E54C4CE327C7A65E1C7DB02E7DEFCBF594B864C5CA6CDBD49C957943E9FA5D5FBAF336F90F504B0304140006080800CC70623BAD7543B64E01000033030000300000
310
006662782F39464131463745442D413632322D343644302D413938332D3331353338454246344243312F636E782E786D6CD593CD6EC32010845F0571AD6CE3D48AD20813A9873E410FBD12D82434182C7EAAE6EDBB2424CD25871E7B41D6EC30B3FA84F9E67BB2E40B4234DE8DB46F1925E094D7C6ED479AD3AE5951B2113C
310
789FEE6C943839C1488B4C05DF079FE72A69D8C96C13AAD6B8631503449F83828872B949AC57D26200B826A308D316B4064D6E46FCDA41C05550DC9E483A00797BFD207EFB092A45DE9514C1BBD22178396BD39D891265658C238DEA00936C654E5E433CB65A26D9F6EDB5EBC14EBF49A45CB856E66048291F6939A9A81BB5
310
C8917738143CA680F4AA299D66A042CEB3354A2684DC9D8D178FE0D9B8B41CAAD720F880EE7EF93C0C18769E099ECC04D5A102C8049A8A05632F4DDF376CF1DE0F6BB65C2F8627B65A33C6BB62177CEBBDAD973006829F89F22E814B54F4BC2BE347F8AA8F681390B50FA73F804400B5F542E796F19FF974E7F78DB802FE05
310
E207504B0304140006080800CC70623B16AB87BA640500003C100000340000006662782F39464131463745442D413632322D343644302D413938332D3331353338454246344243312F6F626A656374732E786D6CAD575B6FA33818FD2B887DE6924B3BED8A326A92B68A663B534DD4D13E548A0C38942D60649B369D5FBFC7
310
600890A493BDE42160637FD7F31D7FF63E6FB3D478A55C242CBF3247B66B1A340F5994E4F19559CA8D75611A9F7D8F33263BCB4C232719BD32D5B4E97B316765A1A722BA21652A07B3B7B33F0D11D29C9A46981221AE4C113ED38CD8A4942CA2E2C58E882476BCD9DA23BB5ED8171B73523C0F841684D35CC252CCE79062D4
310
468DFA43D7747CCF51DF7D4FFDEB5593E3AB9CCA9FBEFE241792E4E19EB28198C968BAB8199F5D5A67D3E9C49A9E8F47D6EC76B6B0469F26EEFC7C3EBFBCBEB98462213924694B38DD98FE1D62C393D073EA4FADC5DAF04326852CCF6958F90F0F2B9BB5C48816348F90C7840A68EB78EDF68723159BCEE7891A6B95DDE9D3
310
BCEAEEE8086A6C6F9E5D4B59F0175C10A7A0820BAA5055C7473B5AE3CFDD452D602CD5DF12616444529E90D448938013FE6EFA58AA96F85E4F8C42275708571E98FE6827AF6B2B4AE3D7D83D64E5A64C53054DD3AF90BD06FEA9149565C94FCA0F6B834DC85599E4F2423B24DF0B6AFA979E534DFA9E7A4CC6FA631D486393
310
921829879BF5D781A373557BCB85E97FB90DB62B558F8795179C15944B051F40AB495CF35451D26A4727654E6D8033BD98EF82F21D91FF8AF2DD9982BCF1643BDD4EB516C9492E368C67C88DED563FC36D5EACF66DFF057C3658BDBFA69DF9578B3DA735B64F18C7F20770A9D45CFCF7FCF563D6456A277DBEF78A02637CA2
310
43B90A490AEAB94F72244481D24819A6C0E59B606BFA4B3025981DBB48EAB701D97BF19C577CC77F2D1B6C55A9EF3C732474C0B727303F625995056C3B02963D9EAC146BE78EC5FCEC7FA999EBC5EACBAAE41B12D27B4D2C0BBA49F244E2ECDC81B76B502F113D8F5EE8FB1BE3111CDD4FC2AA9B844CAB1288B68AB90A7CDC
310
1C166AB0D3DC5310625FCC14E779BFD0709F8890A629C9292B1B2DED31A4B0DA928CEE135085754027E3018A397D4D5427D15BD1330B677DC8934285AC3DF45A9EB68FF8F2B8FC0A509AFEECFD0FF2DE25CC6047F7214B195F07EFEB9A094D800F7BFAE8FED187B78EA8A3A400F115961BCAD1215E47C966530AF0EE8128FE
310
58CEBB996A8964FFA529A046635D9353B0336A8F700DDF46271A024E70B0B37C9DE01847591E54DED53D54202AB947E4076556AC49C6CA5C9E1226B7F1A7B1BE15DEED62C41B91E1B3E9AFAAA735036547343A925075041DF0A9979E893B391F8FCFA6967B3EFB644DCF6E5CEBFAE272625DCC6FAF3FB93793C5F90CE1EF57
310
407342756B10D1C489E8953CD1617E5CEECAD6F4EF8914CE5D5D504E5C3F1F9736DA62CFC11E00BCDDB8CC8A9466349744C1F75EBDA4DF09BA8A9E8C7A7E9991989E20E5DBDD6A6003664ED8F7A04A8DBE0DF6EAD9B9AA858342E47399053949D2C146EDB85DE4B176BB0965FBAC19BD19AA918E27FA50C1D22402E144464C
310
59462568E704B6E71915404CB72B8FF4EDE184DDAF753F284990D2C6926782963815403548A70C657FDEF80D2D9CEAA2AE4C1C76F60BFE74219A06527D6582DF6412526107381E55E353090704D085B52408D0933C4ED159D79BDA71BB4BC506F4831350EB6F979CD22D69BF7AC49B91A2C0A9DDA3D5CA36AD20FC478E37E6
310
1844E2352865EBCB6EA275A652E3836BE04EFB400BF1A2556F515F1FBB35B2AB35BD889C744FFA1004B5544B121E57F70215746DD2F5E2C1412B602CBF19455AC6C8E5E9922C4E01E65215385004546899059180EAFCF7A707CE7017CD8CDB0410789AB32C63B91E5CEBBBACB17AC6CD347A022D5075FD106377347AAABA7E
310
7D11590744509B44E205134DC1290F06580320F78E537D3D73540E06CB970B431F185308AD40BBD794D6D77003C5A36E8EAA54BA64597CD8F83BD552A080A365F7FF06504B0304140006080000CC70623B000000000000000000000000350000006662782F39464131463745442D413632322D343644302D413938332D3331
310
353338454246344243312F76657274696365732E62696E504B0304140006080800CC70623BF270F1330600000004000000360000006662782F39464131463745442D413632322D343644302D413938332D3331353338454246344243312F747269616E676C65732E62696E636660600000504B0304140006080000CC70623B
310
000000000000000000000000370000006662782F39464131463745442D413632322D343644302D413938332D3331353338454246344243312F617474726962757465732E62696E504B0304140006080800CC70623B08DA0BD19000000041010000360000006662782F39464131463745442D413632322D343644302D413938
310
332D3331353338454246344243312F6469726563746F72792E786D6C858F410AC3201045AF22B36F53E9A60B35CBEEBAE80D244E44489C6234F4F835464A48035D0DF398FF9F8AF63D0E6CC63039F212F8F9020C7D47C6792B21C5FE7403D62A1188E2E60C98D7234A5830286103A55745067B9D86B8A3CF9C7F90C11DE607
310
FB144396D7B6A82D282E9A152AD114D5EF2CB866EEE831B8EEA07A7BB5A8D7D61A2BAAEB7FD5F70921FF497D00504B0304140006080800CC70623B0D6EF93BFE000000A00100003B0000006662782F39464131463745442D413632322D343644302D413938332D3331353338454246344243312F7265736F75726365732F63
310
6F72652E786D6C8D50596E833010BD0A9ADFCA60B334011947A8694ED00B586642AC041B79A97AFC9A40A5F6AF3F33A3B7689E1E3F7DCD8FEC139DD7D6F4C0720A191A65476DA61E62B892236427C19DB5E1970C322367EC618541F0C9D9B8EC90B226A009093576C41D94DE63804C3DD2D18357379C652E63480A7FCF17A9
310
EE72C29CE5894E3AC17D702940B63D59270887DE46A7D0F36263058F518FBB468FE9A7BE6A7420864373B8D4873369AA8691FA421B3294352543C5CAF65C0F6FEF43CB8BD52C78D0F34F46E550061C419494B6843142CB0F5677F4B52BEB177AEC28E5C52AFF638ACBF84F53D42654E51E77B379102C05791282176B5F693D
310
CB4C7BED567C03504B010214000A0000080000CC70623B3DEE336E79000000790000001B00000000000000000000000000000000006175746F6465736B2D64657369676E2D7061636B6167652E786D6C504B01021400140006080800CC70623BD486FD9CA0000000F40000001300000000000000000000000000B20000005B
310
436F6E74656E745F54797065735D2E786D6C504B01021400140006080800CC70623B1EC5D7A3EB0000007C010000080000000000000000000000000083010000636F72652E786D6C504B01021400140006080800CC70623B55019EA25F0000007C000000070000000000000000000000000094020000636E782E786D6C504B
310
01021400140006080800CC70623B8C9102E971010000D40300000C00000000000000000000000000180300006662782F636F72652E786D6C504B01021400140006080800CC70623BFFEA85907E0000009D0000000B00000000000000000000000000B30400006662782F636E782E786D6C504B01021400140006080800CC70
310
623B4FEEA4082C0100001202000031000000000000000000000000005A0500006662782F39464131463745442D413632322D343644302D413938332D3331353338454246344243312F636F72652E786D6C504B01021400140006080800CC70623BAD7543B64E010000330300003000000000000000000000000000D5060000
310
6662782F39464131463745442D413632322D343644302D413938332D3331353338454246344243312F636E782E786D6C504B01021400140006080800CC70623B16AB87BA640500003C1000003400000000000000000000000000710800006662782F39464131463745442D413632322D343644302D413938332D3331353338
310
454246344243312F6F626A656374732E786D6C504B01021400140006080000CC70623B0000000000000000000000003500000000000000000000000000270E00006662782F39464131463745442D413632322D343644302D413938332D3331353338454246344243312F76657274696365732E62696E504B01021400140006
310
080800CC70623BF270F133060000000400000036000000000000000000000000007A0E00006662782F39464131463745442D413632322D343644302D413938332D3331353338454246344243312F747269616E676C65732E62696E504B01021400140006080000CC70623B0000000000000000000000003700000000000000
310
000000000000D40E00006662782F39464131463745442D413632322D343644302D413938332D3331353338454246344243312F617474726962757465732E62696E504B01021400140006080800CC70623B08DA0BD190000000410100003600000000000000000000000000290F00006662782F39464131463745442D413632
310
322D343644302D413938332D3331353338454246344243312F6469726563746F72792E786D6C504B01021400140006080800CC70623B0D6EF93BFE000000A00100003B000000000000000000000000000D1000006662782F39464131463745442D413632322D343644302D413938332D3331353338454246344243312F7265
310
736F75726365732F636F72652E786D6C504B0506000000000E000E0080040000641100000000
  0
XRECORD
  5
F1E
102
{ACAD_REACTORS
330
173
102
}
330
173
100
AcDbXrecord
102
MATERIAL
148
0.0
149
0.0
149
0.0
 93
        0
 94
       63
282
     0
 72
     1
 77
     1
171
     1
175
     1
179
     1
273
     0
  0
XRECORD
  5
1FB
102
{ACAD_REACTORS
330
173
102
}
330
173
100
AcDbXrecord
 70
     0
 90
1673772943
  1
ECE7A1D2-D628-4531-984C-D00F80459256
310
504B03040A0000080000CC70623B3DEE336E79000000790000001B0000006175746F6465736B2D64657369676E2D7061636B6167652E786D6C3C3F786D6C2076657273696F6E3D22312E302220656E636F64696E673D227574662D3822203F3E3C666F726D6174733E3C666F726D61743E687474703A2F2F736368656D612E
310
6175746F6465736B2E636F6D2F64657369676E2D7061636B6167652F323030393C2F666F726D61743E3C2F666F726D6174733E504B0304140006080800CC70623BD486FD9CA0000000F4000000130000005B436F6E74656E745F54797065735D2E786D6C7D8EC10E82300C865F65E91D8A1E8C310C0EEA1BF002731658846E
310
D98AC1B77784ABF1D8FE5FBFBF75BBCE937A534CCEB38643598122B6FEE978D0B0485F9C41B54DDD7D022595594E1A469170414C76A4D9A4D207E29CF43ECE46F218070CC6BECC4078ACAA135ACF422C856C0E68EA1BF5669944DDD7BCDE7B1F8E415D77AECB980613C2E4AC91FC167A2B244592486606FC29C8FD7F045B9A
310
EF7053A7E60B504B0304140006080800CC70623BD9DDAED0EC0000007C01000008000000636F72652E786D6C8D90416EC3201045AF82665B61836D9CD8C2444DD39CA01740405C94182C03558F5F9C3852BBEB6A467FFE9B197D7EF89E6EE8CB2CC17A37002D0820E394D7D68D03A478C17B4007C117EFE32F1B20272733C0
310
2A83E0E3E2D3BC49CABB685CCCAAF3DA6CA20CC14440EA969B0182FA34932C648AD911AEC52CD5558EA6A0CF2EC329598D1E47ACCEFBECC59A050463A7EA5833865FEBDD0E37353BE3EE8DBDE3F6786A48D375FBF6CC78B9C282473B3DEFABC5C86834888A900E538A49F5419B9EB47DD5BC907D4F082F57FB1F28CDFA9F50
310
B22ED6D5F6EE030B20687EE43E10BC5CB3C8E51E54AE6B6EE207504B0304140006080800CC70623B55019EA25F0000007C00000007000000636E782E786D6C4DCB3B0E80201045D1AD90E915ED2CF8AC45050C11660C8261F98AB1B07AC9C97D42D718D865D3E909258CFD00CCE24AC6E326A164D74DC0B4128928FF326038
310
472BA13128B1252AC747C6BAB984FC68F0B87FE8960A5C09FE86CFB69FBA01504B0304140006080800CC70623BA24EB22D72010000D40300000C0000006662782F636F72652E786D6CC5535B6E833010BC8AE5DF0A6C5E49888CA3A6694ED00B38E05014B091B1518EDFE511A5A9D228FD2A1F60CDEC7A67C6986DCE4D8D7A
310
69BA4AAB0C073EC548AA5C17952A33ECECD15B61B4E1CC686DBF9561A44423333CC098B3D268D7CE50AE9595CA02AA74216750749DB418E5352C32DCE59FB211BE70162ABA93DF8AFC244AE9073ED050C759670D0840D390E18DF9F1706664C23973AE2A66B62A605A75ACA4C13C4976E1364A12EF355A2EBD384AF65EFA96
310
BC7B8BED2EA6719AAE16FB8491A199335B351775B991C2CA02F390D2D40B028F861F41BCA68B7518BFD0D59A524686F29B26D7164F36B94AD9289CE54E6D1DE6010819891F6E21228B3AD1831EC219194284CF98F06DD01008846CC5A1BEF83801D4CBDC6A1303536877A57A513B0953A94FC707FDBE6064EA84A9E3E6E0FA
310
EE8CF0E9198F7784A316AA0413C2C2F2E0ECA0934D1AE6D05A69BCDE9E91D2A611F573361E38FC1375157F5752AE6B6DFE4B11990F88CCBF0719EE23FF02504B0304140006080800CC70623B408A7D3B7C0000009D0000000B0000006662782F636E782E786D6C4DCCD10A83201886E15B91FFDC552A92A0064DBC8F581632
310
D3703A76F9ABD1C18E3E78F878E5F0D9027ABBFCF2292AE86E2D20171F69F6715550CB827B40839639A5F2770314A7CD293819B45C73AAFB45B35BA61ACAA1C1C7E7855C58C15BC331339661262CC762340413D68D77DA5B42298546CBE6573AF60CEB2F504B0304140006080800CC70623B449FB9BD290100001202000031
310
0000006662782F36394639363044362D344446342D343946362D394244322D3234314243333846323333332F636F72652E786D6C8D515B6EC32010BC0AE22B55850D98B871848994463E412FE002495162B07854397EA176A4F62F3F2C9A9D991D587EB84F37F0AD7D30CEF6905418026DA553C65E7A98E219ED203808EE9D
310
8B7F6810D871D23D2C3014FCE25D9A57483A1BB58D19B54EE9151C43D0110279CB971E06F9A5A7B11A53CC8C70ADE6515EC78BAE4895DB992778883E0700CB907242D17643D7E2538BD869608875438BBAE38922CAC8F1BDD90DB4691A5E2F42C153326A951B95E398B3D1FE599322163C9AE9115F7A3D46ADA0A018778810
310
84E907617BDCEE297BC5BB3DC6BC2EF47FA234AB2745C9D8D8D035EE220B50105E2F0DC1954B9FB747187D9F9D8FA0CCDB042D5FA0C015C65B42DF78BD10F3F3B363CB56C7109DCFDFBBB97E662ED92EB62D13BC2E1BCAE5777DB9966D8A1F504B0304140006080800CC70623BAD7543B64E01000033030000300000006662
310
782F36394639363044362D344446342D343946362D394244322D3234314243333846323333332F636E782E786D6CD593CD6EC32010845F0571AD6CE3D48AD20813A9873E410FBD12D82434182C7EAAE6EDBB2424CD25871E7B41D6EC30B3FA84F9E67BB2E40B4234DE8DB46F1925E094D7C6ED479AD3AE5951B2113C789FEE
310
6C943839C1488B4C05DF079FE72A69D8C96C13AAD6B8631503449F83828872B949AC57D26200B826A308D316B4064D6E46FCDA41C05550DC9E483A00797BFD207EFB092A45DE9514C1BBD22178396BD39D891265658C238DEA00936C654E5E433CB65A26D9F6EDB5EBC14EBF49A45CB856E66048291F6939A9A81BB5C89177
310
38143CA680F4AA299D66A042CEB3354A2684DC9D8D178FE0D9B8B41CAAD720F880EE7EF93C0C18769E099ECC04D5A102C8049A8A05632F4DDF376CF1DE0F6BB65C2F8627B65A33C6BB62177CEBBDAD973006829F89F22E814B54F4BC2BE347F8AA8F681390B50FA73F804400B5F542E796F19FF974E7F78DB802FE05E20750
310
4B0304140006080800CC70623B8D05915C650500003B100000340000006662782F36394639363044362D344446342D343946362D394244322D3234314243333846323333332F6F626A656374732E786D6CAD575B6FA33814FE2B887D06429276DA1565D4266D158D3A339A6846FB502932E050B66023DB74D2FDF5FB190C01
310
9276B2973C046C8ECFF53B17071F77456EBD502133CEAE6CDF9DD81665314F32965ED995DA3A17B6F5310C04E7AA47665B8C14F4CAD6DB7618A48257A5D94AE89654B91AEDDEDDFC61C998326A5B714EA4BCB265FC440BE2924AF184CA6737218AB8E976E7FA6E4338649B0A523E8D98964450A6A029F619B8588D52FE7039
310
B1BD30F0F4F730D0FF866AF6369557DB33949F31A9088B0F848DD8CCFCF9F2767A76E99CCDE733677E3EF59D9BBB9BA5E37F984D16E78BC5E5F5ED25044B25C0C96822E8D60EEFE11B91C581D77CEA34368A1F5329E68CD1B8B61F16D63A1B8E092D294B10C78C4A48EB593D192E7DED9BDEE7995E1B91FDEDD3ACEA9FE831
310
6A756F9F7D4D79F4274C90A7A04248AA51D5F8C718DAE06FB2F75AC4796EBE65D22A88A22223B995679120E2D50E41AA49C260C046A35368846B0BECD0DFF3EBEB8AD4F835768F69B9ADF25C43D30E6B646F807FAA64AD59F61715C7A54127C4AACA98BA3006A9D792DAE165E0D59B61A01FB3A9F9D838D2DAE62445C86166
310
F37564E842E7DE6A69879FEEA2DD5AE7E371E1A5E025154AC307D06A03D73EB5978C58FFA4C8E9033066E0F3BD53BEC1F39F91BE7B55103791EDE6BBB991A2046172CB4581D8B893FA674DDA17A77B3B7C413D1B511FD2743BFF8A38F03A658705E3ADF8015C3A3417FF3D7E439FF591DA0B5F18BC20C1B8981957AE6392A3
310
F43C640C01D1A0B4728E2DD4F26DB4B3C3152A252A3B4E913CEC1C72F012782FF88EFF8637AA552DBEF76408E8A8DE9E50F9E1CB3A2DA0DB1B6039A893B56063DC5B3E3FFB5F72E67AB9FEB4AEC496C4F4C1149625DD662C53E89D7BF0F6151A046260D1337DFDC94502430F83B0EE07A130A224BCAD7DAE1D9FB6CD422FF6
310
920702629C4BB9AE79C12F243C6432A6794E18E5552BA56B431AAB5D91317302B2B071E86C3A42B1A02F999E24061403B5D0EB639195DA655DD3EBEAB4FB862DDF579F014AD0E73C22F99E28DA57FB98E75C6CA2D74D53086D600F4786E0FE3144B771A8A7B900F03594DB8A633CBC49B2EDB69228BB479CF863B5E807AAAB
310
23872F6DFEB4129B949CA33823F58830E86D65621E10047D9DB34D862E8EAC3C2ABC2F7B2C40D67CDFE01F5545B92105AF983AC54D93D69E56FB8E797F88913F898A9FEC705D3F9D1B54EC8426FB500D40A03BD0119B06E1B95DDC7EB8F6975367793EBD70E66733DFB9BC982F9CE564727731999F5D4ECFCE3B8D6A4DC2A0
310
6D50FD148437D110834A64C6CDDF57FBACB5C307A2A477DFE4939736CFEF2B175371E0E10CF0DD1D5C15654E0BCA14D1E87DD02FF93782A162C0A3D95F1524A52770F972BF1EE9809D13CE7DD599467F8ECE9ADD85CE85A34CD45355448C64F9E8A031DC2D596ACC6E5DD93D9B82DE2EF5CAF81363A8E47996A0DE24564A79
310
4115AACE09C55E14540231FDA13C319787134EBF34E3A022514E5B4D9E0826E25C02D5805B15ABE1BEF51B26383D445DD9E875EE33FE4C22DA16427D65A3BCA92CA6D28DD01DF5DC53330704308475351050232CCD31583787BA75774AFB06E5070DD0C8EF484E19968C5D83BA5B90B244D31E54D55A372320FE4786B7EA58
310
44E135AA5467CB7EA333A61683CC6A8C3257034C10CF46F40EF9F5BE59BE5BD30C3C72D235E95D10345C1D45445A5F0BB47E46A5EBE5570F9380B5FA629579952296A773720405982B9DE04011506178964401AA8BDF1FBF0A8EAB6861DD6580C0E38217056766716DAEB2D6FA0917D3E4116581EADB879C4E7CFFB11EFACD
310
3D641311495D92C8676CB409A72D18610D803CE8A626049E8EC1887CB5B44CC39883690DDA8399B4B9855B481E7D71D4A9D22F96E5BB73BF5793020C02137BF837504B0304140006080000CC70623B000000000000000000000000350000006662782F36394639363044362D344446342D343946362D394244322D32343142
310
43333846323333332F76657274696365732E62696E504B0304140006080800CC70623BF270F1330600000004000000360000006662782F36394639363044362D344446342D343946362D394244322D3234314243333846323333332F747269616E676C65732E62696E636660600000504B0304140006080000CC70623B0000
310
00000000000000000000370000006662782F36394639363044362D344446342D343946362D394244322D3234314243333846323333332F617474726962757465732E62696E504B0304140006080800CC70623B08DA0BD19000000041010000360000006662782F36394639363044362D344446342D343946362D394244322D
310
3234314243333846323333332F6469726563746F72792E786D6C858F410AC3201045AF22B36F53E9A60B35CBEEBAE80D244E44489C6234F4F835464A48035D0DF398FF9F8AF63D0E6CC63039F212F8F9020C7D47C6792B21C5FE7403D62A1188E2E60C98D7234A5830286103A55745067B9D86B8A3CF9C7F90C11DE607FB14
310
4396D7B6A82D282E9A152AD114D5EF2CB866EEE831B8EEA07A7BB5A8D7D61A2BAAEB7FD5F70921FF497D00504B0304140006080800CC70623BCA768048FE000000A00100003B0000006662782F36394639363044362D344446342D343946362D394244322D3234314243333846323333332F7265736F75726365732F636F72
310
652E786D6C8D50596E833010BD0A9ADFCA60D600328E9AA639412F609909B1126CE4A5EAF16B0295DABFFECC8CDEA2797AECF8353F924FB44E193D409E5248504B332A3D0D10FC95B4901C39B3C6F85F3248B49871801506CE266BC2B243D2688FDA47549B11775038871E12F988C7004EDE7016A9083E2ADC3D5D84BC8B09
310
D33C8D74D471E6BC8D0192EDC93A815B742658898E651BCB59086ADC356A8C3FD555A1055ED7E7E254D615792D0F075295F585746FF53B694EE78A565DD736979A65AB9933AFE69F8CD2A2F038022F28ED489E135A7CE4554F9BBEA85E68DB53CAB255FEC71496F19FA6A0B42F8B3DEE6673C0F318E4497096AD7DC5F52C33
310
EEB55BFE0D504B010214000A0000080000CC70623B3DEE336E79000000790000001B00000000000000000000000000000000006175746F6465736B2D64657369676E2D7061636B6167652E786D6C504B01021400140006080800CC70623BD486FD9CA0000000F40000001300000000000000000000000000B20000005B436F
310
6E74656E745F54797065735D2E786D6C504B01021400140006080800CC70623BD9DDAED0EC0000007C010000080000000000000000000000000083010000636F72652E786D6C504B01021400140006080800CC70623B55019EA25F0000007C000000070000000000000000000000000095020000636E782E786D6C504B0102
310
1400140006080800CC70623BA24EB22D72010000D40300000C00000000000000000000000000190300006662782F636F72652E786D6C504B01021400140006080800CC70623B408A7D3B7C0000009D0000000B00000000000000000000000000B50400006662782F636E782E786D6C504B01021400140006080800CC70623B
310
449FB9BD290100001202000031000000000000000000000000005A0500006662782F36394639363044362D344446342D343946362D394244322D3234314243333846323333332F636F72652E786D6C504B01021400140006080800CC70623BAD7543B64E010000330300003000000000000000000000000000D20600006662
310
782F36394639363044362D344446342D343946362D394244322D3234314243333846323333332F636E782E786D6C504B01021400140006080800CC70623B8D05915C650500003B10000034000000000000000000000000006E0800006662782F36394639363044362D344446342D343946362D394244322D32343142433338
310
46323333332F6F626A656374732E786D6C504B01021400140006080000CC70623B0000000000000000000000003500000000000000000000000000250E00006662782F36394639363044362D344446342D343946362D394244322D3234314243333846323333332F76657274696365732E62696E504B010214001400060808
310
00CC70623BF270F13306000000040000003600000000000000000000000000780E00006662782F36394639363044362D344446342D343946362D394244322D3234314243333846323333332F747269616E676C65732E62696E504B01021400140006080000CC70623B00000000000000000000000037000000000000000000
310
00000000D20E00006662782F36394639363044362D344446342D343946362D394244322D3234314243333846323333332F617474726962757465732E62696E504B01021400140006080800CC70623B08DA0BD190000000410100003600000000000000000000000000270F00006662782F36394639363044362D344446342D
310
343946362D394244322D3234314243333846323333332F6469726563746F72792E786D6C504B01021400140006080800CC70623BCA768048FE000000A00100003B000000000000000000000000000B1000006662782F36394639363044362D344446342D343946362D394244322D3234314243333846323333332F7265736F
310
75726365732F636F72652E786D6C504B0506000000000E000E0080040000621100000000
  0
ENDSEC
  0
EOF
